{"type":"FeatureCollection","features":[{"type":"Feature","geometry":{"type":"LineString","coordinates":[[8.547666096170616,47.364701149593735],[8.547614029976204,47.36465044900434]]},"properties":{"layer":"LKZ141EUMLU0","infraType":"fernwaerme","geomType":"pipe","source":"order_55297/SIA405_LKMap_2015_LV95.dxf","_dedupKey":"2683769.7,1246570.1|2683773.6,1246575.8","accuracyClass":0}},{"type":"Feature","geometry":{"type":"LineString","coordinates":[[8.547652393222013,47.364664230032886],[8.547630682839847,47.36467452211019]]},"properties":{"layer":"LKZ141EUMLU0","infraType":"fernwaerme","geomType":"pipe","source":"order_55297/SIA405_LKMap_2015_LV95.dxf","_dedupKey":"2683771,1246572.8|2683772.6,1246571.7","accuracyClass":0}},{"type":"Feature","geometry":{"type":"LineString","coordinates":[[8.547614029976204,47.36465044900434],[8.547607030212601,47.36464363490635],[8.547871177217708,47.36430038764654]]},"properties":{"layer":"LKZ141EUMLU0","infraType":"fernwaerme","geomType":"pipe","source":"order_55297/SIA405_LKMap_2015_LV95.dxf","_dedupKey":"2683769.7,1246570.1|2683789.7,1246531.5","accuracyClass":0}},{"type":"Feature","geometry":{"type":"LineString","coordinates":[[8.547614029976204,47.36465044900434],[8.547603174691732,47.36465559054318]]},"properties":{"layer":"LKZ141EUMLU0","infraType":"fernwaerme","geomType":"pipe","source":"order_55297/SIA405_LKMap_2015_LV95.dxf","_dedupKey":"2683768.9,1246570.7|2683769.7,1246570.1","accuracyClass":0}},{"type":"Feature","geometry":{"type":"LineString","coordinates":[[8.547555258618509,47.364760484689114],[8.547566100130961,47.364755316301846]]},"properties":{"layer":"LKZ141EUMLU0","infraType":"fernwaerme","geomType":"pipe","source":"order_55297/SIA405_LKMap_2015_LV95.dxf","_dedupKey":"2683765.1,1246582.3|2683766,1246581.7","accuracyClass":0}},{"type":"Feature","geometry":{"type":"LineString","coordinates":[[8.547652393222013,47.364664230032886],[8.547622407562642,47.36463503177486],[8.547878186869294,47.36430258710575]]},"properties":{"layer":"LKZ141EUMLU0","infraType":"fernwaerme","geomType":"pipe","source":"order_55297/SIA405_LKMap_2015_LV95.dxf","_dedupKey":"2683772.6,1246571.7|2683790.2,1246531.7","accuracyClass":0}},{"type":"Feature","geometry":{"type":"LineString","coordinates":[[8.54755450183086,47.364759745355805],[8.547551198146062,47.364761315253595],[8.547550110154548,47.36476183842572],[8.547538852593963,47.364749551161395],[8.547539272766363,47.36474620091985],[8.5474287369064,47.36464054339894],[8.547365456488617,47.364578985240676],[8.547365222298923,47.36457854672516],[8.547360952570648,47.36454194135076],[8.547354499573526,47.36453658820292],[8.54731904482175,47.3645251448874],[8.547294209360007,47.36448893483351],[8.547281343769592,47.36440313637373],[8.547445842424342,47.3641745996979],[8.547447681769736,47.36417200941607],[8.547450357180894,47.364168241733374],[8.547455166542507,47.36416522714764],[8.547464260463713,47.36416197353032],[8.547467004620527,47.364160238098265],[8.547467791854508,47.36415925906008]]},"properties":{"layer":"LKZ141EUMLU1","infraType":"fernwaerme","geomType":"pipe","source":"order_55297/SIA405_LKMap_2015_LV95.dxf","_dedupKey":"2683759.5,1246515.4|2683765.1,1246582.2","accuracyClass":1}},{"type":"Feature","geometry":{"type":"LineString","coordinates":[[8.547535759912137,47.36474789875814],[8.54754972656464,47.36476312841969],[8.547551954933688,47.36476205458689],[8.547555258618509,47.364760484689114]]},"properties":{"layer":"LKZ141EUMLU1","infraType":"fernwaerme","geomType":"pipe","source":"order_55297/SIA405_LKMap_2015_LV95.dxf","_dedupKey":"2683763.7,1246580.9|2683765.1,1246582.3","accuracyClass":1}},{"type":"Feature","geometry":{"type":"LineString","coordinates":[[8.547443776120726,47.364170733618316],[8.547434452636116,47.364183956099325],[8.547407152879167,47.3642227715509],[8.547364667497844,47.36428195395245],[8.547319258233097,47.36434442066139],[8.547276922852818,47.36440254915046],[8.547280344007973,47.36443273112069],[8.547282824998181,47.36444889862925],[8.547290002926058,47.36448974879989],[8.547315741747965,47.36452738041609],[8.547351755436406,47.36453896228959],[8.547356713530654,47.36454309744933],[8.547361064921102,47.364579809982075],[8.547419793450988,47.36463703119194],[8.547478732541922,47.36469354872633],[8.547500557914237,47.36471424397031],[8.547535759912137,47.36474789875814]]},"properties":{"layer":"LKZ141EUMLU1","infraType":"fernwaerme","geomType":"pipe","source":"order_55297/SIA405_LKMap_2015_LV95.dxf","_dedupKey":"2683757.6,1246516.6|2683763.7,1246580.9","accuracyClass":1}},{"type":"Feature","geometry":{"type":"LineString","coordinates":[[8.547682378914248,47.36469342828289],[8.547652393222013,47.364664230032886]]},"properties":{"layer":"LKZ141EUMLU0","infraType":"fernwaerme","geomType":"pipe","source":"order_55297/SIA405_LKMap_2015_LV95.dxf","_dedupKey":"2683772.6,1246571.7|2683774.8,1246575","accuracyClass":0}},{"type":"Feature","geometry":{"type":"LineString","coordinates":[[8.539442471978186,47.36773209425474],[8.539443156438264,47.36773638741713],[8.539446760701559,47.36774422382852],[8.539449134050757,47.367747592382685],[8.539454706990526,47.36775074154236],[8.539472225547488,47.36775467635975],[8.539492032534273,47.36775850840577],[8.53950301520439,47.367758826495546],[8.539516297919102,47.3677583220916],[8.539522437497865,47.367758776294366],[8.539531675526264,47.36776244821515],[8.539538792235165,47.367767903406786],[8.539545333769146,47.367775639855836],[8.539557853419252,47.367779217527875],[8.5395962419042,47.36778716312406],[8.539621407292838,47.367791447798034],[8.539637758975559,47.36779465611087],[8.539668224775877,47.36780171472663],[8.539724214502463,47.3678182357798],[8.53974463747022,47.36782304238267],[8.539746348276037,47.36782317898996],[8.539748298892816,47.36782274661587],[8.539751435552997,47.36782140341831],[8.539754404211294,47.36782025971583],[8.53975759748849,47.36781973453783]]},"properties":{"layer":"LKZ141EUMLU1","infraType":"fernwaerme","geomType":"pipe","source":"order_55300/SIA405_LKMap_2015_LV95.dxf","_dedupKey":"2683147.7,1246904|2683171.4,1246914.1","accuracyClass":1}},{"type":"Feature","geometry":{"type":"LineString","coordinates":[[8.539470536716237,47.36746259264056],[8.539462757968959,47.367471239170406],[8.539461900853082,47.36747397287334],[8.539468813193668,47.36749069195746],[8.53946780038495,47.36749358006211],[8.539436251598687,47.367527036921246],[8.539432592318798,47.36752871791253],[8.539391418552363,47.36753463336465],[8.539388495185758,47.36753604648105],[8.539369951772782,47.367557496764015],[8.539362910210953,47.36756593836729],[8.539358702165892,47.36757053901782],[8.539356928364825,47.36757248088707]]},"properties":{"layer":"LKZ141EUMLU1","infraType":"fernwaerme","geomType":"pipe","source":"order_55300/SIA405_LKMap_2015_LV95.dxf","_dedupKey":"2683141.5,1246886.2|2683150.3,1246874.1","accuracyClass":1}},{"type":"Feature","geometry":{"type":"LineString","coordinates":[[8.539561112374615,47.367397207004096],[8.539575287027061,47.36740271185253],[8.539581146569779,47.367404994738756]]},"properties":{"layer":"LKZ141EUMLU1","infraType":"fernwaerme","geomType":"pipe","source":"order_55300/SIA405_LKMap_2015_LV95.dxf","_dedupKey":"2683157.2,1246866.9|2683158.7,1246867.8","accuracyClass":1}},{"type":"Feature","geometry":{"type":"LineString","coordinates":[[8.543115008687522,47.36721856143031],[8.543210241681244,47.3672177945935],[8.543310028666488,47.367222750022236],[8.543388949925745,47.36723092733275],[8.543463872182489,47.367242273162574],[8.543543965436514,47.3672584448548],[8.543621488241616,47.36727835608854],[8.543855043476395,47.3673396901715]]},"properties":{"layer":"LKZ141EUMLU-","infraType":"fernwaerme","geomType":"pipe","source":"order_55300/SIA405_LKMap_2015_LV95.dxf","_dedupKey":"2683425.9,1246850.8|2683481.6,1246865.1","accuracyClass":null}},{"type":"Feature","geometry":{"type":"LineString","coordinates":[[8.539493814224425,47.36778131214219],[8.539494980667834,47.3677807343291],[8.539498027454743,47.367779526922476],[8.539500991575862,47.36777688107821],[8.539504109283861,47.36777013197739]]},"properties":{"layer":"LKZ141EUMLU1","infraType":"fernwaerme","geomType":"pipe","source":"order_55300/SIA405_LKMap_2015_LV95.dxf","_dedupKey":"2683151.5,1246909.6|2683152.3,1246908.3","accuracyClass":1}},{"type":"Feature","geometry":{"type":"LineString","coordinates":[[8.539267881050181,47.36767023436281],[8.539288070376807,47.36764769798852],[8.539307290957176,47.367626978869566],[8.539322533204947,47.36761044442969],[8.53933324727921,47.36759839675101]]},"properties":{"layer":"LKZ141EUMLU1","infraType":"fernwaerme","geomType":"pipe","source":"order_55300/SIA405_LKMap_2015_LV95.dxf","_dedupKey":"2683134.6,1246897|2683139.7,1246889","accuracyClass":1}},{"type":"Feature","geometry":{"type":"LineString","coordinates":[[8.539394894102644,47.367536237359076],[8.539394311413858,47.36753687257371],[8.539390496094988,47.36754061494236],[8.53938100180465,47.3675476137121],[8.539369174181754,47.36755895239557],[8.539367421046885,47.367561253874385],[8.539346546220871,47.36758393172421],[8.539337466337884,47.367593688054654],[8.53933324727921,47.36759839675101]]},"properties":{"layer":"LKZ141EUMLU1","infraType":"fernwaerme","geomType":"pipe","source":"order_55300/SIA405_LKMap_2015_LV95.dxf","_dedupKey":"2683139.7,1246889|2683144.4,1246882.2","accuracyClass":1}},{"type":"Feature","geometry":{"type":"LineString","coordinates":[[8.541815209997093,47.36877532760174],[8.541813448960736,47.36875613076025],[8.541809218686684,47.36870974714372],[8.54180585024997,47.36866150229165],[8.541794524980853,47.36847380949978],[8.541784591221978,47.368341198769244],[8.541779092182939,47.368261653109464],[8.541769563653476,47.36814862096661],[8.541768233681196,47.36814513455155],[8.541762586372654,47.36814159942065],[8.541743686469056,47.368129150728485],[8.541703661808498,47.36810486826457],[8.541669450081555,47.36808316585366],[8.541595980191692,47.368080620243],[8.54153789223277,47.368078557362004],[8.54130580567812,47.368063925444076],[8.54124888864001,47.36805765949375],[8.54121117170084,47.368045075524876],[8.541158150497923,47.368034481646816],[8.541135345319613,47.36803293629049],[8.541128885048318,47.368031702655365],[8.541108780200934,47.36802564293181],[8.541085208862892,47.36802162221458],[8.54104922857823,47.368015543107994],[8.541011203942471,47.36800920465302],[8.5409511412625,47.36800000017769],[8.54087126593205,47.36798861902751],[8.540682572149821,47.36796008798901],[8.540525221775784,47.367938777570245],[8.540419669036904,47.367924600717366],[8.540211800949221,47.36789656665714],[8.540196634966154,47.367893715917845],[8.54017828461472,47.367889258428434],[8.540173193802046,47.36788829952403],[8.54011964493443,47.367875218545144],[8.540035891426854,47.36785490563158],[8.539915384183033,47.36783399862733],[8.539843107494619,47.367832789801085],[8.539751342340354,47.367818813701064],[8.539739563689555,47.36781649730289],[8.53970965170851,47.36781061179188],[8.539674528314267,47.367803696535375],[8.539626070805271,47.36779415586085],[8.539621818065052,47.36779338683664],[8.539536670437725,47.367777998210016],[8.539529254714942,47.36777665665615],[8.539516310434175,47.36777431536536],[8.539497013764938,47.3677817314034],[8.53947375017238,47.36779067844499],[8.539459535895146,47.36779672374574],[8.539439471697664,47.367805442392395],[8.539425971986002,47.36781916274402],[8.53941745686995,47.36783511136148],[8.539406065727862,47.3678637435775],[8.539405927913982,47.36786412268761]]},"properties":{"layer":"LKZ141EUMLU1","infraType":"fernwaerme","geomType":"pipe","source":"order_55300/SIA405_LKMap_2015_LV95.dxf","_dedupKey":"2683144.7,1246918.7|2683325.3,1247022.5","accuracyClass":1}},{"type":"Feature","geometry":{"type":"LineString","coordinates":[[8.539535860967508,47.36738682441961],[8.539540230531662,47.36738812304762],[8.53955373173992,47.367393715274396],[8.539561112374615,47.367397207004096]]},"properties":{"layer":"LKZ141EUMLU1","infraType":"fernwaerme","geomType":"pipe","source":"order_55300/SIA405_LKMap_2015_LV95.dxf","_dedupKey":"2683155.3,1246865.7|2683157.2,1246866.9","accuracyClass":1}},{"type":"Feature","geometry":{"type":"LineString","coordinates":[[8.539356928364825,47.36757248088707],[8.539349314985817,47.367580802006906],[8.539337466337884,47.367593688054654],[8.53933324727921,47.36759839675101]]},"properties":{"layer":"LKZ141EUMLU1","infraType":"fernwaerme","geomType":"pipe","source":"order_55300/SIA405_LKMap_2015_LV95.dxf","_dedupKey":"2683139.7,1246889|2683141.5,1246886.2","accuracyClass":1}},{"type":"Feature","geometry":{"type":"LineString","coordinates":[[8.539504109283861,47.36777013197739],[8.539511854035835,47.36777201910134],[8.539519813612193,47.367773409443345],[8.539537664606462,47.367777413043456],[8.539548232677651,47.3677794531563],[8.539551524324272,47.3677798445526]]},"properties":{"layer":"LKZ141EUMLU1","infraType":"fernwaerme","geomType":"pipe","source":"order_55300/SIA405_LKMap_2015_LV95.dxf","_dedupKey":"2683152.3,1246908.3|2683155.9,1246909.5","accuracyClass":1}},{"type":"Feature","geometry":{"type":"LineString","coordinates":[[8.540996623384535,47.36337987307565],[8.542868982846743,47.36623232704371],[8.542906126886606,47.366290800302544],[8.54294171903722,47.36635232875495],[8.542978525782186,47.366423272518425],[8.543009462052598,47.36649076428931],[8.54304409503817,47.366578837626534],[8.543069972442213,47.36665840429483],[8.543094023179679,47.36675204787169],[8.543112926220424,47.366856678793404],[8.54312289573656,47.366951248594184],[8.543125988355868,47.36701744143911],[8.543126168375833,47.367054247940786],[8.543122880713815,47.3671396794949],[8.543115008687522,47.36721856143031]]},"properties":{"layer":"LKZ141EUMLU-","infraType":"fernwaerme","geomType":"pipe","source":"order_55300/SIA405_LKMap_2015_LV95.dxf","_dedupKey":"2683271.9,1246421.8|2683425.9,1246850.8","accuracyClass":null}},{"type":"Feature","geometry":{"type":"LineString","coordinates":[[8.539410187071288,47.367518955825005],[8.539394894102644,47.367536237359076]]},"properties":{"layer":"LKZ141EUMLU0","infraType":"fernwaerme","geomType":"pipe","source":"order_55300/SIA405_LKMap_2015_LV95.dxf","_dedupKey":"2683144.4,1246882.2|2683145.6,1246880.3","accuracyClass":0}},{"type":"Feature","geometry":{"type":"LineString","coordinates":[[8.539410187071288,47.367518955825005],[8.539389650008504,47.36754067697716],[8.53936734647671,47.367563413423404],[8.539344784913666,47.367585837493536],[8.539321299861406,47.36760842327763],[8.539297481490781,47.36763025663973],[8.539272946045344,47.36765198888822],[8.539247967427874,47.36767341951888],[8.53922253332908,47.36769459362464],[8.53919673696867,47.36771553730233],[8.539170646948008,47.36773636683507],[8.539144551337118,47.36775692656013],[8.53911819652437,47.367777758603495],[8.539092115781406,47.36779839913079],[8.53906606297857,47.36781911134695],[8.539040101147794,47.36783974173372],[8.539014313613261,47.36786047839565],[8.538988773431498,47.36788165345766],[8.538963965010161,47.36790300144537],[8.53893957491672,47.36792473223389],[8.538915545931388,47.36794663948],[8.538891917767224,47.36796872280556],[8.538868508624441,47.36799115485064],[8.53884568210326,47.368013590335835],[8.538823163183796,47.36803617580368],[8.538800768024108,47.36805898496687],[8.538777965202149,47.36808257159199],[8.538757041484914,47.368104827020595],[8.538735669094008,47.36812779733609],[8.538714067871785,47.36815122857984],[8.538692991868896,47.368174447928155],[8.538672103216497,47.368197764434576],[8.538651388305883,47.36822116023852],[8.538630875097182,47.368244707035046],[8.53861067456454,47.36826800798054],[8.538590415434065,47.36829167828159],[8.53857051296136,47.368315309201506],[8.538550718599446,47.36833904702998],[8.53854411816535,47.368347061605725],[8.538531189159793,47.36836279132692],[8.538511886042926,47.36838659643112],[8.538492704460555,47.36841051731141],[8.538473513890867,47.36843464516232],[8.538454570182218,47.36845854578006],[8.538435601650962,47.36848252758717],[8.538416488971674,47.36850658272465],[8.538397215010017,47.36853052245732],[8.538377542970412,47.36855442100106],[8.538357509782719,47.36857814307677],[8.538337154046813,47.36860163434569],[8.538316346909662,47.36862506694248],[8.538295424390345,47.36864804188092],[8.538273804331247,47.36867122134977],[8.538252119800298,47.36869384372842],[8.538229752264808,47.36871673346473],[8.538207285367196,47.36873930031675],[8.538184432698825,47.36876178088505],[8.538161445963448,47.3687841817684],[8.538138324790014,47.36880648497999],[8.53811484654668,47.36882880957598],[8.538091310138672,47.36885088285626],[8.538067651417347,47.36887280437811],[8.538043742455738,47.36889479124285],[8.538019621854167,47.36891678911194],[8.537995144366825,47.368938817358085],[8.537971053794575,47.36896034718254],[8.537946439437293,47.368982160836794],[8.53792166119793,47.36900373317608],[8.53789707316129,47.36902489891758],[8.53787170777869,47.36904625195484],[8.537846350606594,47.36906736203892],[8.537820664506786,47.3690885741941],[8.537794880158051,47.36910951742369],[8.537768840374655,47.3691302741798],[8.537742493317479,47.36915089892646],[8.537715958313079,47.369171399523175],[8.537689457254002,47.36919162094074],[8.537662377599597,47.36921203675568],[8.537634986591705,47.36923212270589],[8.537607353942906,47.36925204903577],[8.537579398742293,47.36927174455379],[8.537551236238087,47.36929101926495],[8.537522490131106,47.369310245550544],[8.537493446279699,47.369329159831096],[8.537464014057502,47.369347861915244],[8.537434324175754,47.369366269602835],[8.537404354422307,47.36938458999344],[8.537374383536037,47.36940285641584],[8.537344370690903,47.369421015287465],[8.537314249141044,47.36943904025781],[8.537283900115348,47.36945695044678],[8.537253472011953,47.36947487936999],[8.537222963904043,47.36949278206036],[8.537192465862898,47.369510531729105],[8.53716176960194,47.36952830126507],[8.537131083778599,47.369545935766084],[8.537100305639457,47.369563589126884],[8.537069565340818,47.36958115216782],[8.537038919170591,47.36959878626634],[8.537008367314066,47.36961650041588],[8.53697792337983,47.3696343124774],[8.536947640505295,47.36965223094086],[8.53691762440951,47.36967024580596],[8.536857971345531,47.36970668568389],[8.536828382882735,47.369724894352096],[8.536798611475344,47.36974322168879],[8.536768863559333,47.36976140487176],[8.536739047950544,47.36977951672912],[8.53670893247711,47.369797856308104],[8.53668072658652,47.36981505333123]]},"properties":{"layer":"LKZ141EUMLU0","infraType":"fernwaerme","geomType":"pipe","source":"order_55300/SIA405_LKMap_2015_LV95.dxf","_dedupKey":"2682935.9,1247132.7|2683145.6,1246880.3","accuracyClass":0}},{"type":"Feature","geometry":{"type":"LineString","coordinates":[[8.539793656781105,47.36782516564005],[8.539751380195458,47.36781872338856],[8.539739601544678,47.36781640699036],[8.539709689563677,47.36781052147942],[8.53967456616949,47.36780360622289],[8.539626108660565,47.367794065548374],[8.539621855920357,47.36779329652418],[8.539551524324272,47.3677798445526]]},"properties":{"layer":"LKZ141EUMLU1","infraType":"fernwaerme","geomType":"pipe","source":"order_55300/SIA405_LKMap_2015_LV95.dxf","_dedupKey":"2683155.9,1246909.5|2683174.1,1246914.7","accuracyClass":1}},{"type":"Feature","geometry":{"type":"LineString","coordinates":[[8.539405795166664,47.36786410596252],[8.539405932794836,47.367863717858974],[8.539417323936986,47.367835085642966],[8.53942585191924,47.36781911891258],[8.539439377734656,47.367805380321826],[8.539459468035849,47.367796643436144],[8.539473682313067,47.36779059813534],[8.53949003950514,47.36778317413852],[8.539493814224425,47.36778131214219]]},"properties":{"layer":"LKZ141EUMLU1","infraType":"fernwaerme","geomType":"pipe","source":"order_55300/SIA405_LKMap_2015_LV95.dxf","_dedupKey":"2683144.7,1246918.7|2683151.5,1246909.6","accuracyClass":1}},{"type":"Feature","geometry":{"type":"LineString","coordinates":[[8.539495022286536,47.36776864443852],[8.539504109283861,47.36777013197739]]},"properties":{"layer":"LKZ141EUMLU1","infraType":"fernwaerme","geomType":"pipe","source":"order_55300/SIA405_LKMap_2015_LV95.dxf","_dedupKey":"2683151.6,1246908.1|2683152.3,1246908.3","accuracyClass":1}},{"type":"Feature","geometry":{"type":"LineString","coordinates":[[8.543115008687522,47.36721856143031],[8.543014294322012,47.368748702440456]]},"properties":{"layer":"LKZ141EUMLU-","infraType":"fernwaerme","geomType":"pipe","source":"order_55300/SIA405_LKMap_2015_LV95.dxf","_dedupKey":"2683415.9,1247020.8|2683425.9,1246850.8","accuracyClass":null}},{"type":"Feature","geometry":{"type":"LineString","coordinates":[[8.539495022286536,47.36776864443852],[8.539491250002769,47.36776805972841],[8.539434646970308,47.36775645576545],[8.539349422126543,47.36774052802801],[8.539337268109838,47.367739267599994],[8.53933125037945,47.36773766084585],[8.539281488547342,47.36772906795457],[8.5392753928799,47.367727533901466],[8.53927190376593,47.36772527338616],[8.539270242897246,47.36772114244542],[8.539259629701768,47.3676886991],[8.53925851945886,47.3676817384319],[8.539263066606926,47.3676756053768],[8.539267881050181,47.36767023436281]]},"properties":{"layer":"LKZ141EUMLU1","infraType":"fernwaerme","geomType":"pipe","source":"order_55300/SIA405_LKMap_2015_LV95.dxf","_dedupKey":"2683134.6,1246897|2683151.6,1246908.1","accuracyClass":1}},{"type":"Feature","geometry":{"type":"LineString","coordinates":[[8.539535860967508,47.36738682441961],[8.539524615523193,47.367400064544825],[8.539503580203334,47.367423940311504],[8.539484717690298,47.367445321694724],[8.539470536716237,47.36746259264056]]},"properties":{"layer":"LKZ141EUMLU1","infraType":"fernwaerme","geomType":"pipe","source":"order_55300/SIA405_LKMap_2015_LV95.dxf","_dedupKey":"2683150.3,1246874.1|2683155.3,1246865.7","accuracyClass":1}},{"type":"Feature","geometry":{"type":"LineString","coordinates":[[8.539535860967508,47.36738682441961],[8.53953627472316,47.367386343732164],[8.539551226535353,47.36736985700385],[8.539561857370117,47.36735763019235],[8.53956863853061,47.36735004559827],[8.539571525107394,47.36734685178602],[8.539575716957705,47.36734146870252]]},"properties":{"layer":"LKZ141EUMLU1","infraType":"fernwaerme","geomType":"pipe","source":"order_55300/SIA405_LKMap_2015_LV95.dxf","_dedupKey":"2683155.3,1246865.7|2683158.4,1246860.7","accuracyClass":1}},{"type":"Feature","geometry":{"type":"LineString","coordinates":[[8.539581146569779,47.367404994738756],[8.539592444471978,47.367409681462355]]},"properties":{"layer":"LKZ141EUMLU0","infraType":"fernwaerme","geomType":"pipe","source":"order_55300/SIA405_LKMap_2015_LV95.dxf","_dedupKey":"2683158.7,1246867.8|2683159.5,1246868.3","accuracyClass":0}},{"type":"Feature","geometry":{"type":"LineString","coordinates":[[8.540822597910061,47.3687937184949],[8.54082759057776,47.368794408453155],[8.540873497799193,47.36880158025717],[8.540930490972782,47.368810211398454],[8.540986920517641,47.36881911774596]]},"properties":{"layer":"LKZ141EUMLU1","infraType":"fernwaerme","geomType":"pipe","source":"order_55301/SIA405_LKMap_2015_LV95.dxf","_dedupKey":"2683250.3,1247023.5|2683262.7,1247026.5","accuracyClass":1}},{"type":"Feature","geometry":{"type":"LineString","coordinates":[[8.540805474103731,47.36885116307334],[8.540800348680785,47.36885045639059],[8.540736212113202,47.368841497561654]]},"properties":{"layer":"LKZ141EUMLU1","infraType":"fernwaerme","geomType":"pipe","source":"order_55301/SIA405_LKMap_2015_LV95.dxf","_dedupKey":"2683243.7,1247028.7|2683248.9,1247029.9","accuracyClass":1}},{"type":"Feature","geometry":{"type":"LineString","coordinates":[[8.539481379760497,47.368186428680126],[8.539201871682483,47.36893712966317],[8.539299258313665,47.36895394908153]]},"properties":{"layer":"LKZ141EUMLU0","infraType":"fernwaerme","geomType":"pipe","source":"order_55301/SIA405_LKMap_2015_LV95.dxf","_dedupKey":"2683135,1247039.7|2683149.9,1246954.6","accuracyClass":0}},{"type":"Feature","geometry":{"type":"LineString","coordinates":[[8.54083080089557,47.36873963328207],[8.540819167882272,47.36878599740069],[8.540818311523076,47.36878940574277],[8.540817381873099,47.36879311162445],[8.540801834243267,47.36884482024034],[8.540804375184862,47.36885436684119],[8.540806915941422,47.36886390444866],[8.540793808416145,47.36890747614413],[8.540779922810865,47.36895119918465],[8.540775898524068,47.36896404669136],[8.5407751410325,47.3689664736172],[8.54077146509084,47.36897823838063],[8.540750396661915,47.36904214313042],[8.540716305016598,47.36914602068951],[8.540706831448052,47.369176442755716],[8.540703404245269,47.369187431559034],[8.540684938467539,47.36924850496824],[8.540662781522256,47.36932509425695],[8.540637406672966,47.36941255340532],[8.540637072115683,47.369413663001644],[8.540596456818864,47.36955234204529]]},"properties":{"layer":"LKZ141EUMLU1","infraType":"fernwaerme","geomType":"pipe","source":"order_55301/SIA405_LKMap_2015_LV95.dxf","_dedupKey":"2683232,1247107.6|2683251,1247017.5","accuracyClass":1}},{"type":"Feature","geometry":{"type":"LineString","coordinates":[[8.541547270548092,47.36899901452476],[8.541544374587248,47.369008792931176],[8.541504720891025,47.369142623759025]]},"properties":{"layer":"LKZ141EUMLU1","infraType":"fernwaerme","geomType":"pipe","source":"order_55301/SIA405_LKMap_2015_LV95.dxf","_dedupKey":"2683301.3,1247063|2683304.7,1247047.1","accuracyClass":1}},{"type":"Feature","geometry":{"type":"LineString","coordinates":[[8.540191744677463,47.368883436892055],[8.540189474130234,47.368883125726406],[8.540172145781618,47.36888072737302]]},"properties":{"layer":"LKZ141EUMLU1","infraType":"fernwaerme","geomType":"pipe","source":"order_55301/SIA405_LKMap_2015_LV95.dxf","_dedupKey":"2683201,1247032.5|2683202.5,1247032.8","accuracyClass":1}},{"type":"Feature","geometry":{"type":"LineString","coordinates":[[8.540736212113202,47.368841497561654],[8.540723238777092,47.368839687395635]]},"properties":{"layer":"LKZ141EUMLU0","infraType":"fernwaerme","geomType":"pipe","source":"order_55301/SIA405_LKMap_2015_LV95.dxf","_dedupKey":"2683242.7,1247028.5|2683243.7,1247028.7","accuracyClass":0}},{"type":"Feature","geometry":{"type":"LineString","coordinates":[[8.54036429539235,47.3689847136619],[8.540361644084351,47.36899352722104]]},"properties":{"layer":"LKZ141EUMLU1","infraType":"fernwaerme","geomType":"pipe","source":"order_55301/SIA405_LKMap_2015_LV95.dxf","_dedupKey":"2683215.2,1247045.2|2683215.4,1247044.3","accuracyClass":1}},{"type":"Feature","geometry":{"type":"LineString","coordinates":[[8.540091301477576,47.36894682120857],[8.540088942102527,47.368955667957785]]},"properties":{"layer":"LKZ141EUMLU0","infraType":"fernwaerme","geomType":"pipe","source":"order_55301/SIA405_LKMap_2015_LV95.dxf","_dedupKey":"2683194.6,1247040.7|2683194.8,1247039.8","accuracyClass":0}},{"type":"Feature","geometry":{"type":"LineString","coordinates":[[8.541348616493059,47.36884761583482],[8.541196083720232,47.368848118549245],[8.541152702731601,47.36884210112384],[8.540986920517641,47.36881911774596]]},"properties":{"layer":"LKZ141EUMLU0","infraType":"fernwaerme","geomType":"pipe","source":"order_55301/SIA405_LKMap_2015_LV95.dxf","_dedupKey":"2683262.7,1247026.5|2683289.9,1247030.1","accuracyClass":0}},{"type":"Feature","geometry":{"type":"LineString","coordinates":[[8.54038660797072,47.36891051565257],[8.54036429539235,47.3689847136619]]},"properties":{"layer":"LKZ141EUMLU1","infraType":"fernwaerme","geomType":"pipe","source":"order_55301/SIA405_LKMap_2015_LV95.dxf","_dedupKey":"2683215.4,1247044.3|2683217.2,1247036","accuracyClass":1}},{"type":"Feature","geometry":{"type":"LineString","coordinates":[[8.539388056978186,47.36791173347753],[8.539452234913714,47.367922761537656],[8.539571887725941,47.36794332635862],[8.539481379760497,47.368186428680126]]},"properties":{"layer":"LKZ141EUMLU0","infraType":"fernwaerme","geomType":"pipe","source":"order_55301/SIA405_LKMap_2015_LV95.dxf","_dedupKey":"2683143.3,1246923.9|2683149.9,1246954.6","accuracyClass":0}},{"type":"Feature","geometry":{"type":"LineString","coordinates":[[8.541348616493059,47.36884761583482],[8.541546537775021,47.36876905127695],[8.541535077326406,47.36862021885692],[8.541590005133543,47.36816747161681]]},"properties":{"layer":"LKZ141EUMLU0","infraType":"fernwaerme","geomType":"pipe","source":"order_55301/SIA405_LKMap_2015_LV95.dxf","_dedupKey":"2683289.9,1247030.1|2683309.2,1246954.7","accuracyClass":0}},{"type":"Feature","geometry":{"type":"LineString","coordinates":[[8.540163045286535,47.368956769273],[8.54016042042235,47.36896558257509]]},"properties":{"layer":"LKZ141EUMLU0","infraType":"fernwaerme","geomType":"pipe","source":"order_55301/SIA405_LKMap_2015_LV95.dxf","_dedupKey":"2683200,1247041.9|2683200.2,1247040.9","accuracyClass":0}},{"type":"Feature","geometry":{"type":"LineString","coordinates":[[8.54082275527631,47.3687936450319],[8.540805498719944,47.36885107288686],[8.540805474103731,47.36885116307334]]},"properties":{"layer":"LKZ141EUMLU1","infraType":"fernwaerme","geomType":"pipe","source":"order_55301/SIA405_LKMap_2015_LV95.dxf","_dedupKey":"2683248.9,1247029.9|2683250.3,1247023.5","accuracyClass":1}},{"type":"Feature","geometry":{"type":"LineString","coordinates":[[8.54174054183632,47.36877122836195],[8.541727323776497,47.36877166943589]]},"properties":{"layer":"LKZ141EUMLU0","infraType":"fernwaerme","geomType":"pipe","source":"order_55301/SIA405_LKMap_2015_LV95.dxf","_dedupKey":"2683318.7,1247022|2683319.7,1247022","accuracyClass":0}},{"type":"Feature","geometry":{"type":"LineString","coordinates":[[8.541317996166377,47.36801701622867],[8.541316415959088,47.36803087486879],[8.54132206301954,47.36803888061884],[8.541370513524985,47.36810758182839],[8.541383044123977,47.36810847864139],[8.541478987866862,47.36811447082394],[8.541564988534928,47.36811919960909],[8.541604209538676,47.36812128074144],[8.541601676111222,47.36814409867452],[8.541599447145202,47.36816243410942],[8.541598793425898,47.36816795438624]]},"properties":{"layer":"LKZ141EUMLU1","infraType":"fernwaerme","geomType":"pipe","source":"order_55301/SIA405_LKMap_2015_LV95.dxf","_dedupKey":"2683288.9,1246937.7|2683309.9,1246954.8","accuracyClass":1}},{"type":"Feature","geometry":{"type":"LineString","coordinates":[[8.541348665723648,47.36884743546158],[8.541220107285064,47.3687690016691],[8.54111546950491,47.36875433996082]]},"properties":{"layer":"LKZ141EUMLU0","infraType":"fernwaerme","geomType":"pipe","source":"order_55301/SIA405_LKMap_2015_LV95.dxf","_dedupKey":"2683272.5,1247019.4|2683289.9,1247030","accuracyClass":0}},{"type":"Feature","geometry":{"type":"LineString","coordinates":[[8.540140778081398,47.36903061599105],[8.540122882932437,47.36908985784879]]},"properties":{"layer":"LKZ141EUMLU0","infraType":"fernwaerme","geomType":"pipe","source":"order_55301/SIA405_LKMap_2015_LV95.dxf","_dedupKey":"2683197,1247055.7|2683198.4,1247049.1","accuracyClass":0}},{"type":"Feature","geometry":{"type":"LineString","coordinates":[[8.541815344236369,47.368775416271156],[8.541815211858246,47.36877541753559],[8.541806173596582,47.36877565678214],[8.541743201333635,47.36877113999525],[8.54174054183632,47.36877122836195]]},"properties":{"layer":"LKZ141EUMLU0","infraType":"fernwaerme","geomType":"pipe","source":"order_55301/SIA405_LKMap_2015_LV95.dxf","_dedupKey":"2683319.7,1247022|2683325.3,1247022.5","accuracyClass":0}},{"type":"Feature","geometry":{"type":"LineString","coordinates":[[8.541598793425898,47.36816795438624],[8.54154516466945,47.36862077018267],[8.541556877461547,47.36877283844975],[8.541348641108355,47.36884752564818]]},"properties":{"layer":"LKZ141EUMLU0","infraType":"fernwaerme","geomType":"pipe","source":"order_55301/SIA405_LKMap_2015_LV95.dxf","_dedupKey":"2683289.9,1247030.1|2683309.9,1246954.8","accuracyClass":0}},{"type":"Feature","geometry":{"type":"LineString","coordinates":[[8.54014593392356,47.369028309035485],[8.540127158356729,47.36909043774063]]},"properties":{"layer":"LKZ141EUMLU0","infraType":"fernwaerme","geomType":"pipe","source":"order_55301/SIA405_LKMap_2015_LV95.dxf","_dedupKey":"2683197.3,1247055.8|2683198.8,1247048.9","accuracyClass":0}},{"type":"Feature","geometry":{"type":"LineString","coordinates":[[8.539481498899537,47.36818642754456],[8.539575387879125,47.368202560446385]]},"properties":{"layer":"LKZ141EUMLU0","infraType":"fernwaerme","geomType":"pipe","source":"order_55301/SIA405_LKMap_2015_LV95.dxf","_dedupKey":"2683150,1246954.6|2683157,1246956.5","accuracyClass":0}},{"type":"Feature","geometry":{"type":"LineString","coordinates":[[8.540172145781618,47.36888072737302],[8.540142302558332,47.36887691919549],[8.540114592118224,47.36887316263171],[8.540112787825514,47.36887362959668]]},"properties":{"layer":"LKZ141EUMLU1","infraType":"fernwaerme","geomType":"pipe","source":"order_55301/SIA405_LKMap_2015_LV95.dxf","_dedupKey":"2683196.6,1247031.6|2683201,1247032.5","accuracyClass":1}},{"type":"Feature","geometry":{"type":"LineString","coordinates":[[8.540770719209515,47.368963295545704],[8.540766190595617,47.36896263713734],[8.540746662665052,47.36896016091231],[8.540738724112385,47.368959157244625],[8.54049105420685,47.36892487401399],[8.540390908186305,47.36891101434164]]},"properties":{"layer":"LKZ141EUMLU1","infraType":"fernwaerme","geomType":"pipe","source":"order_55301/SIA405_LKMap_2015_LV95.dxf","_dedupKey":"2683217.5,1247036.1|2683246.1,1247042.3","accuracyClass":1}},{"type":"Feature","geometry":{"type":"LineString","coordinates":[[8.540181946530174,47.36888214508665],[8.540173288138647,47.36888090537637],[8.540145748671218,47.368877093218465],[8.540114770014846,47.368872801128866],[8.540111500082476,47.368872823318256]]},"properties":{"layer":"LKZ141EUMLU1","infraType":"fernwaerme","geomType":"pipe","source":"order_55301/SIA405_LKMap_2015_LV95.dxf","_dedupKey":"2683196.5,1247031.6|2683201.8,1247032.7","accuracyClass":1}},{"type":"Feature","geometry":{"type":"LineString","coordinates":[[8.540390908186305,47.36891101434164],[8.540368571182572,47.36898531153153]]},"properties":{"layer":"LKZ141EUMLU1","infraType":"fernwaerme","geomType":"pipe","source":"order_55301/SIA405_LKMap_2015_LV95.dxf","_dedupKey":"2683215.7,1247044.3|2683217.5,1247036.1","accuracyClass":1}},{"type":"Feature","geometry":{"type":"LineString","coordinates":[[8.540127158356729,47.36909043774063],[8.540119436862023,47.369115958676815],[8.540111522507969,47.369142398957415],[8.539981778772471,47.369124458537996],[8.539959720715043,47.36918152725397],[8.539953838632735,47.36919674917469]]},"properties":{"layer":"LKZ141EUMLU0","infraType":"fernwaerme","geomType":"pipe","source":"order_55301/SIA405_LKMap_2015_LV95.dxf","_dedupKey":"2683184.1,1247067.4|2683197.3,1247055.8","accuracyClass":0}},{"type":"Feature","geometry":{"type":"LineString","coordinates":[[8.540188743088779,47.36888555239598],[8.540187391269042,47.36888933425967],[8.540172091334506,47.36893576026359],[8.54016590948404,47.368954412210925],[8.54016511671132,47.36895705535274]]},"properties":{"layer":"LKZ141EUMLU1","infraType":"fernwaerme","geomType":"pipe","source":"order_55301/SIA405_LKMap_2015_LV95.dxf","_dedupKey":"2683200.4,1247041|2683202.3,1247033","accuracyClass":1}},{"type":"Feature","geometry":{"type":"LineString","coordinates":[[8.540187378090916,47.36888292983341],[8.540181946530174,47.36888214508665]]},"properties":{"layer":"LKZ141EUMLU1","infraType":"fernwaerme","geomType":"pipe","source":"order_55301/SIA405_LKMap_2015_LV95.dxf","_dedupKey":"2683201.8,1247032.7|2683202.2,1247032.8","accuracyClass":1}},{"type":"Feature","geometry":{"type":"LineString","coordinates":[[8.541560748478595,47.369000891741436],[8.541560639757874,47.369001396508594],[8.54156052582578,47.36901060863943],[8.541560414500015,47.369010987499216],[8.541525010406808,47.36913134798181],[8.541522361012438,47.36913896519463],[8.54153834258891,47.369141538119784],[8.541711085449418,47.369169392579565],[8.541735558078857,47.36917343155027],[8.54173647192347,47.36919135916919],[8.541753420833762,47.36941854992595]]},"properties":{"layer":"LKZ141EUMLU1","infraType":"fernwaerme","geomType":"pipe","source":"order_55301/SIA405_LKMap_2015_LV95.dxf","_dedupKey":"2683305.7,1247047.3|2683319.6,1247094","accuracyClass":1}},{"type":"Feature","geometry":{"type":"LineString","coordinates":[[8.541348665723648,47.36884743546158],[8.541229292418612,47.36873873522477],[8.541176973456798,47.3687313998899],[8.541280172279482,47.36839164799216],[8.54164516834341,47.36838012113814]]},"properties":{"layer":"LKZ141EUMLU0","infraType":"fernwaerme","geomType":"pipe","source":"order_55301/SIA405_LKMap_2015_LV95.dxf","_dedupKey":"2683289.9,1247030|2683313.1,1246978.4","accuracyClass":0}},{"type":"Feature","geometry":{"type":"LineString","coordinates":[[8.540836016927448,47.368740240151986],[8.540824383918562,47.36878660427111],[8.540822597910061,47.3687937184949]]},"properties":{"layer":"LKZ141EUMLU1","infraType":"fernwaerme","geomType":"pipe","source":"order_55301/SIA405_LKMap_2015_LV95.dxf","_dedupKey":"2683250.3,1247023.5|2683251.4,1247017.6","accuracyClass":1}},{"type":"Feature","geometry":{"type":"LineString","coordinates":[[8.539405795166664,47.36786410596252],[8.539402546021362,47.367872826252786]]},"properties":{"layer":"LKZ141EUMLU0","infraType":"fernwaerme","geomType":"pipe","source":"order_55301/SIA405_LKMap_2015_LV95.dxf","_dedupKey":"2683144.5,1246919.6|2683144.7,1246918.7","accuracyClass":0}},{"type":"Feature","geometry":{"type":"LineString","coordinates":[[8.540368571182572,47.36898531153153],[8.540365919875244,47.368994125090815]]},"properties":{"layer":"LKZ141EUMLU0","infraType":"fernwaerme","geomType":"pipe","source":"order_55301/SIA405_LKMap_2015_LV95.dxf","_dedupKey":"2683215.5,1247045.3|2683215.7,1247044.3","accuracyClass":0}},{"type":"Feature","geometry":{"type":"LineString","coordinates":[[8.54014593392356,47.369028309035485],[8.54018484077565,47.369033739849804]]},"properties":{"layer":"LKZ141EUMLU0","infraType":"fernwaerme","geomType":"pipe","source":"order_55301/SIA405_LKMap_2015_LV95.dxf","_dedupKey":"2683198.8,1247048.9|2683201.8,1247049.5","accuracyClass":0}},{"type":"Feature","geometry":{"type":"LineString","coordinates":[[8.540770719209515,47.368963295545704],[8.540766285403084,47.36897746924803],[8.540753340644367,47.36901674869339],[8.540745229834261,47.36904135588384],[8.540711125499255,47.369145260547846],[8.540701652299742,47.3691757006004]]},"properties":{"layer":"LKZ141EUMLU1","infraType":"fernwaerme","geomType":"pipe","source":"order_55301/SIA405_LKMap_2015_LV95.dxf","_dedupKey":"2683240.6,1247065.8|2683246.1,1247042.3","accuracyClass":1}},{"type":"Feature","geometry":{"type":"LineString","coordinates":[[8.540805474103731,47.36885116307334],[8.540788762043137,47.368906750716164],[8.54077487624796,47.36895046476271],[8.540770851960003,47.36896331226929],[8.540770827343682,47.36896340245574]]},"properties":{"layer":"LKZ141EUMLU1","infraType":"fernwaerme","geomType":"pipe","source":"order_55301/SIA405_LKMap_2015_LV95.dxf","_dedupKey":"2683246.1,1247042.3|2683248.9,1247029.9","accuracyClass":1}},{"type":"Feature","geometry":{"type":"LineString","coordinates":[[8.54016042042235,47.36896558257509],[8.540140778081398,47.36903061599105]]},"properties":{"layer":"LKZ141EUMLU0","infraType":"fernwaerme","geomType":"pipe","source":"order_55301/SIA405_LKMap_2015_LV95.dxf","_dedupKey":"2683198.4,1247049.1|2683200,1247041.9","accuracyClass":0}},{"type":"Feature","geometry":{"type":"LineString","coordinates":[[8.540122882932437,47.36908985784879],[8.540115161064108,47.36911536079792],[8.540108113524775,47.369138896371304],[8.539978608824425,47.36912098964946],[8.539955494706684,47.36918077597673],[8.53995071847525,47.36919312689304]]},"properties":{"layer":"LKZ141EUMLU0","infraType":"fernwaerme","geomType":"pipe","source":"order_55301/SIA405_LKMap_2015_LV95.dxf","_dedupKey":"2683183.8,1247067|2683197,1247055.7","accuracyClass":0}},{"type":"Feature","geometry":{"type":"LineString","coordinates":[[8.541815344236369,47.368775416271156],[8.541813581338811,47.36875612949584],[8.541813205983107,47.368752067268645],[8.541809351064641,47.3687097458793],[8.541805982627809,47.36866150102724],[8.541794657358224,47.368473808235386],[8.541784723599022,47.36834119750488],[8.541779224559779,47.36826165184505],[8.541769695843929,47.36814861070883],[8.541768351889571,47.36814508844672],[8.541762677733503,47.368141535581884],[8.541743777829911,47.36812908688971],[8.541703753169356,47.368104804425876],[8.541669501171228,47.368083075414106],[8.541595991568574,47.368080530182695],[8.541537903609743,47.368078467301736],[8.541305817055482,47.36806383538383],[8.541248926492745,47.368057569180785],[8.541211222977273,47.36804499407892],[8.54115817511316,47.36803439146025],[8.541135369934896,47.36803284610389],[8.541128936324863,47.368031621209454],[8.541108818239874,47.3680255616123],[8.541085246715875,47.36802153190165],[8.54104926643127,47.368015452795056],[8.541011228557945,47.368009114466446],[8.540951165878079,47.36799990999114],[8.540871290547756,47.367988528840996],[8.540682596765832,47.36795999780255],[8.540525246392049,47.367938687383784],[8.540419693653343,47.36792451053092],[8.54026758981109,47.3679039952578],[8.540211825566004,47.367896476470776],[8.540196673006395,47.36789363459861],[8.540178322654981,47.367889177109205],[8.540173231842319,47.367888218204804],[8.540119696212365,47.36787513709966],[8.540035929281501,47.367854815319035],[8.539915408800283,47.367833908441],[8.539843118874417,47.36783269974099],[8.539793656781105,47.36782516564005]]},"properties":{"layer":"LKZ141EUMLU1","infraType":"fernwaerme","geomType":"pipe","source":"order_55301/SIA405_LKMap_2015_LV95.dxf","_dedupKey":"2683174.1,1246914.7|2683325.3,1247022.5","accuracyClass":1}},{"type":"Feature","geometry":{"type":"LineString","coordinates":[[8.541590005133543,47.36816747161681],[8.541590616137256,47.36816244648186],[8.541591553238549,47.36814374558733],[8.541589511527214,47.36813785526394],[8.541577031873896,47.36813110213667],[8.541554030443907,47.36812647339632],[8.541535766872402,47.36812430006356],[8.541482946123052,47.36812276254696],[8.541416354685492,47.3681211855841],[8.541383604725064,47.368117657348456],[8.54136826918941,47.368113657000336],[8.541358720583574,47.368109061688905],[8.54135547673234,47.368106502053706],[8.541331561221824,47.368076884443575],[8.54130595326957,47.368029454576906],[8.541307498015572,47.36801644182068]]},"properties":{"layer":"LKZ141EUMLU1","infraType":"fernwaerme","geomType":"pipe","source":"order_55301/SIA405_LKMap_2015_LV95.dxf","_dedupKey":"2683288.1,1246937.6|2683309.2,1246954.7","accuracyClass":1}},{"type":"Feature","geometry":{"type":"LineString","coordinates":[[8.54038660797072,47.36891051565257],[8.540189449512964,47.368883215912774],[8.540187378090916,47.36888292983341]]},"properties":{"layer":"LKZ141EUMLU1","infraType":"fernwaerme","geomType":"pipe","source":"order_55301/SIA405_LKMap_2015_LV95.dxf","_dedupKey":"2683202.2,1247032.8|2683217.2,1247036","accuracyClass":1}},{"type":"Feature","geometry":{"type":"LineString","coordinates":[[8.539759750150012,47.36782010980165],[8.539761039210878,47.36782034038118],[8.539766075387423,47.3678212188681],[8.539775202994775,47.3678233896307],[8.53978273396734,47.367824541171714],[8.539793656781105,47.36782516564005]]},"properties":{"layer":"LKZ141EUMLU0","infraType":"fernwaerme","geomType":"pipe","source":"order_55301/SIA405_LKMap_2015_LV95.dxf","_dedupKey":"2683171.5,1246914.1|2683174.1,1246914.7","accuracyClass":0}},{"type":"Feature","geometry":{"type":"LineString","coordinates":[[8.540770827343682,47.36896340245574],[8.540766418153611,47.36897748597163],[8.540745362584943,47.369041372607406],[8.540711258250177,47.36914527727145],[8.540701785050743,47.36917571732404],[8.540701760434203,47.3691758075105]]},"properties":{"layer":"LKZ141EUMLU1","infraType":"fernwaerme","geomType":"pipe","source":"order_55301/SIA405_LKMap_2015_LV95.dxf","_dedupKey":"2683240.6,1247065.9|2683246.1,1247042.3","accuracyClass":1}},{"type":"Feature","geometry":{"type":"LineString","coordinates":[[8.540187378090916,47.36888292983341],[8.540185319289249,47.368889021200125],[8.540170019352999,47.368935447203825],[8.540163837687677,47.3689541081444],[8.540163045286535,47.368956769273]]},"properties":{"layer":"LKZ141EUMLU1","infraType":"fernwaerme","geomType":"pipe","source":"order_55301/SIA405_LKMap_2015_LV95.dxf","_dedupKey":"2683200.2,1247040.9|2683202.2,1247032.8","accuracyClass":1}},{"type":"Feature","geometry":{"type":"LineString","coordinates":[[8.540774743497503,47.36895044803919],[8.540770719209515,47.368963295545704]]},"properties":{"layer":"LKZ141EUMLU1","infraType":"fernwaerme","geomType":"pipe","source":"order_55301/SIA405_LKMap_2015_LV95.dxf","_dedupKey":"2683246.1,1247042.3|2683246.4,1247040.9","accuracyClass":1}},{"type":"Feature","geometry":{"type":"LineString","coordinates":[[8.541307498015572,47.36801644182068],[8.541308557255286,47.36800748152222]]},"properties":{"layer":"LKZ141EUMLU0","infraType":"fernwaerme","geomType":"pipe","source":"order_55301/SIA405_LKMap_2015_LV95.dxf","_dedupKey":"2683288.1,1246937.6|2683288.2,1246936.6","accuracyClass":0}},{"type":"Feature","geometry":{"type":"LineString","coordinates":[[8.540390908186305,47.36891101434164],[8.540388704011862,47.368910711541936],[8.540305514442931,47.36889919069847],[8.540191744677463,47.368883436892055]]},"properties":{"layer":"LKZ141EUMLU1","infraType":"fernwaerme","geomType":"pipe","source":"order_55301/SIA405_LKMap_2015_LV95.dxf","_dedupKey":"2683202.5,1247032.8|2683217.5,1247036.1","accuracyClass":1}},{"type":"Feature","geometry":{"type":"LineString","coordinates":[[8.541348641108355,47.36884752564818],[8.541481470674096,47.36890967325849],[8.54157224035173,47.36892213732463],[8.541549262368674,47.368999292344746]]},"properties":{"layer":"LKZ141EUMLU0","infraType":"fernwaerme","geomType":"pipe","source":"order_55301/SIA405_LKMap_2015_LV95.dxf","_dedupKey":"2683289.9,1247030.1|2683304.9,1247047.1","accuracyClass":0}},{"type":"Feature","geometry":{"type":"LineString","coordinates":[[8.5407751410325,47.3689664736172],[8.540764875439983,47.36896498842816],[8.54074599802316,47.36896259594714],[8.540738032808491,47.368961583538635],[8.540387972979097,47.36891313821275],[8.540188743088779,47.36888555239598],[8.540171414739408,47.36888315404246]]},"properties":{"layer":"LKZ141EUMLU1","infraType":"fernwaerme","geomType":"pipe","source":"order_55301/SIA405_LKMap_2015_LV95.dxf","_dedupKey":"2683201,1247032.8|2683246.4,1247042.7","accuracyClass":1}},{"type":"Feature","geometry":{"type":"LineString","coordinates":[[8.539481498899537,47.36818642754456],[8.539202015999201,47.36893706532189],[8.53929932116054,47.368953786569804]]},"properties":{"layer":"LKZ141EUMLU0","infraType":"fernwaerme","geomType":"pipe","source":"order_55301/SIA405_LKMap_2015_LV95.dxf","_dedupKey":"2683135,1247039.7|2683150,1246954.6","accuracyClass":0}},{"type":"Feature","geometry":{"type":"LineString","coordinates":[[8.540111500082476,47.368872823318256],[8.540109341199548,47.36887278993598],[8.54010820437364,47.368873520390174],[8.540107510626381,47.368875829766445],[8.540106411850852,47.368879042521094],[8.540093544233363,47.36892848568087],[8.540089998902836,47.36894209318297],[8.540091635158454,47.36894502799018],[8.540091168727336,47.36894680448422]]},"properties":{"layer":"LKZ141EUMLU1","infraType":"fernwaerme","geomType":"pipe","source":"order_55301/SIA405_LKMap_2015_LV95.dxf","_dedupKey":"2683194.8,1247039.8|2683196.5,1247031.6","accuracyClass":1}},{"type":"Feature","geometry":{"type":"LineString","coordinates":[[8.542442146068659,47.368758786377306],[8.541973927588717,47.36876403375785],[8.541965855131322,47.36876423680522],[8.541845146668907,47.36877469084568],[8.541828815862113,47.36877507171192],[8.541815344236369,47.368775416271156]]},"properties":{"layer":"LKZ141EUMLU-","infraType":"fernwaerme","geomType":"pipe","source":"order_55301/SIA405_LKMap_2015_LV95.dxf","_dedupKey":"2683325.3,1247022.5|2683372.7,1247021.3","accuracyClass":null}},{"type":"Feature","geometry":{"type":"LineString","coordinates":[[8.540804375184862,47.36885436684119],[8.54079916996273,47.36885364292965],[8.540735232516786,47.368844709185446]]},"properties":{"layer":"LKZ141EUMLU1","infraType":"fernwaerme","geomType":"pipe","source":"order_55301/SIA405_LKMap_2015_LV95.dxf","_dedupKey":"2683243.6,1247029.1|2683248.8,1247030.2","accuracyClass":1}},{"type":"Feature","geometry":{"type":"LineString","coordinates":[[8.541348641108355,47.36884752564818],[8.541500772201118,47.3688442470634],[8.541565687513668,47.36885308109509]]},"properties":{"layer":"LKZ141EUMLU0","infraType":"fernwaerme","geomType":"pipe","source":"order_55301/SIA405_LKMap_2015_LV95.dxf","_dedupKey":"2683289.9,1247030.1|2683306.3,1247030.9","accuracyClass":0}},{"type":"Feature","geometry":{"type":"LineString","coordinates":[[8.541348616493059,47.36884761583482],[8.54148390847106,47.368901428405366],[8.541586136821408,47.368915447149746],[8.541560748478595,47.369000891741436]]},"properties":{"layer":"LKZ141EUMLU0","infraType":"fernwaerme","geomType":"pipe","source":"order_55301/SIA405_LKMap_2015_LV95.dxf","_dedupKey":"2683289.9,1247030.1|2683305.7,1247047.3","accuracyClass":0}},{"type":"Feature","geometry":{"type":"LineString","coordinates":[[8.541549262368674,47.368999292344746],[8.54154724898715,47.36900629181431],[8.54154900178206,47.369006535936165],[8.541548198630387,47.369009314114635],[8.5415124795103,47.369131728497614],[8.54150862492901,47.36914317116549]]},"properties":{"layer":"LKZ141EUMLU1","infraType":"fernwaerme","geomType":"pipe","source":"order_55301/SIA405_LKMap_2015_LV95.dxf","_dedupKey":"2683301.6,1247063.1|2683304.9,1247047.1","accuracyClass":1}},{"type":"Feature","geometry":{"type":"LineString","coordinates":[[8.540770827343682,47.36896340245574],[8.540766165979282,47.368962727323805],[8.540746638048686,47.368960251098805],[8.540738699496007,47.368959247431086],[8.540388679394907,47.36891080172834],[8.54038660797072,47.36891051565257]]},"properties":{"layer":"LKZ141EUMLU1","infraType":"fernwaerme","geomType":"pipe","source":"order_55301/SIA405_LKMap_2015_LV95.dxf","_dedupKey":"2683217.2,1247036|2683246.1,1247042.3","accuracyClass":1}},{"type":"Feature","geometry":{"type":"LineString","coordinates":[[8.539388094833969,47.36791164316515],[8.539452272769397,47.36792267122525],[8.539572045648594,47.367943279877466],[8.539481498899537,47.36818642754456]]},"properties":{"layer":"LKZ141EUMLU0","infraType":"fernwaerme","geomType":"pipe","source":"order_55301/SIA405_LKMap_2015_LV95.dxf","_dedupKey":"2683143.3,1246923.9|2683150,1246954.6","accuracyClass":0}},{"type":"Feature","geometry":{"type":"LineString","coordinates":[[8.541319028929095,47.36800805618291],[8.541317996166377,47.36801701622867]]},"properties":{"layer":"LKZ141EUMLU0","infraType":"fernwaerme","geomType":"pipe","source":"order_55301/SIA405_LKMap_2015_LV95.dxf","_dedupKey":"2683288.9,1246937.7|2683289,1246936.7","accuracyClass":0}},{"type":"Feature","geometry":{"type":"LineString","coordinates":[[8.54016738726156,47.36895736651886],[8.540164722684473,47.36896618019982]]},"properties":{"layer":"LKZ141EUMLU0","infraType":"fernwaerme","geomType":"pipe","source":"order_55301/SIA405_LKMap_2015_LV95.dxf","_dedupKey":"2683200.3,1247042|2683200.6,1247041","accuracyClass":0}},{"type":"Feature","geometry":{"type":"LineString","coordinates":[[8.540171414739408,47.36888315404246],[8.540129403457536,47.36887485639045],[8.540126817990323,47.36887468315428],[8.540124173767131,47.36887487028475],[8.54012176109125,47.36887537003739],[8.540119435089718,47.36887621977451],[8.540117471527214,47.36887730892428],[8.540115805143664,47.36887868308496],[8.540114592377398,47.36888022382756],[8.540113833042621,47.36888192215872],[8.540098325674819,47.368947788664755]]},"properties":{"layer":"LKZ141EUMLU1","infraType":"fernwaerme","geomType":"pipe","source":"order_55301/SIA405_LKMap_2015_LV95.dxf","_dedupKey":"2683195.4,1247039.9|2683201,1247032.8","accuracyClass":1}},{"type":"Feature","geometry":{"type":"LineString","coordinates":[[8.540191744677463,47.368883436892055],[8.540189649322043,47.36888968152514],[8.540188353612947,47.36889361577141],[8.540174349389378,47.368936107529386],[8.54016818040584,47.368954741363765],[8.54016738726156,47.36895736651886]]},"properties":{"layer":"LKZ141EUMLU1","infraType":"fernwaerme","geomType":"pipe","source":"order_55301/SIA405_LKMap_2015_LV95.dxf","_dedupKey":"2683200.6,1247041|2683202.5,1247032.8","accuracyClass":1}},{"type":"Feature","geometry":{"type":"LineString","coordinates":[[8.539481379760497,47.368186428680126],[8.539575350023451,47.36820265075883]]},"properties":{"layer":"LKZ141EUMLU0","infraType":"fernwaerme","geomType":"pipe","source":"order_55301/SIA405_LKMap_2015_LV95.dxf","_dedupKey":"2683149.9,1246954.6|2683157,1246956.5","accuracyClass":0}},{"type":"Feature","geometry":{"type":"LineString","coordinates":[[8.540387972979097,47.36891313821275],[8.5403663668193,47.36898499973802]]},"properties":{"layer":"LKZ141EUMLU1","infraType":"fernwaerme","geomType":"pipe","source":"order_55301/SIA405_LKMap_2015_LV95.dxf","_dedupKey":"2683215.5,1247044.3|2683217.3,1247036.3","accuracyClass":1}},{"type":"Feature","geometry":{"type":"LineString","coordinates":[[8.540805365969725,47.36885105616327],[8.540788629292775,47.36890673399263],[8.540774743497503,47.36895044803919]]},"properties":{"layer":"LKZ141EUMLU1","infraType":"fernwaerme","geomType":"pipe","source":"order_55301/SIA405_LKMap_2015_LV95.dxf","_dedupKey":"2683246.4,1247040.9|2683248.9,1247029.9","accuracyClass":1}},{"type":"Feature","geometry":{"type":"LineString","coordinates":[[8.540140778081398,47.36903061599105],[8.540183960726917,47.36903664468363]]},"properties":{"layer":"LKZ141EUMLU0","infraType":"fernwaerme","geomType":"pipe","source":"order_55301/SIA405_LKMap_2015_LV95.dxf","_dedupKey":"2683198.4,1247049.1|2683201.7,1247049.8","accuracyClass":0}},{"type":"Feature","geometry":{"type":"LineString","coordinates":[[8.540164722684473,47.36896618019982],[8.54014593392356,47.369028309035485]]},"properties":{"layer":"LKZ141EUMLU0","infraType":"fernwaerme","geomType":"pipe","source":"order_55301/SIA405_LKMap_2015_LV95.dxf","_dedupKey":"2683198.8,1247048.9|2683200.3,1247042","accuracyClass":0}},{"type":"Feature","geometry":{"type":"LineString","coordinates":[[8.540112787825514,47.36887362959668],[8.540110983532767,47.36887409656162],[8.540109070710619,47.368880204525034],[8.54009599560787,47.368929217896294],[8.540091301477576,47.36894682120857]]},"properties":{"layer":"LKZ141EUMLU1","infraType":"fernwaerme","geomType":"pipe","source":"order_55301/SIA405_LKMap_2015_LV95.dxf","_dedupKey":"2683194.8,1247039.8|2683196.6,1247031.6","accuracyClass":1}},{"type":"Feature","geometry":{"type":"LineString","coordinates":[[8.540987949330189,47.36881572574696],[8.540931626063264,47.36880683637597],[8.540874619655286,47.36879820536159],[8.540828938223308,47.36879106738397],[8.540818311523076,47.36878940574277]]},"properties":{"layer":"LKZ141EUMLU1","infraType":"fernwaerme","geomType":"pipe","source":"order_55301/SIA405_LKMap_2015_LV95.dxf","_dedupKey":"2683250,1247023|2683262.7,1247026.1","accuracyClass":1}},{"type":"Feature","geometry":{"type":"LineString","coordinates":[[8.540024523550017,47.36967387082216],[8.54002550185873,47.36967123490793],[8.540028331020778,47.369663975824956],[8.54003140723933,47.3696539348831],[8.540039258300105,47.369625066524954],[8.540040707466899,47.36962407223382],[8.540042844594534,47.36962369204795],[8.54005728510385,47.369625371363476],[8.540059690150933,47.36962514153999],[8.540060998575083,47.369623743808795],[8.540062332070654,47.36961843294603],[8.540064855679999,47.369610484148794],[8.540066137850573,47.369605893387835]]},"properties":{"layer":"LKZ141EUMLU1","infraType":"fernwaerme","geomType":"pipe","source":"order_55302/SIA405_LKMap_2015_LV95.dxf","_dedupKey":"2683188.6,1247120.5|2683191.9,1247113","accuracyClass":1}},{"type":"Feature","geometry":{"type":"LineString","coordinates":[[8.540562793754507,47.36974872162803],[8.540559237443423,47.36976307584438],[8.540556666037618,47.36977319294116],[8.540548536367778,47.36980714625644],[8.540544351422104,47.369823116602234]]},"properties":{"layer":"LKZ141EUMLU1","infraType":"fernwaerme","geomType":"pipe","source":"order_55302/SIA405_LKMap_2015_LV95.dxf","_dedupKey":"2683227.7,1247137.7|2683229.2,1247129.4","accuracyClass":1}},{"type":"Feature","geometry":{"type":"LineString","coordinates":[[8.539953838632735,47.36919674917469],[8.539853303607806,47.369178817937225]]},"properties":{"layer":"LKZ141EUMLU0","infraType":"fernwaerme","geomType":"pipe","source":"order_55302/SIA405_LKMap_2015_LV95.dxf","_dedupKey":"2683176.5,1247065.3|2683184.1,1247067.4","accuracyClass":0}},{"type":"Feature","geometry":{"type":"LineString","coordinates":[[8.540559071220292,47.36976464258733],[8.540553200918747,47.36976569705477],[8.540551437227428,47.36977261316532],[8.540547859563265,47.36978849676128],[8.540543320048792,47.3698065303804],[8.540539134543891,47.369822473745835]]},"properties":{"layer":"LKZ141EUMLU1","infraType":"fernwaerme","geomType":"pipe","source":"order_55302/SIA405_LKMap_2015_LV95.dxf","_dedupKey":"2683227.3,1247137.6|2683228.9,1247131.2","accuracyClass":1}},{"type":"Feature","geometry":{"type":"LineString","coordinates":[[8.539713824119247,47.36972093642694],[8.539714991638615,47.369716562647035],[8.539718342867099,47.36970252524407],[8.539722516006762,47.36969045893944],[8.539724874497685,47.3696822058892],[8.539726410177064,47.36967642535528],[8.539731068647944,47.36965452271966],[8.53973184432208,47.369649127227454],[8.53973429295532,47.36964459731147],[8.539736713666079,47.369641920663426],[8.53974006215342,47.36963928914142],[8.53974603683475,47.36963623679589],[8.539754491808722,47.36963403333414],[8.53976445558698,47.36963372246018],[8.539773094860477,47.36963531319527],[8.539839164650465,47.36964359748668],[8.539959322802584,47.36966215119574],[8.540007361095446,47.36966861939622],[8.540024089149986,47.36967078962644]]},"properties":{"layer":"LKZ141EUMLU1","infraType":"fernwaerme","geomType":"pipe","source":"order_55302/SIA405_LKMap_2015_LV95.dxf","_dedupKey":"2683165.1,1247125.4|2683188.6,1247120.2","accuracyClass":1}},{"type":"Feature","geometry":{"type":"LineString","coordinates":[[8.540596376683391,47.369168645410966],[8.540566967887994,47.369266568421736],[8.540550146198349,47.369321995152525],[8.540517679023324,47.369317447515336]]},"properties":{"layer":"LKZ141EUMLU0","infraType":"fernwaerme","geomType":"pipe","source":"order_55302/SIA405_LKMap_2015_LV95.dxf","_dedupKey":"2683226.4,1247081.4|2683232.6,1247065","accuracyClass":0}},{"type":"Feature","geometry":{"type":"LineString","coordinates":[[8.53995071847525,47.36919312689304],[8.53994961262325,47.369195997897265],[8.539894951531434,47.36933743720262],[8.539800128596287,47.36932106158637]]},"properties":{"layer":"LKZ141EUMLU0","infraType":"fernwaerme","geomType":"pipe","source":"order_55302/SIA405_LKMap_2015_LV95.dxf","_dedupKey":"2683172.2,1247081.1|2683183.8,1247067","accuracyClass":0}},{"type":"Feature","geometry":{"type":"LineString","coordinates":[[8.540632310091105,47.369411963376635],[8.540632013388464,47.369412982660215],[8.540591397893081,47.36955165270869],[8.54059137327618,47.36955174289515]]},"properties":{"layer":"LKZ141EUMLU1","infraType":"fernwaerme","geomType":"pipe","source":"order_55302/SIA405_LKMap_2015_LV95.dxf","_dedupKey":"2683231.6,1247107.5|2683235,1247092","accuracyClass":1}},{"type":"Feature","geometry":{"type":"LineString","coordinates":[[8.541530392583986,47.36963467462502],[8.54153128008372,47.36964365231248]]},"properties":{"layer":"LKZ141EUMLU0","infraType":"fernwaerme","geomType":"pipe","source":"order_55302/SIA405_LKMap_2015_LV95.dxf","_dedupKey":"2683302.4,1247117.8|2683302.5,1247118.8","accuracyClass":0}},{"type":"Feature","geometry":{"type":"LineString","coordinates":[[8.53985438280302,47.36917593819294],[8.539841598509186,47.3691736673721]]},"properties":{"layer":"LKZ141EUMLU0","infraType":"fernwaerme","geomType":"pipe","source":"order_55302/SIA405_LKMap_2015_LV95.dxf","_dedupKey":"2683175.6,1247064.7|2683176.6,1247065","accuracyClass":0}},{"type":"Feature","geometry":{"type":"LineString","coordinates":[[8.540595294061523,47.36955630201242],[8.540586212120434,47.369555075368396],[8.540522367052858,47.36954680626073]]},"properties":{"layer":"LKZ141EUMLU1","infraType":"fernwaerme","geomType":"pipe","source":"order_55302/SIA405_LKMap_2015_LV95.dxf","_dedupKey":"2683226.4,1247106.9|2683231.9,1247108","accuracyClass":1}},{"type":"Feature","geometry":{"type":"LineString","coordinates":[[8.54059137327618,47.36955174289515],[8.540589010649324,47.36955978911558],[8.54058899852678,47.36955984320217],[8.540570473370039,47.36961805669066],[8.54060997721626,47.36965682671223],[8.540585944548463,47.36972916117124],[8.540566798003765,47.36973297788393],[8.540565871294362,47.36973682765664],[8.54055937000994,47.369763083574846]]},"properties":{"layer":"LKZ141EUMLU1","infraType":"fernwaerme","geomType":"pipe","source":"order_55302/SIA405_LKMap_2015_LV95.dxf","_dedupKey":"2683228.9,1247131|2683231.6,1247107.5","accuracyClass":1}},{"type":"Feature","geometry":{"type":"LineString","coordinates":[[8.540636231055585,47.36941653148614],[8.54062583467372,47.369415128488434],[8.540558952919593,47.369405988859825]]},"properties":{"layer":"LKZ141EUMLU1","infraType":"fernwaerme","geomType":"pipe","source":"order_55302/SIA405_LKMap_2015_LV95.dxf","_dedupKey":"2683229.4,1247091.3|2683235.2,1247092.6","accuracyClass":1}},{"type":"Feature","geometry":{"type":"LineString","coordinates":[[8.54059137327618,47.36955174289515],[8.54058729693766,47.36955118810623],[8.540523465112575,47.369542918872824]]},"properties":{"layer":"LKZ141EUMLU1","infraType":"fernwaerme","geomType":"pipe","source":"order_55302/SIA405_LKMap_2015_LV95.dxf","_dedupKey":"2683226.5,1247106.5|2683231.6,1247107.5","accuracyClass":1}},{"type":"Feature","geometry":{"type":"LineString","coordinates":[[8.541753420833762,47.36941854992595],[8.541739821689896,47.36941913856194],[8.541728220176823,47.36941964515153],[8.541729809718332,47.36943759330129],[8.541598038524922,47.3694433133272]]},"properties":{"layer":"LKZ141EUMLU1","infraType":"fernwaerme","geomType":"pipe","source":"order_55302/SIA405_LKMap_2015_LV95.dxf","_dedupKey":"2683307.8,1247096.6|2683319.6,1247094","accuracyClass":1}},{"type":"Feature","geometry":{"type":"LineString","coordinates":[[8.540596268549157,47.36916853850078],[8.540550038063895,47.3693218882423],[8.540517996362329,47.36931742649756]]},"properties":{"layer":"LKZ141EUMLU0","infraType":"fernwaerme","geomType":"pipe","source":"order_55302/SIA405_LKMap_2015_LV95.dxf","_dedupKey":"2683226.5,1247081.4|2683232.6,1247064.9","accuracyClass":0}},{"type":"Feature","geometry":{"type":"LineString","coordinates":[[8.5377486929622,47.370132921548034],[8.537744565979962,47.37014147023232]]},"properties":{"layer":"LKZ141EUMLU0","infraType":"fernwaerme","geomType":"pipe","source":"order_55302/SIA405_LKMap_2015_LV95.dxf","_dedupKey":"2683015.7,1247170.1|2683016,1247169.1","accuracyClass":0}},{"type":"Feature","geometry":{"type":"LineString","coordinates":[[8.540701760434203,47.3691758075105],[8.540697087487532,47.36917521344259],[8.54066967403677,47.36917174202179],[8.540649123478918,47.36917039993179],[8.540629301899038,47.369169734514784]]},"properties":{"layer":"LKZ141EUMLU1","infraType":"fernwaerme","geomType":"pipe","source":"order_55302/SIA405_LKMap_2015_LV95.dxf","_dedupKey":"2683235.1,1247065.1|2683240.6,1247065.9","accuracyClass":1}},{"type":"Feature","geometry":{"type":"LineString","coordinates":[[8.540596456818864,47.36955234204529],[8.54059405745331,47.36956053253887],[8.540575992549222,47.36961731140732],[8.540614185537779,47.369654798631444],[8.540614820739453,47.369655422231915],[8.540615248556572,47.36965690235083],[8.540614999040988,47.36965764233421],[8.540591004234681,47.369729886481565],[8.540590841807424,47.36973035577932],[8.540590183956562,47.3697311986052],[8.540589218655882,47.369731900441835],[8.54058801098018,47.36973240669749],[8.540587325204191,47.369732539172446],[8.540571369811508,47.369735722764574],[8.540570967534743,47.36973739970144],[8.540564453386525,47.36976367373298],[8.540559071220292,47.36976464258733]]},"properties":{"layer":"LKZ141EUMLU1","infraType":"fernwaerme","geomType":"pipe","source":"order_55302/SIA405_LKMap_2015_LV95.dxf","_dedupKey":"2683228.9,1247131.2|2683232,1247107.6","accuracyClass":1}},{"type":"Feature","geometry":{"type":"LineString","coordinates":[[8.540596376683391,47.369168645410966],[8.540563186153129,47.36916753184353]]},"properties":{"layer":"LKZ141EUMLU0","infraType":"fernwaerme","geomType":"pipe","source":"order_55302/SIA405_LKMap_2015_LV95.dxf","_dedupKey":"2683230.1,1247064.8|2683232.6,1247065","accuracyClass":0}},{"type":"Feature","geometry":{"type":"LineString","coordinates":[[8.540513448109808,47.3699486869495],[8.540414019282597,47.3699734636256]]},"properties":{"layer":"LKZ141EUMLU0","infraType":"fernwaerme","geomType":"pipe","source":"order_55302/SIA405_LKMap_2015_LV95.dxf","_dedupKey":"2683217.6,1247154.2|2683225.1,1247151.6","accuracyClass":0}},{"type":"Feature","geometry":{"type":"LineString","coordinates":[[8.537086492308747,47.36978253651962],[8.53711151069256,47.36979635800215],[8.537165778179064,47.36982626347097],[8.537211168972581,47.369851404959256],[8.537263942783134,47.369880784880465],[8.537316728777848,47.369910110691066],[8.537357237569214,47.36993286087612],[8.537390781567169,47.36995174642272],[8.537475233554833,47.369994272639616],[8.537576601822058,47.370047450015754],[8.537583282556758,47.37005102049183],[8.537583978541617,47.37005138267094]]},"properties":{"layer":"LKZ141EUMLU1","infraType":"fernwaerme","geomType":"pipe","source":"order_55302/SIA405_LKMap_2015_LV95.dxf","_dedupKey":"2682966.6,1247129.5|2683003.7,1247159.9","accuracyClass":1}},{"type":"Feature","geometry":{"type":"LineString","coordinates":[[8.540049169633859,47.36967861011889],[8.54004894639395,47.369676777236165],[8.540047819673969,47.369676716019356],[8.540046931424532,47.36967666152368],[8.540033781911738,47.36967466406069],[8.54002813005709,47.36967411528082],[8.540026308128994,47.369673089216505],[8.540025601771845,47.36967158476622],[8.540026320708371,47.369669212184846],[8.54003600716409,47.36963817648296],[8.540040012355117,47.3696243936928],[8.54004124915599,47.36962337444132],[8.540043226126532,47.369622932816654],[8.540054473669603,47.369624516648464],[8.540058047520615,47.36962510323344],[8.540060142704219,47.369624615505394],[8.540061351913726,47.369623542545874],[8.540065858365514,47.36960582409184]]},"properties":{"layer":"LKZ141EUMLU1","infraType":"fernwaerme","geomType":"pipe","source":"order_55302/SIA405_LKMap_2015_LV95.dxf","_dedupKey":"2683190.5,1247121.1|2683191.9,1247113","accuracyClass":1}},{"type":"Feature","geometry":{"type":"LineString","coordinates":[[8.540523465112575,47.369542918872824],[8.540510454501405,47.36954123496946]]},"properties":{"layer":"LKZ141EUMLU0","infraType":"fernwaerme","geomType":"pipe","source":"order_55302/SIA405_LKMap_2015_LV95.dxf","_dedupKey":"2683225.6,1247106.3|2683226.5,1247106.5","accuracyClass":0}},{"type":"Feature","geometry":{"type":"LineString","coordinates":[[8.53995071847525,47.36919312689304],[8.53985438280302,47.36917593819294]]},"properties":{"layer":"LKZ141EUMLU0","infraType":"fernwaerme","geomType":"pipe","source":"order_55302/SIA405_LKMap_2015_LV95.dxf","_dedupKey":"2683176.6,1247065|2683183.8,1247067","accuracyClass":0}},{"type":"Feature","geometry":{"type":"LineString","coordinates":[[8.541527905535379,47.36914584751762],[8.54152925245243,47.36914567274309],[8.541532372876553,47.36914546304301],[8.541535207462772,47.36914551693191],[8.541536854731103,47.369145780051994],[8.541709497284264,47.36917390532683],[8.541711622980138,47.369174253826785],[8.541716863418921,47.36917667744624],[8.541722887612348,47.36918114447633],[8.541726829310656,47.36918671081444],[8.541728113612558,47.36919054847644],[8.541728202692692,47.36919165403023],[8.541747069355544,47.36942962066163],[8.541759713754304,47.3695940393272],[8.541759892847782,47.369596295401315],[8.541758995494657,47.369600279831566],[8.5417561223024,47.36960475987619],[8.541753067386555,47.36960749659573],[8.541748806880069,47.36961019985375],[8.54174379071383,47.36961221770157],[8.541737198316792,47.36961356697131],[8.541732819509685,47.36961375271441],[8.541546903544424,47.36962186977099],[8.54154473399724,47.36962196244936],[8.541538746821589,47.36962312602526],[8.541533349720623,47.36962529142392],[8.541529401518117,47.36962773083199],[8.541526012820537,47.369630974461394],[8.541524235068207,47.36963400481464],[8.541523938009265,47.36963500611365]]},"properties":{"layer":"LKZ141EUMLU1","infraType":"fernwaerme","geomType":"pipe","source":"order_55302/SIA405_LKMap_2015_LV95.dxf","_dedupKey":"2683302,1247117.8|2683303,1247063.4","accuracyClass":1}},{"type":"Feature","geometry":{"type":"LineString","coordinates":[[8.539717753356975,47.36972142068782],[8.539715646151675,47.36973030100303]]},"properties":{"layer":"LKZ141EUMLU0","infraType":"fernwaerme","geomType":"pipe","source":"order_55302/SIA405_LKMap_2015_LV95.dxf","_dedupKey":"2683165.2,1247126.5|2683165.4,1247125.5","accuracyClass":0}},{"type":"Feature","geometry":{"type":"LineString","coordinates":[[8.541754227191607,47.36942936339989],[8.541767215614692,47.369593769784004],[8.541769124934241,47.369611813824996]]},"properties":{"layer":"LKZ141EUMLU1","infraType":"fernwaerme","geomType":"pipe","source":"order_55302/SIA405_LKMap_2015_LV95.dxf","_dedupKey":"2683319.7,1247095.2|2683320.5,1247115.5","accuracyClass":1}},{"type":"Feature","geometry":{"type":"LineString","coordinates":[[8.541753420833762,47.36941854992595],[8.541754227191607,47.36942936339989]]},"properties":{"layer":"LKZ141EUMLU1","infraType":"fernwaerme","geomType":"pipe","source":"order_55302/SIA405_LKMap_2015_LV95.dxf","_dedupKey":"2683319.6,1247094|2683319.7,1247095.2","accuracyClass":1}},{"type":"Feature","geometry":{"type":"LineString","coordinates":[[8.540544351422104,47.369823116602234],[8.54060044161544,47.36992700622643],[8.540513448109808,47.3699486869495]]},"properties":{"layer":"LKZ141EUMLU0","infraType":"fernwaerme","geomType":"pipe","source":"order_55302/SIA405_LKMap_2015_LV95.dxf","_dedupKey":"2683225.1,1247151.6|2683227.7,1247137.7","accuracyClass":0}},{"type":"Feature","geometry":{"type":"LineString","coordinates":[[8.540533321117,47.36976222568633],[8.540533771699813,47.369760323409864],[8.54052753888257,47.36975921350212],[8.54045480619549,47.36975080426568],[8.540414976694413,47.36974688453053],[8.540409798238228,47.36974617833581],[8.540406588906732,47.36974529144429],[8.540403557287036,47.36974403405612],[8.540399586032589,47.369741517314225],[8.540396473062168,47.369738245787104],[8.540394647383943,47.369734476242016],[8.540394249103814,47.36973186245103],[8.540393343316651,47.369729037617475],[8.540391817571692,47.369726326639544],[8.540389360888124,47.36972341765327],[8.54038612836442,47.36972076793198],[8.54038209519745,47.369718458668686],[8.540378383234803,47.369716955905254],[8.540373869513509,47.369715739639354],[8.540368744013094,47.36971503293766],[8.540136149768424,47.369685129680036],[8.540043273118476,47.369673269255365],[8.540028656042502,47.36967137573801],[8.54002492541585,47.36966768731867],[8.540034824085298,47.3696309016892],[8.540035770944536,47.36962738454959],[8.540059007750273,47.3696196699981],[8.540064689502167,47.36961653947288],[8.540064770684555,47.36961277872387],[8.540066123869257,47.36960585754056]]},"properties":{"layer":"LKZ141EUMLU1","infraType":"fernwaerme","geomType":"pipe","source":"order_55302/SIA405_LKMap_2015_LV95.dxf","_dedupKey":"2683191.9,1247113|2683226.9,1247130.9","accuracyClass":1}},{"type":"Feature","geometry":{"type":"LineString","coordinates":[[8.540066137850573,47.369605893387835],[8.54006874878059,47.369597044242305]]},"properties":{"layer":"LKZ141EUMLU0","infraType":"fernwaerme","geomType":"pipe","source":"order_55302/SIA405_LKMap_2015_LV95.dxf","_dedupKey":"2683191.9,1247113|2683192.1,1247112","accuracyClass":0}},{"type":"Feature","geometry":{"type":"LineString","coordinates":[[8.541759892847782,47.369596295401315],[8.541761092992182,47.36961206144558]]},"properties":{"layer":"LKZ141EUMLU1","infraType":"fernwaerme","geomType":"pipe","source":"order_55302/SIA405_LKMap_2015_LV95.dxf","_dedupKey":"2683319.8,1247113.7|2683319.9,1247115.5","accuracyClass":1}},{"type":"Feature","geometry":{"type":"LineString","coordinates":[[8.540544483988768,47.36982312433264],[8.540600614826237,47.369927058544754],[8.540513608082483,47.36994873939426]]},"properties":{"layer":"LKZ141EUMLU0","infraType":"fernwaerme","geomType":"pipe","source":"order_55302/SIA405_LKMap_2015_LV95.dxf","_dedupKey":"2683225.2,1247151.6|2683227.7,1247137.7","accuracyClass":0}},{"type":"Feature","geometry":{"type":"LineString","coordinates":[[8.54150862492901,47.36914317116549],[8.541506026940155,47.36915199323829]]},"properties":{"layer":"LKZ141EUMLU0","infraType":"fernwaerme","geomType":"pipe","source":"order_55302/SIA405_LKMap_2015_LV95.dxf","_dedupKey":"2683301.4,1247064.1|2683301.6,1247063.1","accuracyClass":0}},{"type":"Feature","geometry":{"type":"LineString","coordinates":[[8.537594955442895,47.37005717904764],[8.537600228190605,47.37005989038977],[8.537610955684231,47.370065149429],[8.537618959051398,47.37006929200311],[8.537626073905386,47.370070798456794]]},"properties":{"layer":"LKZ141EUMLU1","infraType":"fernwaerme","geomType":"pipe","source":"order_55302/SIA405_LKMap_2015_LV95.dxf","_dedupKey":"2683004.6,1247160.6|2683006.9,1247162.1","accuracyClass":1}},{"type":"Feature","geometry":{"type":"LineString","coordinates":[[8.54055937000994,47.369763083574846],[8.540552636709473,47.369762743031444],[8.540548708762444,47.36976232175267],[8.540524604494967,47.369759457380404]]},"properties":{"layer":"LKZ141EUMLU1","infraType":"fernwaerme","geomType":"pipe","source":"order_55302/SIA405_LKMap_2015_LV95.dxf","_dedupKey":"2683226.3,1247130.6|2683228.9,1247131","accuracyClass":1}},{"type":"Feature","geometry":{"type":"LineString","coordinates":[[8.540562793754507,47.36974872162803],[8.540558227276009,47.3697564830378],[8.540555156596335,47.36975974159424],[8.54054907374268,47.36976076210873],[8.540527132856585,47.36975814695214]]},"properties":{"layer":"LKZ141EUMLU1","infraType":"fernwaerme","geomType":"pipe","source":"order_55302/SIA405_LKMap_2015_LV95.dxf","_dedupKey":"2683226.5,1247130.4|2683229.2,1247129.4","accuracyClass":1}},{"type":"Feature","geometry":{"type":"LineString","coordinates":[[8.540559071220292,47.36976464258733],[8.540552364581657,47.369764310784696],[8.540548343596278,47.36976387240322],[8.540545915082236,47.36976360772714],[8.540533321117,47.36976222568633]]},"properties":{"layer":"LKZ141EUMLU1","infraType":"fernwaerme","geomType":"pipe","source":"order_55302/SIA405_LKMap_2015_LV95.dxf","_dedupKey":"2683226.9,1247130.9|2683228.9,1247131.2","accuracyClass":1}},{"type":"Feature","geometry":{"type":"LineString","coordinates":[[8.540701652299742,47.3691757006004],[8.540698225281869,47.36918669839695],[8.540679746818293,47.36924779891183],[8.540659382198033,47.36931821841093],[8.540657590051767,47.36932439719289],[8.540632201956312,47.36941185646649]]},"properties":{"layer":"LKZ141EUMLU1","infraType":"fernwaerme","geomType":"pipe","source":"order_55302/SIA405_LKMap_2015_LV95.dxf","_dedupKey":"2683235,1247092|2683240.6,1247065.8","accuracyClass":1}},{"type":"Feature","geometry":{"type":"LineString","coordinates":[[8.540591265141183,47.36955163598493],[8.540588865774865,47.36955982647843],[8.54057032812359,47.3696180760667],[8.540609831969713,47.36965684608834],[8.54058583715676,47.36972909023463],[8.540566677374025,47.369732907073576],[8.540565738542002,47.369736810932885],[8.540562793754507,47.36974872162803]]},"properties":{"layer":"LKZ141EUMLU1","infraType":"fernwaerme","geomType":"pipe","source":"order_55302/SIA405_LKMap_2015_LV95.dxf","_dedupKey":"2683229.2,1247129.4|2683231.6,1247107.5","accuracyClass":1}},{"type":"Feature","geometry":{"type":"LineString","coordinates":[[8.540524604494967,47.369759457380404],[8.540453832421669,47.36974981509278],[8.540398239468523,47.369741710062314],[8.540396219291278,47.369741342541275],[8.540396763619842,47.36974013199805],[8.540401720790195,47.369725647487044],[8.540402389732582,47.369723419302545],[8.540400575602547,47.36972277096627],[8.540371086716263,47.369718833532005],[8.540138411352903,47.36968885009614],[8.540085915752616,47.36968197469888],[8.540024523550017,47.36967387082216]]},"properties":{"layer":"LKZ141EUMLU1","infraType":"fernwaerme","geomType":"pipe","source":"order_55302/SIA405_LKMap_2015_LV95.dxf","_dedupKey":"2683188.6,1247120.5|2683226.3,1247130.6","accuracyClass":1}},{"type":"Feature","geometry":{"type":"LineString","coordinates":[[8.540513608082483,47.36994873939426],[8.540414060669884,47.36997354418716]]},"properties":{"layer":"LKZ141EUMLU0","infraType":"fernwaerme","geomType":"pipe","source":"order_55302/SIA405_LKMap_2015_LV95.dxf","_dedupKey":"2683217.6,1247154.2|2683225.2,1247151.6","accuracyClass":0}},{"type":"Feature","geometry":{"type":"LineString","coordinates":[[8.540596268549157,47.36916853850078],[8.540563210769898,47.36916744165708]]},"properties":{"layer":"LKZ141EUMLU0","infraType":"fernwaerme","geomType":"pipe","source":"order_55302/SIA405_LKMap_2015_LV95.dxf","_dedupKey":"2683230.1,1247064.8|2683232.6,1247064.9","accuracyClass":0}},{"type":"Feature","geometry":{"type":"LineString","coordinates":[[8.540560128728414,47.36940201977317],[8.540547156005376,47.369400245561174]]},"properties":{"layer":"LKZ141EUMLU0","infraType":"fernwaerme","geomType":"pipe","source":"order_55302/SIA405_LKMap_2015_LV95.dxf","_dedupKey":"2683228.5,1247090.6|2683229.5,1247090.9","accuracyClass":0}},{"type":"Feature","geometry":{"type":"LineString","coordinates":[[8.539717222348774,47.36972135378878],[8.539714889539177,47.369730209269235]]},"properties":{"layer":"LKZ141EUMLU0","infraType":"fernwaerme","geomType":"pipe","source":"order_55302/SIA405_LKMap_2015_LV95.dxf","_dedupKey":"2683165.2,1247126.4|2683165.4,1247125.5","accuracyClass":0}},{"type":"Feature","geometry":{"type":"LineString","coordinates":[[8.540706049147847,47.369178950874044],[8.540695783702235,47.36917747467229],[8.540669193232139,47.36917410334062],[8.540648868089749,47.369172777090064],[8.540628595862183,47.369172088987234]]},"properties":{"layer":"LKZ141EUMLU1","infraType":"fernwaerme","geomType":"pipe","source":"order_55302/SIA405_LKMap_2015_LV95.dxf","_dedupKey":"2683235.1,1247065.4|2683240.9,1247066.2","accuracyClass":1}},{"type":"Feature","geometry":{"type":"LineString","coordinates":[[8.54055937000994,47.369763083574846],[8.540556798790067,47.36977320966494],[8.540553221127462,47.3697890932611],[8.540548669120305,47.36980716298025],[8.540544483988768,47.36982312433264]]},"properties":{"layer":"LKZ141EUMLU1","infraType":"fernwaerme","geomType":"pipe","source":"order_55302/SIA405_LKMap_2015_LV95.dxf","_dedupKey":"2683227.7,1247137.7|2683228.9,1247131","accuracyClass":1}},{"type":"Feature","geometry":{"type":"LineString","coordinates":[[8.540632310091105,47.369411963376635],[8.540626985860984,47.36941124958754],[8.540560104111531,47.3694021099596]]},"properties":{"layer":"LKZ141EUMLU1","infraType":"fernwaerme","geomType":"pipe","source":"order_55302/SIA405_LKMap_2015_LV95.dxf","_dedupKey":"2683229.5,1247090.9|2683235,1247092","accuracyClass":1}},{"type":"Feature","geometry":{"type":"LineString","coordinates":[[8.540629301899038,47.369169734514784],[8.540596376683391,47.369168645410966]]},"properties":{"layer":"LKZ141EUMLU0","infraType":"fernwaerme","geomType":"pipe","source":"order_55302/SIA405_LKMap_2015_LV95.dxf","_dedupKey":"2683232.6,1247065|2683235.1,1247065.1","accuracyClass":0}},{"type":"Feature","geometry":{"type":"LineString","coordinates":[[8.541598038524922,47.3694433133272],[8.541483001178488,47.3694457251148],[8.541480296874951,47.36938605007429],[8.541307119030511,47.369389682470086]]},"properties":{"layer":"LKZ141EUMLU0","infraType":"fernwaerme","geomType":"pipe","source":"order_55302/SIA405_LKMap_2015_LV95.dxf","_dedupKey":"2683286,1247090.3|2683307.8,1247096.6","accuracyClass":0}},{"type":"Feature","geometry":{"type":"LineString","coordinates":[[8.540629326515697,47.36916964432834],[8.540596268549157,47.36916853850078]]},"properties":{"layer":"LKZ141EUMLU0","infraType":"fernwaerme","geomType":"pipe","source":"order_55302/SIA405_LKMap_2015_LV95.dxf","_dedupKey":"2683232.6,1247064.9|2683235.1,1247065.1","accuracyClass":0}},{"type":"Feature","geometry":{"type":"LineString","coordinates":[[8.541769124934241,47.369611813824996],[8.541770124292414,47.3696172373554],[8.54173328208525,47.36961883056062],[8.541547364613752,47.369626875670875],[8.541529690893958,47.36962763811717],[8.541530392583986,47.36963467462502]]},"properties":{"layer":"LKZ141EUMLU1","infraType":"fernwaerme","geomType":"pipe","source":"order_55302/SIA405_LKMap_2015_LV95.dxf","_dedupKey":"2683302.4,1247117.8|2683320.5,1247115.5","accuracyClass":1}},{"type":"Feature","geometry":{"type":"LineString","coordinates":[[8.537583978541617,47.37005138267094],[8.537588702220644,47.37005379340271],[8.537594002927227,47.370056576440355],[8.537602134223393,47.37006050191478],[8.537609202278997,47.37006359196116],[8.537622615077845,47.37006872650238],[8.53763423264529,47.37007284368156],[8.537702341721731,47.3700971841262],[8.53772978421281,47.37010847276249],[8.537741364606326,47.37011335487248],[8.537747346261785,47.37011769657934],[8.537749949994813,47.37012003752653],[8.537751252865494,47.37012221994489],[8.53775156980791,47.37012410591034],[8.537751641417028,47.370125652394705],[8.53775038187447,47.37012942435327],[8.5377486929622,47.370132921548034]]},"properties":{"layer":"LKZ141EUMLU1","infraType":"fernwaerme","geomType":"pipe","source":"order_55302/SIA405_LKMap_2015_LV95.dxf","_dedupKey":"2683003.7,1247159.9|2683016,1247169.1","accuracyClass":1}},{"type":"Feature","geometry":{"type":"LineString","coordinates":[[8.540701760434203,47.3691758075105],[8.54069835803289,47.36918671512059],[8.540679879569469,47.36924781563546],[8.540657722803116,47.36932441391656],[8.540632334707873,47.3694118731902],[8.540632310091105,47.369411963376635]]},"properties":{"layer":"LKZ141EUMLU1","infraType":"fernwaerme","geomType":"pipe","source":"order_55302/SIA405_LKMap_2015_LV95.dxf","_dedupKey":"2683235,1247092|2683240.6,1247065.9","accuracyClass":1}},{"type":"Feature","geometry":{"type":"LineString","coordinates":[[8.537583978541617,47.37005138267094],[8.537594955442895,47.37005717904764]]},"properties":{"layer":"LKZ141EUMLU1","infraType":"fernwaerme","geomType":"pipe","source":"order_55302/SIA405_LKMap_2015_LV95.dxf","_dedupKey":"2683003.7,1247159.9|2683004.6,1247160.6","accuracyClass":1}},{"type":"Feature","geometry":{"type":"LineString","coordinates":[[8.540560104111531,47.3694021099596],[8.540547131388472,47.3694003357476]]},"properties":{"layer":"LKZ141EUMLU0","infraType":"fernwaerme","geomType":"pipe","source":"order_55302/SIA405_LKMap_2015_LV95.dxf","_dedupKey":"2683228.5,1247090.7|2683229.5,1247090.9","accuracyClass":0}},{"type":"Feature","geometry":{"type":"LineString","coordinates":[[8.539853303607806,47.369178817937225],[8.53984049265171,47.36917653837532]]},"properties":{"layer":"LKZ141EUMLU0","infraType":"fernwaerme","geomType":"pipe","source":"order_55302/SIA405_LKMap_2015_LV95.dxf","_dedupKey":"2683175.5,1247065|2683176.5,1247065.3","accuracyClass":0}},{"type":"Feature","geometry":{"type":"LineString","coordinates":[[8.540024523550017,47.36967387082216],[8.540011060785341,47.36967209222742],[8.539930637647991,47.36965994205055],[8.539859247109689,47.369651114861355],[8.539782636537499,47.36964213050626],[8.539757926436762,47.36963877701704],[8.539744579859835,47.369636853361186],[8.539741945071645,47.36963749914541],[8.53974013229321,47.369638838715034],[8.539738647193767,47.36964642679312],[8.53972749468354,47.36968726317245],[8.539723031785295,47.36970196781984],[8.539719810767377,47.36971269376489],[8.539719226660798,47.36971454333991],[8.539718497678686,47.36971643027662],[8.539717222348774,47.36972135378878]]},"properties":{"layer":"LKZ141EUMLU1","infraType":"fernwaerme","geomType":"pipe","source":"order_55302/SIA405_LKMap_2015_LV95.dxf","_dedupKey":"2683165.4,1247125.5|2683188.6,1247120.5","accuracyClass":1}},{"type":"Feature","geometry":{"type":"LineString","coordinates":[[8.540513448109808,47.3699486869495],[8.540522562532,47.36996557385439]]},"properties":{"layer":"LKZ141EUMLU0","infraType":"fernwaerme","geomType":"pipe","source":"order_55302/SIA405_LKMap_2015_LV95.dxf","_dedupKey":"2683225.1,1247151.6|2683225.8,1247153.5","accuracyClass":0}},{"type":"Feature","geometry":{"type":"LineString","coordinates":[[8.539800128596287,47.36932106158637],[8.539787279566376,47.36931886333779]]},"properties":{"layer":"LKZ141EUMLU0","infraType":"fernwaerme","geomType":"pipe","source":"order_55302/SIA405_LKMap_2015_LV95.dxf","_dedupKey":"2683171.3,1247080.8|2683172.2,1247081.1","accuracyClass":0}},{"type":"Feature","geometry":{"type":"LineString","coordinates":[[8.539722200364928,47.369721971973796],[8.539723380007088,47.369717544107296],[8.539726264186442,47.36970333125351],[8.539729336523243,47.36969117649614],[8.539730737601452,47.369682725684534],[8.53973496764095,47.369655466021115],[8.539735971470778,47.36965085992741],[8.539738645521856,47.36964634585266],[8.539744747156655,47.36964110647435],[8.539749386048763,47.36963876848532],[8.539754067764308,47.36963722166144],[8.539763084260318,47.36963592135641],[8.539772505135284,47.3696375316255],[8.539805493417257,47.36964166072778],[8.539838495128162,47.36964579868779],[8.539958626808938,47.36966435265002],[8.540006718055858,47.36967082034584],[8.540042656556396,47.36967546995269],[8.54013553321005,47.36968733037786],[8.540368100987878,47.36971723388927],[8.540372908031806,47.369717907648074],[8.540376915733352,47.36971898481832],[8.540380173513103,47.36972029402085],[8.540383777857958,47.36972235551041],[8.540386633396361,47.3697247029925],[8.540388818627195,47.36972729074265],[8.540390152347683,47.36972967972675],[8.54039097275827,47.36973221752978],[8.540391399744886,47.36973493898874],[8.540393448012736,47.36973922812965],[8.540397021114405,47.369742981006],[8.54040155543065,47.36974583419277],[8.540405094557704,47.36974730262353],[8.540408836757441,47.36974834634478],[8.540414413470833,47.36974910271144],[8.54045429592576,47.36975302194161],[8.54052697566355,47.36976143168352],[8.540533321117,47.36976222568633]]},"properties":{"layer":"LKZ141EUMLU1","infraType":"fernwaerme","geomType":"pipe","source":"order_55302/SIA405_LKMap_2015_LV95.dxf","_dedupKey":"2683165.7,1247125.5|2683226.9,1247130.9","accuracyClass":1}},{"type":"Feature","geometry":{"type":"LineString","coordinates":[[8.540049169633859,47.36967861011889],[8.540028311352348,47.36967584062172],[8.539979231936234,47.36966896858036],[8.539910546071201,47.369659674869794],[8.539819800515232,47.36964713730015],[8.539785321580773,47.369642635621794],[8.539754851126506,47.36963860844222],[8.539744016383331,47.36963713758283],[8.539742342026809,47.36963748636591],[8.53974071086546,47.36963864430101],[8.53973888520386,47.369645129221794],[8.539726420955652,47.3696891264104],[8.53972239635903,47.36970197387752],[8.539719641596214,47.36971347795603],[8.539717753356975,47.36972142068782]]},"properties":{"layer":"LKZ141EUMLU1","infraType":"fernwaerme","geomType":"pipe","source":"order_55302/SIA405_LKMap_2015_LV95.dxf","_dedupKey":"2683165.4,1247125.5|2683190.5,1247121.1","accuracyClass":1}},{"type":"Feature","geometry":{"type":"LineString","coordinates":[[8.540701652299742,47.3691757006004],[8.540697112104079,47.36917512325612],[8.540669698653367,47.369171651835345],[8.540649134857636,47.36917030987165],[8.540629326515697,47.36916964432834]]},"properties":{"layer":"LKZ141EUMLU1","infraType":"fernwaerme","geomType":"pipe","source":"order_55302/SIA405_LKMap_2015_LV95.dxf","_dedupKey":"2683235.1,1247065.1|2683240.6,1247065.8","accuracyClass":1}},{"type":"Feature","geometry":{"type":"LineString","coordinates":[[8.539953838632735,47.36919674917469],[8.539898071322,47.36934104149889],[8.539799036343021,47.369323950449605]]},"properties":{"layer":"LKZ141EUMLU0","infraType":"fernwaerme","geomType":"pipe","source":"order_55302/SIA405_LKMap_2015_LV95.dxf","_dedupKey":"2683172.2,1247081.4|2683184.1,1247067.4","accuracyClass":0}},{"type":"Feature","geometry":{"type":"LineString","coordinates":[[8.540513608082483,47.36994873939426],[8.540522722504736,47.36996562629918]]},"properties":{"layer":"LKZ141EUMLU0","infraType":"fernwaerme","geomType":"pipe","source":"order_55302/SIA405_LKMap_2015_LV95.dxf","_dedupKey":"2683225.2,1247151.6|2683225.8,1247153.5","accuracyClass":0}},{"type":"Feature","geometry":{"type":"LineString","coordinates":[[8.540527132856585,47.36975814695214],[8.540522554200297,47.369757632933684],[8.5405049628359,47.36975533608396],[8.540494181372297,47.36975388277671],[8.540467519231965,47.36975026021588],[8.540409522154826,47.36974242998969],[8.540399219125225,47.369741062061266],[8.54039773222842,47.36974023070027],[8.540397165489729,47.369739075731424],[8.54039961138061,47.36972993131251],[8.540400556997527,47.36972507390346],[8.540399889971509,47.36972355108988],[8.540398361688112,47.36972263916735],[8.540384887519355,47.36972095067633],[8.540286059805489,47.36970880539694],[8.540132724755283,47.36968918317795],[8.540076852154032,47.36968227701611],[8.540049169633859,47.36967861011889]]},"properties":{"layer":"LKZ141EUMLU1","infraType":"fernwaerme","geomType":"pipe","source":"order_55302/SIA405_LKMap_2015_LV95.dxf","_dedupKey":"2683190.5,1247121.1|2683226.5,1247130.4","accuracyClass":1}},{"type":"Feature","geometry":{"type":"LineString","coordinates":[[8.539799036343021,47.369323950449605],[8.53978621360259,47.36932174295509]]},"properties":{"layer":"LKZ141EUMLU0","infraType":"fernwaerme","geomType":"pipe","source":"order_55302/SIA405_LKMap_2015_LV95.dxf","_dedupKey":"2683171.2,1247081.1|2683172.2,1247081.4","accuracyClass":0}},{"type":"Feature","geometry":{"type":"LineString","coordinates":[[8.537213980372174,47.367621569774016],[8.53719697574665,47.36761557883175],[8.537158705027885,47.367603043792],[8.537143043255725,47.36759796657051],[8.537121501483456,47.36759089437659],[8.537119501955255,47.36759023875753],[8.53708798542542,47.36758035599199],[8.537060127467191,47.36757068129225],[8.537059320800113,47.36757008628868],[8.537059145457402,47.3675692873874],[8.537064911974133,47.36756191948299]]},"properties":{"layer":"LKZ141EUMLU1","infraType":"fernwaerme","geomType":"pipe","source":"order_55333/SIA405_LKMap_2015_LV95.dxf","_dedupKey":"2682968.4,1246882.6|2682979.6,1246889.4","accuracyClass":1}},{"type":"Feature","geometry":{"type":"LineString","coordinates":[[8.537484818382413,47.367260482312076],[8.537475992725188,47.36727166630551],[8.537470763134108,47.36728002758606],[8.537464733346999,47.367308662568576],[8.537458144555758,47.36731724366856],[8.537449041376961,47.36732909594164],[8.537432499078658,47.3673506707919],[8.537424183168971,47.36736153510072],[8.537413048371597,47.36737438717098],[8.537412000789995,47.36737559349315],[8.53739104397614,47.36738533672785],[8.53738990947774,47.36738682272652],[8.537361885796482,47.367423708607426],[8.537344023823916,47.36744806650628],[8.537299321996564,47.36750765289083],[8.537255406985203,47.36756623330928]]},"properties":{"layer":"LKZ141EUMLU1","infraType":"fernwaerme","geomType":"pipe","source":"order_55333/SIA405_LKMap_2015_LV95.dxf","_dedupKey":"2682982.8,1246883.3|2683000.6,1246849.5","accuracyClass":1}},{"type":"Feature","geometry":{"type":"LineString","coordinates":[[8.537213980372174,47.367621569774016],[8.53720206840182,47.36763719072711],[8.537160170765466,47.367692162849174],[8.537128424968005,47.36773348270031],[8.537067668063509,47.367812624235256],[8.537022037692084,47.367872156364875],[8.53697656162295,47.367931471123214],[8.536957352320108,47.367956642336814]]},"properties":{"layer":"LKZ141EUMLU1","infraType":"fernwaerme","geomType":"pipe","source":"order_55333/SIA405_LKMap_2015_LV95.dxf","_dedupKey":"2682959.7,1246926.4|2682979.6,1246889.4","accuracyClass":1}},{"type":"Feature","geometry":{"type":"LineString","coordinates":[[8.537330869504565,47.36759420102104],[8.537319261475599,47.36758987683423]]},"properties":{"layer":"LKZ141EUMLU0","infraType":"fernwaerme","geomType":"pipe","source":"order_55333/SIA405_LKMap_2015_LV95.dxf","_dedupKey":"2682987.6,1246886|2682988.4,1246886.5","accuracyClass":0}},{"type":"Feature","geometry":{"type":"LineString","coordinates":[[8.537467914857686,47.36727994674307],[8.537462046774992,47.36730807645819],[8.537455677088234,47.367316367628376],[8.537446573909044,47.367328219901246],[8.537430031610011,47.367349794751185],[8.537421754670898,47.36736062270847],[8.537410658658713,47.36737342943371],[8.53740992136179,47.367374272997644],[8.537388898916781,47.36738404384182],[8.537387442193479,47.36738595567828],[8.537359405458847,47.36742285067789],[8.537341543670783,47.36744721756982],[8.537296841656019,47.36750679495999],[8.537249537659102,47.36756989619711],[8.537220253679873,47.36760924071032],[8.537211513079901,47.36762070272212],[8.537199601109021,47.367636323674944],[8.5371577034708,47.36769129579612],[8.537125957486621,47.367732606653234],[8.537065200579464,47.36781174818685],[8.53701957020603,47.36787128031551],[8.53697409432019,47.36793060406634],[8.536954885016495,47.367955775279434],[8.536932194550223,47.36798549516026],[8.536891230407567,47.368040818102884],[8.53685617866503,47.3680881420893],[8.536853705402226,47.36809148481853],[8.536854347926358,47.36809696575301],[8.536856262006769,47.36810247057723],[8.536857486125783,47.36810597604269],[8.536858314431315,47.36811083454492],[8.536857079559606,47.36811259134682]]},"properties":{"layer":"LKZ141EUMLU1","infraType":"fernwaerme","geomType":"pipe","source":"order_55333/SIA405_LKMap_2015_LV95.dxf","_dedupKey":"2682951.9,1246943.6|2682999.3,1246851.7","accuracyClass":1}},{"type":"Feature","geometry":{"type":"LineString","coordinates":[[8.537253375791694,47.367565326129366],[8.537261176827542,47.367568022432096],[8.537319390699889,47.3675897226873]]},"properties":{"layer":"LKZ141EUMLU1","infraType":"fernwaerme","geomType":"pipe","source":"order_55333/SIA405_LKMap_2015_LV95.dxf","_dedupKey":"2682982.6,1246883.2|2682987.6,1246886","accuracyClass":1}},{"type":"Feature","geometry":{"type":"LineString","coordinates":[[8.537255406985203,47.36756623330928],[8.537252018001825,47.36757075412894],[8.537222734023954,47.367610098642785],[8.537213980372174,47.367621569774016]]},"properties":{"layer":"LKZ141EUMLU1","infraType":"fernwaerme","geomType":"pipe","source":"order_55333/SIA405_LKMap_2015_LV95.dxf","_dedupKey":"2682979.6,1246889.4|2682982.8,1246883.3","accuracyClass":1}},{"type":"Feature","geometry":{"type":"LineString","coordinates":[[8.537049256081481,47.367553271116115],[8.537054155389388,47.36755522144602],[8.537058565650623,47.3675572124074],[8.537080410399163,47.36756999365542],[8.537106847122631,47.36758394557143],[8.53711517341796,47.36758771630695],[8.537121951639325,47.367590251439076],[8.537152289485082,47.36760011842079],[8.53716471266994,47.36760416501627],[8.537211529176268,47.367620198840264]]},"properties":{"layer":"LKZ141EUMLU1","infraType":"fernwaerme","geomType":"pipe","source":"order_55333/SIA405_LKMap_2015_LV95.dxf","_dedupKey":"2682967.2,1246881.6|2682979.4,1246889.2","accuracyClass":1}},{"type":"Feature","geometry":{"type":"LineString","coordinates":[[8.537319261475599,47.36758987683423],[8.53726104778847,47.367568185572374],[8.537255406985203,47.36756623330928]]},"properties":{"layer":"LKZ141EUMLU1","infraType":"fernwaerme","geomType":"pipe","source":"order_55333/SIA405_LKMap_2015_LV95.dxf","_dedupKey":"2682982.8,1246883.3|2682987.6,1246886","accuracyClass":1}},{"type":"Feature","geometry":{"type":"LineString","coordinates":[[8.537021089010342,47.36975774721232],[8.537017467662507,47.369765778338696],[8.537014494400216,47.36977249000995],[8.537011374881232,47.36977981474212],[8.53701060497623,47.3697816480791],[8.537008822491797,47.369783176215115],[8.537005653923641,47.36978619273689],[8.537003787852413,47.369788162430055],[8.537000943645898,47.36979021338609],[8.536994889302573,47.3697951913073],[8.53698035224015,47.369806816353616],[8.536977500908629,47.369809164216726]]},"properties":{"layer":"LKZ141EUMLU1","infraType":"fernwaerme","geomType":"pipe","source":"order_55334/SIA405_LKMap_2015_LV95.dxf","_dedupKey":"2682958.3,1247132.3|2682961.7,1247126.7","accuracyClass":1}},{"type":"Feature","geometry":{"type":"LineString","coordinates":[[8.536687970381113,47.369812537784846],[8.536696507030342,47.36980722145061],[8.536703072145768,47.36980325514128],[8.536706896993449,47.369800601189816],[8.53671177775328,47.369799070588336],[8.536720761422462,47.369800028616574],[8.536735104560604,47.36980019808779],[8.536740579281284,47.36979921953736],[8.536748486238595,47.36979418803555],[8.53677122101684,47.36978007437825],[8.536796729275572,47.369764333209886],[8.536810082877636,47.36975760380527],[8.536846849284109,47.369734325589256],[8.536875418166847,47.369718042577965],[8.536880933580175,47.36971518364756],[8.536884628748469,47.369714590812386],[8.536887883891048,47.36971256293713]]},"properties":{"layer":"LKZ141EUMLU1","infraType":"fernwaerme","geomType":"pipe","source":"order_55334/SIA405_LKMap_2015_LV95.dxf","_dedupKey":"2682936.4,1247132.4|2682951.7,1247121.5","accuracyClass":1}},{"type":"Feature","geometry":{"type":"LineString","coordinates":[[8.537021089010342,47.36975774721232],[8.537032871018166,47.36975956912434],[8.537039463518676,47.36976143139219],[8.53705278384292,47.36976401225574],[8.537062687046262,47.36976975592731],[8.537065409214135,47.369771421127226]]},"properties":{"layer":"LKZ141EUMLU1","infraType":"fernwaerme","geomType":"pipe","source":"order_55334/SIA405_LKMap_2015_LV95.dxf","_dedupKey":"2682961.7,1247126.7|2682965,1247128.2","accuracyClass":1}},{"type":"Feature","geometry":{"type":"LineString","coordinates":[[8.5369075977558,47.36965336730044],[8.536909341368675,47.36965252316692],[8.536911274843465,47.36965125445593],[8.536919256002758,47.369645970372055],[8.536919738398565,47.36964560597899]]},"properties":{"layer":"LKZ141EUMLU1","infraType":"fernwaerme","geomType":"pipe","source":"order_55334/SIA405_LKMap_2015_LV95.dxf","_dedupKey":"2682953.3,1247114.9|2682954.2,1247114.1","accuracyClass":1}},{"type":"Feature","geometry":{"type":"LineString","coordinates":[[8.537124106065054,47.36975155030748],[8.537132529873526,47.3697446158866]]},"properties":{"layer":"LKZ141EUMLU0","infraType":"fernwaerme","geomType":"pipe","source":"order_55334/SIA405_LKMap_2015_LV95.dxf","_dedupKey":"2682969.5,1247126.1|2682970.1,1247125.3","accuracyClass":0}},{"type":"Feature","geometry":{"type":"LineString","coordinates":[[8.536687970381113,47.369812537784846],[8.53668072658652,47.36981505333123]]},"properties":{"layer":"LKZ141EUMLU0","infraType":"fernwaerme","geomType":"pipe","source":"order_55334/SIA405_LKMap_2015_LV95.dxf","_dedupKey":"2682935.9,1247132.7|2682936.4,1247132.4","accuracyClass":0}},{"type":"Feature","geometry":{"type":"LineString","coordinates":[[8.537065409214135,47.369771421127226],[8.537086492308747,47.36978253651962]]},"properties":{"layer":"LKZ141EUMLU1","infraType":"fernwaerme","geomType":"pipe","source":"order_55334/SIA405_LKMap_2015_LV95.dxf","_dedupKey":"2682965,1247128.2|2682966.6,1247129.5","accuracyClass":1}},{"type":"Feature","geometry":{"type":"LineString","coordinates":[[8.536919738398565,47.36964560597899],[8.536921094587298,47.36964459462139],[8.536929311352994,47.36963982101998],[8.536934460619472,47.36963654279648]]},"properties":{"layer":"LKZ141EUMLU1","infraType":"fernwaerme","geomType":"pipe","source":"order_55334/SIA405_LKMap_2015_LV95.dxf","_dedupKey":"2682954.2,1247114.1|2682955.3,1247113.1","accuracyClass":1}},{"type":"Feature","geometry":{"type":"LineString","coordinates":[[8.536889021215393,47.36970414165774],[8.536888996386951,47.36970293654378],[8.53689567539636,47.36967879301922],[8.536896567020195,47.36967579815125],[8.536895800119806,47.36967456411285],[8.53689595533313,47.36967245777191],[8.536895549297913,47.36967202986559],[8.536896617916323,47.36966862853289],[8.536903284418132,47.369656088869824],[8.536906675642637,47.36965423960302],[8.5369075977558,47.36965336730044]]},"properties":{"layer":"LKZ141EUMLU1","infraType":"fernwaerme","geomType":"pipe","source":"order_55334/SIA405_LKMap_2015_LV95.dxf","_dedupKey":"2682951.8,1247120.6|2682953.3,1247114.9","accuracyClass":1}},{"type":"Feature","geometry":{"type":"LineString","coordinates":[[8.537021062348899,47.369757738470696],[8.53701303357127,47.36975621368586],[8.536998075332825,47.36975318064589],[8.536972416618456,47.36974747885326],[8.53695361446393,47.369740389567674],[8.536945503647038,47.36973745331975],[8.536901839600624,47.36971963535117],[8.536897170231558,47.36971728704124]]},"properties":{"layer":"LKZ141EUMLU1","infraType":"fernwaerme","geomType":"pipe","source":"order_55334/SIA405_LKMap_2015_LV95.dxf","_dedupKey":"2682952.4,1247122|2682961.7,1247126.7","accuracyClass":1}},{"type":"Feature","geometry":{"type":"LineString","coordinates":[[8.536887883891048,47.36971256293713],[8.536889085695229,47.369707271356724],[8.536889021215393,47.36970414165774]]},"properties":{"layer":"LKZ141EUMLU1","infraType":"fernwaerme","geomType":"pipe","source":"order_55334/SIA405_LKMap_2015_LV95.dxf","_dedupKey":"2682951.7,1247121.5|2682951.8,1247120.6","accuracyClass":1}},{"type":"Feature","geometry":{"type":"LineString","coordinates":[[8.536887883891048,47.36971256293713],[8.536893964192801,47.3697159142832],[8.536897170231558,47.36971728704124]]},"properties":{"layer":"LKZ141EUMLU1","infraType":"fernwaerme","geomType":"pipe","source":"order_55334/SIA405_LKMap_2015_LV95.dxf","_dedupKey":"2682951.7,1247121.5|2682952.4,1247122","accuracyClass":1}},{"type":"Feature","geometry":{"type":"LineString","coordinates":[[8.537086492308747,47.36978253651962],[8.537093687976347,47.369777044010654],[8.537101677080225,47.3697708603238],[8.537113624183547,47.369760132423394],[8.537124106065054,47.36975155030748]]},"properties":{"layer":"LKZ141EUMLU1","infraType":"fernwaerme","geomType":"pipe","source":"order_55334/SIA405_LKMap_2015_LV95.dxf","_dedupKey":"2682966.6,1247129.5|2682969.5,1247126.1","accuracyClass":1}},{"type":"Feature","geometry":{"type":"LineString","coordinates":[[8.536977500908629,47.369809164216726],[8.536968970053303,47.36981604567292]]},"properties":{"layer":"LKZ141EUMLU0","infraType":"fernwaerme","geomType":"pipe","source":"order_55334/SIA405_LKMap_2015_LV95.dxf","_dedupKey":"2682957.7,1247133.1|2682958.3,1247132.3","accuracyClass":0}},{"type":"Feature","geometry":{"type":"LineString","coordinates":[[8.534767190389367,47.369044570636675],[8.534779326302775,47.3690481614624]]},"properties":{"layer":"LKZ141EUMLU0","infraType":"fernwaerme","geomType":"pipe","source":"order_55351/SIA405_LKMap_2015_LV95.dxf","_dedupKey":"2682792.6,1247045|2682793.5,1247045.4","accuracyClass":0}},{"type":"Feature","geometry":{"type":"LineString","coordinates":[[8.534838723234515,47.36908100572074],[8.53488120578843,47.36909358250935],[8.534905490522592,47.36910074602304]]},"properties":{"layer":"LKZ141EUMLU0","infraType":"fernwaerme","geomType":"pipe","source":"order_55351/SIA405_LKMap_2015_LV95.dxf","_dedupKey":"2682797.9,1247049.1|2682802.9,1247051.4","accuracyClass":0}},{"type":"Feature","geometry":{"type":"LineString","coordinates":[[8.534838723234515,47.36908100572074],[8.534806966014807,47.36905171308716],[8.534769785480558,47.36904070507995]]},"properties":{"layer":"LKZ141EUMLU0","infraType":"fernwaerme","geomType":"pipe","source":"order_55351/SIA405_LKMap_2015_LV95.dxf","_dedupKey":"2682792.8,1247044.6|2682797.9,1247049.1","accuracyClass":0}},{"type":"Feature","geometry":{"type":"LineString","coordinates":[[8.53476913013508,47.36904167378029],[8.534806350568495,47.36905269040418],[8.534838723234515,47.36908100572074]]},"properties":{"layer":"LKZ141EUMLU0","infraType":"fernwaerme","geomType":"pipe","source":"order_55351/SIA405_LKMap_2015_LV95.dxf","_dedupKey":"2682792.7,1247044.7|2682797.9,1247049.1","accuracyClass":0}},{"type":"Feature","geometry":{"type":"LineString","coordinates":[[8.544223947859479,47.36744611629463],[8.544015613591755,47.36738922805065]]},"properties":{"layer":"LKZ141EUMLU1","infraType":"fernwaerme","geomType":"pipe","source":"order_55524/SIA405_LKMap_2015_LV95.dxf","_dedupKey":"2683493.7,1246870.8|2683509.3,1246877.3","accuracyClass":1}},{"type":"Feature","geometry":{"type":"LineString","coordinates":[[8.544015613591755,47.36738922805065],[8.544012645997718,47.367394248770935],[8.54391034776684,47.36737675173012],[8.54390806160063,47.36737632385017],[8.543691093945693,47.36732702861007],[8.543680827238878,47.36734783371651]]},"properties":{"layer":"LKZ141EUMLU-","infraType":"fernwaerme","geomType":"pipe","source":"order_55524/SIA405_LKMap_2015_LV95.dxf","_dedupKey":"2683468.4,1246865.8|2683493.7,1246870.8","accuracyClass":null}},{"type":"Feature","geometry":{"type":"LineString","coordinates":[[8.543014294322012,47.368748702440456],[8.542442056666419,47.368755108210806],[8.542442146068659,47.368758786377306]]},"properties":{"layer":"LKZ141EUMLU-","infraType":"fernwaerme","geomType":"pipe","source":"order_55524/SIA405_LKMap_2015_LV95.dxf","_dedupKey":"2683372.7,1247021.3|2683415.9,1247020.8","accuracyClass":null}},{"type":"Feature","geometry":{"type":"LineString","coordinates":[[8.54436382998536,47.36748315954911],[8.544223947859479,47.36744611629463]]},"properties":{"layer":"LKZ141EUMLU1","infraType":"fernwaerme","geomType":"pipe","source":"order_55524/SIA405_LKMap_2015_LV95.dxf","_dedupKey":"2683509.3,1246877.3|2683519.8,1246881.6","accuracyClass":1}},{"type":"Feature","geometry":{"type":"LineString","coordinates":[[8.544443682864708,47.367504307250904],[8.54436382998536,47.36748315954911]]},"properties":{"layer":"LKZ141EUMLU1","infraType":"fernwaerme","geomType":"pipe","source":"order_55524/SIA405_LKMap_2015_LV95.dxf","_dedupKey":"2683519.8,1246881.6|2683525.8,1246884","accuracyClass":1}},{"type":"Feature","geometry":{"type":"LineString","coordinates":[[8.543014294322012,47.368748702440456],[8.543013891505893,47.36875482300239]]},"properties":{"layer":"LKZ141EUMLU-","infraType":"fernwaerme","geomType":"pipe","source":"order_55524/SIA405_LKMap_2015_LV95.dxf","_dedupKey":"2683415.9,1247020.8|2683415.9,1247021.5","accuracyClass":null}},{"type":"Feature","geometry":{"type":"LineString","coordinates":[[8.543855043476395,47.3673396901715],[8.544018581371713,47.36738421632368],[8.544015613591755,47.36738922805065]]},"properties":{"layer":"LKZ141EUMLU-","infraType":"fernwaerme","geomType":"pipe","source":"order_55524/SIA405_LKMap_2015_LV95.dxf","_dedupKey":"2683481.6,1246865.1|2683493.7,1246870.8","accuracyClass":null}},{"type":"Feature","geometry":{"type":"LineString","coordinates":[[8.544474414461595,47.36751266635746],[8.544443682864708,47.367504307250904]]},"properties":{"layer":"LKZ141EUMLU0","infraType":"fernwaerme","geomType":"pipe","source":"order_55524/SIA405_LKMap_2015_LV95.dxf","_dedupKey":"2683525.8,1246884|2683528.1,1246885","accuracyClass":0}},{"type":"Feature","geometry":{"type":"LineString","coordinates":[[8.534908445710492,47.366563527506635],[8.53488306408328,47.36659825585239]]},"properties":{"layer":"LKZ141EUMLU1","infraType":"fernwaerme","geomType":"pipe","source":"order_55742/SIA405_LKMap_2015_LV95.dxf","_dedupKey":"2682805.1,1246773.2|2682807.1,1246769.3","accuracyClass":1}},{"type":"Feature","geometry":{"type":"LineString","coordinates":[[8.53481132842722,47.36669409647557],[8.53488306408328,47.36659825585239]]},"properties":{"layer":"LKZ141EUMLU0","infraType":"fernwaerme","geomType":"pipe","source":"order_55742/SIA405_LKMap_2015_LV95.dxf","_dedupKey":"2682799.5,1246783.7|2682805.1,1246773.2","accuracyClass":0}},{"type":"Feature","geometry":{"type":"LineString","coordinates":[[8.534193366922224,47.36636926217541],[8.534215628652607,47.36633861139747],[8.53418732475693,47.366329084164356],[8.53426262839592,47.36622579806897],[8.534216392997509,47.36621023429266],[8.534224042047692,47.366199754338155]]},"properties":{"layer":"LKZ141EUMLU0","infraType":"fernwaerme","geomType":"pipe","source":"order_55742/SIA405_LKMap_2015_LV95.dxf","_dedupKey":"2682753.4,1246747|2682756,1246728.2","accuracyClass":0}},{"type":"Feature","geometry":{"type":"LineString","coordinates":[[8.532877533922955,47.36660561687998],[8.532887479677425,47.3666115494006]]},"properties":{"layer":"LKZ141EUMLU0","infraType":"fernwaerme","geomType":"pipe","source":"order_55742/SIA405_LKMap_2015_LV95.dxf","_dedupKey":"2682653.6,1246771.9|2682654.4,1246772.5","accuracyClass":0}},{"type":"Feature","geometry":{"type":"LineString","coordinates":[[8.534231440211249,47.366588085933536],[8.534243228287746,47.3665921748458]]},"properties":{"layer":"LKZ141EUMLU0","infraType":"fernwaerme","geomType":"pipe","source":"order_55742/SIA405_LKMap_2015_LV95.dxf","_dedupKey":"2682755.9,1246771.3|2682756.8,1246771.8","accuracyClass":0}},{"type":"Feature","geometry":{"type":"LineString","coordinates":[[8.534908445710492,47.366563527506635],[8.535061362923212,47.36661680242931],[8.535157589175737,47.36665214834742],[8.535159704184016,47.366651984344585]]},"properties":{"layer":"LKZ141EUMLU1","infraType":"fernwaerme","geomType":"pipe","source":"order_55742/SIA405_LKMap_2015_LV95.dxf","_dedupKey":"2682807.1,1246769.3|2682825.9,1246779.4","accuracyClass":1}},{"type":"Feature","geometry":{"type":"LineString","coordinates":[[8.533482471041268,47.36661952025965],[8.533809875729112,47.36673016880231],[8.533924249374934,47.36657393579117],[8.534180632403132,47.366660574101275],[8.534220916059846,47.36660555540945],[8.534230982112227,47.36660895903625]]},"properties":{"layer":"LKZ141EUMLU0","infraType":"fernwaerme","geomType":"pipe","source":"order_55742/SIA405_LKMap_2015_LV95.dxf","_dedupKey":"2682699.3,1246774|2682755.8,1246773.7","accuracyClass":0}},{"type":"Feature","geometry":{"type":"LineString","coordinates":[[8.534171398286658,47.366479247429076],[8.534186891526211,47.36645811476908],[8.534201844314033,47.36643774282638],[8.534148887278253,47.36641981409187],[8.53418743421514,47.366367267557145]]},"properties":{"layer":"LKZ141EUMLU0","infraType":"fernwaerme","geomType":"pipe","source":"order_55742/SIA405_LKMap_2015_LV95.dxf","_dedupKey":"2682751.5,1246759.2|2682752.9,1246746.7","accuracyClass":0}},{"type":"Feature","geometry":{"type":"LineString","coordinates":[[8.533482394572703,47.36661966490697],[8.533433399978065,47.366603848124356],[8.533393891127954,47.36658896685416],[8.533342980637153,47.366570757493236],[8.53332526411905,47.36656616698218],[8.533301106336314,47.36656318468605],[8.533275042874342,47.36656153373905],[8.533245743423416,47.36655961661578],[8.53322921634723,47.36655814513001],[8.533198403729697,47.36655539679149],[8.533159434709171,47.366556485716245],[8.533120671660006,47.36656244804845],[8.533080167116813,47.366570001021984],[8.533038715625928,47.3665785074453],[8.53300479811476,47.36658639376084],[8.53296576438808,47.36659658632685],[8.53293538748869,47.36660474490874],[8.53292280327567,47.366614111159045],[8.532916493450797,47.3666201887001],[8.5329108814008,47.366624784424644],[8.53290534794903,47.36662611416408],[8.532900974048149,47.366625238099914],[8.532897936322097,47.36662366574428],[8.532883063858957,47.366615081357274]]},"properties":{"layer":"LKZ141EUMLU1","infraType":"fernwaerme","geomType":"pipe","source":"order_55742/SIA405_LKMap_2015_LV95.dxf","_dedupKey":"2682654,1246772.9|2682699.3,1246774.1","accuracyClass":1}},{"type":"Feature","geometry":{"type":"LineString","coordinates":[[8.534218109358337,47.36619775972137],[8.534223994259966,47.366189698208196]]},"properties":{"layer":"LKZ141EUMLU0","infraType":"fernwaerme","geomType":"pipe","source":"order_55742/SIA405_LKMap_2015_LV95.dxf","_dedupKey":"2682755.5,1246727.9|2682756,1246727","accuracyClass":0}},{"type":"Feature","geometry":{"type":"LineString","coordinates":[[8.532887479677425,47.3666115494006],[8.532902352140296,47.36662013378708],[8.53290551417086,47.36662195682908],[8.532906459187924,47.366622199739574],[8.532907932958508,47.36662240165965],[8.532909446017579,47.36662193756624],[8.532910912534371,47.366621141093184]]},"properties":{"layer":"LKZ141EUMLU1","infraType":"fernwaerme","geomType":"pipe","source":"order_55742/SIA405_LKMap_2015_LV95.dxf","_dedupKey":"2682654.4,1246772.5|2682656.1,1246773.6","accuracyClass":1}},{"type":"Feature","geometry":{"type":"LineString","coordinates":[[8.534459795199128,47.3664982527117],[8.534606514652234,47.366465188575695]]},"properties":{"layer":"LKZ141EUMLU1","infraType":"fernwaerme","geomType":"pipe","source":"order_55742/SIA405_LKMap_2015_LV95.dxf","_dedupKey":"2682773.3,1246761.6|2682784.4,1246758.1","accuracyClass":1}},{"type":"Feature","geometry":{"type":"LineString","coordinates":[[8.535159704184016,47.366651984344585],[8.535258809540773,47.36664449489975],[8.535343485689223,47.36661459153245],[8.535347097552837,47.366612533324755],[8.535350066440609,47.36661011242114],[8.535352618563298,47.36660931460301],[8.535355515309401,47.36660917915391],[8.535363209571761,47.36661120196071],[8.535375363102961,47.36661567407951],[8.535380863222821,47.36661723198255]]},"properties":{"layer":"LKZ141EUMLU1","infraType":"fernwaerme","geomType":"pipe","source":"order_55742/SIA405_LKMap_2015_LV95.dxf","_dedupKey":"2682825.9,1246779.4|2682842.7,1246775.8","accuracyClass":1}},{"type":"Feature","geometry":{"type":"LineString","coordinates":[[8.534624108362745,47.36646122566402],[8.53462561075354,47.366460887581304],[8.534908445710492,47.366563527506635]]},"properties":{"layer":"LKZ141EUMLU1","infraType":"fernwaerme","geomType":"pipe","source":"order_55742/SIA405_LKMap_2015_LV95.dxf","_dedupKey":"2682785.8,1246757.6|2682807.1,1246769.3","accuracyClass":1}},{"type":"Feature","geometry":{"type":"LineString","coordinates":[[8.53418743421514,47.366367267557145],[8.534206773344144,47.366340647348075],[8.534178456211752,47.36633112023838],[8.534253759870817,47.36622783414882],[8.53420752447323,47.366212270369],[8.534218109358337,47.36619775972137]]},"properties":{"layer":"LKZ141EUMLU0","infraType":"fernwaerme","geomType":"pipe","source":"order_55742/SIA405_LKMap_2015_LV95.dxf","_dedupKey":"2682752.9,1246746.7|2682755.5,1246727.9","accuracyClass":0}},{"type":"Feature","geometry":{"type":"LineString","coordinates":[[8.534243228287746,47.3665921748458],[8.534244494886703,47.366592603592984],[8.534262577358378,47.36659889057621],[8.53431177080399,47.366531607888746],[8.534459795199128,47.3664982527117]]},"properties":{"layer":"LKZ141EUMLU1","infraType":"fernwaerme","geomType":"pipe","source":"order_55742/SIA405_LKMap_2015_LV95.dxf","_dedupKey":"2682756.8,1246771.8|2682773.3,1246761.6","accuracyClass":1}},{"type":"Feature","geometry":{"type":"LineString","coordinates":[[8.534194490449838,47.36648707004932],[8.534231746697518,47.366432277960556],[8.534164075015978,47.36640958645939],[8.534193366922224,47.36636926217541]]},"properties":{"layer":"LKZ141EUMLU0","infraType":"fernwaerme","geomType":"pipe","source":"order_55742/SIA405_LKMap_2015_LV95.dxf","_dedupKey":"2682753.3,1246760.1|2682753.4,1246747","accuracyClass":0}},{"type":"Feature","geometry":{"type":"LineString","coordinates":[[8.534805323498318,47.36670211418123],[8.53481132842722,47.36669409647557]]},"properties":{"layer":"LKZ141EUMLU0","infraType":"fernwaerme","geomType":"pipe","source":"order_55742/SIA405_LKMap_2015_LV95.dxf","_dedupKey":"2682799.1,1246784.6|2682799.5,1246783.7","accuracyClass":0}},{"type":"Feature","geometry":{"type":"LineString","coordinates":[[8.534596507854646,47.366444702620036],[8.534606514652234,47.366465188575695]]},"properties":{"layer":"LKZ141EUMLU1","infraType":"fernwaerme","geomType":"pipe","source":"order_55742/SIA405_LKMap_2015_LV95.dxf","_dedupKey":"2682783.7,1246755.8|2682784.4,1246758.1","accuracyClass":1}},{"type":"Feature","geometry":{"type":"LineString","coordinates":[[8.534230982112227,47.36660895903625],[8.534232901959472,47.3666096064656],[8.534234941681701,47.366610288738386],[8.53424626545433,47.3666085352048],[8.534269537623587,47.366605786796896],[8.534358635033628,47.36659965238711],[8.534361635502984,47.36659812172998],[8.534399997189869,47.366543651920836],[8.534432615842034,47.366498996329796],[8.534441347243094,47.366487066867755],[8.534451344371817,47.3664858296296],[8.53445418331909,47.366486747184524],[8.534456007541298,47.36649047186032],[8.534456132037734,47.36649073153857],[8.534459795199128,47.3664982527117]]},"properties":{"layer":"LKZ141EUMLU1","infraType":"fernwaerme","geomType":"pipe","source":"order_55742/SIA405_LKMap_2015_LV95.dxf","_dedupKey":"2682755.8,1246773.7|2682773.3,1246761.6","accuracyClass":1}},{"type":"Feature","geometry":{"type":"LineString","coordinates":[[8.533229252365913,47.3665579648856],[8.533245779442048,47.366559436371354],[8.533275065655594,47.366561353620085],[8.533301142354759,47.36656300444164],[8.533325340033931,47.36656599535474],[8.53334309644852,47.366570594482745],[8.533394020361179,47.366588812711534],[8.53343351578923,47.36660368511378],[8.533482471041268,47.36661952025965]]},"properties":{"layer":"LKZ141EUMLU1","infraType":"fernwaerme","geomType":"pipe","source":"order_55742/SIA405_LKMap_2015_LV95.dxf","_dedupKey":"2682680.3,1246766.9|2682699.3,1246774","accuracyClass":1}},{"type":"Feature","geometry":{"type":"LineString","coordinates":[[8.534606514652234,47.366465188575695],[8.534624108362745,47.36646122566402]]},"properties":{"layer":"LKZ141EUMLU1","infraType":"fernwaerme","geomType":"pipe","source":"order_55742/SIA405_LKMap_2015_LV95.dxf","_dedupKey":"2682784.4,1246758.1|2682785.8,1246757.6","accuracyClass":1}},{"type":"Feature","geometry":{"type":"LineString","coordinates":[[8.532910912534371,47.366621141093184],[8.532922602131736,47.36661398713276],[8.532935238740116,47.36660459340054],[8.53296566821938,47.36659641633016],[8.533004701945952,47.366586223764195],[8.533038632694314,47.36657833732327],[8.533080097422364,47.36656983077454],[8.533120601965438,47.366562277801],[8.533159404541687,47.366556306099085],[8.533198413273922,47.36655521679797],[8.533229252365913,47.3665579648856]]},"properties":{"layer":"LKZ141EUMLU1","infraType":"fernwaerme","geomType":"pipe","source":"order_55742/SIA405_LKMap_2015_LV95.dxf","_dedupKey":"2682656.1,1246773.6|2682680.3,1246766.9","accuracyClass":1}},{"type":"Feature","geometry":{"type":"LineString","coordinates":[[8.534224042047692,47.366199754338155],[8.53422992694864,47.36619169282464]]},"properties":{"layer":"LKZ141EUMLU0","infraType":"fernwaerme","geomType":"pipe","source":"order_55742/SIA405_LKMap_2015_LV95.dxf","_dedupKey":"2682756,1246728.2|2682756.4,1246727.3","accuracyClass":0}},{"type":"Feature","geometry":{"type":"LineString","coordinates":[[8.53478388085464,47.368964445368235],[8.534781428087106,47.368966861355794],[8.534753611598703,47.36900879986773],[8.534753335050812,47.369010160759615],[8.534754740192737,47.369010885026576],[8.534765531673889,47.369014128806825],[8.534774372671544,47.3690165275629],[8.534777483544303,47.369017784345424],[8.534778004783968,47.3690193085738],[8.534762870631063,47.36903861186906],[8.53476118277498,47.36904152432507],[8.534762852752484,47.3690428937292],[8.534766204312673,47.36904426516473],[8.534767190389367,47.369044570636675]]},"properties":{"layer":"LKZ141EUMLU1","infraType":"fernwaerme","geomType":"pipe","source":"order_56604/SIA405_LKMap_2015_LV95.dxf","_dedupKey":"2682792.6,1247045|2682793.9,1247036.1","accuracyClass":1}},{"type":"Feature","geometry":{"type":"LineString","coordinates":[[8.53478388085464,47.368964445368235],[8.534787254078019,47.36896558272373],[8.534790223877636,47.36896641807277],[8.534791553213163,47.36896667531103],[8.53479241507745,47.36896609144188],[8.534797382053595,47.36895845239679]]},"properties":{"layer":"LKZ141EUMLU1","infraType":"fernwaerme","geomType":"pipe","source":"order_56604/SIA405_LKMap_2015_LV95.dxf","_dedupKey":"2682793.9,1247036.1|2682795,1247035.5","accuracyClass":1}},{"type":"Feature","geometry":{"type":"LineString","coordinates":[[8.534772473998952,47.368959606293494],[8.53477487279701,47.36896100476125]]},"properties":{"layer":"LKZ141EUMLU0","infraType":"fernwaerme","geomType":"pipe","source":"order_56604/SIA405_LKMap_2015_LV95.dxf","_dedupKey":"2682793.1,1247035.6|2682793.3,1247035.7","accuracyClass":0}},{"type":"Feature","geometry":{"type":"LineString","coordinates":[[8.534635540545715,47.36889002400547],[8.534596278427811,47.368921375858704]]},"properties":{"layer":"LKZ141EUMLU0","infraType":"fernwaerme","geomType":"pipe","source":"order_56604/SIA405_LKMap_2015_LV95.dxf","_dedupKey":"2682779.8,1247031.1|2682782.9,1247027.7","accuracyClass":0}},{"type":"Feature","geometry":{"type":"LineString","coordinates":[[8.534635540545715,47.36889002400547],[8.53476999341268,47.36896775245432]]},"properties":{"layer":"LKZ141EUMLU0","infraType":"fernwaerme","geomType":"pipe","source":"order_56604/SIA405_LKMap_2015_LV95.dxf","_dedupKey":"2682782.9,1247027.7|2682792.9,1247036.5","accuracyClass":0}},{"type":"Feature","geometry":{"type":"LineString","coordinates":[[8.534802141817213,47.36896005333548],[8.534813885576414,47.368943930513964],[8.534837617649202,47.368951908850086]]},"properties":{"layer":"LKZ141EUMLU0","infraType":"fernwaerme","geomType":"pipe","source":"order_56604/SIA405_LKMap_2015_LV95.dxf","_dedupKey":"2682795.3,1247035.6|2682798,1247034.8","accuracyClass":0}},{"type":"Feature","geometry":{"type":"LineString","coordinates":[[8.534446888810594,47.36878944923512],[8.534411342187953,47.36877740016501],[8.5343319044133,47.36877698442339]]},"properties":{"layer":"LKZ141EUMLU0","infraType":"fernwaerme","geomType":"pipe","source":"order_56604/SIA405_LKMap_2015_LV95.dxf","_dedupKey":"2682760.1,1247014.8|2682768.8,1247016.3","accuracyClass":0}},{"type":"Feature","geometry":{"type":"LineString","coordinates":[[8.534446888810594,47.36878944923512],[8.53448242221148,47.3688014984198],[8.534635540545715,47.36889002400547]]},"properties":{"layer":"LKZ141EUMLU0","infraType":"fernwaerme","geomType":"pipe","source":"order_56604/SIA405_LKMap_2015_LV95.dxf","_dedupKey":"2682768.8,1247016.3|2682782.9,1247027.7","accuracyClass":0}},{"type":"Feature","geometry":{"type":"LineString","coordinates":[[8.534769785480558,47.36904070507995],[8.534768593068584,47.369040023770026],[8.534768038849466,47.36903947133061],[8.534767533883416,47.369038738520764],[8.53476777840751,47.36903710807835],[8.534773772206227,47.36901050651229],[8.534778774896518,47.36900009662355],[8.534786216853488,47.368986614229264],[8.534791914535553,47.36897780787552],[8.534801871404063,47.36896042470301],[8.534802141817213,47.36896005333548]]},"properties":{"layer":"LKZ141EUMLU1","infraType":"fernwaerme","geomType":"pipe","source":"order_56604/SIA405_LKMap_2015_LV95.dxf","_dedupKey":"2682792.8,1247044.6|2682795.3,1247035.6","accuracyClass":1}},{"type":"Feature","geometry":{"type":"LineString","coordinates":[[8.53476999341268,47.36896775245432],[8.534774779652068,47.36896935314292],[8.534776499620332,47.36897057815007],[8.534777928617226,47.36897246256443],[8.534778839857548,47.36897427993141],[8.534780371582865,47.36897729675952],[8.534781030640895,47.36897972818991],[8.53478091820338,47.36898198703924],[8.534780167064817,47.36898602399436],[8.534779024553488,47.368989057207216],[8.534773112441782,47.36899902596946],[8.534770354074347,47.36900589745539],[8.53476829859164,47.36901733180591],[8.53476659069871,47.369029572420864],[8.534766849211438,47.36903892492158],[8.534767141893196,47.369040280411284],[8.534767817287554,47.36904093064734],[8.534768596920753,47.36904149893777],[8.53476913013508,47.36904167378029]]},"properties":{"layer":"LKZ141EUMLU1","infraType":"fernwaerme","geomType":"pipe","source":"order_56604/SIA405_LKMap_2015_LV95.dxf","_dedupKey":"2682792.7,1247044.7|2682792.9,1247036.5","accuracyClass":1}},{"type":"Feature","geometry":{"type":"LineString","coordinates":[[8.534797382053595,47.36895845239679],[8.534803374000136,47.368950434822665]]},"properties":{"layer":"LKZ141EUMLU0","infraType":"fernwaerme","geomType":"pipe","source":"order_56604/SIA405_LKMap_2015_LV95.dxf","_dedupKey":"2682795,1247035.5|2682795.4,1247034.6","accuracyClass":0}},{"type":"Feature","geometry":{"type":"LineString","coordinates":[[8.53477487279701,47.36896100476125],[8.534777725674436,47.36896194916203],[8.53478388085464,47.368964445368235]]},"properties":{"layer":"LKZ141EUMLU1","infraType":"fernwaerme","geomType":"pipe","source":"order_56604/SIA405_LKMap_2015_LV95.dxf","_dedupKey":"2682793.3,1247035.7|2682793.9,1247036.1","accuracyClass":1}},{"type":"Feature","geometry":{"type":"LineString","coordinates":[[8.53445280062441,47.368781396458786],[8.534417254190675,47.36876935638388],[8.534331989935044,47.36876890596904]]},"properties":{"layer":"LKZ141EUMLU0","infraType":"fernwaerme","geomType":"pipe","source":"order_56604/SIA405_LKMap_2015_LV95.dxf","_dedupKey":"2682760.1,1247013.9|2682769.2,1247015.4","accuracyClass":0}},{"type":"Feature","geometry":{"type":"LineString","coordinates":[[8.534531723393762,47.368586730218055],[8.534517569425395,47.36860605116902],[8.534485674835622,47.36859517282044],[8.53439339549928,47.36872107190365],[8.534382877675244,47.368737578838704],[8.534429051530235,47.368753260078364]]},"properties":{"layer":"LKZ141EUMLU0","infraType":"fernwaerme","geomType":"pipe","source":"order_56604/SIA405_LKMap_2015_LV95.dxf","_dedupKey":"2682767.5,1247012.3|2682775.5,1246993.8","accuracyClass":0}},{"type":"Feature","geometry":{"type":"LineString","coordinates":[[8.536811319771788,47.36844480369358],[8.536803618931703,47.36845211801279]]},"properties":{"layer":"LKZ141EUMLU0","infraType":"fernwaerme","geomType":"pipe","source":"order_56605/SIA405_LKMap_2015_LV95.dxf","_dedupKey":"2682947.3,1246981.3|2682947.9,1246980.5","accuracyClass":0}},{"type":"Feature","geometry":{"type":"LineString","coordinates":[[8.536957352320108,47.367956642336814],[8.53694409443965,47.367951929019696],[8.536878352549156,47.36792922973529],[8.536812628213449,47.367906737135414],[8.536788599895857,47.367898510156884]]},"properties":{"layer":"LKZ141EUMLU1","infraType":"fernwaerme","geomType":"pipe","source":"order_56605/SIA405_LKMap_2015_LV95.dxf","_dedupKey":"2682947,1246919.7|2682959.7,1246926.4","accuracyClass":1}},{"type":"Feature","geometry":{"type":"LineString","coordinates":[[8.536788599895857,47.367898510156884],[8.536776772363146,47.367894457857375]]},"properties":{"layer":"LKZ141EUMLU0","infraType":"fernwaerme","geomType":"pipe","source":"order_56605/SIA405_LKMap_2015_LV95.dxf","_dedupKey":"2682946.1,1246919.3|2682947,1246919.7","accuracyClass":0}},{"type":"Feature","geometry":{"type":"LineString","coordinates":[[8.536784666095135,47.36843190620587],[8.536785990592637,47.36843064328628],[8.536786566264787,47.3684283800294],[8.536788329288854,47.36842141001323],[8.536781859389494,47.36838178491359],[8.536778919599453,47.36836826616436],[8.53677551174077,47.36835259302858],[8.536774020323232,47.368345752902094],[8.536724051596751,47.36832005209396],[8.536721199544917,47.36831850505795],[8.53670895013876,47.36831197409985],[8.536691556709549,47.368303827942526]]},"properties":{"layer":"LKZ141EUMLU1","infraType":"fernwaerme","geomType":"pipe","source":"order_56605/SIA405_LKMap_2015_LV95.dxf","_dedupKey":"2682939.1,1246964.7|2682945.9,1246979","accuracyClass":1}},{"type":"Feature","geometry":{"type":"LineString","coordinates":[[8.535855727096202,47.36808080279906],[8.535864664796383,47.3680641038438],[8.535867096736293,47.36806196687927],[8.535880603318633,47.36805753888158],[8.535883475057375,47.36805682796778],[8.535902075539306,47.368052225641925],[8.535945628153168,47.368044130005515],[8.535977574022832,47.368038204519586],[8.535984774094217,47.36804000710273],[8.536101742209674,47.3680755689526],[8.536213944175717,47.36810856738394],[8.536274356485267,47.36812707198326],[8.536344188617305,47.36814972374059],[8.536409197239463,47.368177962316885],[8.536513048233683,47.36822526117124],[8.536593712775282,47.3682614914373],[8.536664768646837,47.36829275772128],[8.536667351680933,47.36829410042768],[8.536670693910112,47.368296947102095],[8.536672490862378,47.36830126568223],[8.536671148084729,47.36830678348183],[8.536665985066294,47.368311959803954],[8.536646278046998,47.368332907969986]]},"properties":{"layer":"LKZ141EUMLU1","infraType":"fernwaerme","geomType":"pipe","source":"order_56605/SIA405_LKMap_2015_LV95.dxf","_dedupKey":"2682876.3,1246939|2682935.6,1246967.9","accuracyClass":1}},{"type":"Feature","geometry":{"type":"LineString","coordinates":[[8.536691556709549,47.368303827942526],[8.536703225065207,47.3682969346629],[8.536793929633237,47.36818101526153],[8.53680108863493,47.368175037376616],[8.536830177031518,47.36815187712392],[8.536840894844767,47.36814062122296],[8.536847631164413,47.368128908445904],[8.536849941750805,47.36812345340247],[8.536850726829917,47.36812235752382]]},"properties":{"layer":"LKZ141EUMLU1","infraType":"fernwaerme","geomType":"pipe","source":"order_56605/SIA405_LKMap_2015_LV95.dxf","_dedupKey":"2682939.1,1246964.7|2682951.4,1246944.7","accuracyClass":1}},{"type":"Feature","geometry":{"type":"LineString","coordinates":[[8.53677676464925,47.36843912348397],[8.536784452068142,47.36843180029902]]},"properties":{"layer":"LKZ141EUMLU0","infraType":"fernwaerme","geomType":"pipe","source":"order_56605/SIA405_LKMap_2015_LV95.dxf","_dedupKey":"2682945.3,1246979.8|2682945.9,1246979","accuracyClass":0}},{"type":"Feature","geometry":{"type":"LineString","coordinates":[[8.536957352320108,47.367956642336814],[8.536934674907181,47.36798635309877],[8.536893710581166,47.36804166704887],[8.536858658840265,47.368088991036046],[8.536834582237104,47.368121485587956]]},"properties":{"layer":"LKZ141EUMLU1","infraType":"fernwaerme","geomType":"pipe","source":"order_56605/SIA405_LKMap_2015_LV95.dxf","_dedupKey":"2682950.1,1246944.6|2682959.7,1246926.4","accuracyClass":1}},{"type":"Feature","geometry":{"type":"LineString","coordinates":[[8.535824863534119,47.368126449557245],[8.535820696500444,47.368134989561796]]},"properties":{"layer":"LKZ141EUMLU0","infraType":"fernwaerme","geomType":"pipe","source":"order_56605/SIA405_LKMap_2015_LV95.dxf","_dedupKey":"2682873.5,1246945|2682873.9,1246944","accuracyClass":0}},{"type":"Feature","geometry":{"type":"LineString","coordinates":[[8.536646679253739,47.36833310204918],[8.536650265434902,47.36832979372022],[8.536677460678076,47.3683117787437],[8.536684528898938,47.368305891681224],[8.536691556709549,47.368303827942526]]},"properties":{"layer":"LKZ141EUMLU1","infraType":"fernwaerme","geomType":"pipe","source":"order_56605/SIA405_LKMap_2015_LV95.dxf","_dedupKey":"2682935.6,1246967.9|2682939.1,1246964.7","accuracyClass":1}},{"type":"Feature","geometry":{"type":"LineString","coordinates":[[8.535839052756595,47.36816547965567],[8.535856078319318,47.36807856866461],[8.535863353063462,47.368064700990274],[8.535864270818577,47.3680629741974],[8.535901172055185,47.36804949969904],[8.535944553318084,47.36804144167149],[8.53597809297837,47.36803640055836],[8.535985713968783,47.36803871186601],[8.536102589048166,47.36807425660865],[8.536214804249633,47.36810725491338],[8.536275243218496,47.36812576825405],[8.536345221889508,47.36814846359384],[8.536410364183848,47.36817676386513],[8.536514228229228,47.36822405359922],[8.536594879717335,47.36826029298367],[8.536665922165026,47.36829155039942],[8.536699226860406,47.36830852245177],[8.53673010533418,47.36832983523557],[8.536770246059845,47.368357284593216],[8.536797073625703,47.3683760542658],[8.536816249694,47.368387178843626],[8.536830708543572,47.368400696006574],[8.536834493413963,47.36840638993101],[8.536835886350024,47.36841359079921],[8.536834331060202,47.36842036094756],[8.536829292308944,47.368427712922376],[8.536821228227936,47.3684353905028],[8.536811319771788,47.36844480369358]]},"properties":{"layer":"LKZ141EUMLU1","infraType":"fernwaerme","geomType":"pipe","source":"order_56605/SIA405_LKMap_2015_LV95.dxf","_dedupKey":"2682874.9,1246948.4|2682947.9,1246980.5","accuracyClass":1}},{"type":"Feature","geometry":{"type":"LineString","coordinates":[[8.536784452068142,47.36843180029902],[8.536785737593487,47.36843057373059],[8.536786251708588,47.36842853593779],[8.536788049073214,47.3684213047357],[8.536782413590696,47.36838683492033],[8.536780088310739,47.36837486648983],[8.5367737708445,47.36834585422083],[8.536721244630408,47.368318765488745],[8.536696441068186,47.368305049822396]]},"properties":{"layer":"LKZ141EUMLU1","infraType":"fernwaerme","geomType":"pipe","source":"order_56605/SIA405_LKMap_2015_LV95.dxf","_dedupKey":"2682939.4,1246964.8|2682945.9,1246979","accuracyClass":1}},{"type":"Feature","geometry":{"type":"LineString","coordinates":[[8.536696441068186,47.368305049822396],[8.536666064630623,47.36829139612738],[8.536595022183048,47.36826013871174],[8.536514370880296,47.36822390832078],[8.536410506649869,47.36817660959341],[8.536345351117978,47.368148309448],[8.53627535902427,47.36812560524067],[8.536214906817893,47.36810709202594],[8.536102691616705,47.368074093721276],[8.535985816537611,47.368038548978745],[8.535978115565982,47.36803621144556],[8.535944483612552,47.368041271425824],[8.535901010056492,47.368049348320454],[8.535869983758694,47.36805878215371],[8.53585797654655,47.36806336681398],[8.53585068911886,47.368077261593896]]},"properties":{"layer":"LKZ141EUMLU1","infraType":"fernwaerme","geomType":"pipe","source":"order_56605/SIA405_LKMap_2015_LV95.dxf","_dedupKey":"2682875.9,1246938.6|2682939.4,1246964.8","accuracyClass":1}},{"type":"Feature","geometry":{"type":"LineString","coordinates":[[8.535824863534119,47.368126449557245],[8.535510674321317,47.368055763547915],[8.535422292513458,47.36823708159991],[8.53534990384858,47.368220795145504]]},"properties":{"layer":"LKZ141EUMLU0","infraType":"fernwaerme","geomType":"pipe","source":"order_56605/SIA405_LKMap_2015_LV95.dxf","_dedupKey":"2682837.9,1246954|2682873.9,1246944","accuracyClass":0}},{"type":"Feature","geometry":{"type":"LineString","coordinates":[[8.53585068911886,47.368077261593896],[8.535846242621572,47.368085732293245],[8.535824863534119,47.368126449557245]]},"properties":{"layer":"LKZ141EUMLU0","infraType":"fernwaerme","geomType":"pipe","source":"order_56605/SIA405_LKMap_2015_LV95.dxf","_dedupKey":"2682873.9,1246944|2682875.9,1246938.6","accuracyClass":0}},{"type":"Feature","geometry":{"type":"LineString","coordinates":[[8.536834582237104,47.368121485587956],[8.536819454279726,47.368148111163904],[8.536793689502408,47.36818092759318],[8.536702984934005,47.36829684699436],[8.536696441068186,47.368305049822396]]},"properties":{"layer":"LKZ141EUMLU1","infraType":"fernwaerme","geomType":"pipe","source":"order_56605/SIA405_LKMap_2015_LV95.dxf","_dedupKey":"2682939.4,1246964.8|2682950.1,1246944.6","accuracyClass":1}},{"type":"Feature","geometry":{"type":"LineString","coordinates":[[8.53534990384858,47.368220795145504],[8.535146527991458,47.36817676991467],[8.535132097270916,47.36820772430421],[8.535106879673956,47.36820217982794]]},"properties":{"layer":"LKZ141EUMLU0","infraType":"fernwaerme","geomType":"pipe","source":"order_56605/SIA405_LKMap_2015_LV95.dxf","_dedupKey":"2682819.5,1246951.7|2682837.9,1246954","accuracyClass":0}},{"type":"Feature","geometry":{"type":"LineString","coordinates":[[8.534531723393762,47.368586730218055],[8.534563637480657,47.36854316972672],[8.534801165845877,47.36862348211767],[8.535028359621778,47.36818518679337],[8.535106879673956,47.36820217982794]]},"properties":{"layer":"LKZ141EUMLU0","infraType":"fernwaerme","geomType":"pipe","source":"order_56605/SIA405_LKMap_2015_LV95.dxf","_dedupKey":"2682775.5,1246993.8|2682819.5,1246951.7","accuracyClass":0}},{"type":"Feature","geometry":{"type":"LineString","coordinates":[[8.53774276378066,47.36691963000933],[8.537742634744642,47.36691979315016],[8.537706951360361,47.366965306414215],[8.53766134793828,47.36702350728557],[8.537602751667231,47.367100766576456],[8.537544945728204,47.367176552103565],[8.537497080303734,47.367238723299494]]},"properties":{"layer":"LKZ141EUMLU1","infraType":"fernwaerme","geomType":"pipe","source":"order_56606/SIA405_LKMap_2015_LV95.dxf","_dedupKey":"2683001.6,1246847.1|2683020.6,1246811.9","accuracyClass":1}},{"type":"Feature","geometry":{"type":"LineString","coordinates":[[8.537631833487097,47.36706834115504],[8.537628765305165,47.3670723642007],[8.537626599823867,47.367075218281244],[8.537606285721019,47.367102001266005],[8.53757000878635,47.36714956203156]]},"properties":{"layer":"LKZ141EUMLU1","infraType":"fernwaerme","geomType":"pipe","source":"order_56606/SIA405_LKMap_2015_LV95.dxf","_dedupKey":"2683007.2,1246837.3|2683012,1246828.3","accuracyClass":1}},{"type":"Feature","geometry":{"type":"LineString","coordinates":[[8.537057247089491,47.36754269777092],[8.53704548450579,47.36753858191529]]},"properties":{"layer":"LKZ141EUMLU0","infraType":"fernwaerme","geomType":"pipe","source":"order_56606/SIA405_LKMap_2015_LV95.dxf","_dedupKey":"2682967,1246880|2682967.9,1246880.4","accuracyClass":0}},{"type":"Feature","geometry":{"type":"LineString","coordinates":[[8.53790958062938,47.36725768155838],[8.537902127305511,47.3672686366397],[8.537901200172225,47.36726990478615]]},"properties":{"layer":"LKZ141EUMLU1","infraType":"fernwaerme","geomType":"pipe","source":"order_56606/SIA405_LKMap_2015_LV95.dxf","_dedupKey":"2683032,1246851|2683032.7,1246849.7","accuracyClass":1}},{"type":"Feature","geometry":{"type":"LineString","coordinates":[[8.537064911974133,47.36756191948299],[8.537063444172285,47.36756136674778],[8.537064063266136,47.36756056928617],[8.537064429179285,47.36755969327597],[8.537064109520966,47.367558958713325],[8.537063211488533,47.367558427544786],[8.537057993738275,47.36755644426319],[8.537054830502912,47.36755521502535],[8.537049282000599,47.367553243884174]]},"properties":{"layer":"LKZ141EUMLU1","infraType":"fernwaerme","geomType":"pipe","source":"order_56606/SIA405_LKMap_2015_LV95.dxf","_dedupKey":"2682967.2,1246881.6|2682968.4,1246882.6","accuracyClass":1}},{"type":"Feature","geometry":{"type":"LineString","coordinates":[[8.537467914857686,47.36727994674307],[8.537468455486229,47.36727727003772],[8.537470507854936,47.36727406622559],[8.537497080303734,47.367238723299494]]},"properties":{"layer":"LKZ141EUMLU1","infraType":"fernwaerme","geomType":"pipe","source":"order_56606/SIA405_LKMap_2015_LV95.dxf","_dedupKey":"2682999.3,1246851.7|2683001.6,1246847.1","accuracyClass":1}},{"type":"Feature","geometry":{"type":"LineString","coordinates":[[8.537064911974133,47.36756191948299],[8.537066365426634,47.36756241838365],[8.537068222893344,47.367560034992096],[8.537075920473889,47.36755064280165],[8.537075796227954,47.36754975346289],[8.53707503991674,47.367549032048316],[8.537072584199816,47.367548083926934],[8.537060474473359,47.367543827451904],[8.537057247089491,47.36754269777092]]},"properties":{"layer":"LKZ141EUMLU1","infraType":"fernwaerme","geomType":"pipe","source":"order_56606/SIA405_LKMap_2015_LV95.dxf","_dedupKey":"2682967.9,1246880.4|2682968.4,1246882.6","accuracyClass":1}},{"type":"Feature","geometry":{"type":"LineString","coordinates":[[8.53757000878635,47.36714956203156],[8.537568078976808,47.36715228793624],[8.537577630644547,47.36715512947303],[8.537614545323526,47.36716612111447],[8.537629604655088,47.367170880178655],[8.537641478293454,47.367175246782566],[8.537691074094642,47.36719252228234],[8.537740810646309,47.36721020120368],[8.53774634219258,47.36721199256995],[8.53776517629841,47.367218100948115],[8.537770835770424,47.367219675212],[8.537808908167065,47.3672322299267],[8.537851843101956,47.36724559289013],[8.537856212641303,47.36724496661791]]},"properties":{"layer":"LKZ141EUMLU1","infraType":"fernwaerme","geomType":"pipe","source":"order_56606/SIA405_LKMap_2015_LV95.dxf","_dedupKey":"2683007.2,1246837.3|2683028.7,1246848.2","accuracyClass":1}},{"type":"Feature","geometry":{"type":"LineString","coordinates":[[8.53757000878635,47.36714956203156],[8.537548466733648,47.367177795914195],[8.53752311564514,47.367210725525545],[8.537506752249353,47.367231983855156],[8.537484818382413,47.367260482312076]]},"properties":{"layer":"LKZ141EUMLU1","infraType":"fernwaerme","geomType":"pipe","source":"order_56606/SIA405_LKMap_2015_LV95.dxf","_dedupKey":"2683000.6,1246849.5|2683007.2,1246837.3","accuracyClass":1}},{"type":"Feature","geometry":{"type":"LineString","coordinates":[[8.536019298926533,47.366903231264175],[8.53602929377955,47.3669063835476],[8.536054209731656,47.36691466521318],[8.536089385299078,47.36692609663592],[8.536121606171136,47.36693742119778],[8.536160564419587,47.366950588699716],[8.536243249393145,47.36697702226965],[8.536334237456618,47.36700738870538],[8.536429995538926,47.367039211921416],[8.536524681593207,47.367070406593406],[8.536613435990287,47.36709966065465],[8.536685448799728,47.36712410849158],[8.536757719383937,47.36714821201718],[8.536828317013853,47.36717144088495],[8.536889676874178,47.36719163623408],[8.536929438164401,47.36720456196875],[8.536996651294922,47.367226095849176],[8.53706905516919,47.36724958624343],[8.537147375558364,47.36727555695309],[8.537196892238665,47.36729285140693],[8.537256723954485,47.367312764257974],[8.537266975844231,47.3673161748498],[8.537282185881528,47.36732053673883],[8.537284592797382,47.36732104455724],[8.537286550458902,47.36732095397366],[8.537293566839764,47.36731962790784],[8.53729849900783,47.36731803382301],[8.537350706947759,47.367304017454586],[8.537388353540036,47.36729270321126],[8.537392982724247,47.36729118396603],[8.537399502740405,47.36728247759183],[8.537411493442137,47.36726682888091],[8.537426484598143,47.36724772446806],[8.537428373179823,47.367246851960566],[8.537436330594137,47.36724493224795],[8.537438386661199,47.36724511957542],[8.53744705513745,47.36724814942873],[8.537466836234197,47.36725523831299],[8.537478553775198,47.367258455038545],[8.537484689344774,47.367260645452596],[8.537492246697648,47.367263083198544]]},"properties":{"layer":"LKZ141EUMLU1","infraType":"fernwaerme","geomType":"pipe","source":"order_56606/SIA405_LKMap_2015_LV95.dxf","_dedupKey":"2682890.5,1246808.3|2683001.1,1246849.8","accuracyClass":1}},{"type":"Feature","geometry":{"type":"LineString","coordinates":[[8.53750367506891,47.36725997907722],[8.53750434358019,47.367259010234854],[8.537504927105303,47.36725777234637],[8.537505243842281,47.36725643804952],[8.537505237504497,47.36725484596697],[8.53750487690722,47.36725341017268],[8.537504186856934,47.3672520494742],[8.537503262240337,47.36725087091064],[8.537502182296716,47.367249864732884],[8.537501182519327,47.36724889377303],[8.537500271140297,47.367247715083494],[8.537497080303734,47.367238723299494]]},"properties":{"layer":"LKZ141EUMLU1","infraType":"fernwaerme","geomType":"pipe","source":"order_56606/SIA405_LKMap_2015_LV95.dxf","_dedupKey":"2683001.6,1246847.1|2683002,1246849.5","accuracyClass":1}},{"type":"Feature","geometry":{"type":"LineString","coordinates":[[8.53790958062938,47.36725768155838],[8.537914697560094,47.36725926997432]]},"properties":{"layer":"LKZ141EUMLU1","infraType":"fernwaerme","geomType":"pipe","source":"order_56606/SIA405_LKMap_2015_LV95.dxf","_dedupKey":"2683032.7,1246849.7|2683033.1,1246849.8","accuracyClass":1}},{"type":"Feature","geometry":{"type":"LineString","coordinates":[[8.537901200172225,47.36726990478615],[8.53789386011826,47.367279932287474],[8.53788946891403,47.36728592887663],[8.537878819367382,47.367300476459654],[8.537872921473292,47.36730852928906]]},"properties":{"layer":"LKZ141EUMLU0","infraType":"fernwaerme","geomType":"pipe","source":"order_56606/SIA405_LKMap_2015_LV95.dxf","_dedupKey":"2683029.8,1246855.3|2683032,1246851","accuracyClass":0}},{"type":"Feature","geometry":{"type":"LineString","coordinates":[[8.53745980853556,47.3670395473251],[8.5374483171583,47.367035096109504]]},"properties":{"layer":"LKZ141EUMLU0","infraType":"fernwaerme","geomType":"pipe","source":"order_56606/SIA405_LKMap_2015_LV95.dxf","_dedupKey":"2682998.2,1246824.4|2682999,1246824.9","accuracyClass":0}},{"type":"Feature","geometry":{"type":"LineString","coordinates":[[8.537856212641303,47.36724496661791],[8.537860595417994,47.36724434021947],[8.537867471998439,47.367245866914175],[8.537883125276355,47.367249891684956],[8.537897534607872,47.36725394628361],[8.53790958062938,47.36725768155838]]},"properties":{"layer":"LKZ141EUMLU1","infraType":"fernwaerme","geomType":"pipe","source":"order_56606/SIA405_LKMap_2015_LV95.dxf","_dedupKey":"2683028.7,1246848.2|2683032.7,1246849.7","accuracyClass":1}},{"type":"Feature","geometry":{"type":"LineString","coordinates":[[8.53815532095171,47.3672707690483],[8.538166553996728,47.36727552848894]]},"properties":{"layer":"LKZ141EUMLU0","infraType":"fernwaerme","geomType":"pipe","source":"order_56606/SIA405_LKMap_2015_LV95.dxf","_dedupKey":"2683051.2,1246851.4|2683052.1,1246851.9","accuracyClass":0}},{"type":"Feature","geometry":{"type":"LineString","coordinates":[[8.537746129819269,47.366921064187025],[8.537717606649036,47.36695746018385],[8.537671500151397,47.36701630450322],[8.537631833487097,47.36706834115504]]},"properties":{"layer":"LKZ141EUMLU1","infraType":"fernwaerme","geomType":"pipe","source":"order_56606/SIA405_LKMap_2015_LV95.dxf","_dedupKey":"2683012,1246828.3|2683020.9,1246812.1","accuracyClass":1}},{"type":"Feature","geometry":{"type":"LineString","coordinates":[[8.537631833487097,47.36706834115504],[8.537630900009344,47.36706801721675],[8.537620990647774,47.36706452244151],[8.537616199970461,47.36706334468559],[8.53752873645048,47.367035077570776],[8.53752678380529,47.3670354109801],[8.537520604760163,47.3670368910065],[8.537481372677414,47.36704514403664],[8.537474873900887,47.36704331688447],[8.53745980853556,47.3670395473251]]},"properties":{"layer":"LKZ141EUMLU1","infraType":"fernwaerme","geomType":"pipe","source":"order_56606/SIA405_LKMap_2015_LV95.dxf","_dedupKey":"2682999,1246824.9|2683012,1246828.3","accuracyClass":1}},{"type":"Feature","geometry":{"type":"LineString","coordinates":[[8.537049282000599,47.367553243884174],[8.537037544778398,47.36754907381556]]},"properties":{"layer":"LKZ141EUMLU0","infraType":"fernwaerme","geomType":"pipe","source":"order_56606/SIA405_LKMap_2015_LV95.dxf","_dedupKey":"2682966.4,1246881.1|2682967.2,1246881.6","accuracyClass":0}},{"type":"Feature","geometry":{"type":"LineString","coordinates":[[8.537494716670484,47.36727114634481],[8.537493719076465,47.367272208269654],[8.53749245525039,47.36727320076627],[8.537490845952918,47.367274133583706],[8.537489349674912,47.36727476848564],[8.537487560133803,47.36727530723099],[8.537485792989214,47.36727564786977],[8.537483916422813,47.3672758186416],[8.537482314320648,47.367275815894075],[8.53748063297916,47.36727582289564],[8.537478716700383,47.36727599404522],[8.537476976030622,47.36727633443194],[8.537475383753437,47.367276808334175],[8.537473729923411,47.36727750770097],[8.537472316406587,47.36727830372812],[8.537467914857686,47.36727994674307]]},"properties":{"layer":"LKZ141EUMLU1","infraType":"fernwaerme","geomType":"pipe","source":"order_56606/SIA405_LKMap_2015_LV95.dxf","_dedupKey":"2682999.3,1246851.7|2683001.3,1246850.7","accuracyClass":1}},{"type":"Feature","geometry":{"type":"LineString","coordinates":[[8.538081972972767,47.367243897143524],[8.538083131746678,47.367243589272405],[8.53808404494457,47.367243571584076],[8.538101264825151,47.36724844494738],[8.53812062067358,47.36725609546842],[8.538130109405351,47.36726037678433],[8.53813499827077,47.367262462095425],[8.538154198989613,47.367270293990885],[8.53815532095171,47.3672707690483]]},"properties":{"layer":"LKZ141EUMLU1","infraType":"fernwaerme","geomType":"pipe","source":"order_56606/SIA405_LKMap_2015_LV95.dxf","_dedupKey":"2683045.7,1246848.3|2683051.2,1246851.4","accuracyClass":1}},{"type":"Feature","geometry":{"type":"LineString","coordinates":[[8.537484818382413,47.367260482312076],[8.537478669575405,47.367258292024],[8.537466952034434,47.36725507529843],[8.537447170937728,47.36724798641418],[8.537438462563802,47.367244947945316],[8.53743630041184,47.36724475263194],[8.537428250706188,47.36724669121296],[8.537426283441341,47.367247600449616],[8.537411253314412,47.36726674121382],[8.537399262797994,47.367282398918135],[8.537392781381989,47.36729105095407],[8.537388244303877,47.367292542337644],[8.537350610763786,47.367303847461606],[8.537298389771886,47.36731787294934],[8.537293470655944,47.36731945791485],[8.537286507039601,47.36732077448352],[8.537284628802862,47.36732086431158],[8.5372822750222,47.367320364982874],[8.537267091645212,47.36731601183544],[8.537256839755488,47.36731260124364],[8.537197008039811,47.367292688392624],[8.537147491359619,47.36727539393886],[8.537069170970634,47.36724942322927],[8.536996767096534,47.36722593283507],[8.536929553966171,47.3672043989547],[8.53688979267604,47.367191473220096],[8.536828432815854,47.36717127787104],[8.536757835186112,47.36714804900335],[8.53668556460207,47.36712394547782],[8.536613551792797,47.36709949764093],[8.536524797395927,47.36707024357973],[8.536430111341868,47.367039048907884],[8.536334353259779,47.36700722569192],[8.536243365196523,47.36697685925627],[8.536160680223153,47.36695042568648],[8.536121721974798,47.36693725818457],[8.536089501102813,47.366925933622746],[8.536054325535469,47.36691450220004],[8.536029409583426,47.366906220534446],[8.536019747886009,47.3669031730274]]},"properties":{"layer":"LKZ141EUMLU1","infraType":"fernwaerme","geomType":"pipe","source":"order_56606/SIA405_LKMap_2015_LV95.dxf","_dedupKey":"2682890.5,1246808.3|2683000.6,1246849.5","accuracyClass":1}},{"type":"Feature","geometry":{"type":"LineString","coordinates":[[8.537914697560094,47.36725926997432],[8.537917988906775,47.367260291080704],[8.537945771027465,47.36726949854785],[8.537981962299328,47.36728199914982],[8.53800724256392,47.36729123041635],[8.538026017333761,47.367298310794254],[8.538032449162161,47.3673007412286],[8.538034118750682,47.36730080629217],[8.53803605964875,47.367300544947405],[8.538037355504429,47.36729982199462],[8.538040168935073,47.36729628710173],[8.538061259197654,47.367269910429584],[8.538076508632498,47.36724985897991],[8.53808020279695,47.367244732554035],[8.538081670180958,47.36724398098237],[8.538081972972767,47.367243897143524]]},"properties":{"layer":"LKZ141EUMLU1","infraType":"fernwaerme","geomType":"pipe","source":"order_56606/SIA405_LKMap_2015_LV95.dxf","_dedupKey":"2683033.1,1246849.8|2683045.7,1246848.3","accuracyClass":1}},{"type":"Feature","geometry":{"type":"LineString","coordinates":[[8.531884002160918,47.36464300043053],[8.531852643849085,47.36463553445118],[8.531821686113066,47.36462758792848],[8.531788853636016,47.364621188319056],[8.531751897353635,47.364611895311874],[8.531715525979827,47.36460400899634],[8.531679745439297,47.364595235552265],[8.531646828444673,47.364586003228716],[8.5316126020868,47.3645761896073],[8.531577526889594,47.36456565540123],[8.531543376253362,47.36455501348858],[8.531508109869263,47.36454419322591],[8.53147402739897,47.36453235429221],[8.531438032356306,47.36452280022512],[8.531405061988883,47.36451095974329],[8.53136950499907,47.364503398434536],[8.531306066881093,47.364494589721716],[8.531303704099738,47.364494288250924],[8.531299656711422,47.36449318415931]]},"properties":{"layer":"LKZ141EUMLU-","infraType":"fernwaerme","geomType":"pipe","source":"order_56634/SIA405_LKMap_2015_LV95.dxf","_dedupKey":"2682537.7,1246535.4|2682581.6,1246552.6","accuracyClass":null}},{"type":"Feature","geometry":{"type":"LineString","coordinates":[[8.534570235024631,47.36457225909673],[8.53459519974457,47.364536608246176],[8.53463896532106,47.364474603052436],[8.534694281836,47.36439487569063],[8.5347309115887,47.36434319266368]]},"properties":{"layer":"LKZ141EUMLU1","infraType":"fernwaerme","geomType":"pipe","source":"order_56634/SIA405_LKMap_2015_LV95.dxf","_dedupKey":"2682784.6,1246547.6|2682797.1,1246522.3","accuracyClass":1}},{"type":"Feature","geometry":{"type":"LineString","coordinates":[[8.534205688929289,47.36511470778695],[8.534203276967578,47.3651139480886],[8.534201501556911,47.365113883974146],[8.534199739383173,47.36511381973402],[8.534187924612404,47.36511485831183],[8.534135616967305,47.36511944729154],[8.534094236602284,47.3651120230109],[8.534041782220001,47.365102383000426],[8.533973063534642,47.36508921820228]]},"properties":{"layer":"LKZ141EUMLU1","infraType":"fernwaerme","geomType":"pipe","source":"order_56634/SIA405_LKMap_2015_LV95.dxf","_dedupKey":"2682738.7,1246604.4|2682756.3,1246607.5","accuracyClass":1}},{"type":"Feature","geometry":{"type":"LineString","coordinates":[[8.534205688929289,47.36511470778695],[8.534198459812703,47.3651121137971],[8.534195043874083,47.365106308343734],[8.534197914872207,47.36510170257358],[8.534212871755518,47.36508026015487],[8.534224927947601,47.36506262321752],[8.53423417304057,47.365049285646435],[8.534243880795534,47.36503526904855],[8.534259489848457,47.36501141872884]]},"properties":{"layer":"LKZ141EUMLU1","infraType":"fernwaerme","geomType":"pipe","source":"order_56634/SIA405_LKMap_2015_LV95.dxf","_dedupKey":"2682756.3,1246607.5|2682760.5,1246596.1","accuracyClass":1}},{"type":"Feature","geometry":{"type":"LineString","coordinates":[[8.535414456285764,47.36500470181487],[8.535448973109585,47.3649552244568],[8.535439506733026,47.36493719810603],[8.535474801489892,47.36488885573594],[8.535435659047664,47.36487566277394],[8.535460090311858,47.36484241850951]]},"properties":{"layer":"LKZ141EUMLU0","infraType":"fernwaerme","geomType":"pipe","source":"order_56634/SIA405_LKMap_2015_LV95.dxf","_dedupKey":"2682847.7,1246596.6|2682851.4,1246578.6","accuracyClass":0}},{"type":"Feature","geometry":{"type":"LineString","coordinates":[[8.5326048826062,47.36480217979078],[8.532595782332752,47.36480065585913],[8.532541248164584,47.364788992971086],[8.53250622214693,47.36478151693222],[8.53250037795826,47.36477995315762],[8.532488558874284,47.36477690780187],[8.532473752558825,47.36477474527779],[8.53246761605424,47.36477313029918],[8.532394275655784,47.364755996500925],[8.532342442582031,47.36474369626802],[8.532282141604455,47.3647310084522],[8.53223330771354,47.36471969622208],[8.53219907779337,47.36471165485258],[8.532172059734922,47.364706018854186],[8.53214284003715,47.36469890150463],[8.532107729688773,47.36469053562376],[8.532109732195403,47.364686180998646],[8.532111061971039,47.364683883638556],[8.532115727074473,47.364673791879504],[8.532096608744013,47.36466924144225],[8.532060255681552,47.364661606925594],[8.532055824581732,47.364660515488374],[8.532035462326185,47.36465534715719],[8.532029159663711,47.36466757727323],[8.532026736383289,47.364672718459126],[8.532023083347609,47.36467212338301],[8.532012735347905,47.36467044031039],[8.53201032343758,47.36466968056616],[8.532004593101371,47.364668502480434],[8.531977457245134,47.36466293051814],[8.531965325144455,47.36466011295147],[8.53196329235016,47.36465976339435],[8.531921337802531,47.36465013096725],[8.531897332675083,47.36464486216981],[8.531884002160918,47.36464300043053]]},"properties":{"layer":"LKZ141EUMLU1","infraType":"fernwaerme","geomType":"pipe","source":"order_56634/SIA405_LKMap_2015_LV95.dxf","_dedupKey":"2682581.6,1246552.6|2682635.8,1246571.1","accuracyClass":1}},{"type":"Feature","geometry":{"type":"LineString","coordinates":[[8.53555569021607,47.364730357338104],[8.535591311782309,47.364742306388806],[8.535682156722398,47.364617301255656],[8.535670278350647,47.36461331229551],[8.535721306931164,47.36454016464546],[8.535715322904055,47.3645382425548],[8.535743679371079,47.36449760289404]]},"properties":{"layer":"LKZ141EUMLU0","infraType":"fernwaerme","geomType":"pipe","source":"order_56634/SIA405_LKMap_2015_LV95.dxf","_dedupKey":"2682858.8,1246566.2|2682873.4,1246540.5","accuracyClass":0}},{"type":"Feature","geometry":{"type":"LineString","coordinates":[[8.535460090311858,47.36484241850951],[8.535507651540653,47.36477767838863]]},"properties":{"layer":"LKZ141EUMLU0","infraType":"fernwaerme","geomType":"pipe","source":"order_56634/SIA405_LKMap_2015_LV95.dxf","_dedupKey":"2682851.4,1246578.6|2682855.1,1246571.4","accuracyClass":0}},{"type":"Feature","geometry":{"type":"LineString","coordinates":[[8.536496189359031,47.364924414464596],[8.536490845630913,47.36492272919634],[8.536474209412303,47.36491400911539],[8.536457071971915,47.36490730871285]]},"properties":{"layer":"LKZ141EUMLU0","infraType":"fernwaerme","geomType":"pipe","source":"order_56634/SIA405_LKMap_2015_LV95.dxf","_dedupKey":"2682926.6,1246586.8|2682929.6,1246588.8","accuracyClass":0}},{"type":"Feature","geometry":{"type":"LineString","coordinates":[[8.536554423603754,47.36521469243933],[8.536550946867436,47.36521944795087],[8.536539249166491,47.36523581341159],[8.536538155326998,47.36523734399235],[8.536535656235577,47.36523814133365],[8.53653450110229,47.36523798140673],[8.536491564771957,47.36522316975586],[8.536475050672433,47.36521781270434]]},"properties":{"layer":"LKZ141EUMLU1","infraType":"fernwaerme","geomType":"pipe","source":"order_56634/SIA405_LKMap_2015_LV95.dxf","_dedupKey":"2682927.5,1246621.4|2682933.5,1246621.1","accuracyClass":1}},{"type":"Feature","geometry":{"type":"LineString","coordinates":[[8.536584825379437,47.36495323789045],[8.536584573891373,47.36495452658947],[8.536582835070078,47.36495688186236],[8.536578713364111,47.364962462066714],[8.53654039297744,47.36501491734901],[8.536490629286941,47.365082593269904],[8.536421999039831,47.36517533811467],[8.536421680991733,47.36517660945558],[8.536429492253177,47.36520232433326],[8.536435179260964,47.365220035718686],[8.536440161915818,47.36522154451865],[8.536441961496248,47.36522213908352]]},"properties":{"layer":"LKZ141EUMLU1","infraType":"fernwaerme","geomType":"pipe","source":"order_56634/SIA405_LKMap_2015_LV95.dxf","_dedupKey":"2682925,1246621.8|2682936.2,1246592.1","accuracyClass":1}},{"type":"Feature","geometry":{"type":"LineString","coordinates":[[8.536441961496248,47.36522213908352],[8.536421036769953,47.36525141034454],[8.536391106975694,47.3652915074183],[8.536363847375048,47.36532818792791],[8.536318657483,47.36538847124356],[8.536268831791245,47.36545638151869],[8.536234087124502,47.365502488098954],[8.536206699845954,47.36554005130609],[8.536171349502656,47.36558761184205],[8.53613051767145,47.36564159302865],[8.536105822067597,47.36564784546578],[8.536092012032405,47.36565100806507],[8.536081761006296,47.36566369869814],[8.536073711121478,47.36567462335333],[8.536022734057134,47.3657432280836],[8.536016996380734,47.36575135125985],[8.536017238439133,47.36575603543775],[8.536020740520957,47.3657608685426],[8.536021543630584,47.36576257898694]]},"properties":{"layer":"LKZ141EUMLU1","infraType":"fernwaerme","geomType":"pipe","source":"order_56634/SIA405_LKMap_2015_LV95.dxf","_dedupKey":"2682892.4,1246681.5|2682925,1246621.8","accuracyClass":1}},{"type":"Feature","geometry":{"type":"LineString","coordinates":[[8.538422240613523,47.365529651887],[8.53891107162792,47.36507794515371],[8.539053780458188,47.36514851081935],[8.539061271099685,47.36515221741596]]},"properties":{"layer":"LKZ141EUMLU0","infraType":"fernwaerme","geomType":"pipe","source":"order_56634/SIA405_LKMap_2015_LV95.dxf","_dedupKey":"2683074.1,1246658.1|2683122.9,1246616.8","accuracyClass":0}},{"type":"Feature","geometry":{"type":"LineString","coordinates":[[8.534570590938797,47.364572183758014],[8.534560871596385,47.36458627245818],[8.53450249457522,47.3646691321186],[8.534455241509153,47.36473603672618],[8.534400658376653,47.3648141198812],[8.534346737153726,47.364890919414655],[8.534308613984377,47.3649440556977],[8.534296647220717,47.364960243576],[8.534295141784632,47.364964296684306],[8.534294837250844,47.36496687218877],[8.534292460325153,47.36498714284037],[8.534290569594608,47.36500337005318],[8.534290155027945,47.36500510105655],[8.53428919867278,47.36500688217572],[8.534286469156273,47.365010641061254]]},"properties":{"layer":"LKZ141EUMLU1","infraType":"fernwaerme","geomType":"pipe","source":"order_56634/SIA405_LKMap_2015_LV95.dxf","_dedupKey":"2682762.5,1246596|2682784.7,1246547.6","accuracyClass":1}},{"type":"Feature","geometry":{"type":"LineString","coordinates":[[8.534198229909965,47.365111234452506],[8.534195335271098,47.36510631457463],[8.534198154615243,47.36510177226064],[8.534213111683306,47.365080338835256],[8.534225167875327,47.36506270189789],[8.534234412968246,47.36504936432678],[8.53423708222023,47.36504589385932],[8.53423819016846,47.365045046799],[8.53423979908591,47.365044096039504],[8.534243570467812,47.36504207233209],[8.534246955277379,47.365040565015825],[8.534250571213306,47.365039352347054],[8.53426799835759,47.36503439260135],[8.53427025384917,47.36503333676076],[8.534272041613283,47.36503206947354],[8.534273531142018,47.36503046319959],[8.53427592574257,47.3650271572496]]},"properties":{"layer":"LKZ141EUMLU1","infraType":"fernwaerme","geomType":"pipe","source":"order_56634/SIA405_LKMap_2015_LV95.dxf","_dedupKey":"2682755.7,1246607.1|2682761.7,1246597.9","accuracyClass":1}},{"type":"Feature","geometry":{"type":"LineString","coordinates":[[8.535193492744156,47.36544448649226],[8.5352181261609,47.36540882067164],[8.535255361634405,47.36535954244706],[8.535284624738331,47.365319173157786],[8.535314300918703,47.36527893486504],[8.535337087242668,47.365247451314154],[8.53536727423558,47.365205660988025],[8.535367534264939,47.36520478598825],[8.535367674236761,47.36520386715277],[8.535366133117254,47.36520296428137],[8.535312086511594,47.36518351725159],[8.535301336325725,47.365179670457835]]},"properties":{"layer":"LKZ141EUMLU1","infraType":"fernwaerme","geomType":"pipe","source":"order_56634/SIA405_LKMap_2015_LV95.dxf","_dedupKey":"2682830.4,1246645.2|2682838.9,1246615.9","accuracyClass":1}},{"type":"Feature","geometry":{"type":"LineString","coordinates":[[8.536590639337632,47.365207250963536],[8.536720854471811,47.36525502758449],[8.536717783915375,47.36528143059296],[8.536707317613299,47.365293943428675],[8.53670424223935,47.3652976157093],[8.536695809221301,47.365308571039094],[8.536692294062112,47.36531210357819],[8.536688702259225,47.365315771773275],[8.53668676477615,47.36531748128465],[8.536685981487253,47.365318019446455],[8.536684762860386,47.36531863370862],[8.536683897000628,47.365319019737726],[8.536682925245138,47.36531940677361],[8.536679715245855,47.36532039977547],[8.536678371188144,47.36532070939459],[8.53667703870026,47.36532093794727],[8.53667555967957,47.36532112291727],[8.536674237835333,47.365321225436475],[8.53667291432398,47.36532124701502],[8.5366719073884,47.36532121161273],[8.536670846208313,47.36532111376008],[8.536670274610731,47.365321002257474],[8.536649956894728,47.365313531550235],[8.536634331493804,47.36530954233172],[8.53663189875679,47.365309061731296],[8.536629496939206,47.36530879672075],[8.53662637005233,47.365308682526106],[8.536623776348515,47.365308743165514],[8.536620975854387,47.36530904864024],[8.536618246175696,47.36530957832071],[8.536615630357346,47.36531049371049],[8.536614226412352,47.365311109733696],[8.536613011674536,47.365311912856505],[8.536607891145547,47.36531656706017],[8.536603075720656,47.36532189300003],[8.536600293403419,47.365325652443325]]},"properties":{"layer":"LKZ141EUMLU1","infraType":"fernwaerme","geomType":"pipe","source":"order_56634/SIA405_LKMap_2015_LV95.dxf","_dedupKey":"2682936.3,1246620.3|2682936.8,1246633.5","accuracyClass":1}},{"type":"Feature","geometry":{"type":"LineString","coordinates":[[8.536457368085902,47.36490690111576],[8.536474959468809,47.36491378610149],[8.536491195062602,47.36492233908264],[8.536496484917203,47.36492397988717],[8.53651497261574,47.364930028791505],[8.536551268216126,47.3649412605231],[8.536583865187277,47.364952257550996],[8.536584825379437,47.36495323789045]]},"properties":{"layer":"LKZ141EUMLU1","infraType":"fernwaerme","geomType":"pipe","source":"order_56634/SIA405_LKMap_2015_LV95.dxf","_dedupKey":"2682926.7,1246586.8|2682936.2,1246592.1","accuracyClass":1}},{"type":"Feature","geometry":{"type":"LineString","coordinates":[[8.534198229909965,47.365111234452506],[8.534205804734855,47.36511454477555],[8.534215661301255,47.36511807632203],[8.534262331276244,47.36513357300599],[8.534274110900743,47.36513726620715],[8.534344566683334,47.365160219068805],[8.534412963222435,47.36518282262455],[8.534493994773651,47.36520950698963],[8.534555401294112,47.36522955020175],[8.534592439807117,47.3651771077663]]},"properties":{"layer":"LKZ141EUMLU1","infraType":"fernwaerme","geomType":"pipe","source":"order_56634/SIA405_LKMap_2015_LV95.dxf","_dedupKey":"2682755.7,1246607.1|2682785.4,1246614.9","accuracyClass":1}},{"type":"Feature","geometry":{"type":"LineString","coordinates":[[8.534198229909965,47.365111234452506],[8.534187894442264,47.365114678694844],[8.534135639745026,47.365119267172325],[8.534094299275699,47.3651118515084],[8.534041858130497,47.365102211372424],[8.53394586235148,47.36508177632635],[8.533942983607858,47.365082784100494],[8.53393117975826,47.36510239754883],[8.533922595871969,47.3651157018384],[8.533918834464865,47.365120145137894],[8.53391548746667,47.36512478240054],[8.533913776658576,47.365127218322726]]},"properties":{"layer":"LKZ141EUMLU1","infraType":"fernwaerme","geomType":"pipe","source":"order_56634/SIA405_LKMap_2015_LV95.dxf","_dedupKey":"2682734.2,1246608.6|2682755.7,1246607.1","accuracyClass":1}},{"type":"Feature","geometry":{"type":"LineString","coordinates":[[8.53553910156583,47.36473487754919],[8.535545025076265,47.36472677961427],[8.53555569021607,47.364730357338104]]},"properties":{"layer":"LKZ141EUMLU0","infraType":"fernwaerme","geomType":"pipe","source":"order_56634/SIA405_LKMap_2015_LV95.dxf","_dedupKey":"2682857.6,1246566.7|2682858.8,1246566.2","accuracyClass":0}},{"type":"Feature","geometry":{"type":"LineString","coordinates":[[8.534551166801396,47.36522836704226],[8.53449387896876,47.36520967000129],[8.534412847417357,47.36518298563618],[8.534344450878095,47.36516038208036],[8.534273995095344,47.36513742921862],[8.534262215470813,47.36513373601744],[8.53421554549571,47.36511823933345],[8.534205688929289,47.36511470778695]]},"properties":{"layer":"LKZ141EUMLU1","infraType":"fernwaerme","geomType":"pipe","source":"order_56634/SIA405_LKMap_2015_LV95.dxf","_dedupKey":"2682756.3,1246607.5|2682782.2,1246620.5","accuracyClass":1}},{"type":"Feature","geometry":{"type":"LineString","coordinates":[[8.536560308228447,47.36520663979804],[8.536554423603754,47.36521469243933]]},"properties":{"layer":"LKZ141EUMLU0","infraType":"fernwaerme","geomType":"pipe","source":"order_56634/SIA405_LKMap_2015_LV95.dxf","_dedupKey":"2682933.5,1246621.1|2682934,1246620.2","accuracyClass":0}},{"type":"Feature","geometry":{"type":"LineString","coordinates":[[8.535564671370352,47.3647383137087],[8.535582443554961,47.36474434257167],[8.535585379204083,47.36474031184144],[8.535673288519334,47.364619337445575],[8.535661503545587,47.364615383577956],[8.535712493910372,47.3645423082563],[8.535706509883347,47.36454038616516],[8.535737695347944,47.364495680804545]]},"properties":{"layer":"LKZ141EUMLU0","infraType":"fernwaerme","geomType":"pipe","source":"order_56634/SIA405_LKMap_2015_LV95.dxf","_dedupKey":"2682859.5,1246567.1|2682872.9,1246540.3","accuracyClass":0}},{"type":"Feature","geometry":{"type":"LineString","coordinates":[[8.53289063767997,47.36486645957571],[8.532672401505485,47.36481949453558],[8.5326048826062,47.36480217979078]]},"properties":{"layer":"LKZ141EUMLU-","infraType":"fernwaerme","geomType":"pipe","source":"order_56634/SIA405_LKMap_2015_LV95.dxf","_dedupKey":"2682635.8,1246571.1|2682657.3,1246578.5","accuracyClass":null}},{"type":"Feature","geometry":{"type":"LineString","coordinates":[[8.534570235024631,47.36457225909673],[8.53457501956893,47.36457379684187],[8.534607574013547,47.36458340057704],[8.53464989630329,47.364596086896356],[8.53467449812672,47.364606539668095],[8.5347288644473,47.36462676653673],[8.534813752600526,47.364656895199744],[8.534907886034858,47.36468851019441],[8.534981903495705,47.36471149182425],[8.534989347449818,47.364713588991904],[8.534997443225626,47.364702960814554],[8.535000055579319,47.364699301970184]]},"properties":{"layer":"LKZ141EUMLU1","infraType":"fernwaerme","geomType":"pipe","source":"order_56634/SIA405_LKMap_2015_LV95.dxf","_dedupKey":"2682784.6,1246547.6|2682816.9,1246562.2","accuracyClass":1}},{"type":"Feature","geometry":{"type":"LineString","coordinates":[[8.535193492744156,47.36544448649226],[8.535169614065648,47.36543703134624],[8.535113622543047,47.36541894296796],[8.535059864305822,47.365401292113994],[8.535018569984716,47.36538776862782],[8.534827228753038,47.365323236629045],[8.534815453964576,47.36531913865579],[8.534709962103117,47.36528247715468],[8.534649593896827,47.36526142570783],[8.534589164619963,47.36524126532986],[8.534551166801396,47.36522836704226]]},"properties":{"layer":"LKZ141EUMLU1","infraType":"fernwaerme","geomType":"pipe","source":"order_56634/SIA405_LKMap_2015_LV95.dxf","_dedupKey":"2682782.2,1246620.5|2682830.4,1246645.2","accuracyClass":1}},{"type":"Feature","geometry":{"type":"LineString","coordinates":[[8.53540564299076,47.36500683640857],[8.535441818719635,47.36495497757148],[8.535432324946667,47.36493690650454],[8.535465933048664,47.36489088291635],[8.535426777370287,47.364877690077044],[8.535527257604059,47.364740926847226]]},"properties":{"layer":"LKZ141EUMLU0","infraType":"fernwaerme","geomType":"pipe","source":"order_56634/SIA405_LKMap_2015_LV95.dxf","_dedupKey":"2682847.1,1246596.8|2682856.7,1246567.4","accuracyClass":0}},{"type":"Feature","geometry":{"type":"LineString","coordinates":[[8.535530228238345,47.364746961371374],[8.535553906711566,47.364754994033746]]},"properties":{"layer":"LKZ141EUMLU0","infraType":"fernwaerme","geomType":"pipe","source":"order_56634/SIA405_LKMap_2015_LV95.dxf","_dedupKey":"2682856.9,1246568|2682858.6,1246568.9","accuracyClass":0}},{"type":"Feature","geometry":{"type":"LineString","coordinates":[[8.535527257604059,47.364740926847226],[8.53553316880535,47.36473287400571]]},"properties":{"layer":"LKZ141EUMLU0","infraType":"fernwaerme","geomType":"pipe","source":"order_56634/SIA405_LKMap_2015_LV95.dxf","_dedupKey":"2682856.7,1246567.4|2682857.1,1246566.5","accuracyClass":0}},{"type":"Feature","geometry":{"type":"LineString","coordinates":[[8.535507651540653,47.36477767838863],[8.535530228238345,47.364746961371374]]},"properties":{"layer":"LKZ141EUMLU0","infraType":"fernwaerme","geomType":"pipe","source":"order_56634/SIA405_LKMap_2015_LV95.dxf","_dedupKey":"2682855.1,1246571.4|2682856.9,1246568","accuracyClass":0}},{"type":"Feature","geometry":{"type":"LineString","coordinates":[[8.536721467324583,47.36528285278722],[8.53671100102309,47.365295365623304],[8.536707964433996,47.36529899255947],[8.536699440980628,47.36531005669133],[8.536695809097003,47.36531370727739],[8.536692152591337,47.36531744804914],[8.536689954999948,47.3653193849126],[8.536688753685288,47.365320196903745],[8.536687194602042,47.36532099430611],[8.53668611880319,47.365321472282865],[8.53668487110899,47.3653219608891],[8.536681279830882,47.36532308344835],[8.536679579856907,47.36532346841271],[8.53667794403015,47.36532375382037],[8.536676174351822,47.365323968539364],[8.536674535376022,47.365324101059166],[8.536672854466502,47.36532412603576],[8.536671516236238,47.36532407579294],[8.536669964362154,47.36532393762977],[8.536668648160202,47.36532367129362],[8.536648197147606,47.365316156877576],[8.536632997551623,47.36531227155253],[8.536630963590454,47.36531186811731],[8.536629039600037,47.36531166153008],[8.536626336666277,47.36531156129512],[8.536624193019085,47.365311617655784],[8.536621881181114,47.36531186451383],[8.536619810942536,47.36531227098777],[8.536617760238567,47.36531298311147],[8.536616881141452,47.36531336926595],[8.536616201895372,47.3653138164865],[8.53661140636342,47.36531817975532],[8.536606771996121,47.36532329708536],[8.536604080115158,47.365326947727006]]},"properties":{"layer":"LKZ141EUMLU1","infraType":"fernwaerme","geomType":"pipe","source":"order_56634/SIA405_LKMap_2015_LV95.dxf","_dedupKey":"2682937.1,1246633.6|2682946,1246628.9","accuracyClass":1}},{"type":"Feature","geometry":{"type":"LineString","coordinates":[[8.534668924449864,47.36513524707371],[8.534593977399975,47.36517783977333],[8.534568076733587,47.365213058732635],[8.534567259742682,47.36521646665518],[8.534567516312784,47.365220575007825],[8.53456874306252,47.36522486305233],[8.534570334826203,47.36522823012701],[8.534572088317137,47.3652310919381],[8.534574642791345,47.36523363131773],[8.534577580508207,47.365235492423686],[8.53458247718354,47.36523797359633],[8.534797993768104,47.365310902899814],[8.534801167466226,47.365312006167116],[8.534805768954714,47.36531493989],[8.534810177883939,47.36531881093691],[8.534813756398155,47.365322860773475],[8.534816033328955,47.36532735473151],[8.534816503499274,47.365334123623114],[8.53481621433708,47.365337445581076],[8.534815461248574,47.36534009730555],[8.534813657076215,47.36534249814679],[8.534794530435175,47.36536783014746],[8.534774763700758,47.365392295689475]]},"properties":{"layer":"LKZ141EUMLU1","infraType":"fernwaerme","geomType":"pipe","source":"order_56634/SIA405_LKMap_2015_LV95.dxf","_dedupKey":"2682791.2,1246610.3|2682798.8,1246639","accuracyClass":1}},{"type":"Feature","geometry":{"type":"LineString","coordinates":[[8.536600293403419,47.365325652443325],[8.536594342216336,47.36533368772878]]},"properties":{"layer":"LKZ141EUMLU0","infraType":"fernwaerme","geomType":"pipe","source":"order_56634/SIA405_LKMap_2015_LV95.dxf","_dedupKey":"2682936.3,1246634.4|2682936.8,1246633.5","accuracyClass":0}},{"type":"Feature","geometry":{"type":"LineString","coordinates":[[8.535239889390365,47.365142870041865],[8.535302956817535,47.36516448023597],[8.535293592201588,47.36517714439257],[8.535301336325725,47.365179670457835]]},"properties":{"layer":"LKZ141EUMLU0","infraType":"fernwaerme","geomType":"pipe","source":"order_56634/SIA405_LKMap_2015_LV95.dxf","_dedupKey":"2682834.3,1246611.7|2682838.9,1246615.9","accuracyClass":0}},{"type":"Feature","geometry":{"type":"LineString","coordinates":[[8.534570590938797,47.364572183758014],[8.53457513537219,47.364573633830084],[8.534607676579936,47.36458323769084],[8.534650025343156,47.36459592375887],[8.534674627351434,47.364606385524006],[8.534728993486997,47.36462660339917],[8.534813868403232,47.36465673218766],[8.534908001837346,47.364688347182266],[8.534982006061204,47.36471132893768],[8.534989223509783,47.36471335629427],[8.534997203298381,47.36470288213574],[8.534999815652094,47.36469922329144]]},"properties":{"layer":"LKZ141EUMLU1","infraType":"fernwaerme","geomType":"pipe","source":"order_56634/SIA405_LKMap_2015_LV95.dxf","_dedupKey":"2682784.7,1246547.6|2682816.9,1246562.2","accuracyClass":1}},{"type":"Feature","geometry":{"type":"LineString","coordinates":[[8.534668924449864,47.36513524707371],[8.535084319946343,47.365276512971874]]},"properties":{"layer":"LKZ141EUMLU0","infraType":"fernwaerme","geomType":"pipe","source":"order_56634/SIA405_LKMap_2015_LV95.dxf","_dedupKey":"2682791.2,1246610.3|2682822.4,1246626.4","accuracyClass":0}},{"type":"Feature","geometry":{"type":"LineString","coordinates":[[8.53391401658613,47.36512729700374],[8.533908318365276,47.365135419700046]]},"properties":{"layer":"LKZ141EUMLU0","infraType":"fernwaerme","geomType":"pipe","source":"order_56634/SIA405_LKMap_2015_LV95.dxf","_dedupKey":"2682733.8,1246609.5|2682734.2,1246608.6","accuracyClass":0}},{"type":"Feature","geometry":{"type":"LineString","coordinates":[[8.533973063534642,47.36508921820228],[8.533972210610036,47.36509216770815],[8.533970887489385,47.36509414120126],[8.533970327910458,47.3650946142566],[8.533968065136932,47.365094671697804],[8.533962827064483,47.36509361497215],[8.53395853195443,47.36509270222081],[8.533957360638711,47.36509239849916],[8.533953341286775,47.3650913751904],[8.533951184341825,47.36509078397626],[8.533929258606904,47.36508492918246],[8.533909417856394,47.36508067373959],[8.533905758674395,47.365079781940786],[8.53386115058579,47.36507055317551],[8.533823649450197,47.365063127991256],[8.533727840925161,47.36504213328957],[8.533700834296448,47.365036425576946],[8.533688212872091,47.36503428746657],[8.533682212982178,47.36503352579668],[8.533648857754855,47.36502554852166],[8.533562170019902,47.365007066805354],[8.533500145072006,47.36499427003368],[8.533445112431782,47.36498220751322],[8.533436103593043,47.364979981158385],[8.533350181773484,47.364962040728],[8.533309984590574,47.3649535525194],[8.53324292187934,47.364939130261604],[8.5331822769884,47.36492583450168],[8.533098876311927,47.36490880548794],[8.533054132629717,47.364899406789895],[8.532998786177181,47.36488946089375],[8.532932413793803,47.36487512186689],[8.53293017947837,47.36487463031365],[8.532926482646943,47.364873837787485],[8.532914315537031,47.36487125452561],[8.53289063767997,47.36486645957571]]},"properties":{"layer":"LKZ141EUMLU1","infraType":"fernwaerme","geomType":"pipe","source":"order_56634/SIA405_LKMap_2015_LV95.dxf","_dedupKey":"2682657.3,1246578.5|2682738.7,1246604.4","accuracyClass":1}},{"type":"Feature","geometry":{"type":"LineString","coordinates":[[8.536457368085902,47.36490690111576],[8.536445476910256,47.36490293934176]]},"properties":{"layer":"LKZ141EUMLU0","infraType":"fernwaerme","geomType":"pipe","source":"order_56634/SIA405_LKMap_2015_LV95.dxf","_dedupKey":"2682925.8,1246586.3|2682926.7,1246586.8","accuracyClass":0}},{"type":"Feature","geometry":{"type":"LineString","coordinates":[[8.534588272241946,47.36517595995378],[8.534594023680956,47.365167854708325]]},"properties":{"layer":"LKZ141EUMLU0","infraType":"fernwaerme","geomType":"pipe","source":"order_56634/SIA405_LKMap_2015_LV95.dxf","_dedupKey":"2682785.1,1246614.7|2682785.5,1246613.8","accuracyClass":0}},{"type":"Feature","geometry":{"type":"LineString","coordinates":[[8.53540564299076,47.36500683640857],[8.535381706720779,47.36499914797978]]},"properties":{"layer":"LKZ141EUMLU0","infraType":"fernwaerme","geomType":"pipe","source":"order_56634/SIA405_LKMap_2015_LV95.dxf","_dedupKey":"2682845.3,1246595.9|2682847.1,1246596.8","accuracyClass":0}},{"type":"Feature","geometry":{"type":"LineString","coordinates":[[8.53555569021607,47.364730357338104],[8.535567419578099,47.36471423454502]]},"properties":{"layer":"LKZ141EUMLU0","infraType":"fernwaerme","geomType":"pipe","source":"order_56634/SIA405_LKMap_2015_LV95.dxf","_dedupKey":"2682858.8,1246566.2|2682859.7,1246564.4","accuracyClass":0}},{"type":"Feature","geometry":{"type":"LineString","coordinates":[[8.536475050672433,47.36521781270434],[8.536461322172052,47.365213355672864],[8.536458852693345,47.36521301934072],[8.536446995562322,47.36521585758491],[8.536445487856701,47.365217221190804],[8.536441961496248,47.36522213908352]]},"properties":{"layer":"LKZ141EUMLU1","infraType":"fernwaerme","geomType":"pipe","source":"order_56634/SIA405_LKMap_2015_LV95.dxf","_dedupKey":"2682925,1246621.8|2682927.5,1246621.4","accuracyClass":1}},{"type":"Feature","geometry":{"type":"LineString","coordinates":[[8.535414456285764,47.36500470181487],[8.535390533252357,47.364997013262204]]},"properties":{"layer":"LKZ141EUMLU0","infraType":"fernwaerme","geomType":"pipe","source":"order_56634/SIA405_LKMap_2015_LV95.dxf","_dedupKey":"2682845.9,1246595.7|2682847.7,1246596.6","accuracyClass":0}},{"type":"Feature","geometry":{"type":"LineString","coordinates":[[8.536496189359031,47.364924414464596],[8.536502678310729,47.364926421666915],[8.536551152418117,47.364941423536884],[8.536582082926062,47.36495186071727],[8.536583682649317,47.36495239421381],[8.536584561568048,47.36495328537428],[8.536584321279438,47.36495447502006],[8.536582595139354,47.364956803186935],[8.536578473433366,47.364962383391244],[8.536540153046511,47.365014838673474],[8.536490389355784,47.365082514594235],[8.536421746241814,47.365175277551444],[8.536421416253122,47.36517661197203],[8.536429228255212,47.36520236282331],[8.536434943588747,47.365220163891166],[8.5364368753533,47.365220748204486]]},"properties":{"layer":"LKZ141EUMLU1","infraType":"fernwaerme","geomType":"pipe","source":"order_56634/SIA405_LKMap_2015_LV95.dxf","_dedupKey":"2682924.6,1246621.7|2682929.6,1246588.8","accuracyClass":1}},{"type":"Feature","geometry":{"type":"LineString","coordinates":[[8.534259489848457,47.36501141872884],[8.534262583460341,47.36500669390793],[8.534287275562672,47.3649725748957],[8.534295454564797,47.36496147823233],[8.534308374057064,47.36494397701751],[8.534346497226597,47.36489084073452],[8.534400418449795,47.36481404120117],[8.534455001582563,47.36473595804628],[8.534502254648858,47.3646690534388],[8.53456063167031,47.36458619377853],[8.534570235024631,47.36457225909673]]},"properties":{"layer":"LKZ141EUMLU1","infraType":"fernwaerme","geomType":"pipe","source":"order_56634/SIA405_LKMap_2015_LV95.dxf","_dedupKey":"2682760.5,1246596.1|2682784.6,1246547.6","accuracyClass":1}},{"type":"Feature","geometry":{"type":"LineString","coordinates":[[8.535197189792779,47.36511251202966],[8.535307210550055,47.36514793372574],[8.53540564299076,47.36500683640857]]},"properties":{"layer":"LKZ141EUMLU0","infraType":"fernwaerme","geomType":"pipe","source":"order_56634/SIA405_LKMap_2015_LV95.dxf","_dedupKey":"2682831.1,1246608.3|2682847.1,1246596.8","accuracyClass":0}},{"type":"Feature","geometry":{"type":"LineString","coordinates":[[8.535000055579319,47.364699301970184],[8.535005833562796,47.364691205445155]]},"properties":{"layer":"LKZ141EUMLU0","infraType":"fernwaerme","geomType":"pipe","source":"order_56634/SIA405_LKMap_2015_LV95.dxf","_dedupKey":"2682816.9,1246562.2|2682817.3,1246561.3","accuracyClass":0}},{"type":"Feature","geometry":{"type":"LineString","coordinates":[[8.535197189792779,47.36511251202966],[8.5352376779223,47.365057886781784]]},"properties":{"layer":"LKZ141EUMLU0","infraType":"fernwaerme","geomType":"pipe","source":"order_56634/SIA405_LKMap_2015_LV95.dxf","_dedupKey":"2682831.1,1246608.3|2682834.3,1246602.3","accuracyClass":0}},{"type":"Feature","geometry":{"type":"LineString","coordinates":[[8.535530228238345,47.364746961371374],[8.53553910156583,47.36473487754919]]},"properties":{"layer":"LKZ141EUMLU0","infraType":"fernwaerme","geomType":"pipe","source":"order_56634/SIA405_LKMap_2015_LV95.dxf","_dedupKey":"2682856.9,1246568|2682857.6,1246566.7","accuracyClass":0}},{"type":"Feature","geometry":{"type":"LineString","coordinates":[[8.535564671370352,47.3647383137087],[8.535576400731413,47.36472219091479]]},"properties":{"layer":"LKZ141EUMLU0","infraType":"fernwaerme","geomType":"pipe","source":"order_56634/SIA405_LKMap_2015_LV95.dxf","_dedupKey":"2682859.5,1246567.1|2682860.4,1246565.3","accuracyClass":0}},{"type":"Feature","geometry":{"type":"LineString","coordinates":[[8.534551166801396,47.36522836704226],[8.534557752400563,47.36521897657088],[8.534565266838177,47.36520839891931],[8.5345807837327,47.365186510375544],[8.534588272241946,47.36517595995378]]},"properties":{"layer":"LKZ141EUMLU1","infraType":"fernwaerme","geomType":"pipe","source":"order_56634/SIA405_LKMap_2015_LV95.dxf","_dedupKey":"2682782.2,1246620.5|2682785.1,1246614.7","accuracyClass":1}},{"type":"Feature","geometry":{"type":"LineString","coordinates":[[8.53553316880535,47.36473287400571],[8.535536259968683,47.36472867988676],[8.535564671370352,47.3647383137087]]},"properties":{"layer":"LKZ141EUMLU0","infraType":"fernwaerme","geomType":"pipe","source":"order_56634/SIA405_LKMap_2015_LV95.dxf","_dedupKey":"2682857.1,1246566.5|2682859.5,1246567.1","accuracyClass":0}},{"type":"Feature","geometry":{"type":"LineString","coordinates":[[8.53519285441315,47.36511607929579],[8.535310352337156,47.36515392165374],[8.535414456285764,47.36500470181487]]},"properties":{"layer":"LKZ141EUMLU0","infraType":"fernwaerme","geomType":"pipe","source":"order_56634/SIA405_LKMap_2015_LV95.dxf","_dedupKey":"2682830.8,1246608.7|2682847.7,1246596.6","accuracyClass":0}},{"type":"Feature","geometry":{"type":"LineString","coordinates":[[8.535527257604059,47.364740926847226],[8.53555093607415,47.36474895951021]]},"properties":{"layer":"LKZ141EUMLU0","infraType":"fernwaerme","geomType":"pipe","source":"order_56634/SIA405_LKMap_2015_LV95.dxf","_dedupKey":"2682856.7,1246567.4|2682858.4,1246568.3","accuracyClass":0}},{"type":"Feature","geometry":{"type":"LineString","coordinates":[[8.534681768309847,47.365139829649515],[8.534594950352062,47.365178154366085],[8.534559211093855,47.36522746315346],[8.534556341894739,47.36523151121575],[8.534587507451667,47.365243089082405],[8.534708556255035,47.36528428952865],[8.534817577289758,47.3653213133209],[8.534818170626842,47.365321838403595],[8.534818129513969,47.365322414483934],[8.53481030455771,47.36533269825906],[8.534805162989697,47.365339556394616],[8.534786076056617,47.36536488801698],[8.534777646978155,47.36537991797182],[8.534769484131036,47.36539051078615]]},"properties":{"layer":"LKZ141EUMLU1","infraType":"fernwaerme","geomType":"pipe","source":"order_56634/SIA405_LKMap_2015_LV95.dxf","_dedupKey":"2682792.2,1246610.8|2682798.4,1246638.8","accuracyClass":1}},{"type":"Feature","geometry":{"type":"LineString","coordinates":[[8.536016627120045,47.36576364215576],[8.536015935090685,47.3657621825204],[8.536012119485347,47.365756911631664],[8.536011791156605,47.36575060914483],[8.536018108025749,47.3657416798963],[8.53606909777622,47.36567304806208],[8.53607718626209,47.36566206906945],[8.536088457281714,47.36564811841714],[8.536104099119825,47.36564454262437],[8.536126845267033,47.3656387764612],[8.536166749028776,47.36558601844208],[8.536202086693576,47.36553848501351],[8.536229473789415,47.365500912814014],[8.536264218273953,47.36545479724171],[8.536314044155285,47.36538689596198],[8.536359247102995,47.36532660352884],[8.536386506706007,47.36528992302038],[8.536416410584518,47.36524985317956],[8.536437322631382,47.365220609025435],[8.536441067723494,47.3652153832181],[8.536443810159348,47.36521290147063],[8.53645847342355,47.36520938890081],[8.536460398520806,47.36520964945131],[8.53647671008537,47.36521545818822],[8.536493264265557,47.36522083284878],[8.536535760441497,47.36523548677041],[8.536536623152363,47.365234947854624],[8.536548333905657,47.36521857327496],[8.536551810456933,47.36521380877009]]},"properties":{"layer":"LKZ141EUMLU1","infraType":"fernwaerme","geomType":"pipe","source":"order_56634/SIA405_LKMap_2015_LV95.dxf","_dedupKey":"2682892,1246681.6|2682933.3,1246621","accuracyClass":1}},{"type":"Feature","geometry":{"type":"LineString","coordinates":[[8.53473128036803,47.364343099212036],[8.53469452176141,47.36439495437001],[8.53463920524674,47.364474681731934],[8.53459543967047,47.3645366869258],[8.534570590938797,47.364572183758014]]},"properties":{"layer":"LKZ141EUMLU1","infraType":"fernwaerme","geomType":"pipe","source":"order_56634/SIA405_LKMap_2015_LV95.dxf","_dedupKey":"2682784.7,1246547.6|2682797.2,1246522.3","accuracyClass":1}},{"type":"Feature","geometry":{"type":"LineString","coordinates":[[8.533973063534642,47.36508921820228],[8.533958596965956,47.36508491179776],[8.533945892890333,47.36508197393019],[8.533943198170073,47.36508291699296],[8.53393141950096,47.365102467236376],[8.533922835799489,47.365115780519396],[8.533919074577167,47.3651202328123],[8.533915727394216,47.365124861081554],[8.53391401658613,47.36512729700374]]},"properties":{"layer":"LKZ141EUMLU1","infraType":"fernwaerme","geomType":"pipe","source":"order_56634/SIA405_LKMap_2015_LV95.dxf","_dedupKey":"2682734.2,1246608.6|2682738.7,1246604.4","accuracyClass":1}},{"type":"Feature","geometry":{"type":"LineString","coordinates":[[8.535821846508084,47.36602359983601],[8.535827797888755,47.366015564592054],[8.535832287713665,47.36600920733704]]},"properties":{"layer":"LKZ141EUMLU1","infraType":"fernwaerme","geomType":"pipe","source":"order_56635/SIA405_LKMap_2015_LV95.dxf","_dedupKey":"2682876.9,1246710.3|2682877.7,1246708.7","accuracyClass":1}},{"type":"Feature","geometry":{"type":"LineString","coordinates":[[8.538789076683422,47.36580196774179],[8.538832575458946,47.36581703404753],[8.538951908084794,47.36585760777116],[8.539065830113664,47.36589582222224],[8.539070393160854,47.36589816246276],[8.539071352519766,47.36590294774393],[8.539073863687337,47.365904659883405],[8.539093506386788,47.36591980947432],[8.539109947646189,47.36593636582721],[8.53912622128723,47.36595955321044],[8.539137044848795,47.36598424974083],[8.539124166755455,47.36599984413418],[8.539049052714072,47.366076568978066],[8.539023885098327,47.36609843314525]]},"properties":{"layer":"LKZ141EUMLU1","infraType":"fernwaerme","geomType":"pipe","source":"order_56635/SIA405_LKMap_2015_LV95.dxf","_dedupKey":"2683101.4,1246688.8|2683118.6,1246722","accuracyClass":1}},{"type":"Feature","geometry":{"type":"LineString","coordinates":[[8.534753574654282,47.36542099345595],[8.534644657506986,47.36538387866537],[8.53460788463644,47.36543379095323],[8.534513181723149,47.36540157843836]]},"properties":{"layer":"LKZ141EUMLU0","infraType":"fernwaerme","geomType":"pipe","source":"order_56635/SIA405_LKMap_2015_LV95.dxf","_dedupKey":"2682779,1246639.7|2682797.2,1246642.1","accuracyClass":0}},{"type":"Feature","geometry":{"type":"LineString","coordinates":[[8.538751469594017,47.365675907946994],[8.538752370153972,47.365679128632436],[8.538765126020094,47.365722408789644],[8.538776965999924,47.36576108315069],[8.538782522901865,47.36577950628272],[8.538789076683422,47.36580196774179]]},"properties":{"layer":"LKZ141EUMLU1","infraType":"fernwaerme","geomType":"pipe","source":"order_56635/SIA405_LKMap_2015_LV95.dxf","_dedupKey":"2683098.7,1246674.7|2683101.4,1246688.8","accuracyClass":1}},{"type":"Feature","geometry":{"type":"LineString","coordinates":[[8.534513181723149,47.36540157843836],[8.534512528488825,47.36540135975789],[8.53450683562237,47.36539943484178],[8.534497462541221,47.365396240548115],[8.534490780414135,47.36539449592609],[8.534485868420044,47.36539320225574],[8.53448326805451,47.36539293908453],[8.534481144552085,47.36539397568639],[8.534474212834136,47.36540263183378],[8.534470732572304,47.365407225401135],[8.534457007296387,47.36542868315087],[8.534454606218892,47.36543167433512],[8.534448309984864,47.36543646552851],[8.534446661941944,47.36543615733995],[8.534439515110487,47.36543499281422],[8.53442736495758,47.365431312140345],[8.534424219397787,47.36543028955228]]},"properties":{"layer":"LKZ141EUMLU1","infraType":"fernwaerme","geomType":"pipe","source":"order_56635/SIA405_LKMap_2015_LV95.dxf","_dedupKey":"2682772.3,1246642.8|2682779,1246639.7","accuracyClass":1}},{"type":"Feature","geometry":{"type":"LineString","coordinates":[[8.534774763700758,47.365392295689475],[8.534753574654282,47.36542099345595]]},"properties":{"layer":"LKZ141EUMLU0","infraType":"fernwaerme","geomType":"pipe","source":"order_56635/SIA405_LKMap_2015_LV95.dxf","_dedupKey":"2682797.2,1246642.1|2682798.8,1246639","accuracyClass":0}},{"type":"Feature","geometry":{"type":"LineString","coordinates":[[8.534424219397787,47.36543028955228],[8.534412276972178,47.36542640901238]]},"properties":{"layer":"LKZ141EUMLU0","infraType":"fernwaerme","geomType":"pipe","source":"order_56635/SIA405_LKMap_2015_LV95.dxf","_dedupKey":"2682771.4,1246642.4|2682772.3,1246642.8","accuracyClass":0}},{"type":"Feature","geometry":{"type":"LineString","coordinates":[[8.534514867887372,47.36539923269276],[8.534499015411736,47.365393851091774],[8.534490416436254,47.365391602938956],[8.534484415273926,47.365391426007676],[8.534483927908607,47.365391547569175],[8.534480581796782,47.36539236189775],[8.534476161563386,47.36539566908159],[8.534467853971304,47.36540630822314],[8.534454154429008,47.365427729747665],[8.53445195959756,47.36543044912018],[8.534448519860492,47.36543250566792],[8.534446074970644,47.36543336541533],[8.53444417198539,47.36543353638904],[8.534440825354963,47.365433037428346],[8.534425596012555,47.36542834253198]]},"properties":{"layer":"LKZ141EUMLU1","infraType":"fernwaerme","geomType":"pipe","source":"order_56635/SIA405_LKMap_2015_LV95.dxf","_dedupKey":"2682772.4,1246642.6|2682779.2,1246639.5","accuracyClass":1}},{"type":"Feature","geometry":{"type":"LineString","coordinates":[[8.538488842840676,47.36559737188198],[8.5385920779801,47.36563358370071],[8.538668476126427,47.36565887006025],[8.538672035841051,47.365660068491934],[8.538675475308976,47.365661214097905],[8.538678051153063,47.36566285366855],[8.538678194908558,47.365666612277664],[8.53867486901166,47.3656709706301],[8.538644981502852,47.36571112186535],[8.538499631585626,47.36590532648648],[8.53831907364464,47.366147549501534],[8.538146642414814,47.36637432210371],[8.538133413951508,47.36639027952309],[8.538120906665153,47.36640589725425],[8.538118910050581,47.3664079491682],[8.538115239930516,47.366408460850884],[8.538094837907721,47.36640078430856],[8.538084384419607,47.366404283992985],[8.538082083298644,47.36640505249713],[8.538057847933173,47.366414368317784]]},"properties":{"layer":"LKZ141EUMLU1","infraType":"fernwaerme","geomType":"pipe","source":"order_56635/SIA405_LKMap_2015_LV95.dxf","_dedupKey":"2683045.2,1246756.1|2683079,1246665.7","accuracyClass":1}},{"type":"Feature","geometry":{"type":"LineString","coordinates":[[8.535999397154038,47.365773682555094],[8.535989810458194,47.36577040945482],[8.535971786572546,47.36576053311627],[8.53596476630121,47.36575651601648],[8.535949753810717,47.36574757354416],[8.535902010545215,47.3657211496196],[8.535871417427622,47.365705248989485],[8.535845121692402,47.36567943084022],[8.53577865873862,47.3656569176982],[8.535711244351097,47.36563384686114],[8.535653910324688,47.365614233322916],[8.535602417280298,47.36559666014953],[8.535550025644467,47.3655778811416],[8.53550963742578,47.36556014848425],[8.535467669772414,47.36554222392433],[8.53539909132593,47.36551468437289],[8.535347537676742,47.36549479990666],[8.53531537523001,47.36548369046257],[8.53529319862396,47.36547659697598],[8.535264555743595,47.36546666844385],[8.535252083398463,47.365462775031716],[8.535222688141298,47.365453600231454],[8.535193492744156,47.36544448649226]]},"properties":{"layer":"LKZ141EUMLU1","infraType":"fernwaerme","geomType":"pipe","source":"order_56635/SIA405_LKMap_2015_LV95.dxf","_dedupKey":"2682830.4,1246645.2|2682890.7,1246682.7","accuracyClass":1}},{"type":"Feature","geometry":{"type":"LineString","coordinates":[[8.536021543630584,47.36576257898694],[8.536038349443858,47.36575894716778],[8.5363264663138,47.36586545533081],[8.536755257690258,47.36602023361422],[8.5367731206533,47.36601650168551],[8.536785926121613,47.36602112937047]]},"properties":{"layer":"LKZ141EUMLU1","infraType":"fernwaerme","geomType":"pipe","source":"order_56635/SIA405_LKMap_2015_LV95.dxf","_dedupKey":"2682892.4,1246681.5|2682949.7,1246711","accuracyClass":1}},{"type":"Feature","geometry":{"type":"LineString","coordinates":[[8.535832287713665,47.36600920733704],[8.535843843904933,47.36601296546864],[8.535879271168222,47.366025078193324],[8.535914671417997,47.366037164178366],[8.535930894890818,47.36603353790887],[8.535946254224749,47.36603874409756],[8.53595013585269,47.3660401464428]]},"properties":{"layer":"LKZ141EUMLU1","infraType":"fernwaerme","geomType":"pipe","source":"order_56635/SIA405_LKMap_2015_LV95.dxf","_dedupKey":"2682877.7,1246708.7|2682886.6,1246712.2","accuracyClass":1}},{"type":"Feature","geometry":{"type":"LineString","coordinates":[[8.538401835929669,47.36556226476217],[8.538490251717706,47.36559763731492],[8.538592167113721,47.36563341194367],[8.538668591919517,47.36565870704437],[8.538672151634131,47.3656599054761],[8.538675631184336,47.365661068690585],[8.538678314223812,47.36566277020634],[8.53867846057737,47.36566665472302],[8.538675108948697,47.365671049301234],[8.538645221440019,47.36571120053652],[8.538499871523458,47.365905405157925],[8.53831931358329,47.36614762817337],[8.538146869302501,47.366374409895315],[8.538133640839241,47.366390367314665],[8.538121146790166,47.36640598491987],[8.538117975567705,47.366410143888444]]},"properties":{"layer":"LKZ141EUMLU1","infraType":"fernwaerme","geomType":"pipe","source":"order_56635/SIA405_LKMap_2015_LV95.dxf","_dedupKey":"2683049.7,1246755.7|2683072.5,1246661.7","accuracyClass":1}},{"type":"Feature","geometry":{"type":"LineString","coordinates":[[8.538401835929669,47.36556226476217],[8.538496805614175,47.36558930834489],[8.538598534381217,47.36562502177914],[8.538674732478094,47.36565023807852],[8.538678345326034,47.3656514449991],[8.538689765187295,47.365655006252226],[8.538726755944527,47.36566715718665],[8.538745813532861,47.3656732093038],[8.538751469594017,47.365675907946994]]},"properties":{"layer":"LKZ141EUMLU1","infraType":"fernwaerme","geomType":"pipe","source":"order_56635/SIA405_LKMap_2015_LV95.dxf","_dedupKey":"2683072.5,1246661.7|2683098.7,1246674.7","accuracyClass":1}},{"type":"Feature","geometry":{"type":"LineString","coordinates":[[8.538495770035155,47.36558852663263],[8.538598882317588,47.36562455971199],[8.538674848271146,47.365650075062675],[8.538678461119076,47.36565128198325],[8.538689880980312,47.36565484323632],[8.538726871737456,47.365666994170766],[8.538745942748372,47.3656730551552],[8.538751705819438,47.365675806750026],[8.538752634152619,47.36567909013705],[8.538765390018947,47.36572237029423],[8.538777229998962,47.365761044655265],[8.53878278690099,47.3657794677873],[8.538789299115468,47.36580183969064],[8.538792739523048,47.36580303026004],[8.53883894454562,47.36581899728583],[8.538915264150944,47.365844949874564],[8.538937143992941,47.365852387313815],[8.538971301891717,47.36586390851295],[8.539007084940927,47.36587590895213],[8.539044654772422,47.36588852201723],[8.539065972565899,47.36589566794714],[8.53907064262376,47.365898061139035],[8.539071602353976,47.365902864407],[8.539074920928485,47.36590520750984],[8.539089652998818,47.36591657195155],[8.539093715952783,47.36591969953552],[8.539110184057737,47.3659362736229],[8.539114862881965,47.365942939432145],[8.53912647149293,47.36595948786018],[8.539137267466419,47.36598413068237],[8.539124393828807,47.365999940917284],[8.539084846518953,47.36604033722669],[8.53904926673611,47.36607667488083],[8.539024359408234,47.36609832068418],[8.539018430134675,47.36609585853146],[8.53900637470261,47.36609101705749]]},"properties":{"layer":"LKZ141EUMLU1","infraType":"fernwaerme","geomType":"pipe","source":"order_56635/SIA405_LKMap_2015_LV95.dxf","_dedupKey":"2683079.6,1246664.7|2683117.3,1246721.1","accuracyClass":1}},{"type":"Feature","geometry":{"type":"LineString","coordinates":[[8.535832287713665,47.36600920733704],[8.535980910098207,47.36579854992276],[8.535991479606537,47.36578460594644],[8.535999397154038,47.365773682555094]]},"properties":{"layer":"LKZ141EUMLU1","infraType":"fernwaerme","geomType":"pipe","source":"order_56635/SIA405_LKMap_2015_LV95.dxf","_dedupKey":"2682877.7,1246708.7|2682890.7,1246682.7","accuracyClass":1}},{"type":"Feature","geometry":{"type":"LineString","coordinates":[[8.536803827229724,47.365998039490705],[8.536785926121613,47.36602112937047]]},"properties":{"layer":"LKZ141EUMLU1","infraType":"fernwaerme","geomType":"pipe","source":"order_56635/SIA405_LKMap_2015_LV95.dxf","_dedupKey":"2682949.7,1246711|2682951.1,1246708.5","accuracyClass":1}},{"type":"Feature","geometry":{"type":"LineString","coordinates":[[8.535999397154038,47.365773682555094],[8.536000568406143,47.36577205229763],[8.53600489230883,47.36576664110325],[8.536005515470405,47.365766041501665],[8.536009469747459,47.365765185369675],[8.536021543630584,47.36576257898694]]},"properties":{"layer":"LKZ141EUMLU1","infraType":"fernwaerme","geomType":"pipe","source":"order_56635/SIA405_LKMap_2015_LV95.dxf","_dedupKey":"2682890.7,1246682.7|2682892.4,1246681.5","accuracyClass":1}},{"type":"Feature","geometry":{"type":"LineString","coordinates":[[8.538401835929669,47.36556226476217],[8.538375002458729,47.36559900466388],[8.537912715922563,47.36618658008768],[8.537340832919801,47.36597888162896]]},"properties":{"layer":"LKZ141EUMLU0","infraType":"fernwaerme","geomType":"pipe","source":"order_56635/SIA405_LKMap_2015_LV95.dxf","_dedupKey":"2682991.7,1246706.9|2683072.5,1246661.7","accuracyClass":0}},{"type":"Feature","geometry":{"type":"LineString","coordinates":[[8.53805352405071,47.36638638955322],[8.53805956761037,47.366378344319614],[8.538106251638904,47.366316094155756],[8.538542266595474,47.3657347859403],[8.538548029308599,47.36572596976882],[8.53855380488577,47.36571713548412],[8.538554307771205,47.36571648304298],[8.538577934095024,47.365685368636896],[8.538599549659471,47.36565433634248],[8.538600857901018,47.36565229097554],[8.538600935469514,47.36564835035515],[8.53859582424102,47.365645106805715],[8.538589630111332,47.36564263815871],[8.538586096131569,47.36564140349872],[8.538484007344119,47.36560556754969],[8.538401835929669,47.36556226476217]]},"properties":{"layer":"LKZ141EUMLU1","infraType":"fernwaerme","geomType":"pipe","source":"order_56635/SIA405_LKMap_2015_LV95.dxf","_dedupKey":"2683044.9,1246753|2683072.5,1246661.7","accuracyClass":1}},{"type":"Feature","geometry":{"type":"LineString","coordinates":[[8.534769484131036,47.36539051078615],[8.534739793315435,47.36543070409607]]},"properties":{"layer":"LKZ141EUMLU0","infraType":"fernwaerme","geomType":"pipe","source":"order_56635/SIA405_LKMap_2015_LV95.dxf","_dedupKey":"2682796.1,1246643.2|2682798.4,1246638.8","accuracyClass":0}},{"type":"Feature","geometry":{"type":"LineString","coordinates":[[8.535380863222821,47.36661723198255],[8.535385948946894,47.366608944124934],[8.535393642447296,47.36659805888846],[8.535410388369153,47.36657412566657],[8.535416473171304,47.36656613415505],[8.535429080725708,47.36654891463559],[8.535821846508084,47.36602359983601]]},"properties":{"layer":"LKZ141EUMLU1","infraType":"fernwaerme","geomType":"pipe","source":"order_56635/SIA405_LKMap_2015_LV95.dxf","_dedupKey":"2682842.7,1246775.8|2682876.9,1246710.3","accuracyClass":1}},{"type":"Feature","geometry":{"type":"LineString","coordinates":[[8.534753574654282,47.36542099345595],[8.53474508631005,47.36543249786852]]},"properties":{"layer":"LKZ141EUMLU0","infraType":"fernwaerme","geomType":"pipe","source":"order_56635/SIA405_LKMap_2015_LV95.dxf","_dedupKey":"2682796.5,1246643.4|2682797.2,1246642.1","accuracyClass":0}},{"type":"Feature","geometry":{"type":"LineString","coordinates":[[8.536785926121613,47.36602112937047],[8.536887088621327,47.366057650259165],[8.536900481744595,47.36608694606621],[8.53744780197209,47.36628489576338]]},"properties":{"layer":"LKZ141EUMLU1","infraType":"fernwaerme","geomType":"pipe","source":"order_56635/SIA405_LKMap_2015_LV95.dxf","_dedupKey":"2682949.7,1246711|2682999.3,1246741","accuracyClass":1}},{"type":"Feature","geometry":{"type":"LineString","coordinates":[[8.53595013585269,47.3660401464428],[8.535961834056563,47.36604437096162]]},"properties":{"layer":"LKZ141EUMLU0","infraType":"fernwaerme","geomType":"pipe","source":"order_56635/SIA405_LKMap_2015_LV95.dxf","_dedupKey":"2682886.6,1246712.2|2682887.5,1246712.7","accuracyClass":0}},{"type":"Feature","geometry":{"type":"LineString","coordinates":[[8.537414016731486,47.36632870879322],[8.53744780197209,47.36628489576338]]},"properties":{"layer":"LKZ141EUMLU1","infraType":"fernwaerme","geomType":"pipe","source":"order_56636/SIA405_LKMap_2015_LV95.dxf","_dedupKey":"2682996.7,1246745.9|2682999.3,1246741","accuracyClass":1}},{"type":"Feature","geometry":{"type":"LineString","coordinates":[[8.538054329562907,47.3664132504299],[8.538055354600198,47.36641159455784],[8.538055629449698,47.366409514059335],[8.538054295058403,47.36640644142185],[8.538050969195416,47.366404386204636],[8.538046628750498,47.36640385183243],[8.53804199361039,47.366404435665245],[8.538038465183277,47.366406682062646],[8.538036958343113,47.36640872931291]]},"properties":{"layer":"LKZ141EUMLU1","infraType":"fernwaerme","geomType":"pipe","source":"order_56636/SIA405_LKMap_2015_LV95.dxf","_dedupKey":"2683043.6,1246755.4|2683044.9,1246755.9","accuracyClass":1}},{"type":"Feature","geometry":{"type":"LineString","coordinates":[[8.538054529419725,47.36641331149354],[8.538054644845387,47.36641313049152],[8.538056992884698,47.3664095010803],[8.53805939593331,47.36640404512776],[8.53806012913932,47.36639594250354],[8.538058651171676,47.36638783394285],[8.538057996605353,47.36638241609209],[8.538058539049869,47.36637982931723],[8.538059607692992,47.36637836192836]]},"properties":{"layer":"LKZ141EUMLU1","infraType":"fernwaerme","geomType":"pipe","source":"order_56636/SIA405_LKMap_2015_LV95.dxf","_dedupKey":"2683044.9,1246755.9|2683045.4,1246752.1","accuracyClass":1}},{"type":"Feature","geometry":{"type":"LineString","coordinates":[[8.53805352405071,47.36638638955322],[8.538072794103474,47.36639310540128],[8.538083619266947,47.36639735600812],[8.538087063035812,47.366398708479444],[8.538111654748803,47.36640795527175],[8.538117975567705,47.366410143888444]]},"properties":{"layer":"LKZ141EUMLU1","infraType":"fernwaerme","geomType":"pipe","source":"order_56636/SIA405_LKMap_2015_LV95.dxf","_dedupKey":"2683044.9,1246753|2683049.7,1246755.7","accuracyClass":1}},{"type":"Feature","geometry":{"type":"LineString","coordinates":[[8.538056648421303,47.36641398394932],[8.538061165415618,47.36640767132332],[8.538064560308387,47.36640408591743],[8.538068857606483,47.36640188617093],[8.538073083875712,47.366401378190545],[8.538077857000417,47.36640234920571],[8.538082502506994,47.36640419396617],[8.538102530177177,47.366411694171205],[8.538104604440763,47.36641404914709],[8.53810550856633,47.36641680205429],[8.538105603180341,47.36641946372114],[8.538103718076206,47.36642307073602],[8.538101038552114,47.36642667631836],[8.538093434278101,47.36643672434209],[8.538046672978865,47.36650036948276],[8.538013012956869,47.36654638531068],[8.538010631015378,47.3665496552371],[8.538019946123516,47.366568636306006],[8.53798047141298,47.36661903414475],[8.53785816038249,47.366774375352975],[8.537816709450777,47.36682654599453],[8.53774276378066,47.36691963000933]]},"properties":{"layer":"LKZ141EUMLU1","infraType":"fernwaerme","geomType":"pipe","source":"order_56636/SIA405_LKMap_2015_LV95.dxf","_dedupKey":"2683020.6,1246811.9|2683045.1,1246756","accuracyClass":1}},{"type":"Feature","geometry":{"type":"LineString","coordinates":[[8.538117975567705,47.366410143888444],[8.538104572572728,47.36642791099294],[8.538096981165491,47.36643794090403],[8.538050232735737,47.366501567933376],[8.538016572716057,47.36654758376227],[8.538014911660504,47.36654985735906],[8.538024254172088,47.36656888314255],[8.53798397971084,47.3666203050485],[8.537861655635778,47.366775655379755],[8.537820204706493,47.36682782602257],[8.537746129819269,47.366921064187025]]},"properties":{"layer":"LKZ141EUMLU1","infraType":"fernwaerme","geomType":"pipe","source":"order_56636/SIA405_LKMap_2015_LV95.dxf","_dedupKey":"2683020.9,1246812.1|2683049.7,1246755.7","accuracyClass":1}},{"type":"Feature","geometry":{"type":"LineString","coordinates":[[8.53744780197209,47.36628489576338],[8.53796472582211,47.366471843299514],[8.537978650850757,47.36647682000331],[8.53798364792421,47.36647580995543],[8.537988421888354,47.36647425332633],[8.53799246766388,47.36646884470468],[8.537997386424408,47.3664627531361],[8.538004304238212,47.366452801604986],[8.538009427511698,47.366445070969895],[8.538036708690383,47.36640882164101],[8.538047931736642,47.3663938458055],[8.53805352405071,47.36638638955322]]},"properties":{"layer":"LKZ141EUMLU1","infraType":"fernwaerme","geomType":"pipe","source":"order_56636/SIA405_LKMap_2015_LV95.dxf","_dedupKey":"2682999.3,1246741|2683044.9,1246753","accuracyClass":1}},{"type":"Feature","geometry":{"type":"LineString","coordinates":[[8.535366331569644,47.36663681750303],[8.535364512004728,47.36663975820723],[8.535364070800616,47.36664148047161],[8.535365247355452,47.36664782887406],[8.535367463181613,47.3666538525771],[8.535378757295325,47.36668154935316],[8.535383163723163,47.36669043969855],[8.535407144990494,47.36669899123793],[8.535433534986336,47.36670814056338],[8.535506622278692,47.36673274083759],[8.535581813534694,47.36675792375822],[8.53565287075279,47.36678166169676],[8.535743601357881,47.366812417830815],[8.535830813906559,47.36684077862377],[8.535907599688933,47.366866225036034],[8.535976690386216,47.366888965007824],[8.53601460808874,47.36690175565335],[8.536019298926533,47.366903231264175]]},"properties":{"layer":"LKZ141EUMLU1","infraType":"fernwaerme","geomType":"pipe","source":"order_56636/SIA405_LKMap_2015_LV95.dxf","_dedupKey":"2682841.6,1246778|2682890.5,1246808.3","accuracyClass":1}},{"type":"Feature","geometry":{"type":"LineString","coordinates":[[8.536019747886009,47.3669031730274],[8.536014723892652,47.36690159264021],[8.535976806190217,47.366888801994726],[8.535907715493098,47.366866062023014],[8.535830929710897,47.36684061561084],[8.53574371716243,47.36681225481799],[8.535652986557547,47.36678149868405],[8.535581929339621,47.366757760745536],[8.53550673808379,47.366732577824976],[8.535433650791607,47.366707977550874],[8.535407260795816,47.36669882822542],[8.535383386167108,47.36669031165402],[8.535379007694027,47.36668149300445],[8.535367713765217,47.36665380522179],[8.535365511546367,47.36664779937985],[8.535364335731577,47.36664148695099],[8.535364764623473,47.36663980977925],[8.535366571321116,47.366636887187546],[8.535379338866019,47.36661972012589],[8.535380863222821,47.36661723198255]]},"properties":{"layer":"LKZ141EUMLU1","infraType":"fernwaerme","geomType":"pipe","source":"order_56636/SIA405_LKMap_2015_LV95.dxf","_dedupKey":"2682842.7,1246775.8|2682890.5,1246808.3","accuracyClass":1}},{"type":"Feature","geometry":{"type":"LineString","coordinates":[[8.53214136644433,47.37901504358361],[8.532111177079372,47.37901784798033]]},"properties":{"layer":"LKZ141EUMLU1","infraType":"fernwaerme","geomType":"pipe","source":"order_56640/SIA405_LKMap_2015_LV95.dxf","_dedupKey":"2682576.5,1248150.9|2682578.8,1248150.7","accuracyClass":1}},{"type":"Feature","geometry":{"type":"LineString","coordinates":[[8.531512443889088,47.379279757637335],[8.531516389300053,47.37930424999047]]},"properties":{"layer":"LKZ141EUMLU-","infraType":"fernwaerme","geomType":"pipe","source":"order_56640/SIA405_LKMap_2015_LV95.dxf","_dedupKey":"2682530.9,1248179.4|2682531.2,1248182.2","accuracyClass":null}},{"type":"Feature","geometry":{"type":"LineString","coordinates":[[8.531512443889088,47.379279757637335],[8.531495560282659,47.37925075519853],[8.531490697240896,47.379242219864196],[8.531459322921185,47.379187241684946],[8.53160232137516,47.37914917078287],[8.531788585851277,47.379100192992496],[8.532085531228338,47.3790239375563],[8.532097247313322,47.37902116410415],[8.532111177079372,47.37901784798033]]},"properties":{"layer":"LKZ141EUMLU1","infraType":"fernwaerme","geomType":"pipe","source":"order_56640/SIA405_LKMap_2015_LV95.dxf","_dedupKey":"2682530.9,1248179.4|2682576.5,1248150.9","accuracyClass":1}},{"type":"Feature","geometry":{"type":"LineString","coordinates":[[8.532149329124339,47.37901586772139],[8.532151495952142,47.37903175957162]]},"properties":{"layer":"LKZ141EUMLU0","infraType":"fernwaerme","geomType":"pipe","source":"order_56640/SIA405_LKMap_2015_LV95.dxf","_dedupKey":"2682579.4,1248150.8|2682579.5,1248152.5","accuracyClass":0}},{"type":"Feature","geometry":{"type":"LineString","coordinates":[[8.53391312193882,47.37863712272959],[8.53392968630728,47.37863378140445],[8.53393478594033,47.37864543570438],[8.533921360373629,47.378648144597115],[8.533927696609553,47.37866262063553],[8.53409641231666,47.37862854846641],[8.534134846341315,47.37866671909292],[8.534140946276391,47.37868064865864],[8.53415340918081,47.37867813776716],[8.53419718356474,47.37872162781559],[8.534217859294198,47.378715360024465],[8.534223382706493,47.37872379003971],[8.534109997392115,47.37875988332808],[8.533978469878209,47.37880632200632],[8.533983324390041,47.37881249160466],[8.533859533440667,47.378861006620944],[8.533855591240728,47.378856699353086],[8.53380082871313,47.378879751303764],[8.533804771464743,47.378884085553516],[8.533718145643492,47.37892256932376],[8.53363312726538,47.3789625939464],[8.533622099929374,47.37895183236775],[8.533649077964162,47.37893904644702]]},"properties":{"layer":"LKZ141EUMLU0","infraType":"fernwaerme","geomType":"pipe","source":"order_56640/SIA405_LKMap_2015_LV95.dxf","_dedupKey":"2682692.8,1248143.8|2682713.2,1248110.5","accuracyClass":0}},{"type":"Feature","geometry":{"type":"LineString","coordinates":[[8.531111169295324,47.37962937928305],[8.531101576585005,47.37963431836519],[8.531035147497974,47.37966848032971],[8.53090435158729,47.379735345423896],[8.530895573474796,47.37972769262379],[8.530854840060904,47.379692915852836]]},"properties":{"layer":"LKZ141EUMLU1","infraType":"fernwaerme","geomType":"pipe","source":"order_56640/SIA405_LKMap_2015_LV95.dxf","_dedupKey":"2682480.6,1248224.7|2682500.1,1248217.9","accuracyClass":1}},{"type":"Feature","geometry":{"type":"LineString","coordinates":[[8.532149329124339,47.37901586772139],[8.53214136644433,47.37901504358361]]},"properties":{"layer":"LKZ141EUMLU-","infraType":"fernwaerme","geomType":"pipe","source":"order_56640/SIA405_LKMap_2015_LV95.dxf","_dedupKey":"2682578.8,1248150.7|2682579.4,1248150.8","accuracyClass":null}},{"type":"Feature","geometry":{"type":"LineString","coordinates":[[8.532166337725709,47.379003185515685],[8.53268359881205,47.37886019487943],[8.532824606878096,47.37882201536133],[8.53291258486652,47.37879970167459],[8.533046730050424,47.37876977244847],[8.533198579420093,47.37873784031351],[8.53335070628452,47.37870588735697],[8.533503254500225,47.37867446991162],[8.533655254141117,47.37864278760902],[8.533806794007088,47.37861065071198],[8.533937596068709,47.37858176858222]]},"properties":{"layer":"LKZ141EUMLU1","infraType":"fernwaerme","geomType":"pipe","source":"order_56640/SIA405_LKMap_2015_LV95.dxf","_dedupKey":"2682580.7,1248149.4|2682715.1,1248104.4","accuracyClass":1}},{"type":"Feature","geometry":{"type":"LineString","coordinates":[[8.531516021246595,47.379746777110796],[8.53157317917448,47.37972549363313]]},"properties":{"layer":"LKZ141EUMLU-","infraType":"fernwaerme","geomType":"pipe","source":"order_56640/SIA405_LKMap_2015_LV95.dxf","_dedupKey":"2682530.4,1248231.3|2682534.8,1248229","accuracyClass":null}},{"type":"Feature","geometry":{"type":"LineString","coordinates":[[8.532166337725709,47.379003185515685],[8.532149329124339,47.37901586772139]]},"properties":{"layer":"LKZ141EUMLU-","infraType":"fernwaerme","geomType":"pipe","source":"order_56640/SIA405_LKMap_2015_LV95.dxf","_dedupKey":"2682579.4,1248150.8|2682580.7,1248149.4","accuracyClass":null}},{"type":"Feature","geometry":{"type":"LineString","coordinates":[[8.531501806360023,47.37930348843828],[8.531475804435377,47.379283180583045]]},"properties":{"layer":"LKZ141EUMLU1","infraType":"fernwaerme","geomType":"pipe","source":"order_56640/SIA405_LKMap_2015_LV95.dxf","_dedupKey":"2682528.1,1248179.8|2682530.1,1248182.1","accuracyClass":1}},{"type":"Feature","geometry":{"type":"LineString","coordinates":[[8.531505087530542,47.379324649887906],[8.531501806360023,47.37930348843828]]},"properties":{"layer":"LKZ141EUMLU-","infraType":"fernwaerme","geomType":"pipe","source":"order_56640/SIA405_LKMap_2015_LV95.dxf","_dedupKey":"2682530.1,1248182.1|2682530.3,1248184.4","accuracyClass":null}},{"type":"Feature","geometry":{"type":"LineString","coordinates":[[8.531475804435377,47.379283180583045],[8.531466490095568,47.37927585672204],[8.531347488997142,47.37918222786724],[8.531234265793637,47.37909329366462],[8.531142817489407,47.37902195475715],[8.531086409059128,47.37897834018483],[8.531065131504699,47.37896172952873],[8.531084282585308,47.37895018759386],[8.531113034224035,47.37893151168892],[8.531227640601537,47.37885667685256],[8.531251259449343,47.3788408559334],[8.53136647194633,47.37876653693737],[8.53138895289052,47.37875270567806]]},"properties":{"layer":"LKZ141EUMLU1","infraType":"fernwaerme","geomType":"pipe","source":"order_56640/SIA405_LKMap_2015_LV95.dxf","_dedupKey":"2682522.4,1248120.7|2682528.1,1248179.8","accuracyClass":1}},{"type":"Feature","geometry":{"type":"LineString","coordinates":[[8.531144989784595,47.37962409414141],[8.531111169295324,47.37962937928305]]},"properties":{"layer":"LKZ141EUMLU0","infraType":"fernwaerme","geomType":"pipe","source":"order_56640/SIA405_LKMap_2015_LV95.dxf","_dedupKey":"2682500.1,1248217.9|2682502.6,1248217.3","accuracyClass":0}},{"type":"Feature","geometry":{"type":"LineString","coordinates":[[8.531501806360023,47.37930348843828],[8.531516389300053,47.37930424999047]]},"properties":{"layer":"LKZ141EUMLU-","infraType":"fernwaerme","geomType":"pipe","source":"order_56640/SIA405_LKMap_2015_LV95.dxf","_dedupKey":"2682530.1,1248182.1|2682531.2,1248182.2","accuracyClass":null}},{"type":"Feature","geometry":{"type":"LineString","coordinates":[[8.531518100533187,47.37974936602303],[8.531516021246595,47.379746777110796]]},"properties":{"layer":"LKZ141EUMLU-","infraType":"fernwaerme","geomType":"pipe","source":"order_56640/SIA405_LKMap_2015_LV95.dxf","_dedupKey":"2682530.4,1248231.3|2682530.6,1248231.6","accuracyClass":null}},{"type":"Feature","geometry":{"type":"LineString","coordinates":[[8.530843046449501,47.38000081311174],[8.530922653500044,47.37996796588571],[8.531518100533187,47.37974936602303]]},"properties":{"layer":"LKZ141EUMLU-","infraType":"fernwaerme","geomType":"pipe","source":"order_56640/SIA405_LKMap_2015_LV95.dxf","_dedupKey":"2682479.2,1248258.9|2682530.6,1248231.6","accuracyClass":null}},{"type":"Feature","geometry":{"type":"LineString","coordinates":[[8.53214136644433,47.37901504358361],[8.53213381217362,47.37899797939376]]},"properties":{"layer":"LKZ141EUMLU1","infraType":"fernwaerme","geomType":"pipe","source":"order_56640/SIA405_LKMap_2015_LV95.dxf","_dedupKey":"2682578.3,1248148.8|2682578.8,1248150.7","accuracyClass":1}},{"type":"Feature","geometry":{"type":"LineString","coordinates":[[8.53213381217362,47.37899797939376],[8.532117929598265,47.378971306295945],[8.532138518013644,47.378965930224034],[8.532158105323585,47.37896081548811],[8.532358703081558,47.378908237963806],[8.532320857233117,47.378825751242516]]},"properties":{"layer":"LKZ141EUMLU1","infraType":"fernwaerme","geomType":"pipe","source":"order_56640/SIA405_LKMap_2015_LV95.dxf","_dedupKey":"2682578.3,1248148.8|2682592.6,1248129.8","accuracyClass":1}},{"type":"Feature","geometry":{"type":"LineString","coordinates":[[8.532151495952142,47.37903175957162],[8.532176372342253,47.379056584485426],[8.532247419498079,47.379127513048466]]},"properties":{"layer":"LKZ141EUMLU0","infraType":"fernwaerme","geomType":"pipe","source":"order_56640/SIA405_LKMap_2015_LV95.dxf","_dedupKey":"2682579.5,1248152.5|2682586.6,1248163.3","accuracyClass":0}},{"type":"Feature","geometry":{"type":"LineString","coordinates":[[8.532247419498079,47.379127513048466],[8.532290013061811,47.37918192605767],[8.532098415942162,47.37927047967271],[8.532168648957756,47.37934883695803],[8.532194725153321,47.379395985381684],[8.532093134319288,47.37944293904589],[8.532080466165034,47.37943029488512],[8.532008208595162,47.37946369403245],[8.53200762965782,47.37947420580634],[8.531983463478173,47.379487234576054]]},"properties":{"layer":"LKZ141EUMLU0","infraType":"fernwaerme","geomType":"pipe","source":"order_56640/SIA405_LKMap_2015_LV95.dxf","_dedupKey":"2682566.1,1248203|2682586.6,1248163.3","accuracyClass":0}},{"type":"Feature","geometry":{"type":"LineString","coordinates":[[8.531516389300053,47.37930424999047],[8.531488955931154,47.37932586391983]]},"properties":{"layer":"LKZ141EUMLU0","infraType":"fernwaerme","geomType":"pipe","source":"order_56640/SIA405_LKMap_2015_LV95.dxf","_dedupKey":"2682529.1,1248184.5|2682531.2,1248182.2","accuracyClass":0}},{"type":"Feature","geometry":{"type":"LineString","coordinates":[[8.531488955931154,47.37932586391983],[8.53152044216725,47.37935206565921],[8.531474678098943,47.37937744204981],[8.53145058485807,47.379390802836745],[8.53149869662655,47.37943083470938],[8.531174771658193,47.37961043675348]]},"properties":{"layer":"LKZ141EUMLU1","infraType":"fernwaerme","geomType":"pipe","source":"order_56640/SIA405_LKMap_2015_LV95.dxf","_dedupKey":"2682504.9,1248215.8|2682529.1,1248184.5","accuracyClass":1}},{"type":"Feature","geometry":{"type":"LineString","coordinates":[[8.531505087530542,47.379324649887906],[8.531559299381767,47.379675072406755],[8.531565634623036,47.37971600320448],[8.53157317917448,47.37972549363313]]},"properties":{"layer":"LKZ141EUMLU-","infraType":"fernwaerme","geomType":"pipe","source":"order_56640/SIA405_LKMap_2015_LV95.dxf","_dedupKey":"2682530.3,1248184.4|2682534.8,1248229","accuracyClass":null}},{"type":"Feature","geometry":{"type":"LineString","coordinates":[[8.531174771658193,47.37961043675348],[8.531144989784595,47.37962409414141]]},"properties":{"layer":"LKZ141EUMLU0","infraType":"fernwaerme","geomType":"pipe","source":"order_56640/SIA405_LKMap_2015_LV95.dxf","_dedupKey":"2682502.6,1248217.3|2682504.9,1248215.8","accuracyClass":0}},{"type":"Feature","geometry":{"type":"LineString","coordinates":[[8.52455582305861,47.37962736552393],[8.524610544275093,47.37959815675191]]},"properties":{"layer":"LKZ141EUMLU1","infraType":"fernwaerme","geomType":"pipe","source":"order_56641/SIA405_LKMap_2015_LV95.dxf","_dedupKey":"2682005.1,1248210.8|2682009.2,1248207.6","accuracyClass":1}},{"type":"Feature","geometry":{"type":"LineString","coordinates":[[8.526876285273527,47.38005712910515],[8.527140929643698,47.379920581774954],[8.527349640724019,47.3798129045411],[8.527497845270755,47.37973644356884],[8.52754743302257,47.37978078979383],[8.527731374268456,47.37968588450865],[8.527702876675306,47.37963735470704],[8.527806251926423,47.379585494786554]]},"properties":{"layer":"LKZ141EUMLU1","infraType":"fernwaerme","geomType":"pipe","source":"order_56641/SIA405_LKMap_2015_LV95.dxf","_dedupKey":"2682179.6,1248261|2682250.6,1248209.5","accuracyClass":1}},{"type":"Feature","geometry":{"type":"LineString","coordinates":[[8.53083485065187,47.37967584322138],[8.530817548055218,47.37968519081602]]},"properties":{"layer":"LKZ141EUMLU0","infraType":"fernwaerme","geomType":"pipe","source":"order_56641/SIA405_LKMap_2015_LV95.dxf","_dedupKey":"2682477.8,1248223.8|2682479.1,1248222.7","accuracyClass":0}},{"type":"Feature","geometry":{"type":"LineString","coordinates":[[8.525343372018751,47.379250449957745],[8.525405557857775,47.37930419540003]]},"properties":{"layer":"LKZ141EUMLU1","infraType":"fernwaerme","geomType":"pipe","source":"order_56641/SIA405_LKMap_2015_LV95.dxf","_dedupKey":"2682065.1,1248169.7|2682069.7,1248175.7","accuracyClass":1}},{"type":"Feature","geometry":{"type":"LineString","coordinates":[[8.524590916596793,47.37958118759861],[8.524610544275093,47.37959815675191]]},"properties":{"layer":"LKZ141EUMLU1","infraType":"fernwaerme","geomType":"pipe","source":"order_56641/SIA405_LKMap_2015_LV95.dxf","_dedupKey":"2682007.8,1248205.7|2682009.2,1248207.6","accuracyClass":1}},{"type":"Feature","geometry":{"type":"LineString","coordinates":[[8.52396227689713,47.37942555226411],[8.52393784373708,47.379402151674576]]},"properties":{"layer":"LKZ141EUMLU1","infraType":"fernwaerme","geomType":"pipe","source":"order_56641/SIA405_LKMap_2015_LV95.dxf","_dedupKey":"2681958.7,1248185.1|2681960.5,1248187.7","accuracyClass":1}},{"type":"Feature","geometry":{"type":"LineString","coordinates":[[8.524610544275093,47.37959815675191],[8.524703829200789,47.37967877542378]]},"properties":{"layer":"LKZ141EUMLU1","infraType":"fernwaerme","geomType":"pipe","source":"order_56641/SIA405_LKMap_2015_LV95.dxf","_dedupKey":"2682009.2,1248207.6|2682016.2,1248216.6","accuracyClass":1}},{"type":"Feature","geometry":{"type":"LineString","coordinates":[[8.52446505017351,47.379870240980736],[8.524508316661606,47.37984949637674],[8.524485420346123,47.379827448711936],[8.524611333359845,47.379761671308785],[8.524648101968184,47.37974245393511]]},"properties":{"layer":"LKZ141EUMLU1","infraType":"fernwaerme","geomType":"pipe","source":"order_56641/SIA405_LKMap_2015_LV95.dxf","_dedupKey":"2681997.8,1248237.7|2682011.8,1248223.7","accuracyClass":1}},{"type":"Feature","geometry":{"type":"LineString","coordinates":[[8.5239741663758,47.37938314559049],[8.52398421207626,47.37937831079138],[8.524013142397061,47.379364375423144],[8.524033631693644,47.379383999128386],[8.524094182451195,47.37935231614483]]},"properties":{"layer":"LKZ141EUMLU1","infraType":"fernwaerme","geomType":"pipe","source":"order_56641/SIA405_LKMap_2015_LV95.dxf","_dedupKey":"2681961.5,1248183|2681970.6,1248179.7","accuracyClass":1}},{"type":"Feature","geometry":{"type":"LineString","coordinates":[[8.52446505017351,47.379870240980736],[8.524394187069936,47.37980203151798],[8.524361727501159,47.37981760127572],[8.524157046750776,47.37962148857947]]},"properties":{"layer":"LKZ141EUMLU1","infraType":"fernwaerme","geomType":"pipe","source":"order_56641/SIA405_LKMap_2015_LV95.dxf","_dedupKey":"2681975,1248209.7|2681997.8,1248237.7","accuracyClass":1}},{"type":"Feature","geometry":{"type":"LineString","coordinates":[[8.527258811783962,47.37955708511595],[8.527220467643644,47.37952310312378]]},"properties":{"layer":"LKZ141EUMLU1","infraType":"fernwaerme","geomType":"pipe","source":"order_56641/SIA405_LKMap_2015_LV95.dxf","_dedupKey":"2682206.4,1248202|2682209.3,1248205.8","accuracyClass":1}},{"type":"Feature","geometry":{"type":"LineString","coordinates":[[8.5239741663758,47.37938314559049],[8.52393784373708,47.379402151674576]]},"properties":{"layer":"LKZ141EUMLU1","infraType":"fernwaerme","geomType":"pipe","source":"order_56641/SIA405_LKMap_2015_LV95.dxf","_dedupKey":"2681958.7,1248185.1|2681961.5,1248183","accuracyClass":1}},{"type":"Feature","geometry":{"type":"LineString","coordinates":[[8.52681692782843,47.37891678486569],[8.52685190980456,47.37894698473749]]},"properties":{"layer":"LKZ141EUMLU1","infraType":"fernwaerme","geomType":"pipe","source":"order_56641/SIA405_LKMap_2015_LV95.dxf","_dedupKey":"2682176.9,1248134.1|2682179.5,1248137.5","accuracyClass":1}},{"type":"Feature","geometry":{"type":"LineString","coordinates":[[8.527806251926423,47.379585494786554],[8.527843271006551,47.37956693066363],[8.527872241067456,47.3795523912736],[8.527991111903743,47.379488295651605],[8.528668313130856,47.379147901353086],[8.528865224464635,47.37904892296643],[8.52906428131704,47.378951929891954],[8.529021823237665,47.37891173571459],[8.529101440376712,47.37887293486935],[8.529149759767352,47.3789154573926],[8.529480852307795,47.378751417846566],[8.5295135981782,47.37873182310499],[8.530266181527093,47.37835894554682],[8.530279946898196,47.3783521320963]]},"properties":{"layer":"LKZ141EUMLU1","infraType":"fernwaerme","geomType":"pipe","source":"order_56641/SIA405_LKMap_2015_LV95.dxf","_dedupKey":"2682250.6,1248209.5|2682439.3,1248075","accuracyClass":1}},{"type":"Feature","geometry":{"type":"LineString","coordinates":[[8.53083485065187,47.37967584322138],[8.530852153242447,47.37966649562416]]},"properties":{"layer":"LKZ141EUMLU0","infraType":"fernwaerme","geomType":"pipe","source":"order_56641/SIA405_LKMap_2015_LV95.dxf","_dedupKey":"2682479.1,1248222.7|2682480.4,1248221.7","accuracyClass":0}},{"type":"Feature","geometry":{"type":"LineString","coordinates":[[8.525293760699734,47.379276930480046],[8.525343372018751,47.379250449957745]]},"properties":{"layer":"LKZ141EUMLU1","infraType":"fernwaerme","geomType":"pipe","source":"order_56641/SIA405_LKMap_2015_LV95.dxf","_dedupKey":"2682061.3,1248172.6|2682065.1,1248169.7","accuracyClass":1}},{"type":"Feature","geometry":{"type":"LineString","coordinates":[[8.524648101968184,47.37974245393511],[8.524681136387423,47.37972520560197]]},"properties":{"layer":"LKZ141EUMLU1","infraType":"fernwaerme","geomType":"pipe","source":"order_56641/SIA405_LKMap_2015_LV95.dxf","_dedupKey":"2682011.8,1248223.7|2682014.4,1248221.8","accuracyClass":1}},{"type":"Feature","geometry":{"type":"LineString","coordinates":[[8.524681136387423,47.37972520560197],[8.524656929008144,47.37970380894785],[8.524703829200789,47.37967877542378]]},"properties":{"layer":"LKZ141EUMLU1","infraType":"fernwaerme","geomType":"pipe","source":"order_56641/SIA405_LKMap_2015_LV95.dxf","_dedupKey":"2682014.4,1248221.8|2682016.2,1248216.6","accuracyClass":1}},{"type":"Feature","geometry":{"type":"LineString","coordinates":[[8.524135435430194,47.37933090696594],[8.524221876059723,47.379286216586756]]},"properties":{"layer":"LKZ141EUMLU1","infraType":"fernwaerme","geomType":"pipe","source":"order_56641/SIA405_LKMap_2015_LV95.dxf","_dedupKey":"2681973.8,1248177.4|2681980.4,1248172.5","accuracyClass":1}},{"type":"Feature","geometry":{"type":"LineString","coordinates":[[8.524092802516341,47.379293663048884],[8.524135435430194,47.37933090696594]]},"properties":{"layer":"LKZ141EUMLU1","infraType":"fernwaerme","geomType":"pipe","source":"order_56641/SIA405_LKMap_2015_LV95.dxf","_dedupKey":"2681970.6,1248173.2|2681973.8,1248177.4","accuracyClass":1}},{"type":"Feature","geometry":{"type":"LineString","coordinates":[[8.524094182451195,47.37935231614483],[8.524135435430194,47.37933090696594]]},"properties":{"layer":"LKZ141EUMLU1","infraType":"fernwaerme","geomType":"pipe","source":"order_56641/SIA405_LKMap_2015_LV95.dxf","_dedupKey":"2681970.6,1248179.7|2681973.8,1248177.4","accuracyClass":1}},{"type":"Feature","geometry":{"type":"LineString","coordinates":[[8.526746582725824,47.37992227288226],[8.526676190139543,47.37986039291603],[8.527258811783962,47.37955708511595]]},"properties":{"layer":"LKZ141EUMLU1","infraType":"fernwaerme","geomType":"pipe","source":"order_56641/SIA405_LKMap_2015_LV95.dxf","_dedupKey":"2682170,1248245.9|2682209.3,1248205.8","accuracyClass":1}},{"type":"Feature","geometry":{"type":"LineString","coordinates":[[8.524035284022055,47.37965436738641],[8.524139722068586,47.37960769996697],[8.524157046750776,47.37962148857947]]},"properties":{"layer":"LKZ141EUMLU1","infraType":"fernwaerme","geomType":"pipe","source":"order_56641/SIA405_LKMap_2015_LV95.dxf","_dedupKey":"2681965.7,1248213.2|2681975,1248209.7","accuracyClass":1}},{"type":"Feature","geometry":{"type":"LineString","coordinates":[[8.52392610084879,47.37937241624458],[8.52393784373708,47.379402151674576]]},"properties":{"layer":"LKZ141EUMLU1","infraType":"fernwaerme","geomType":"pipe","source":"order_56641/SIA405_LKMap_2015_LV95.dxf","_dedupKey":"2681957.9,1248181.8|2681958.7,1248185.1","accuracyClass":1}},{"type":"Feature","geometry":{"type":"LineString","coordinates":[[8.530854840060904,47.379692915852836],[8.53083485065187,47.37967584322138]]},"properties":{"layer":"LKZ141EUMLU0","infraType":"fernwaerme","geomType":"pipe","source":"order_56641/SIA405_LKMap_2015_LV95.dxf","_dedupKey":"2682479.1,1248222.7|2682480.6,1248224.7","accuracyClass":0}},{"type":"Feature","geometry":{"type":"LineString","coordinates":[[8.523354332106601,47.378899948542724],[8.523450897285281,47.37899288769076]]},"properties":{"layer":"LKZ141EUMLU1","infraType":"fernwaerme","geomType":"pipe","source":"order_56641/SIA405_LKMap_2015_LV95.dxf","_dedupKey":"2681915.4,1248128.7|2681922.6,1248139.1","accuracyClass":1}},{"type":"Feature","geometry":{"type":"LineString","coordinates":[[8.523450897285281,47.37899288769076],[8.523436562390527,47.37898283085096],[8.523371301069455,47.379014053999306]]},"properties":{"layer":"LKZ141EUMLU1","infraType":"fernwaerme","geomType":"pipe","source":"order_56641/SIA405_LKMap_2015_LV95.dxf","_dedupKey":"2681916.6,1248141.4|2681922.6,1248139.1","accuracyClass":1}},{"type":"Feature","geometry":{"type":"LineString","coordinates":[[8.52685190980456,47.37894698473749],[8.526064136809563,47.3793680068913],[8.525766664921177,47.37911120789429],[8.525480845176292,47.3792639716171],[8.525435754376227,47.37928807993905]]},"properties":{"layer":"LKZ141EUMLU1","infraType":"fernwaerme","geomType":"pipe","source":"order_56641/SIA405_LKMap_2015_LV95.dxf","_dedupKey":"2682072,1248174|2682179.5,1248137.5","accuracyClass":1}},{"type":"Feature","geometry":{"type":"LineString","coordinates":[[8.52392610084879,47.37937241624458],[8.523916875197566,47.37936354379338],[8.52387070580117,47.37931910995198],[8.523816724383158,47.37934498323729],[8.523450897285281,47.37899288769076]]},"properties":{"layer":"LKZ141EUMLU1","infraType":"fernwaerme","geomType":"pipe","source":"order_56641/SIA405_LKMap_2015_LV95.dxf","_dedupKey":"2681922.6,1248139.1|2681957.9,1248181.8","accuracyClass":1}},{"type":"Feature","geometry":{"type":"LineString","coordinates":[[8.524681136387423,47.37972520560197],[8.524708955284872,47.379710668842456]]},"properties":{"layer":"LKZ141EUMLU1","infraType":"fernwaerme","geomType":"pipe","source":"order_56641/SIA405_LKMap_2015_LV95.dxf","_dedupKey":"2682014.4,1248221.8|2682016.5,1248220.2","accuracyClass":1}},{"type":"Feature","geometry":{"type":"LineString","coordinates":[[8.524703829200789,47.37967877542378],[8.525405557857775,47.37930419540003]]},"properties":{"layer":"LKZ141EUMLU1","infraType":"fernwaerme","geomType":"pipe","source":"order_56641/SIA405_LKMap_2015_LV95.dxf","_dedupKey":"2682016.2,1248216.6|2682069.7,1248175.7","accuracyClass":1}},{"type":"Feature","geometry":{"type":"LineString","coordinates":[[8.525405557857775,47.37930419540003],[8.525435754376227,47.37928807993905]]},"properties":{"layer":"LKZ141EUMLU1","infraType":"fernwaerme","geomType":"pipe","source":"order_56641/SIA405_LKMap_2015_LV95.dxf","_dedupKey":"2682069.7,1248175.7|2682072,1248174","accuracyClass":1}},{"type":"Feature","geometry":{"type":"LineString","coordinates":[[8.524157046750776,47.37962148857947],[8.524096700359545,47.3795591798474],[8.524076035265042,47.379536130671305],[8.524054202038482,47.37951359619266],[8.523967571379757,47.379430620736166],[8.52396227689713,47.37942555226411]]},"properties":{"layer":"LKZ141EUMLU1","infraType":"fernwaerme","geomType":"pipe","source":"order_56641/SIA405_LKMap_2015_LV95.dxf","_dedupKey":"2681960.5,1248187.7|2681975,1248209.7","accuracyClass":1}},{"type":"Feature","geometry":{"type":"LineString","coordinates":[[8.524051844685683,47.37931525833693],[8.524094182451195,47.37935231614483]]},"properties":{"layer":"LKZ141EUMLU1","infraType":"fernwaerme","geomType":"pipe","source":"order_56641/SIA405_LKMap_2015_LV95.dxf","_dedupKey":"2681967.5,1248175.6|2681970.6,1248179.7","accuracyClass":1}},{"type":"Feature","geometry":{"type":"LineString","coordinates":[[8.523905799787395,47.37938219574259],[8.52387302969785,47.3793682013812],[8.523867101948353,47.37937105454406]]},"properties":{"layer":"LKZ141EUMLU-","infraType":"fernwaerme","geomType":"pipe","source":"order_56641/SIA405_LKMap_2015_LV95.dxf","_dedupKey":"2681953.4,1248181.6|2681956.4,1248182.8","accuracyClass":null}},{"type":"Feature","geometry":{"type":"LineString","coordinates":[[8.523995844454392,47.379403918501886],[8.524009509552517,47.37939733163093],[8.523984451783608,47.37934651085115]]},"properties":{"layer":"LKZ141EUMLU-","infraType":"fernwaerme","geomType":"pipe","source":"order_56641/SIA405_LKMap_2015_LV95.dxf","_dedupKey":"2681962.3,1248179|2681963.1,1248185.3","accuracyClass":null}},{"type":"Feature","geometry":{"type":"LineString","coordinates":[[8.525972502881793,47.38044139169232],[8.525979941130407,47.3804476632297],[8.525978867131686,47.38044824902504],[8.525945246911085,47.380466645617034]]},"properties":{"layer":"LKZ141EUMLU1","infraType":"fernwaerme","geomType":"pipe","source":"order_56642/SIA405_LKMap_2015_LV95.dxf","_dedupKey":"2682108.7,1248305.5|2682110.8,1248302.8","accuracyClass":1}},{"type":"Feature","geometry":{"type":"LineString","coordinates":[[8.526688422651644,47.380154048846926],[8.526721434894675,47.380138976952566],[8.526777558662337,47.38018952253239]]},"properties":{"layer":"LKZ141EUMLU1","infraType":"fernwaerme","geomType":"pipe","source":"order_56642/SIA405_LKMap_2015_LV95.dxf","_dedupKey":"2682165.3,1248271.6|2682172,1248275.6","accuracyClass":1}},{"type":"Feature","geometry":{"type":"LineString","coordinates":[[8.526831526538627,47.37999696869098],[8.526808385849028,47.37997662385515],[8.526746582725824,47.37992227288226]]},"properties":{"layer":"LKZ141EUMLU1","infraType":"fernwaerme","geomType":"pipe","source":"order_56642/SIA405_LKMap_2015_LV95.dxf","_dedupKey":"2682170,1248245.9|2682176.3,1248254.2","accuracyClass":1}},{"type":"Feature","geometry":{"type":"LineString","coordinates":[[8.525945246911085,47.380466645617034],[8.525939021614924,47.38046140609321],[8.525934291546548,47.380457402815544]]},"properties":{"layer":"LKZ141EUMLU1","infraType":"fernwaerme","geomType":"pipe","source":"order_56642/SIA405_LKMap_2015_LV95.dxf","_dedupKey":"2682107.9,1248304.5|2682108.7,1248305.5","accuracyClass":1}},{"type":"Feature","geometry":{"type":"LineString","coordinates":[[8.52553145633832,47.38071907409507],[8.525539049148364,47.38067642884415],[8.525556135223667,47.38067783323882],[8.525653133245104,47.38068580775296],[8.525701046555566,47.380661079130775],[8.525673015621264,47.380636012684775],[8.525719946090861,47.38061179702767],[8.52574797703451,47.38063686346241],[8.525778696282819,47.3806210218536],[8.525843602678203,47.38058989965115],[8.525986792261588,47.38051603348741]]},"properties":{"layer":"LKZ141EUMLU1","infraType":"fernwaerme","geomType":"pipe","source":"order_56642/SIA405_LKMap_2015_LV95.dxf","_dedupKey":"2682077,1248333.2|2682111.7,1248311.1","accuracyClass":1}},{"type":"Feature","geometry":{"type":"LineString","coordinates":[[8.524387670296125,47.3805521582685],[8.524367639102264,47.380536847970426]]},"properties":{"layer":"LKZ141EUMLU0","infraType":"fernwaerme","geomType":"pipe","source":"order_56642/SIA405_LKMap_2015_LV95.dxf","_dedupKey":"2681989.4,1248311.7|2681990.9,1248313.4","accuracyClass":0}},{"type":"Feature","geometry":{"type":"LineString","coordinates":[[8.524304775666662,47.38039914808765],[8.52432450133747,47.38041441629241],[8.524259052800797,47.38045341344345],[8.524302742975213,47.380487247211995]]},"properties":{"layer":"LKZ141EUMLU1","infraType":"fernwaerme","geomType":"pipe","source":"order_56642/SIA405_LKMap_2015_LV95.dxf","_dedupKey":"2681984.6,1248306.1|2681984.9,1248296.3","accuracyClass":1}},{"type":"Feature","geometry":{"type":"LineString","coordinates":[[8.525975889403565,47.380492487982316],[8.525965569073666,47.38049814409202],[8.525986792261588,47.38051603348741]]},"properties":{"layer":"LKZ141EUMLU1","infraType":"fernwaerme","geomType":"pipe","source":"order_56642/SIA405_LKMap_2015_LV95.dxf","_dedupKey":"2682111,1248308.4|2682111.7,1248311.1","accuracyClass":1}},{"type":"Feature","geometry":{"type":"LineString","coordinates":[[8.524903128553772,47.380322884861336],[8.524755038117704,47.38018555479099],[8.524605585117948,47.380046960036225],[8.52452457155013,47.37997131717086],[8.524478544692947,47.37993003051705],[8.524470912578243,47.37992268129422],[8.52450337236237,47.37990712049967],[8.52446505017351,47.379870240980736]]},"properties":{"layer":"LKZ141EUMLU1","infraType":"fernwaerme","geomType":"pipe","source":"order_56642/SIA405_LKMap_2015_LV95.dxf","_dedupKey":"2681997.8,1248237.7|2682030.2,1248288.5","accuracyClass":1}},{"type":"Feature","geometry":{"type":"LineString","coordinates":[[8.530843046449501,47.38000081311174],[8.5308091499591,47.37994876403745],[8.530802340691872,47.379938313127184],[8.530872280874947,47.37991648638694]]},"properties":{"layer":"LKZ141EUMLU-","infraType":"fernwaerme","geomType":"pipe","source":"order_56642/SIA405_LKMap_2015_LV95.dxf","_dedupKey":"2682479.2,1248258.9|2682481.6,1248249.5","accuracyClass":null}},{"type":"Feature","geometry":{"type":"LineString","coordinates":[[8.524493537698136,47.38063277577991],[8.524452861225472,47.38060127047349],[8.524427974604867,47.38061610342622],[8.524393043974289,47.38058905963543]]},"properties":{"layer":"LKZ141EUMLU1","infraType":"fernwaerme","geomType":"pipe","source":"order_56642/SIA405_LKMap_2015_LV95.dxf","_dedupKey":"2681991.3,1248317.5|2681998.8,1248322.5","accuracyClass":1}},{"type":"Feature","geometry":{"type":"LineString","coordinates":[[8.528842165760443,47.38074372015773],[8.52890021773385,47.380721368170484],[8.52979062001704,47.380388768886085]]},"properties":{"layer":"LKZ141EUMLU-","infraType":"fernwaerme","geomType":"pipe","source":"order_56642/SIA405_LKMap_2015_LV95.dxf","_dedupKey":"2682327,1248339.4|2682399.2,1248300.9","accuracyClass":null}},{"type":"Feature","geometry":{"type":"LineString","coordinates":[[8.524416936201469,47.38057482071752],[8.524387670296125,47.3805521582685]]},"properties":{"layer":"LKZ141EUMLU1","infraType":"fernwaerme","geomType":"pipe","source":"order_56642/SIA405_LKMap_2015_LV95.dxf","_dedupKey":"2681990.9,1248313.4|2681993.1,1248316","accuracyClass":1}},{"type":"Feature","geometry":{"type":"LineString","coordinates":[[8.527718655486561,47.38056636448545],[8.527729561335528,47.380562798557165]]},"properties":{"layer":"LKZ141EUMLU1","infraType":"fernwaerme","geomType":"pipe","source":"order_56642/SIA405_LKMap_2015_LV95.dxf","_dedupKey":"2682242.4,1248318.5|2682243.3,1248318.1","accuracyClass":1}},{"type":"Feature","geometry":{"type":"LineString","coordinates":[[8.52681593812212,47.3801876048703],[8.526871429338646,47.380240890875264],[8.526880425965624,47.38023656943255]]},"properties":{"layer":"LKZ141EUMLU1","infraType":"fernwaerme","geomType":"pipe","source":"order_56642/SIA405_LKMap_2015_LV95.dxf","_dedupKey":"2682174.9,1248275.4|2682179.7,1248280.9","accuracyClass":1}},{"type":"Feature","geometry":{"type":"LineString","coordinates":[[8.52479121810807,47.38034863763823],[8.524760261220393,47.3803684210728],[8.52465908901728,47.38043307551957],[8.524416936201469,47.38057482071752]]},"properties":{"layer":"LKZ141EUMLU1","infraType":"fernwaerme","geomType":"pipe","source":"order_56642/SIA405_LKMap_2015_LV95.dxf","_dedupKey":"2681993.1,1248316|2682021.7,1248291.2","accuracyClass":1}},{"type":"Feature","geometry":{"type":"LineString","coordinates":[[8.524416936201469,47.38057482071752],[8.524393043974289,47.38058905963543]]},"properties":{"layer":"LKZ141EUMLU1","infraType":"fernwaerme","geomType":"pipe","source":"order_56642/SIA405_LKMap_2015_LV95.dxf","_dedupKey":"2681991.3,1248317.5|2681993.1,1248316","accuracyClass":1}},{"type":"Feature","geometry":{"type":"LineString","coordinates":[[8.524379606177286,47.38059706563651],[8.524393043974289,47.38058905963543]]},"properties":{"layer":"LKZ141EUMLU1","infraType":"fernwaerme","geomType":"pipe","source":"order_56642/SIA405_LKMap_2015_LV95.dxf","_dedupKey":"2681990.3,1248318.4|2681991.3,1248317.5","accuracyClass":1}},{"type":"Feature","geometry":{"type":"LineString","coordinates":[[8.524311789822308,47.38059719925058],[8.524328515054806,47.38061014793065],[8.52436694432789,47.38058725404552],[8.524379606177286,47.38059706563651]]},"properties":{"layer":"LKZ141EUMLU1","infraType":"fernwaerme","geomType":"pipe","source":"order_56642/SIA405_LKMap_2015_LV95.dxf","_dedupKey":"2681985.1,1248318.3|2681990.3,1248318.4","accuracyClass":1}},{"type":"Feature","geometry":{"type":"LineString","coordinates":[[8.526887326400585,47.3801295886112],[8.527013673167408,47.38006440715876],[8.52722270746089,47.38025131683686],[8.527180522083901,47.380273086712656],[8.527350492877709,47.380438092353984],[8.527524686020458,47.38035597140255],[8.527539780743183,47.380370752004765],[8.527524551944701,47.38037792971896],[8.527678518279107,47.38057948892619],[8.52771762932195,47.38056669798314],[8.527718655486561,47.38056636448545]]},"properties":{"layer":"LKZ141EUMLU1","infraType":"fernwaerme","geomType":"pipe","source":"order_56642/SIA405_LKMap_2015_LV95.dxf","_dedupKey":"2682180.3,1248269|2682242.4,1248318.5","accuracyClass":1}},{"type":"Feature","geometry":{"type":"LineString","coordinates":[[8.525975889403565,47.380492487982316],[8.525945246911085,47.380466645617034]]},"properties":{"layer":"LKZ141EUMLU1","infraType":"fernwaerme","geomType":"pipe","source":"order_56642/SIA405_LKMap_2015_LV95.dxf","_dedupKey":"2682108.7,1248305.5|2682111,1248308.4","accuracyClass":1}},{"type":"Feature","geometry":{"type":"LineString","coordinates":[[8.526746582725824,47.37992227288226],[8.526769787838285,47.379910099816875]]},"properties":{"layer":"LKZ141EUMLU1","infraType":"fernwaerme","geomType":"pipe","source":"order_56642/SIA405_LKMap_2015_LV95.dxf","_dedupKey":"2682170,1248245.9|2682171.8,1248244.5","accuracyClass":1}},{"type":"Feature","geometry":{"type":"LineString","coordinates":[[8.526688422651644,47.380154048846926],[8.526876285273527,47.38005712910515]]},"properties":{"layer":"LKZ141EUMLU1","infraType":"fernwaerme","geomType":"pipe","source":"order_56642/SIA405_LKMap_2015_LV95.dxf","_dedupKey":"2682165.3,1248271.6|2682179.6,1248261","accuracyClass":1}},{"type":"Feature","geometry":{"type":"LineString","coordinates":[[8.52979062001704,47.380388768886085],[8.530774354533925,47.38002475087808],[8.530814525645905,47.38001075250119],[8.530843046449501,47.38000081311174]]},"properties":{"layer":"LKZ141EUMLU-","infraType":"fernwaerme","geomType":"pipe","source":"order_56642/SIA405_LKMap_2015_LV95.dxf","_dedupKey":"2682399.2,1248300.9|2682479.2,1248258.9","accuracyClass":null}},{"type":"Feature","geometry":{"type":"LineString","coordinates":[[8.524903128553772,47.380322884861336],[8.524877006548337,47.3803024327524],[8.524827043065123,47.38032728825222],[8.52479121810807,47.38034863763823]]},"properties":{"layer":"LKZ141EUMLU1","infraType":"fernwaerme","geomType":"pipe","source":"order_56642/SIA405_LKMap_2015_LV95.dxf","_dedupKey":"2682021.7,1248291.2|2682030.2,1248288.5","accuracyClass":1}},{"type":"Feature","geometry":{"type":"LineString","coordinates":[[8.52681593812212,47.3801876048703],[8.526882297856563,47.38015572178559],[8.526866385412902,47.38014044507571],[8.526887326400585,47.3801295886112]]},"properties":{"layer":"LKZ141EUMLU1","infraType":"fernwaerme","geomType":"pipe","source":"order_56642/SIA405_LKMap_2015_LV95.dxf","_dedupKey":"2682174.9,1248275.4|2682180.3,1248269","accuracyClass":1}},{"type":"Feature","geometry":{"type":"LineString","coordinates":[[8.526196097244853,47.380546913381494],[8.526183998213947,47.380536143207316]]},"properties":{"layer":"LKZ141EUMLU0","infraType":"fernwaerme","geomType":"pipe","source":"order_56642/SIA405_LKMap_2015_LV95.dxf","_dedupKey":"2682126.6,1248313.5|2682127.5,1248314.7","accuracyClass":0}},{"type":"Feature","geometry":{"type":"LineString","coordinates":[[8.526777558662337,47.38018952253239],[8.526789525327645,47.38020029389264],[8.526806246352216,47.380192256679734],[8.52681593812212,47.3801876048703]]},"properties":{"layer":"LKZ141EUMLU1","infraType":"fernwaerme","geomType":"pipe","source":"order_56642/SIA405_LKMap_2015_LV95.dxf","_dedupKey":"2682172,1248275.6|2682174.9,1248275.4","accuracyClass":1}},{"type":"Feature","geometry":{"type":"LineString","coordinates":[[8.524350448845,47.38054722796069],[8.524367639102264,47.380536847970426]]},"properties":{"layer":"LKZ141EUMLU0","infraType":"fernwaerme","geomType":"pipe","source":"order_56642/SIA405_LKMap_2015_LV95.dxf","_dedupKey":"2681988.1,1248312.8|2681989.4,1248311.7","accuracyClass":0}},{"type":"Feature","geometry":{"type":"LineString","coordinates":[[8.52611149806011,47.38060658272013],[8.52620652377623,47.380556197117365],[8.526196097244853,47.380546913381494]]},"properties":{"layer":"LKZ141EUMLU0","infraType":"fernwaerme","geomType":"pipe","source":"order_56642/SIA405_LKMap_2015_LV95.dxf","_dedupKey":"2682121,1248321.3|2682127.5,1248314.7","accuracyClass":0}},{"type":"Feature","geometry":{"type":"LineString","coordinates":[[8.525986792261588,47.38051603348741],[8.52624935757259,47.38038056925395],[8.526269376085349,47.38039847893508],[8.526332648408797,47.38036583367189],[8.526312630070572,47.38034793299493],[8.526577827932643,47.38021111193054],[8.526688422651644,47.380154048846926]]},"properties":{"layer":"LKZ141EUMLU1","infraType":"fernwaerme","geomType":"pipe","source":"order_56642/SIA405_LKMap_2015_LV95.dxf","_dedupKey":"2682111.7,1248311.1|2682165.3,1248271.6","accuracyClass":1}},{"type":"Feature","geometry":{"type":"LineString","coordinates":[[8.526183998213947,47.380536143207316],[8.526183876844788,47.38053603640865],[8.526160729194833,47.380515349698115],[8.526100286048713,47.380548417986425],[8.526011107754453,47.380473230799595],[8.525975889403565,47.380492487982316]]},"properties":{"layer":"LKZ141EUMLU1","infraType":"fernwaerme","geomType":"pipe","source":"order_56642/SIA405_LKMap_2015_LV95.dxf","_dedupKey":"2682111,1248308.4|2682126.6,1248313.5","accuracyClass":1}},{"type":"Feature","geometry":{"type":"LineString","coordinates":[[8.524302742975213,47.380487247211995],[8.524367639102264,47.380536847970426]]},"properties":{"layer":"LKZ141EUMLU0","infraType":"fernwaerme","geomType":"pipe","source":"order_56642/SIA405_LKMap_2015_LV95.dxf","_dedupKey":"2681984.6,1248306.1|2681989.4,1248311.7","accuracyClass":0}},{"type":"Feature","geometry":{"type":"LineString","coordinates":[[8.525505981292381,47.3807173798217],[8.525512633994312,47.38067863829622],[8.525395910836277,47.38066842954024],[8.52531664273596,47.38070642391076],[8.52517342084615,47.38057350115274],[8.524903128553772,47.380322884861336]]},"properties":{"layer":"LKZ141EUMLU1","infraType":"fernwaerme","geomType":"pipe","source":"order_56642/SIA405_LKMap_2015_LV95.dxf","_dedupKey":"2682030.2,1248288.5|2682075.1,1248332.9","accuracyClass":1}},{"type":"Feature","geometry":{"type":"LineString","coordinates":[[8.526243437415667,47.38063559118797],[8.526212869805628,47.38060823701059],[8.526234375876204,47.380597150471715],[8.52621535730595,47.38058022083266],[8.526240729569643,47.38056714595772],[8.526209949046784,47.38053973981325],[8.526196097244853,47.380546913381494]]},"properties":{"layer":"LKZ141EUMLU0","infraType":"fernwaerme","geomType":"pipe","source":"order_56642/SIA405_LKMap_2015_LV95.dxf","_dedupKey":"2682127.5,1248314.7|2682130.9,1248324.6","accuracyClass":0}},{"type":"Feature","geometry":{"type":"LineString","coordinates":[[8.526876285273527,47.38005712910515],[8.526853056466273,47.38003636233841],[8.526867734127784,47.38002878512395],[8.526831526538627,47.37999696869098]]},"properties":{"layer":"LKZ141EUMLU1","infraType":"fernwaerme","geomType":"pipe","source":"order_56642/SIA405_LKMap_2015_LV95.dxf","_dedupKey":"2682176.3,1248254.2|2682179.6,1248261","accuracyClass":1}},{"type":"Feature","geometry":{"type":"LineString","coordinates":[[8.534344749968824,47.376642966317974],[8.534332175064861,47.3766509563307],[8.534394114344925,47.37670529304704],[8.534439460969944,47.37667653723586],[8.53482915740807,47.376820755715784],[8.534834716907465,47.37682579420045]]},"properties":{"layer":"LKZ141EUMLU0","infraType":"fernwaerme","geomType":"pipe","source":"order_56684/SIA405_LKMap_2015_LV95.dxf","_dedupKey":"2682748.9,1247889.3|2682785.6,1247910.1","accuracyClass":0}},{"type":"Feature","geometry":{"type":"LineString","coordinates":[[8.534003059543926,47.37856972406875],[8.53397657338491,47.37857421191099]]},"properties":{"layer":"LKZ141EUMLU0","infraType":"fernwaerme","geomType":"pipe","source":"order_56684/SIA405_LKMap_2015_LV95.dxf","_dedupKey":"2682718.1,1248103.6|2682720.1,1248103.1","accuracyClass":0}},{"type":"Feature","geometry":{"type":"LineString","coordinates":[[8.534338474590834,47.378549767253325],[8.53436095996082,47.37857033270841]]},"properties":{"layer":"LKZ141EUMLU0","infraType":"fernwaerme","geomType":"pipe","source":"order_56684/SIA405_LKMap_2015_LV95.dxf","_dedupKey":"2682745.4,1248101.2|2682747.1,1248103.6","accuracyClass":0}},{"type":"Feature","geometry":{"type":"LineString","coordinates":[[8.534407263146674,47.37854486907788],[8.534415876050293,47.37854253859885],[8.534404910832047,47.378523851801624],[8.534394315681153,47.37850577316136],[8.534530844310456,47.378468821380025],[8.53452350152755,47.37845627987732],[8.534550565047358,47.37844896196276],[8.534557907650706,47.37846149447045],[8.534706749453791,47.37842120541017],[8.53471648164014,47.378418567449344],[8.534805165218023,47.378394572516044],[8.534787997060791,47.37836533036848]]},"properties":{"layer":"LKZ141EUMLU0","infraType":"fernwaerme","geomType":"pipe","source":"order_56684/SIA405_LKMap_2015_LV95.dxf","_dedupKey":"2682750.6,1248100.8|2682779.7,1248081.2","accuracyClass":0}},{"type":"Feature","geometry":{"type":"LineString","coordinates":[[8.533749540640082,47.37819149913127],[8.533747561515849,47.378192498361464],[8.533727910009924,47.3781744875238],[8.533718217056872,47.37817967964401]]},"properties":{"layer":"LKZ141EUMLU0","infraType":"fernwaerme","geomType":"pipe","source":"order_56684/SIA405_LKMap_2015_LV95.dxf","_dedupKey":"2682699.2,1248059.4|2682701.5,1248060.8","accuracyClass":0}},{"type":"Feature","geometry":{"type":"LineString","coordinates":[[8.533083349031166,47.37805017574711],[8.533059338339065,47.37806234874674],[8.532968302604257,47.37810852859823],[8.532966201187836,47.37810744210552],[8.532703142345813,47.378241370495346],[8.532621629921794,47.3781676628689],[8.532638824177006,47.37815888271047]]},"properties":{"layer":"LKZ141EUMLU0","infraType":"fernwaerme","geomType":"pipe","source":"order_56684/SIA405_LKMap_2015_LV95.dxf","_dedupKey":"2682617.7,1248056|2682651.4,1248044.4","accuracyClass":0}},{"type":"Feature","geometry":{"type":"LineString","coordinates":[[8.533133150823245,47.37822667390751],[8.533120777433226,47.378215484273326],[8.533165145240115,47.37819184749687],[8.533142279055312,47.378170763703416],[8.53309915176837,47.37813099110913],[8.533145424931178,47.37810663466773],[8.533083349031166,47.37805017574711]]},"properties":{"layer":"LKZ141EUMLU0","infraType":"fernwaerme","geomType":"pipe","source":"order_56684/SIA405_LKMap_2015_LV95.dxf","_dedupKey":"2682651.4,1248044.4|2682654.9,1248064.1","accuracyClass":0}},{"type":"Feature","geometry":{"type":"LineString","coordinates":[[8.533429882536716,47.37831570229791],[8.533400296651104,47.378289195214705],[8.533338818781294,47.37823415199168],[8.533271711656822,47.3782673862207],[8.533209224736416,47.37821220856935],[8.533149653282774,47.378241602369165],[8.533133150823245,47.37822667390751]]},"properties":{"layer":"LKZ141EUMLU0","infraType":"fernwaerme","geomType":"pipe","source":"order_56684/SIA405_LKMap_2015_LV95.dxf","_dedupKey":"2682654.9,1248064.1|2682677.2,1248074.3","accuracyClass":0}},{"type":"Feature","geometry":{"type":"LineString","coordinates":[[8.533083349031166,47.37805017574711],[8.533052392048653,47.37802201746829],[8.532970546572738,47.37794757563731],[8.532983324706342,47.377940429397],[8.532980251063197,47.37793713931503]]},"properties":{"layer":"LKZ141EUMLU0","infraType":"fernwaerme","geomType":"pipe","source":"order_56684/SIA405_LKMap_2015_LV95.dxf","_dedupKey":"2682643.8,1248031.7|2682651.4,1248044.4","accuracyClass":0}},{"type":"Feature","geometry":{"type":"LineString","coordinates":[[8.533133150823245,47.37822667390751],[8.533202268838316,47.378191405798404],[8.533194280685487,47.37818417744951],[8.533207844263808,47.37817723063072],[8.533345052045984,47.378106937894536],[8.533337297960667,47.37809950044939]]},"properties":{"layer":"LKZ141EUMLU0","infraType":"fernwaerme","geomType":"pipe","source":"order_56684/SIA405_LKMap_2015_LV95.dxf","_dedupKey":"2682654.9,1248064.1|2682670.5,1248050.1","accuracyClass":0}},{"type":"Feature","geometry":{"type":"LineString","coordinates":[[8.533968610742678,47.37857338789909],[8.533947805652767,47.378594624753376]]},"properties":{"layer":"LKZ141EUMLU-","infraType":"fernwaerme","geomType":"pipe","source":"order_56684/SIA405_LKMap_2015_LV95.dxf","_dedupKey":"2682715.9,1248105.8|2682717.5,1248103.5","accuracyClass":null}},{"type":"Feature","geometry":{"type":"LineString","coordinates":[[8.534003059543926,47.37856972406875],[8.53402290874663,47.37856448059771],[8.534214499086254,47.37851388319151],[8.534282057248802,47.378496160720985],[8.534338474590834,47.378549767253325]]},"properties":{"layer":"LKZ141EUMLU1","infraType":"fernwaerme","geomType":"pipe","source":"order_56684/SIA405_LKMap_2015_LV95.dxf","_dedupKey":"2682720.1,1248103.1|2682745.4,1248101.2","accuracyClass":1}},{"type":"Feature","geometry":{"type":"LineString","coordinates":[[8.535051648972331,47.37866794285936],[8.53509695557059,47.3786571324685],[8.536364314846976,47.37832165863341]]},"properties":{"layer":"LKZ141EUMLU-","infraType":"fernwaerme","geomType":"pipe","source":"order_56684/SIA405_LKMap_2015_LV95.dxf","_dedupKey":"2682799.1,1248115.1|2682898.8,1248078","accuracyClass":null}},{"type":"Feature","geometry":{"type":"LineString","coordinates":[[8.533990654385882,47.37855442405749],[8.53397657338491,47.37857421191099]]},"properties":{"layer":"LKZ141EUMLU-","infraType":"fernwaerme","geomType":"pipe","source":"order_56684/SIA405_LKMap_2015_LV95.dxf","_dedupKey":"2682718.1,1248103.6|2682719.2,1248101.4","accuracyClass":null}},{"type":"Feature","geometry":{"type":"LineString","coordinates":[[8.534252568375784,47.3782914415813],[8.534143685663782,47.37819154893553],[8.534360793991983,47.378082366902646],[8.534232595345184,47.37796467630121],[8.534228815856379,47.37796312900484],[8.53422023172326,47.377955258728946]]},"properties":{"layer":"LKZ141EUMLU0","infraType":"fernwaerme","geomType":"pipe","source":"order_56684/SIA405_LKMap_2015_LV95.dxf","_dedupKey":"2682737.4,1248035|2682739.3,1248072.4","accuracyClass":0}},{"type":"Feature","geometry":{"type":"LineString","coordinates":[[8.533968610742678,47.37857338789909],[8.53397657338491,47.37857421191099]]},"properties":{"layer":"LKZ141EUMLU-","infraType":"fernwaerme","geomType":"pipe","source":"order_56684/SIA405_LKMap_2015_LV95.dxf","_dedupKey":"2682717.5,1248103.5|2682718.1,1248103.6","accuracyClass":null}},{"type":"Feature","geometry":{"type":"LineString","coordinates":[[8.533968610742678,47.37857338789909],[8.533937596068709,47.37858176858222]]},"properties":{"layer":"LKZ141EUMLU-","infraType":"fernwaerme","geomType":"pipe","source":"order_56684/SIA405_LKMap_2015_LV95.dxf","_dedupKey":"2682715.1,1248104.4|2682717.5,1248103.5","accuracyClass":null}},{"type":"Feature","geometry":{"type":"LineString","coordinates":[[8.533990654385882,47.37855442405749],[8.534007462742343,47.37854749135416],[8.534066738704524,47.378523056226946],[8.53413509633668,47.3784952607213],[8.534177124612741,47.37847829313683],[8.534187672784752,47.37847411831184],[8.534200878106372,47.378469072744664],[8.534279523416918,47.378439254629],[8.53423568110524,47.37838343294204],[8.534224611662083,47.37836933462825]]},"properties":{"layer":"LKZ141EUMLU1","infraType":"fernwaerme","geomType":"pipe","source":"order_56684/SIA405_LKMap_2015_LV95.dxf","_dedupKey":"2682719.2,1248101.4|2682737.1,1248081.1","accuracyClass":1}},{"type":"Feature","geometry":{"type":"LineString","coordinates":[[8.53436095996082,47.37857033270841],[8.534380696753402,47.378558334905556],[8.53438756320847,47.37855415000912],[8.534399269206299,47.37854703177288],[8.534407263146674,47.37854486907788]]},"properties":{"layer":"LKZ141EUMLU0","infraType":"fernwaerme","geomType":"pipe","source":"order_56684/SIA405_LKMap_2015_LV95.dxf","_dedupKey":"2682747.1,1248103.6|2682750.6,1248100.8","accuracyClass":0}},{"type":"Feature","geometry":{"type":"LineString","coordinates":[[8.535017548439788,47.378608709802755],[8.53504413280559,47.378655349064],[8.535051648972331,47.37866794285936]]},"properties":{"layer":"LKZ141EUMLU-","infraType":"fernwaerme","geomType":"pipe","source":"order_56684/SIA405_LKMap_2015_LV95.dxf","_dedupKey":"2682796.6,1248108.5|2682799.1,1248115.1","accuracyClass":null}},{"type":"Feature","geometry":{"type":"LineString","coordinates":[[8.534587685219499,47.378725272761486],[8.534997570060787,47.378614107588525],[8.535017548439788,47.378608709802755]]},"properties":{"layer":"LKZ141EUMLU0","infraType":"fernwaerme","geomType":"pipe","source":"order_56684/SIA405_LKMap_2015_LV95.dxf","_dedupKey":"2682764,1248121|2682796.6,1248108.5","accuracyClass":0}},{"type":"Feature","geometry":{"type":"LineString","coordinates":[[8.5348813115645,47.37745134984003],[8.534896334197867,47.3774651407252],[8.534911370079005,47.37747893148271],[8.53502292345264,47.37742282260478],[8.53500781654869,47.37740879866222]]},"properties":{"layer":"LKZ141EUMLU0","infraType":"fernwaerme","geomType":"pipe","source":"order_56684/SIA405_LKMap_2015_LV95.dxf","_dedupKey":"2682788.1,1247979.7|2682797.7,1247975.1","accuracyClass":0}},{"type":"Feature","geometry":{"type":"LineString","coordinates":[[8.534684407585793,47.37725042316762],[8.534655511623484,47.377223981812115],[8.534432077846276,47.377019501484604],[8.534405203450271,47.37703276336536]]},"properties":{"layer":"LKZ141EUMLU0","infraType":"fernwaerme","geomType":"pipe","source":"order_56684/SIA405_LKMap_2015_LV95.dxf","_dedupKey":"2682752.8,1247932.7|2682773.6,1247957.2","accuracyClass":0}},{"type":"Feature","geometry":{"type":"LineString","coordinates":[[8.53500781654869,47.37740879866222],[8.535103993952006,47.37736100320883],[8.535127444315503,47.37738278269776],[8.535255684714024,47.377319040244295]]},"properties":{"layer":"LKZ141EUMLU0","infraType":"fernwaerme","geomType":"pipe","source":"order_56684/SIA405_LKMap_2015_LV95.dxf","_dedupKey":"2682797.7,1247975.1|2682816.6,1247965.4","accuracyClass":0}},{"type":"Feature","geometry":{"type":"LineString","coordinates":[[8.534399179708126,47.37860515909633],[8.534404928784742,47.37861039369472],[8.53452545790657,47.378720169189755]]},"properties":{"layer":"LKZ141EUMLU0","infraType":"fernwaerme","geomType":"pipe","source":"order_56684/SIA405_LKMap_2015_LV95.dxf","_dedupKey":"2682749.9,1248107.5|2682759.3,1248120.4","accuracyClass":0}},{"type":"Feature","geometry":{"type":"LineString","coordinates":[[8.53422023172326,47.377955258728946],[8.534177670504892,47.37797655804413],[8.534161429781406,47.37798468174355]]},"properties":{"layer":"LKZ141EUMLU0","infraType":"fernwaerme","geomType":"pipe","source":"order_56684/SIA405_LKMap_2015_LV95.dxf","_dedupKey":"2682732.9,1248038.2|2682737.4,1248035","accuracyClass":0}},{"type":"Feature","geometry":{"type":"LineString","coordinates":[[8.534161429781406,47.37798468174355],[8.534143518721015,47.3779682376109],[8.53414144785592,47.37796928269369],[8.534129921380467,47.377958714792356],[8.53408230342793,47.37791503628477],[8.534075422059182,47.37791849270092],[8.534080348596172,47.37792301550574],[8.534051840269134,47.37793734521902]]},"properties":{"layer":"LKZ141EUMLU0","infraType":"fernwaerme","geomType":"pipe","source":"order_56684/SIA405_LKMap_2015_LV95.dxf","_dedupKey":"2682724.7,1248032.9|2682732.9,1248038.2","accuracyClass":0}},{"type":"Feature","geometry":{"type":"LineString","coordinates":[[8.53422023172326,47.377955258728946],[8.534203400567796,47.377939811817235],[8.534203090129722,47.37793952691746],[8.534202122767443,47.377936918511075],[8.53418788308038,47.37792384871768],[8.534695102481187,47.37766874791918],[8.534697254276516,47.37766648771644],[8.534912014894775,47.377558568201245],[8.534829054041964,47.37747763476929],[8.5348813115645,47.37745134984003]]},"properties":{"layer":"LKZ141EUMLU0","infraType":"fernwaerme","geomType":"pipe","source":"order_56684/SIA405_LKMap_2015_LV95.dxf","_dedupKey":"2682737.4,1248035|2682788.1,1247979.7","accuracyClass":0}},{"type":"Feature","geometry":{"type":"LineString","coordinates":[[8.533718217056872,47.37817967964401],[8.533708524101925,47.37818487176339],[8.533800496693761,47.37826938155766],[8.533643307673604,47.378350082694325],[8.533635799567705,47.378357844691614],[8.533618890663,47.37836697310384],[8.533621239669051,47.37837044094501],[8.53361261629332,47.37837484034181],[8.533608380096583,47.37837233487625],[8.533584376829506,47.378383581415854],[8.533522267564557,47.378328760156876],[8.533482387743327,47.378349107296266],[8.533484749979907,47.378352575014695],[8.533476126595799,47.37835697440135],[8.533429882536716,47.37831570229791]]},"properties":{"layer":"LKZ141EUMLU0","infraType":"fernwaerme","geomType":"pipe","source":"order_56684/SIA405_LKMap_2015_LV95.dxf","_dedupKey":"2682677.2,1248074.3|2682699.2,1248059.4","accuracyClass":0}},{"type":"Feature","geometry":{"type":"LineString","coordinates":[[8.534684407585793,47.37725042316762],[8.534707554246722,47.3772387707405],[8.534768107943483,47.37720829636861]]},"properties":{"layer":"LKZ141EUMLU0","infraType":"fernwaerme","geomType":"pipe","source":"order_56684/SIA405_LKMap_2015_LV95.dxf","_dedupKey":"2682773.6,1247957.2|2682780,1247952.6","accuracyClass":0}},{"type":"Feature","geometry":{"type":"LineString","coordinates":[[8.533858352637974,47.37813654179491],[8.533760589568669,47.37818591635868],[8.533749540640082,47.37819149913127]]},"properties":{"layer":"LKZ141EUMLU0","infraType":"fernwaerme","geomType":"pipe","source":"order_56684/SIA405_LKMap_2015_LV95.dxf","_dedupKey":"2682701.5,1248060.8|2682709.8,1248054.8","accuracyClass":0}},{"type":"Feature","geometry":{"type":"LineString","coordinates":[[8.534252568375784,47.3782914415813],[8.534277445910675,47.37827892729167],[8.534320151363865,47.37831810078123],[8.534340546414404,47.37830785078884],[8.534344353192388,47.37830814750088],[8.53436065067596,47.37830213709253],[8.534383030930124,47.378291184633106],[8.534384049356326,47.378289834699714],[8.534385792552357,47.37828895463303]]},"properties":{"layer":"LKZ141EUMLU0","infraType":"fernwaerme","geomType":"pipe","source":"order_56684/SIA405_LKMap_2015_LV95.dxf","_dedupKey":"2682739.3,1248072.4|2682749.4,1248072.3","accuracyClass":0}},{"type":"Feature","geometry":{"type":"LineString","coordinates":[[8.53452545790657,47.378720169189755],[8.534544054949025,47.378737110481936],[8.534587685219499,47.378725272761486]]},"properties":{"layer":"LKZ141EUMLU0","infraType":"fernwaerme","geomType":"pipe","source":"order_56684/SIA405_LKMap_2015_LV95.dxf","_dedupKey":"2682759.3,1248120.4|2682764,1248121","accuracyClass":0}},{"type":"Feature","geometry":{"type":"LineString","coordinates":[[8.53436095996082,47.37857033270841],[8.534366992992044,47.37857585245921],[8.534399179708126,47.37860515909633]]},"properties":{"layer":"LKZ141EUMLU-","infraType":"fernwaerme","geomType":"pipe","source":"order_56684/SIA405_LKMap_2015_LV95.dxf","_dedupKey":"2682747.1,1248103.6|2682749.9,1248107.5","accuracyClass":null}},{"type":"Feature","geometry":{"type":"LineString","coordinates":[[8.533429882536716,47.37831570229791],[8.53340935675312,47.37832604331779],[8.533392383036356,47.37833459662323],[8.533345709833707,47.37829305869992],[8.533116288550202,47.378409614509266],[8.533090084847238,47.37838658340077],[8.532808995036913,47.37852987584885],[8.532815164182527,47.378535583287494],[8.53278048110962,47.378553641172005],[8.53281016695377,47.3785811549169],[8.532802398555749,47.378585276300285]]},"properties":{"layer":"LKZ141EUMLU0","infraType":"fernwaerme","geomType":"pipe","source":"order_56684/SIA405_LKMap_2015_LV95.dxf","_dedupKey":"2682629.4,1248103.6|2682677.2,1248074.3","accuracyClass":0}},{"type":"Feature","geometry":{"type":"LineString","coordinates":[[8.534161429781406,47.37798468174355],[8.534035645925446,47.378047599081],[8.534015293455658,47.37803027856719],[8.534000705052533,47.37803761299516],[8.534018765565746,47.37805553093229],[8.533858352637974,47.37813654179491]]},"properties":{"layer":"LKZ141EUMLU0","infraType":"fernwaerme","geomType":"pipe","source":"order_56684/SIA405_LKMap_2015_LV95.dxf","_dedupKey":"2682709.8,1248054.8|2682732.9,1248038.2","accuracyClass":0}},{"type":"Feature","geometry":{"type":"LineString","coordinates":[[8.533718217056872,47.37817967964401],[8.533710034113655,47.37817264207424]]},"properties":{"layer":"LKZ141EUMLU0","infraType":"fernwaerme","geomType":"pipe","source":"order_56684/SIA405_LKMap_2015_LV95.dxf","_dedupKey":"2682698.6,1248058.7|2682699.2,1248059.4","accuracyClass":0}},{"type":"Feature","geometry":{"type":"LineString","coordinates":[[8.534224611662083,47.37836933462825],[8.534219329918882,47.378364284486274],[8.534214764926682,47.3783586698489],[8.534217229359097,47.3783561548276],[8.534220392894994,47.378341264883616],[8.534205221959152,47.37832734938826],[8.534261071647697,47.37829924066042],[8.534252568375784,47.3782914415813]]},"properties":{"layer":"LKZ141EUMLU0","infraType":"fernwaerme","geomType":"pipe","source":"order_56684/SIA405_LKMap_2015_LV95.dxf","_dedupKey":"2682737.1,1248081.1|2682739.3,1248072.4","accuracyClass":0}},{"type":"Feature","geometry":{"type":"LineString","coordinates":[[8.5348813115645,47.37745134984003],[8.534950110105253,47.37741674932667],[8.534785700565251,47.37726592311469],[8.534731202450317,47.37729336264936],[8.534684407585793,47.37725042316762]]},"properties":{"layer":"LKZ141EUMLU0","infraType":"fernwaerme","geomType":"pipe","source":"order_56684/SIA405_LKMap_2015_LV95.dxf","_dedupKey":"2682773.6,1247957.2|2682788.1,1247979.7","accuracyClass":0}},{"type":"Feature","geometry":{"type":"LineString","coordinates":[[8.533947805652767,47.378594624753376],[8.533934285836242,47.37859983518496],[8.533902253147044,47.378612165373376],[8.533911996064317,47.378634533814484],[8.53391312193882,47.37863712272959]]},"properties":{"layer":"LKZ141EUMLU-","infraType":"fernwaerme","geomType":"pipe","source":"order_56684/SIA405_LKMap_2015_LV95.dxf","_dedupKey":"2682713.2,1248110.5|2682715.9,1248105.8","accuracyClass":null}},{"type":"Feature","geometry":{"type":"LineString","coordinates":[[8.531278268774924,47.37861123400776],[8.531286762374757,47.37861728834054]]},"properties":{"layer":"LKZ141EUMLU-","infraType":"fernwaerme","geomType":"pipe","source":"order_56685/SIA405_LKMap_2015_LV95.dxf","_dedupKey":"2682514.2,1248104.9|2682514.9,1248105.5","accuracyClass":null}},{"type":"Feature","geometry":{"type":"LineString","coordinates":[[8.530301509171982,47.37833676256941],[8.530312478441115,47.378350547367326]]},"properties":{"layer":"LKZ141EUMLU1","infraType":"fernwaerme","geomType":"pipe","source":"order_56685/SIA405_LKMap_2015_LV95.dxf","_dedupKey":"2682440.9,1248073.3|2682441.7,1248074.9","accuracyClass":1}},{"type":"Feature","geometry":{"type":"LineString","coordinates":[[8.531287382659219,47.37853127116996],[8.531269516066331,47.37851825331955],[8.5312228068726,47.378547884256655],[8.531174175825592,47.37857872970062],[8.53073991990004,47.37826414791551],[8.530711153388513,47.37824330832775],[8.530672687496686,47.378265494114714]]},"properties":{"layer":"LKZ141EUMLU0","infraType":"fernwaerme","geomType":"pipe","source":"order_56685/SIA405_LKMap_2015_LV95.dxf","_dedupKey":"2682469.1,1248065.8|2682515.1,1248096","accuracyClass":0}},{"type":"Feature","geometry":{"type":"LineString","coordinates":[[8.530325554789757,47.378323672319716],[8.530301509171982,47.37833676256941]]},"properties":{"layer":"LKZ141EUMLU1","infraType":"fernwaerme","geomType":"pipe","source":"order_56685/SIA405_LKMap_2015_LV95.dxf","_dedupKey":"2682440.9,1248073.3|2682442.8,1248071.9","accuracyClass":1}},{"type":"Feature","geometry":{"type":"LineString","coordinates":[[8.530512146150913,47.378473674427646],[8.530640116946286,47.378412539336686],[8.530564311831535,47.378339334031786],[8.530672687496686,47.378265494114714]]},"properties":{"layer":"LKZ141EUMLU1","infraType":"fernwaerme","geomType":"pipe","source":"order_56685/SIA405_LKMap_2015_LV95.dxf","_dedupKey":"2682456.6,1248088.8|2682469.1,1248065.8","accuracyClass":1}},{"type":"Feature","geometry":{"type":"LineString","coordinates":[[8.531278268774924,47.37861123400776],[8.531341349231829,47.378571418639446],[8.53130520917129,47.37854427140648]]},"properties":{"layer":"LKZ141EUMLU-","infraType":"fernwaerme","geomType":"pipe","source":"order_56685/SIA405_LKMap_2015_LV95.dxf","_dedupKey":"2682514.2,1248104.9|2682516.4,1248097.4","accuracyClass":null}},{"type":"Feature","geometry":{"type":"LineString","coordinates":[[8.531416031073853,47.378750596538104],[8.531409325194359,47.37870384938806]]},"properties":{"layer":"LKZ141EUMLU-","infraType":"fernwaerme","geomType":"pipe","source":"order_56685/SIA405_LKMap_2015_LV95.dxf","_dedupKey":"2682524,1248115.3|2682524.4,1248120.5","accuracyClass":null}},{"type":"Feature","geometry":{"type":"LineString","coordinates":[[8.531286762374757,47.37861728834054],[8.531406973659639,47.378702189545805],[8.531409325194359,47.37870384938806]]},"properties":{"layer":"LKZ141EUMLU-","infraType":"fernwaerme","geomType":"pipe","source":"order_56685/SIA405_LKMap_2015_LV95.dxf","_dedupKey":"2682514.9,1248105.5|2682524,1248115.3","accuracyClass":null}},{"type":"Feature","geometry":{"type":"LineString","coordinates":[[8.531287382659219,47.37853127116996],[8.53129879464633,47.37852400311584]]},"properties":{"layer":"LKZ141EUMLU0","infraType":"fernwaerme","geomType":"pipe","source":"order_56685/SIA405_LKMap_2015_LV95.dxf","_dedupKey":"2682515.1,1248096|2682515.9,1248095.2","accuracyClass":0}},{"type":"Feature","geometry":{"type":"LineString","coordinates":[[8.530325554789757,47.378323672319716],[8.53033798235319,47.37831749216763],[8.530367477714188,47.378302803246925],[8.530274375289068,47.3782165294078],[8.530332304331951,47.3781876923346],[8.530277498712277,47.37813691110599],[8.530249746862378,47.37815072899357],[8.52988919281297,47.37781662079033]]},"properties":{"layer":"LKZ141EUMLU1","infraType":"fernwaerme","geomType":"pipe","source":"order_56685/SIA405_LKMap_2015_LV95.dxf","_dedupKey":"2682410.6,1248015.1|2682442.8,1248071.9","accuracyClass":1}},{"type":"Feature","geometry":{"type":"LineString","coordinates":[[8.530501405560402,47.37847881321003],[8.53046393290277,47.378445417712506],[8.530448326264612,47.378453498908215],[8.530364788095172,47.37837902629002],[8.530350932625359,47.37838596653373],[8.530324815051817,47.378361908551575],[8.530312478441115,47.378350547367326]]},"properties":{"layer":"LKZ141EUMLU1","infraType":"fernwaerme","geomType":"pipe","source":"order_56685/SIA405_LKMap_2015_LV95.dxf","_dedupKey":"2682441.7,1248074.9|2682455.8,1248089.3","accuracyClass":1}},{"type":"Feature","geometry":{"type":"LineString","coordinates":[[8.530524644039959,47.37855883898823],[8.530544284430022,47.37854726553099],[8.53049832697136,47.37850630439547],[8.53051977797148,47.37849519956499],[8.530501405560402,47.37847881321003]]},"properties":{"layer":"LKZ141EUMLU1","infraType":"fernwaerme","geomType":"pipe","source":"order_56685/SIA405_LKMap_2015_LV95.dxf","_dedupKey":"2682455.8,1248089.3|2682457.4,1248098.2","accuracyClass":1}},{"type":"Feature","geometry":{"type":"LineString","coordinates":[[8.530501405560402,47.37847881321003],[8.530512146150913,47.378473674427646]]},"properties":{"layer":"LKZ141EUMLU1","infraType":"fernwaerme","geomType":"pipe","source":"order_56685/SIA405_LKMap_2015_LV95.dxf","_dedupKey":"2682455.8,1248089.3|2682456.6,1248088.8","accuracyClass":1}},{"type":"Feature","geometry":{"type":"LineString","coordinates":[[8.530872280874947,47.37991648638694],[8.531076481709183,47.37984304440517]]},"properties":{"layer":"LKZ141EUMLU-","infraType":"fernwaerme","geomType":"pipe","source":"order_56685/SIA405_LKMap_2015_LV95.dxf","_dedupKey":"2682481.6,1248249.5|2682497.1,1248241.6","accuracyClass":null}},{"type":"Feature","geometry":{"type":"LineString","coordinates":[[8.530279946898196,47.3783521320963],[8.530301509171982,47.37833676256941]]},"properties":{"layer":"LKZ141EUMLU1","infraType":"fernwaerme","geomType":"pipe","source":"order_56685/SIA405_LKMap_2015_LV95.dxf","_dedupKey":"2682439.3,1248075|2682440.9,1248073.3","accuracyClass":1}},{"type":"Feature","geometry":{"type":"LineString","coordinates":[[8.53130520917129,47.37854427140648],[8.531287382659219,47.37853127116996]]},"properties":{"layer":"LKZ141EUMLU0","infraType":"fernwaerme","geomType":"pipe","source":"order_56685/SIA405_LKMap_2015_LV95.dxf","_dedupKey":"2682515.1,1248096|2682516.4,1248097.4","accuracyClass":0}},{"type":"Feature","geometry":{"type":"LineString","coordinates":[[8.53138895289052,47.37875270567806],[8.531416031073853,47.378750596538104]]},"properties":{"layer":"LKZ141EUMLU-","infraType":"fernwaerme","geomType":"pipe","source":"order_56685/SIA405_LKMap_2015_LV95.dxf","_dedupKey":"2682522.4,1248120.7|2682524.4,1248120.5","accuracyClass":null}},{"type":"Feature","geometry":{"type":"LineString","coordinates":[[8.526058514210913,47.3806787634336],[8.526131698632078,47.38074374777911],[8.526104624034364,47.38075777414343]]},"properties":{"layer":"LKZ141EUMLU0","infraType":"fernwaerme","geomType":"pipe","source":"order_56686/SIA405_LKMap_2015_LV95.dxf","_dedupKey":"2682116.9,1248329.2|2682120.3,1248338.1","accuracyClass":0}},{"type":"Feature","geometry":{"type":"LineString","coordinates":[[8.525886118827138,47.38070829783829],[8.52592257150073,47.380689163995356]]},"properties":{"layer":"LKZ141EUMLU1","infraType":"fernwaerme","geomType":"pipe","source":"order_56686/SIA405_LKMap_2015_LV95.dxf","_dedupKey":"2682103.8,1248332.3|2682106.6,1248330.2","accuracyClass":1}},{"type":"Feature","geometry":{"type":"LineString","coordinates":[[8.526058514210913,47.3806787634336],[8.52604351298956,47.38066530404206],[8.525993415224255,47.380691357658414],[8.525965684608153,47.3806667382107],[8.52592257150073,47.380689163995356]]},"properties":{"layer":"LKZ141EUMLU0","infraType":"fernwaerme","geomType":"pipe","source":"order_56686/SIA405_LKMap_2015_LV95.dxf","_dedupKey":"2682106.6,1248330.2|2682116.9,1248329.2","accuracyClass":0}},{"type":"Feature","geometry":{"type":"LineString","coordinates":[[8.52611149806011,47.38060658272013],[8.52604383790647,47.38064163486926],[8.526076534437241,47.380669481771754],[8.526068263897802,47.3806736973692]]},"properties":{"layer":"LKZ141EUMLU1","infraType":"fernwaerme","geomType":"pipe","source":"order_56686/SIA405_LKMap_2015_LV95.dxf","_dedupKey":"2682117.7,1248328.7|2682121,1248321.3","accuracyClass":1}},{"type":"Feature","geometry":{"type":"LineString","coordinates":[[8.526068263897802,47.3806736973692],[8.526058514210913,47.3806787634336]]},"properties":{"layer":"LKZ141EUMLU0","infraType":"fernwaerme","geomType":"pipe","source":"order_56686/SIA405_LKMap_2015_LV95.dxf","_dedupKey":"2682116.9,1248329.2|2682117.7,1248328.7","accuracyClass":0}},{"type":"Feature","geometry":{"type":"LineString","coordinates":[[8.5254891572656,47.380815197915986],[8.52549075477611,47.38080586396198],[8.525505981292381,47.3807173798217]]},"properties":{"layer":"LKZ141EUMLU1","infraType":"fernwaerme","geomType":"pipe","source":"order_56686/SIA405_LKMap_2015_LV95.dxf","_dedupKey":"2682073.7,1248343.8|2682075.1,1248332.9","accuracyClass":1}},{"type":"Feature","geometry":{"type":"LineString","coordinates":[[8.525516383267073,47.38081702863695],[8.525521692531418,47.38078254543919],[8.52553145633832,47.38071907409507]]},"properties":{"layer":"LKZ141EUMLU1","infraType":"fernwaerme","geomType":"pipe","source":"order_56686/SIA405_LKMap_2015_LV95.dxf","_dedupKey":"2682075.8,1248344|2682077,1248333.2","accuracyClass":1}},{"type":"Feature","geometry":{"type":"LineString","coordinates":[[8.525512031524627,47.38085560459163],[8.525510737496077,47.380867481304186],[8.525504242513563,47.380926946055595],[8.525805503177205,47.38094704890944],[8.526030258345097,47.380962033295624],[8.526091778385625,47.38096614066647],[8.526095919024998,47.380967864730124],[8.526097796334422,47.38097095036881],[8.526096168590014,47.38098009571911],[8.526098243779122,47.380983143514754],[8.526102138348366,47.380985139747516],[8.526129869107674,47.38098638988685],[8.526134185141792,47.380985026978195],[8.5261369077381,47.38098215889701],[8.526138056940638,47.380973575747134],[8.52614076978199,47.3809708786646],[8.526145627956613,47.38096947467168],[8.526173383905924,47.380970661597644],[8.526221782082635,47.38096579837721],[8.526225608275576,47.380967039661016],[8.526232751787125,47.38097443834456],[8.52623720543638,47.380980468110145],[8.52623973897945,47.38098196443071]]},"properties":{"layer":"LKZ141EUMLU1","infraType":"fernwaerme","geomType":"pipe","source":"order_56686/SIA405_LKMap_2015_LV95.dxf","_dedupKey":"2682075.4,1248348.3|2682130.1,1248363.1","accuracyClass":1}},{"type":"Feature","geometry":{"type":"LineString","coordinates":[[8.525512031524627,47.38085560459163],[8.525513992470731,47.380842012535375]]},"properties":{"layer":"LKZ141EUMLU0","infraType":"fernwaerme","geomType":"pipe","source":"order_56686/SIA405_LKMap_2015_LV95.dxf","_dedupKey":"2682075.4,1248348.3|2682075.5,1248346.8","accuracyClass":0}},{"type":"Feature","geometry":{"type":"LineString","coordinates":[[8.525886118827138,47.38070829783829],[8.52587078668677,47.380716267872124],[8.52587836691023,47.38072300582494],[8.525799335045306,47.38076412860086],[8.525806484772126,47.38077053779077]]},"properties":{"layer":"LKZ141EUMLU0","infraType":"fernwaerme","geomType":"pipe","source":"order_56686/SIA405_LKMap_2015_LV95.dxf","_dedupKey":"2682097.7,1248339.2|2682103.8,1248332.3","accuracyClass":0}},{"type":"Feature","geometry":{"type":"LineString","coordinates":[[8.525513992470731,47.380842012535375],[8.525516383267073,47.38081702863695]]},"properties":{"layer":"LKZ141EUMLU1","infraType":"fernwaerme","geomType":"pipe","source":"order_56686/SIA405_LKMap_2015_LV95.dxf","_dedupKey":"2682075.5,1248346.8|2682075.8,1248344","accuracyClass":1}},{"type":"Feature","geometry":{"type":"LineString","coordinates":[[8.525769469376005,47.381617145178545],[8.52591194037507,47.38142742003771],[8.526028905604422,47.38127285375733],[8.526048952373932,47.3812408583893],[8.52609049484237,47.38118427496077],[8.526134125010785,47.38112876027036],[8.52617876236991,47.38107198576106],[8.526213954324268,47.38102740756017],[8.526214428359028,47.381020135055394],[8.526240896885296,47.38098484095747],[8.52623973897945,47.38098196443071]]},"properties":{"layer":"LKZ141EUMLU0","infraType":"fernwaerme","geomType":"pipe","source":"order_56686/SIA405_LKMap_2015_LV95.dxf","_dedupKey":"2682093.6,1248433.3|2682130.1,1248363.1","accuracyClass":0}},{"type":"Feature","geometry":{"type":"LineString","coordinates":[[8.5254891572656,47.380815197915986],[8.525513992470731,47.380842012535375]]},"properties":{"layer":"LKZ141EUMLU1","infraType":"fernwaerme","geomType":"pipe","source":"order_56686/SIA405_LKMap_2015_LV95.dxf","_dedupKey":"2682073.7,1248343.8|2682075.5,1248346.8","accuracyClass":1}},{"type":"Feature","geometry":{"type":"LineString","coordinates":[[8.5347309115887,47.36434319266368],[8.534735670383235,47.36434476662715],[8.534763921963146,47.36435372752385],[8.53478873657881,47.36436101195489],[8.534791122226226,47.36436178088581],[8.53480294401573,47.364365599564586],[8.534868105541165,47.36436677109934],[8.534901878773246,47.36437770346154]]},"properties":{"layer":"LKZ141EUMLU1","infraType":"fernwaerme","geomType":"pipe","source":"order_56804/SIA405_LKMap_2015_LV95.dxf","_dedupKey":"2682797.1,1246522.3|2682810,1246526.3","accuracyClass":1}},{"type":"Feature","geometry":{"type":"LineString","coordinates":[[8.531163230721097,47.36443142778684],[8.531138227843307,47.364444005663714]]},"properties":{"layer":"LKZ141EUMLU0","infraType":"fernwaerme","geomType":"pipe","source":"order_56804/SIA405_LKMap_2015_LV95.dxf","_dedupKey":"2682525.6,1246529.7|2682527.5,1246528.3","accuracyClass":0}},{"type":"Feature","geometry":{"type":"LineString","coordinates":[[8.53488097727745,47.36437979984406],[8.534896757758258,47.36438491222036]]},"properties":{"layer":"LKZ141EUMLU0","infraType":"fernwaerme","geomType":"pipe","source":"order_56804/SIA405_LKMap_2015_LV95.dxf","_dedupKey":"2682808.4,1246526.5|2682809.6,1246527.1","accuracyClass":0}},{"type":"Feature","geometry":{"type":"LineString","coordinates":[[8.5347309115887,47.36434319266368],[8.534753927242665,47.364311275274225],[8.534797428162214,47.3642499381665],[8.534831542869219,47.3642008605864],[8.53487991379694,47.36413041909055],[8.534918842168661,47.36407593467227],[8.534948080647583,47.364036321275776],[8.53500501862905,47.3640161713035],[8.535056139079753,47.3639976866673],[8.53509309485316,47.364007590295344],[8.535103572772039,47.3640046483449],[8.535113842326002,47.36400702451263],[8.535115028710766,47.364007418031015]]},"properties":{"layer":"LKZ141EUMLU1","infraType":"fernwaerme","geomType":"pipe","source":"order_56804/SIA405_LKMap_2015_LV95.dxf","_dedupKey":"2682797.1,1246522.3|2682826.7,1246485.4","accuracyClass":1}},{"type":"Feature","geometry":{"type":"LineString","coordinates":[[8.534901878773246,47.36437770346154],[8.534913834051203,47.36438157483291]]},"properties":{"layer":"LKZ141EUMLU0","infraType":"fernwaerme","geomType":"pipe","source":"order_56804/SIA405_LKMap_2015_LV95.dxf","_dedupKey":"2682810,1246526.3|2682810.9,1246526.8","accuracyClass":0}},{"type":"Feature","geometry":{"type":"LineString","coordinates":[[8.531299656711422,47.36449318415931],[8.531295639667627,47.364492268678696],[8.531274196052644,47.36448471773395],[8.531268850219204,47.364480981350226],[8.531261884742586,47.36447767406657],[8.531221175405248,47.36445643485139],[8.531176393653748,47.36443286842181],[8.531174222021983,47.36443155768275],[8.531171207661117,47.36443047079957],[8.531168018675318,47.364429907287324],[8.531166567608164,47.36443016388364],[8.531163230721097,47.36443142778684]]},"properties":{"layer":"LKZ141EUMLU1","infraType":"fernwaerme","geomType":"pipe","source":"order_56804/SIA405_LKMap_2015_LV95.dxf","_dedupKey":"2682527.5,1246528.3|2682537.7,1246535.4","accuracyClass":1}},{"type":"Feature","geometry":{"type":"LineString","coordinates":[[8.534901994575073,47.3643775404494],[8.534868168026286,47.364366590603034],[8.534803006501079,47.36436541906832],[8.534791238028358,47.36436161787378],[8.53478885238095,47.36436084894285],[8.53476402452862,47.36435356463747],[8.534735786185502,47.364344603615166],[8.53473128036803,47.364343099212036]]},"properties":{"layer":"LKZ141EUMLU0","infraType":"fernwaerme","geomType":"pipe","source":"order_56804/SIA405_LKMap_2015_LV95.dxf","_dedupKey":"2682797.2,1246522.3|2682810,1246526.3","accuracyClass":0}},{"type":"Feature","geometry":{"type":"LineString","coordinates":[[8.535114912910393,47.36400758104339],[8.535113739762265,47.364007187399324],[8.535103576656315,47.36400483720637],[8.535093098922365,47.36400778815028],[8.53505615638546,47.36399788439658],[8.535005141087941,47.36401633205387],[8.53494828197143,47.36403645429204],[8.534919082092962,47.3640760133512],[8.534880153721437,47.36413049776961],[8.53483178279396,47.3642009392655],[8.534797668087123,47.36425001684568],[8.534754167167785,47.364311353953504],[8.53473128036803,47.364343099212036]]},"properties":{"layer":"LKZ141EUMLU1","infraType":"fernwaerme","geomType":"pipe","source":"order_56804/SIA405_LKMap_2015_LV95.dxf","_dedupKey":"2682797.2,1246522.3|2682826.7,1246485.4","accuracyClass":1}},{"type":"Feature","geometry":{"type":"LineString","coordinates":[[8.535115028710766,47.364007418031015],[8.535126919217646,47.36401136195639]]},"properties":{"layer":"LKZ141EUMLU0","infraType":"fernwaerme","geomType":"pipe","source":"order_56804/SIA405_LKMap_2015_LV95.dxf","_dedupKey":"2682826.7,1246485.4|2682827.6,1246485.8","accuracyClass":0}},{"type":"Feature","geometry":{"type":"LineString","coordinates":[[8.535244869936728,47.36403400724166],[8.535268870086615,47.364041605138624],[8.5355263828145,47.364123147436764],[8.53553006074571,47.3641243088609]]},"properties":{"layer":"LKZ141EUMLU0","infraType":"fernwaerme","geomType":"pipe","source":"order_56804/SIA405_LKMap_2015_LV95.dxf","_dedupKey":"2682836.4,1246488.5|2682857.8,1246498.8","accuracyClass":0}},{"type":"Feature","geometry":{"type":"LineString","coordinates":[[8.534896757758258,47.36438491222036],[8.534908713037458,47.364388783592254]]},"properties":{"layer":"LKZ141EUMLU0","infraType":"fernwaerme","geomType":"pipe","source":"order_56804/SIA405_LKMap_2015_LV95.dxf","_dedupKey":"2682809.6,1246527.1|2682810.5,1246527.6","accuracyClass":0}},{"type":"Feature","geometry":{"type":"LineString","coordinates":[[8.525546455810492,47.36448170016796],[8.525563334878271,47.36440761920243],[8.525605260971854,47.36441202801702],[8.525607678902334,47.36440139998247],[8.525476898674322,47.36438764487868]]},"properties":{"layer":"LKZ141EUMLU0","infraType":"fernwaerme","geomType":"pipe","source":"order_56920/SIA405_LKMap_2015_LV95.dxf","_dedupKey":"2682098.1,1246517.5|2682103.2,1246528","accuracyClass":0}},{"type":"Feature","geometry":{"type":"LineString","coordinates":[[8.525476898674322,47.36438764487868],[8.525473727571603,47.36438730591997],[8.525443212768497,47.36438479559091],[8.525417281223797,47.364381756386585],[8.52539747232329,47.36438031466921],[8.525392628129657,47.36440116602563],[8.525388509682998,47.36441995066406],[8.525385453959684,47.36443046775826],[8.525376253810636,47.36446949431642],[8.525365803960883,47.36451021472485],[8.525354839645695,47.364558172069536],[8.525350711829342,47.364573250793796],[8.525341675244,47.36460926243429],[8.52533265213616,47.364647234888466],[8.525324571625234,47.36468143850153],[8.52531578819185,47.36471688106242],[8.525311472752644,47.36473639615612],[8.525308946133864,47.364749489875045],[8.525308129840928,47.36475296068647]]},"properties":{"layer":"LKZ141EUMLU1","infraType":"fernwaerme","geomType":"pipe","source":"order_56920/SIA405_LKMap_2015_LV95.dxf","_dedupKey":"2682084.8,1246558|2682098.1,1246517.5","accuracyClass":1}},{"type":"Feature","geometry":{"type":"LineString","coordinates":[[8.525447401324586,47.36431230027268],[8.525455377434014,47.36431454596116],[8.525441613465766,47.36437258623754]]},"properties":{"layer":"LKZ141EUMLU-","infraType":"fernwaerme","geomType":"pipe","source":"order_56920/SIA405_LKMap_2015_LV95.dxf","_dedupKey":"2682095.4,1246515.8|2682096,1246509.1","accuracyClass":null}},{"type":"Feature","geometry":{"type":"LineString","coordinates":[[8.525690693053617,47.36433015965373],[8.525594718985566,47.36431964813662],[8.525578601984927,47.36438759624251],[8.525441613465766,47.36437258623754]]},"properties":{"layer":"LKZ141EUMLU-","infraType":"fernwaerme","geomType":"pipe","source":"order_56920/SIA405_LKMap_2015_LV95.dxf","_dedupKey":"2682095.4,1246515.8|2682114.3,1246511.4","accuracyClass":null}},{"type":"Feature","geometry":{"type":"LineString","coordinates":[[8.525367680894085,47.36428988795096],[8.525447401324586,47.36431230027268]]},"properties":{"layer":"LKZ141EUMLU-","infraType":"fernwaerme","geomType":"pipe","source":"order_56932/SIA405_LKMap_2015_LV95.dxf","_dedupKey":"2682090,1246506.5|2682096,1246509.1","accuracyClass":null}},{"type":"Feature","geometry":{"type":"LineString","coordinates":[[8.525332113693713,47.364203833241],[8.525302187154962,47.36419445404361],[8.525259611623298,47.364259502754486],[8.525367680894085,47.36428988795096]]},"properties":{"layer":"LKZ141EUMLU-","infraType":"fernwaerme","geomType":"pipe","source":"order_56932/SIA405_LKMap_2015_LV95.dxf","_dedupKey":"2682087.4,1246496.9|2682090,1246506.5","accuracyClass":null}},{"type":"Feature","geometry":{"type":"LineString","coordinates":[[8.524071321380703,47.36463471055146],[8.52412627630024,47.36433032010131],[8.524131043890604,47.364310234109396],[8.5241628381853,47.36431446882102],[8.52418488513656,47.36420345940363],[8.524368188420503,47.36421934878273]]},"properties":{"layer":"LKZ141EUMLU-","infraType":"fernwaerme","geomType":"pipe","source":"order_56932/SIA405_LKMap_2015_LV95.dxf","_dedupKey":"2681991.5,1246543.5|2682014.6,1246497.6","accuracyClass":null}},{"type":"Feature","geometry":{"type":"LineString","coordinates":[[8.524199736838792,47.364257290670224],[8.524210771407995,47.36425824837541],[8.524139151998082,47.364638876432544]]},"properties":{"layer":"LKZ141EUMLU0","infraType":"fernwaerme","geomType":"pipe","source":"order_56932/SIA405_LKMap_2015_LV95.dxf","_dedupKey":"2681996.6,1246544|2682001.8,1246501.7","accuracyClass":0}},{"type":"Feature","geometry":{"type":"LineString","coordinates":[[8.523990428469952,47.36391869274306],[8.524190308942366,47.363936018744866],[8.524131129189083,47.36425135109358],[8.524199736838792,47.364257290670224]]},"properties":{"layer":"LKZ141EUMLU-","infraType":"fernwaerme","geomType":"pipe","source":"order_56932/SIA405_LKMap_2015_LV95.dxf","_dedupKey":"2681986.5,1246463.8|2682001.8,1246501.7","accuracyClass":null}},{"type":"Feature","geometry":{"type":"LineString","coordinates":[[8.525441613465766,47.36437258623754],[8.525346017203496,47.36476836368466]]},"properties":{"layer":"LKZ141EUMLU-","infraType":"fernwaerme","geomType":"pipe","source":"order_56932/SIA405_LKMap_2015_LV95.dxf","_dedupKey":"2682087.6,1246559.7|2682095.4,1246515.8","accuracyClass":null}},{"type":"Feature","geometry":{"type":"LineString","coordinates":[[8.524368188420503,47.36421934878273],[8.524427127618821,47.364224452618274],[8.524428392788812,47.364217667379506],[8.524470501620279,47.36422131029896],[8.52449457898416,47.36409302003911],[8.524560215772945,47.36409870848344],[8.524561887555297,47.36408978756999]]},"properties":{"layer":"LKZ141EUMLU-","infraType":"fernwaerme","geomType":"pipe","source":"order_56932/SIA405_LKMap_2015_LV95.dxf","_dedupKey":"2682014.6,1246497.6|2682029.4,1246483.4","accuracyClass":null}},{"type":"Feature","geometry":{"type":"LineString","coordinates":[[8.52515025347929,47.3655891863813],[8.525092506299433,47.36583105129935],[8.525115525867996,47.36595362742437]]},"properties":{"layer":"LKZ141EUMLU-","infraType":"fernwaerme","geomType":"pipe","source":"order_57073/SIA405_LKMap_2015_LV95.dxf","_dedupKey":"2682068.4,1246691.2|2682071.6,1246650.8","accuracyClass":null}},{"type":"Feature","geometry":{"type":"LineString","coordinates":[[8.520695536265974,47.36839186657682],[8.520708441322743,47.3683988338348]]},"properties":{"layer":"LKZ141EUMLU1","infraType":"fernwaerme","geomType":"pipe","source":"order_57073/SIA405_LKMap_2015_LV95.dxf","_dedupKey":"2681730.8,1246957.7|2681731.8,1246958.5","accuracyClass":1}},{"type":"Feature","geometry":{"type":"LineString","coordinates":[[8.520669586816227,47.3684017254744],[8.520680722298753,47.36839065609234],[8.520682590655618,47.36838942424654],[8.520684960675244,47.368388772384115],[8.52068752971456,47.36838879329177],[8.520689913695891,47.36838948157251],[8.520695380333544,47.3683920119597]]},"properties":{"layer":"LKZ141EUMLU0","infraType":"fernwaerme","geomType":"pipe","source":"order_57073/SIA405_LKMap_2015_LV95.dxf","_dedupKey":"2681728.8,1246958.7|2681730.8,1246957.7","accuracyClass":0}},{"type":"Feature","geometry":{"type":"LineString","coordinates":[[8.520709759722843,47.36839659968664],[8.520715855690007,47.36839164922577]]},"properties":{"layer":"LKZ141EUMLU1","infraType":"fernwaerme","geomType":"pipe","source":"order_57073/SIA405_LKMap_2015_LV95.dxf","_dedupKey":"2681731.9,1246958.2|2681732.3,1246957.7","accuracyClass":1}},{"type":"Feature","geometry":{"type":"LineString","coordinates":[[8.520996357987439,47.36791659676875],[8.52100168015582,47.367912013348004],[8.521000944416125,47.36791164244738]]},"properties":{"layer":"LKZ141EUMLU0","infraType":"fernwaerme","geomType":"pipe","source":"order_57073/SIA405_LKMap_2015_LV95.dxf","_dedupKey":"2681754.2,1246905.2|2681754.6,1246904.6","accuracyClass":0}},{"type":"Feature","geometry":{"type":"LineString","coordinates":[[8.525152793305034,47.36558972918139],[8.52512069032841,47.365725003298415],[8.5250953058891,47.365831996438494],[8.525119400075676,47.36595143214451],[8.525157238045987,47.365937088738896]]},"properties":{"layer":"LKZ141EUMLU-","infraType":"fernwaerme","geomType":"pipe","source":"order_57073/SIA405_LKMap_2015_LV95.dxf","_dedupKey":"2682071.5,1246689.4|2682071.7,1246650.8","accuracyClass":null}},{"type":"Feature","geometry":{"type":"LineString","coordinates":[[8.521257732929579,47.36798639594276],[8.521238004520285,47.36800332080168],[8.521076930438673,47.36791689410562],[8.521069501472034,47.36791748544681],[8.521058844272495,47.36792667040525],[8.521012394693534,47.367901739446935]]},"properties":{"layer":"LKZ141EUMLU0","infraType":"fernwaerme","geomType":"pipe","source":"order_57073/SIA405_LKMap_2015_LV95.dxf","_dedupKey":"2681755.5,1246903.5|2681773.9,1246913.2","accuracyClass":0}},{"type":"Feature","geometry":{"type":"LineString","coordinates":[[8.52095313761562,47.36792094165652],[8.520958043121887,47.36791670395721],[8.520980932393597,47.36792894771547],[8.521000944416125,47.36791164244738]]},"properties":{"layer":"LKZ141EUMLU0","infraType":"fernwaerme","geomType":"pipe","source":"order_57073/SIA405_LKMap_2015_LV95.dxf","_dedupKey":"2681751,1246905.6|2681754.6,1246904.6","accuracyClass":0}},{"type":"Feature","geometry":{"type":"LineString","coordinates":[[8.521000944416125,47.36791164244738],[8.521012394693534,47.367901739446935]]},"properties":{"layer":"LKZ141EUMLU0","infraType":"fernwaerme","geomType":"pipe","source":"order_57073/SIA405_LKMap_2015_LV95.dxf","_dedupKey":"2681754.6,1246904.6|2681755.5,1246903.5","accuracyClass":0}},{"type":"Feature","geometry":{"type":"LineString","coordinates":[[8.525213802988842,47.365941881704444],[8.52521186046561,47.36595050833031],[8.525295403571358,47.36595963496068],[8.525292050977399,47.36597377988173],[8.525308783543174,47.365975610372864]]},"properties":{"layer":"LKZ141EUMLU-","infraType":"fernwaerme","geomType":"pipe","source":"order_57073/SIA405_LKMap_2015_LV95.dxf","_dedupKey":"2682075.8,1246690|2682082.9,1246693.9","accuracyClass":null}},{"type":"Feature","geometry":{"type":"LineString","coordinates":[[8.525190973110915,47.365921515605734],[8.525157926337549,47.365937729913874],[8.525115525867996,47.36595362742437]]},"properties":{"layer":"LKZ141EUMLU-","infraType":"fernwaerme","geomType":"pipe","source":"order_57073/SIA405_LKMap_2015_LV95.dxf","_dedupKey":"2682068.4,1246691.2|2682074.1,1246687.7","accuracyClass":null}},{"type":"Feature","geometry":{"type":"LineString","coordinates":[[8.525213802988842,47.365941881704444],[8.525325892884604,47.3659543557833],[8.525342146206999,47.365885911736854],[8.52535212454667,47.36588699621098],[8.525411022419991,47.36563863483097],[8.525400964153224,47.365637524128935],[8.525406183201186,47.36561557184619],[8.525555993086586,47.36563199042822],[8.525545459294644,47.365676390641134],[8.52556558871966,47.36567859390768],[8.525574718867773,47.36564002676037],[8.525584538137887,47.36564110371603],[8.525576333885263,47.36567573127284],[8.525648040721938,47.365683574792726],[8.525649022649887,47.36568368248772],[8.52565856777397,47.36564339335525],[8.525693811076616,47.365647262369315],[8.525691669318656,47.36565650254988]]},"properties":{"layer":"LKZ141EUMLU-","infraType":"fernwaerme","geomType":"pipe","source":"order_57073/SIA405_LKMap_2015_LV95.dxf","_dedupKey":"2682075.8,1246690|2682112.3,1246658.8","accuracyClass":null}},{"type":"Feature","geometry":{"type":"LineString","coordinates":[[8.520998516602848,47.36805617195012],[8.521026362527042,47.3680288716375],[8.521026839356228,47.36802822851471],[8.521026601898747,47.36802761907129],[8.52093472979478,47.36794030975842]]},"properties":{"layer":"LKZ141EUMLU1","infraType":"fernwaerme","geomType":"pipe","source":"order_57073/SIA405_LKMap_2015_LV95.dxf","_dedupKey":"2681749.5,1246907.7|2681754.2,1246920.7","accuracyClass":1}},{"type":"Feature","geometry":{"type":"LineString","coordinates":[[8.52093472979478,47.36794030975842],[8.520933663205218,47.36793929430839],[8.520933187471433,47.36793868709757],[8.52093341095966,47.36793795639787],[8.52095313761562,47.36792094165652]]},"properties":{"layer":"LKZ141EUMLU1","infraType":"fernwaerme","geomType":"pipe","source":"order_57073/SIA405_LKMap_2015_LV95.dxf","_dedupKey":"2681749.5,1246907.7|2681751,1246905.6","accuracyClass":1}},{"type":"Feature","geometry":{"type":"LineString","coordinates":[[8.520378735778827,47.3684975584582],[8.52042022831631,47.36849743069855],[8.520455729003393,47.3685139100802]]},"properties":{"layer":"LKZ141EUMLU0","infraType":"fernwaerme","geomType":"pipe","source":"order_57073/SIA405_LKMap_2015_LV95.dxf","_dedupKey":"2681706.7,1246969.1|2681712.5,1246971","accuracyClass":0}},{"type":"Feature","geometry":{"type":"LineString","coordinates":[[8.525190973110915,47.365921515605734],[8.525207316688853,47.36591335616887],[8.525219934354345,47.36591466768727],[8.525213802988842,47.365941881704444]]},"properties":{"layer":"LKZ141EUMLU-","infraType":"fernwaerme","geomType":"pipe","source":"order_57073/SIA405_LKMap_2015_LV95.dxf","_dedupKey":"2682074.1,1246687.7|2682075.8,1246690","accuracyClass":null}},{"type":"Feature","geometry":{"type":"LineString","coordinates":[[8.521012394693534,47.367901739446935],[8.520978849395005,47.36788373972482],[8.521012057574321,47.36785513884006],[8.520960387706543,47.367827414321454],[8.520963706149923,47.36782456774881],[8.52087282882156,47.36777580218913],[8.520772313299771,47.36787577137553],[8.520785386590259,47.36788190050168]]},"properties":{"layer":"LKZ141EUMLU0","infraType":"fernwaerme","geomType":"pipe","source":"order_57073/SIA405_LKMap_2015_LV95.dxf","_dedupKey":"2681738.4,1246901.1|2681755.5,1246903.5","accuracyClass":0}},{"type":"Feature","geometry":{"type":"LineString","coordinates":[[8.52602180794453,47.36611065378894],[8.52601969859884,47.366119533863774]]},"properties":{"layer":"LKZ141EUMLU-","infraType":"fernwaerme","geomType":"pipe","source":"order_57073/SIA405_LKMap_2015_LV95.dxf","_dedupKey":"2682136.4,1246710.6|2682136.6,1246709.6","accuracyClass":null}},{"type":"Feature","geometry":{"type":"LineString","coordinates":[[8.525115525867996,47.36595362742437],[8.52511626232301,47.36595728151881],[8.525146844794971,47.36599165209506],[8.525148946410116,47.36599407900235],[8.524982317427982,47.36608272841695],[8.524958360585469,47.3660622829223],[8.524847539272711,47.365965871892165],[8.524688275635523,47.36582532738659],[8.524605329206453,47.3657505841511],[8.524552541552811,47.36570242577961],[8.524492836111971,47.36564743315195],[8.524409035896648,47.365567795451845],[8.524359679976328,47.365519101002285],[8.5242984832412,47.36545652139979],[8.524255631640987,47.36541059923263],[8.524193066685754,47.36533998178416],[8.524140031764242,47.36527638988662],[8.524091424969079,47.36521439346252],[8.524020076705865,47.365118771020164],[8.524018166773134,47.365116000475716]]},"properties":{"layer":"LKZ141EUMLU-","infraType":"fernwaerme","geomType":"pipe","source":"order_57073/SIA405_LKMap_2015_LV95.dxf","_dedupKey":"2681986.8,1246597|2682068.4,1246691.2","accuracyClass":null}},{"type":"Feature","geometry":{"type":"LineString","coordinates":[[8.520715855690007,47.36839164922577],[8.520728450971118,47.36837944177154],[8.520735236398599,47.368373234527404],[8.520735371154489,47.36837204590802],[8.520734612497131,47.36837119847867],[8.520720443926217,47.36836329857276],[8.520694985584523,47.36835038620699],[8.5206942011828,47.368349574999115],[8.52069460562345,47.368348626721655],[8.520700225033282,47.36834237643267],[8.520730206464798,47.36831459743841],[8.520782131338764,47.36827072744625],[8.52083489010653,47.36822554532235],[8.520836418562338,47.36822518019101],[8.520838168680596,47.36822529871968],[8.520843562637278,47.368228162600616],[8.520845157006686,47.3682284355057],[8.520846645566754,47.36822806175292],[8.520887535566589,47.368193047365814],[8.520943511021615,47.36814457881177],[8.520944028204989,47.36814331464738],[8.520943399368361,47.368142340071],[8.520935968817296,47.368138289931714],[8.52092418717222,47.36813252651427],[8.52092279903987,47.368131325179526],[8.520923261081771,47.36812995359033],[8.520984262459912,47.368070140036735],[8.520998516602848,47.36805617195012]]},"properties":{"layer":"LKZ141EUMLU1","infraType":"fernwaerme","geomType":"pipe","source":"order_57073/SIA405_LKMap_2015_LV95.dxf","_dedupKey":"2681732.3,1246957.7|2681754.2,1246920.7","accuracyClass":1}},{"type":"Feature","geometry":{"type":"LineString","coordinates":[[8.520378735778827,47.3684975584582],[8.520392025563229,47.36848433708324],[8.520405302650746,47.36847114281086],[8.520377968948461,47.36845846382354],[8.520436229162051,47.36840053823934],[8.520424734631293,47.36839522183847],[8.520513182519732,47.36830728456803],[8.520695536265974,47.36839186657682]]},"properties":{"layer":"LKZ141EUMLU0","infraType":"fernwaerme","geomType":"pipe","source":"order_57073/SIA405_LKMap_2015_LV95.dxf","_dedupKey":"2681706.7,1246969.1|2681730.8,1246957.7","accuracyClass":0}},{"type":"Feature","geometry":{"type":"LineString","coordinates":[[8.520695380333544,47.3683920119597],[8.52069665407392,47.36839344824216],[8.52069880716602,47.368395155135204],[8.520702081817538,47.36839667161824],[8.520705934826546,47.36839732814561],[8.520709759722843,47.36839659968664]]},"properties":{"layer":"LKZ141EUMLU0","infraType":"fernwaerme","geomType":"pipe","source":"order_57073/SIA405_LKMap_2015_LV95.dxf","_dedupKey":"2681730.8,1246957.7|2681731.9,1246958.2","accuracyClass":0}},{"type":"Feature","geometry":{"type":"LineString","coordinates":[[8.520708441322743,47.3683988338348],[8.520715855690007,47.36839164922577]]},"properties":{"layer":"LKZ141EUMLU1","infraType":"fernwaerme","geomType":"pipe","source":"order_57073/SIA405_LKMap_2015_LV95.dxf","_dedupKey":"2681731.8,1246958.5|2681732.3,1246957.7","accuracyClass":1}},{"type":"Feature","geometry":{"type":"LineString","coordinates":[[8.525148248004516,47.365590176723515],[8.525217274544287,47.365597739890035],[8.525211958138843,47.36562011585126],[8.525429427705419,47.365643939678996],[8.525434426075593,47.36562285300526],[8.525634871329462,47.365644812739376],[8.525624532890667,47.36568840155841],[8.525852153319876,47.36571330741926],[8.525835949283845,47.365780887550045],[8.525852177697214,47.36578266873714],[8.525807642452392,47.36597043879981],[8.526027780804618,47.36599455122124],[8.526001276358363,47.36610626856734],[8.526022295057444,47.36610857132483],[8.52602180794453,47.36611065378894]]},"properties":{"layer":"LKZ141EUMLU-","infraType":"fernwaerme","geomType":"pipe","source":"order_57073/SIA405_LKMap_2015_LV95.dxf","_dedupKey":"2682071.4,1246650.9|2682136.6,1246709.6","accuracyClass":null}},{"type":"Feature","geometry":{"type":"LineString","coordinates":[[8.52602180794453,47.36611065378894],[8.526204779328541,47.366130690193756],[8.526212094353376,47.36609986691771],[8.526244882880757,47.366103453047344],[8.526237335999685,47.366135240989266],[8.5264689268238,47.36616061198953],[8.526460624692517,47.36619560933112],[8.526445391309172,47.36619393579334],[8.52644189282156,47.36620870278847],[8.526450239396887,47.366209622634635],[8.526449738695547,47.36621168723834]]},"properties":{"layer":"LKZ141EUMLU-","infraType":"fernwaerme","geomType":"pipe","source":"order_57073/SIA405_LKMap_2015_LV95.dxf","_dedupKey":"2682136.6,1246709.6|2682168.7,1246721.3","accuracyClass":null}},{"type":"Feature","geometry":{"type":"LineString","coordinates":[[8.529843162152867,47.37777396900502],[8.52964697207108,47.37759215979653],[8.529587168755453,47.37762193173614],[8.529477586870101,47.37752037727021],[8.529537389948894,47.37749059639305],[8.529445127180434,47.37740509653538],[8.529353941919469,47.377319172655405]]},"properties":{"layer":"LKZ141EUMLU1","infraType":"fernwaerme","geomType":"pipe","source":"order_57165/SIA405_LKMap_2015_LV95.dxf","_dedupKey":"2682370.9,1247959.2|2682407.2,1248010.3","accuracyClass":1}},{"type":"Feature","geometry":{"type":"LineString","coordinates":[[8.529353941919469,47.377319172655405],[8.529339657664213,47.37730903510307],[8.529306106949214,47.377326145763085],[8.52928225260096,47.37730456682058],[8.529211101555154,47.377340859224844],[8.529171076474773,47.37736126920954]]},"properties":{"layer":"LKZ141EUMLU1","infraType":"fernwaerme","geomType":"pipe","source":"order_57165/SIA405_LKMap_2015_LV95.dxf","_dedupKey":"2682357.1,1247963.7|2682370.9,1247959.2","accuracyClass":1}},{"type":"Feature","geometry":{"type":"LineString","coordinates":[[8.52988919281297,47.37781662079033],[8.529942815711594,47.37778962360838]]},"properties":{"layer":"LKZ141EUMLU1","infraType":"fernwaerme","geomType":"pipe","source":"order_57165/SIA405_LKMap_2015_LV95.dxf","_dedupKey":"2682410.6,1248015.1|2682414.7,1248012.1","accuracyClass":1}},{"type":"Feature","geometry":{"type":"LineString","coordinates":[[8.52970966499696,47.377859451235004],[8.529745675614267,47.37784152565766],[8.529821812919558,47.37780362068214],[8.529798325188338,47.37778185848004],[8.529831307462329,47.37776543667892],[8.529843162152867,47.37777396900502]]},"properties":{"layer":"LKZ141EUMLU1","infraType":"fernwaerme","geomType":"pipe","source":"order_57165/SIA405_LKMap_2015_LV95.dxf","_dedupKey":"2682397,1248019.6|2682407.2,1248010.3","accuracyClass":1}},{"type":"Feature","geometry":{"type":"LineString","coordinates":[[8.529353941919469,47.377319172655405],[8.52894644426865,47.376948948606675],[8.528927685661802,47.37695894832696],[8.528816738134864,47.376863010085124],[8.528678185035993,47.376936935166206],[8.52846808337893,47.37704457417632],[8.5284526324172,47.37705249172587]]},"properties":{"layer":"LKZ141EUMLU1","infraType":"fernwaerme","geomType":"pipe","source":"order_57165/SIA405_LKMap_2015_LV95.dxf","_dedupKey":"2682303.3,1247928.6|2682370.9,1247959.2","accuracyClass":1}},{"type":"Feature","geometry":{"type":"LineString","coordinates":[[8.52988919281297,47.37781662079033],[8.529843162152867,47.37777396900502]]},"properties":{"layer":"LKZ141EUMLU1","infraType":"fernwaerme","geomType":"pipe","source":"order_57165/SIA405_LKMap_2015_LV95.dxf","_dedupKey":"2682407.2,1248010.3|2682410.6,1248015.1","accuracyClass":1}},{"type":"Feature","geometry":{"type":"LineString","coordinates":[[8.52817936050379,47.37679657686494],[8.528177909843796,47.37679233585735],[8.528142005030253,47.37679793664576],[8.528137340458683,47.37678417313637],[8.528150923621128,47.376782057104485],[8.528142791191764,47.37675800890433]]},"properties":{"layer":"LKZ141EUMLU0","infraType":"fernwaerme","geomType":"pipe","source":"order_57186/SIA405_LKMap_2015_LV95.dxf","_dedupKey":"2682280.3,1247895.5|2682283,1247899.9","accuracyClass":0}},{"type":"Feature","geometry":{"type":"LineString","coordinates":[[8.528154791671053,47.37664996331529],[8.52816212470376,47.376645918310196]]},"properties":{"layer":"LKZ141EUMLU0","infraType":"fernwaerme","geomType":"pipe","source":"order_57186/SIA405_LKMap_2015_LV95.dxf","_dedupKey":"2682281.4,1247883.5|2682282,1247883.1","accuracyClass":0}},{"type":"Feature","geometry":{"type":"LineString","coordinates":[[8.528131906719493,47.37676582037669],[8.528129934019733,47.37676001014674],[8.528134871009133,47.37675924397417],[8.528142791191764,47.37675800890433]]},"properties":{"layer":"LKZ141EUMLU0","infraType":"fernwaerme","geomType":"pipe","source":"order_57186/SIA405_LKMap_2015_LV95.dxf","_dedupKey":"2682279.5,1247896.4|2682280.3,1247895.5","accuracyClass":0}},{"type":"Feature","geometry":{"type":"LineString","coordinates":[[8.528121508542139,47.37645860027983],[8.528157495247882,47.37643369520085],[8.527935952672623,47.37628601583028]]},"properties":{"layer":"LKZ141EUMLU1","infraType":"fernwaerme","geomType":"pipe","source":"order_57186/SIA405_LKMap_2015_LV95.dxf","_dedupKey":"2682265.5,1247842.8|2682279.2,1247862.2","accuracyClass":1}},{"type":"Feature","geometry":{"type":"LineString","coordinates":[[8.527360166642808,47.376440349154876],[8.526868133034885,47.3766646281844],[8.52685338066249,47.37664969134711],[8.52682264228773,47.37665473932819],[8.526823675664941,47.37667486965527],[8.526652309761557,47.37667893049924]]},"properties":{"layer":"LKZ141EUMLU1","infraType":"fernwaerme","geomType":"pipe","source":"order_57186/SIA405_LKMap_2015_LV95.dxf","_dedupKey":"2682167.9,1247885.2|2682221.7,1247859.4","accuracyClass":1}},{"type":"Feature","geometry":{"type":"LineString","coordinates":[[8.528115997937421,47.37647600383402],[8.52812396017555,47.376476828250176]]},"properties":{"layer":"LKZ141EUMLU-","infraType":"fernwaerme","geomType":"pipe","source":"order_57186/SIA405_LKMap_2015_LV95.dxf","_dedupKey":"2682278.8,1247864.2|2682279.4,1247864.3","accuracyClass":null}},{"type":"Feature","geometry":{"type":"LineString","coordinates":[[8.527935952672623,47.37628601583028],[8.527823516967565,47.376211058296285],[8.527360166642808,47.376440349154876]]},"properties":{"layer":"LKZ141EUMLU1","infraType":"fernwaerme","geomType":"pipe","source":"order_57186/SIA405_LKMap_2015_LV95.dxf","_dedupKey":"2682221.7,1247859.4|2682265.5,1247842.8","accuracyClass":1}},{"type":"Feature","geometry":{"type":"LineString","coordinates":[[8.52816212470376,47.376645918310196],[8.528146401596896,47.37663274483825],[8.528159533506575,47.37662280730928],[8.528108684804332,47.376591803982855],[8.528102489712165,47.37658803049097],[8.528107692789321,47.376584086533484],[8.528099875095599,47.37657932089164]]},"properties":{"layer":"LKZ141EUMLU0","infraType":"fernwaerme","geomType":"pipe","source":"order_57186/SIA405_LKMap_2015_LV95.dxf","_dedupKey":"2682277.4,1247875.6|2682282,1247883.1","accuracyClass":0}},{"type":"Feature","geometry":{"type":"LineString","coordinates":[[8.528171977277575,47.37665435275302],[8.52817046776302,47.376653062698665],[8.52816212470376,47.376645918310196]]},"properties":{"layer":"LKZ141EUMLU0","infraType":"fernwaerme","geomType":"pipe","source":"order_57186/SIA405_LKMap_2015_LV95.dxf","_dedupKey":"2682282,1247883.1|2682282.7,1247884","accuracyClass":0}},{"type":"Feature","geometry":{"type":"LineString","coordinates":[[8.528581664635881,47.37646114967024],[8.52845487248286,47.37652476306528]]},"properties":{"layer":"LKZ141EUMLU0","infraType":"fernwaerme","geomType":"pipe","source":"order_57186/SIA405_LKMap_2015_LV95.dxf","_dedupKey":"2682304.3,1247869.9|2682313.9,1247863","accuracyClass":0}},{"type":"Feature","geometry":{"type":"LineString","coordinates":[[8.52835420094673,47.37632186543443],[8.528635949844745,47.3760961822319],[8.529017571228678,47.37578970593186]]},"properties":{"layer":"LKZ141EUMLU1","infraType":"fernwaerme","geomType":"pipe","source":"order_57186/SIA405_LKMap_2015_LV95.dxf","_dedupKey":"2682297,1247847.3|2682347.9,1247788.8","accuracyClass":1}},{"type":"Feature","geometry":{"type":"LineString","coordinates":[[8.52812396017555,47.376476828250176],[8.528142129011083,47.37647231224779]]},"properties":{"layer":"LKZ141EUMLU1","infraType":"fernwaerme","geomType":"pipe","source":"order_57186/SIA405_LKMap_2015_LV95.dxf","_dedupKey":"2682279.4,1247864.3|2682280.7,1247863.8","accuracyClass":1}},{"type":"Feature","geometry":{"type":"LineString","coordinates":[[8.528190799668208,47.37646738261937],[8.528170468437585,47.37645421663408],[8.528151475209492,47.37646634129061],[8.528142129011083,47.37647231224779]]},"properties":{"layer":"LKZ141EUMLU1","infraType":"fernwaerme","geomType":"pipe","source":"order_57186/SIA405_LKMap_2015_LV95.dxf","_dedupKey":"2682280.7,1247863.8|2682284.4,1247863.3","accuracyClass":1}},{"type":"Feature","geometry":{"type":"LineString","coordinates":[[8.526857581062277,47.377889933942996],[8.526988821678529,47.37782082942892]]},"properties":{"layer":"LKZ141EUMLU1","infraType":"fernwaerme","geomType":"pipe","source":"order_57186/SIA405_LKMap_2015_LV95.dxf","_dedupKey":"2682181.5,1248020|2682191.6,1248012.5","accuracyClass":1}},{"type":"Feature","geometry":{"type":"LineString","coordinates":[[8.52658909385623,47.37668038042995],[8.526633950731204,47.376679328294],[8.526652309761557,47.37667893049924]]},"properties":{"layer":"LKZ141EUMLU1","infraType":"fernwaerme","geomType":"pipe","source":"order_57186/SIA405_LKMap_2015_LV95.dxf","_dedupKey":"2682163.1,1247885.3|2682167.9,1247885.2","accuracyClass":1}},{"type":"Feature","geometry":{"type":"LineString","coordinates":[[8.528141336835384,47.376471780012274],[8.528170708782143,47.37645301801654],[8.528191818397197,47.376466689381715],[8.528248540967384,47.3764274573601],[8.528234363812423,47.37641800229113],[8.52835420094673,47.37632186543443]]},"properties":{"layer":"LKZ141EUMLU1","infraType":"fernwaerme","geomType":"pipe","source":"order_57186/SIA405_LKMap_2015_LV95.dxf","_dedupKey":"2682280.7,1247863.7|2682297,1247847.3","accuracyClass":1}},{"type":"Feature","geometry":{"type":"LineString","coordinates":[[8.528142791191764,47.37675800890433],[8.528140578891138,47.37675149032018],[8.528172180359187,47.37674655977868],[8.528170813184543,47.37674251587612],[8.528169446377783,47.376738489960296]]},"properties":{"layer":"LKZ141EUMLU0","infraType":"fernwaerme","geomType":"pipe","source":"order_57186/SIA405_LKMap_2015_LV95.dxf","_dedupKey":"2682280.3,1247895.5|2682282.4,1247893.4","accuracyClass":0}},{"type":"Feature","geometry":{"type":"LineString","coordinates":[[8.527876014537066,47.376861252037116],[8.527884871829874,47.376859864227136],[8.527889240988655,47.37685917538033],[8.5278928617933,47.376869818440696]]},"properties":{"layer":"LKZ141EUMLU0","infraType":"fernwaerme","geomType":"pipe","source":"order_57186/SIA405_LKMap_2015_LV95.dxf","_dedupKey":"2682260,1247906.7|2682261.3,1247907.7","accuracyClass":0}},{"type":"Feature","geometry":{"type":"LineString","coordinates":[[8.527996706271031,47.37621400368951],[8.527937085147848,47.37625525084448],[8.527959142908896,47.376269965739525],[8.527935952672623,47.37628601583028]]},"properties":{"layer":"LKZ141EUMLU1","infraType":"fernwaerme","geomType":"pipe","source":"order_57186/SIA405_LKMap_2015_LV95.dxf","_dedupKey":"2682265.5,1247842.8|2682270.2,1247834.9","accuracyClass":1}},{"type":"Feature","geometry":{"type":"LineString","coordinates":[[8.528121508542139,47.37645860027983],[8.52812396017555,47.376476828250176]]},"properties":{"layer":"LKZ141EUMLU1","infraType":"fernwaerme","geomType":"pipe","source":"order_57186/SIA405_LKMap_2015_LV95.dxf","_dedupKey":"2682279.2,1247862.2|2682279.4,1247864.3","accuracyClass":1}},{"type":"Feature","geometry":{"type":"LineString","coordinates":[[8.528115997937421,47.37647600383402],[8.52811141410838,47.37649404629544]]},"properties":{"layer":"LKZ141EUMLU1","infraType":"fernwaerme","geomType":"pipe","source":"order_57186/SIA405_LKMap_2015_LV95.dxf","_dedupKey":"2682278.4,1247866.2|2682278.8,1247864.2","accuracyClass":1}},{"type":"Feature","geometry":{"type":"LineString","coordinates":[[8.528099875095599,47.37657932089164],[8.528053236883103,47.3765508774195],[8.52810151339181,47.37651435170059],[8.528091076830389,47.37650649844695],[8.528103017675159,47.376499189736045],[8.52811141410838,47.37649404629544]]},"properties":{"layer":"LKZ141EUMLU1","infraType":"fernwaerme","geomType":"pipe","source":"order_57186/SIA405_LKMap_2015_LV95.dxf","_dedupKey":"2682277.4,1247875.6|2682278.4,1247866.2","accuracyClass":1}},{"type":"Feature","geometry":{"type":"LineString","coordinates":[[8.528927634958592,47.37813208278077],[8.52895857267382,47.378116678989834],[8.529040509545581,47.378192615937564],[8.529323536587125,47.378051698144795],[8.529347011003205,47.37807346056667],[8.52936837914248,47.378062833472775],[8.52934489129816,47.37804106218674],[8.52970966499696,47.377859451235004]]},"properties":{"layer":"LKZ141EUMLU1","infraType":"fernwaerme","geomType":"pipe","source":"order_57186/SIA405_LKMap_2015_LV95.dxf","_dedupKey":"2682337.5,1248049.1|2682397,1248019.6","accuracyClass":1}},{"type":"Feature","geometry":{"type":"LineString","coordinates":[[8.526606418969013,47.37802218908381],[8.52662734263222,47.37801117090329]]},"properties":{"layer":"LKZ141EUMLU1","infraType":"fernwaerme","geomType":"pipe","source":"order_57186/SIA405_LKMap_2015_LV95.dxf","_dedupKey":"2682162.4,1248034.5|2682164,1248033.3","accuracyClass":1}},{"type":"Feature","geometry":{"type":"LineString","coordinates":[[8.528451095301428,47.3770511479648],[8.528419863473431,47.37706121130491]]},"properties":{"layer":"LKZ141EUMLU1","infraType":"fernwaerme","geomType":"pipe","source":"order_57186/SIA405_LKMap_2015_LV95.dxf","_dedupKey":"2682300.8,1247929.5|2682303.2,1247928.5","accuracyClass":1}},{"type":"Feature","geometry":{"type":"LineString","coordinates":[[8.52662734263222,47.37801117090329],[8.526857581062277,47.377889933942996]]},"properties":{"layer":"LKZ141EUMLU1","infraType":"fernwaerme","geomType":"pipe","source":"order_57186/SIA405_LKMap_2015_LV95.dxf","_dedupKey":"2682164,1248033.3|2682181.5,1248020","accuracyClass":1}},{"type":"Feature","geometry":{"type":"LineString","coordinates":[[8.528234882133034,47.37679574734207],[8.528232305176497,47.376788233741294],[8.528222537297529,47.376789774088984],[8.52817936050379,47.37679657686494]]},"properties":{"layer":"LKZ141EUMLU0","infraType":"fernwaerme","geomType":"pipe","source":"order_57186/SIA405_LKMap_2015_LV95.dxf","_dedupKey":"2682283,1247899.9|2682287.2,1247899.8","accuracyClass":0}},{"type":"Feature","geometry":{"type":"LineString","coordinates":[[8.528169446377783,47.376738489960296],[8.528154419227445,47.376696525552234],[8.528195290283497,47.37667086378249],[8.528171977277575,47.37665435275302]]},"properties":{"layer":"LKZ141EUMLU1","infraType":"fernwaerme","geomType":"pipe","source":"order_57186/SIA405_LKMap_2015_LV95.dxf","_dedupKey":"2682282.4,1247893.4|2682282.7,1247884","accuracyClass":1}},{"type":"Feature","geometry":{"type":"LineString","coordinates":[[8.523435701327731,47.3788390252281],[8.523341101523695,47.37888428636782],[8.523354332106601,47.378899948542724]]},"properties":{"layer":"LKZ141EUMLU1","infraType":"fernwaerme","geomType":"pipe","source":"order_57186/SIA405_LKMap_2015_LV95.dxf","_dedupKey":"2681915.4,1248128.7|2681921.7,1248122","accuracyClass":1}},{"type":"Feature","geometry":{"type":"LineString","coordinates":[[8.528409453781048,47.37657669759515],[8.528266383729223,47.376481484638354],[8.528240762333294,47.37649974353524],[8.528190799668208,47.37646738261937]]},"properties":{"layer":"LKZ141EUMLU1","infraType":"fernwaerme","geomType":"pipe","source":"order_57186/SIA405_LKMap_2015_LV95.dxf","_dedupKey":"2682284.4,1247863.3|2682300.8,1247875.7","accuracyClass":1}},{"type":"Feature","geometry":{"type":"LineString","coordinates":[[8.5278928617933,47.376869818440696],[8.52790217280899,47.376897111775165],[8.528197534131596,47.37685059203242],[8.528188236947898,47.376823334570055]]},"properties":{"layer":"LKZ141EUMLU1","infraType":"fernwaerme","geomType":"pipe","source":"order_57186/SIA405_LKMap_2015_LV95.dxf","_dedupKey":"2682261.3,1247907.7|2682283.7,1247902.8","accuracyClass":1}},{"type":"Feature","geometry":{"type":"LineString","coordinates":[[8.528451095301428,47.3770511479648],[8.528677630792318,47.376935087402096],[8.528661773810404,47.37688170709031],[8.528627347435615,47.3768864305475],[8.528597626431003,47.376786460405924],[8.528658300375707,47.376742297559886],[8.528409453781048,47.37657669759515]]},"properties":{"layer":"LKZ141EUMLU1","infraType":"fernwaerme","geomType":"pipe","source":"order_57186/SIA405_LKMap_2015_LV95.dxf","_dedupKey":"2682300.8,1247875.7|2682303.2,1247928.5","accuracyClass":1}},{"type":"Feature","geometry":{"type":"LineString","coordinates":[[8.526304076676126,47.37659722404369],[8.526311172212461,47.3766081402682],[8.526310528104059,47.37661161844696],[8.526357586832338,47.3766840717472],[8.526434749803185,47.37668211281238]]},"properties":{"layer":"LKZ141EUMLU1","infraType":"fernwaerme","geomType":"pipe","source":"order_57186/SIA405_LKMap_2015_LV95.dxf","_dedupKey":"2682141.7,1247875.7|2682151.5,1247885.3","accuracyClass":1}},{"type":"Feature","geometry":{"type":"LineString","coordinates":[[8.523354332106601,47.378899948542724],[8.523307812377102,47.378855175953625]]},"properties":{"layer":"LKZ141EUMLU1","infraType":"fernwaerme","geomType":"pipe","source":"order_57186/SIA405_LKMap_2015_LV95.dxf","_dedupKey":"2681912,1248123.6|2681915.4,1248128.7","accuracyClass":1}},{"type":"Feature","geometry":{"type":"LineString","coordinates":[[8.528141336835384,47.376471780012274],[8.528115997937421,47.37647600383402]]},"properties":{"layer":"LKZ141EUMLU1","infraType":"fernwaerme","geomType":"pipe","source":"order_57186/SIA405_LKMap_2015_LV95.dxf","_dedupKey":"2682278.8,1247864.2|2682280.7,1247863.7","accuracyClass":1}},{"type":"Feature","geometry":{"type":"LineString","coordinates":[[8.5284526324172,47.37705249172587],[8.528419863473431,47.37706121130491]]},"properties":{"layer":"LKZ141EUMLU1","infraType":"fernwaerme","geomType":"pipe","source":"order_57186/SIA405_LKMap_2015_LV95.dxf","_dedupKey":"2682300.8,1247929.5|2682303.3,1247928.6","accuracyClass":1}},{"type":"Feature","geometry":{"type":"LineString","coordinates":[[8.52845487248286,47.37652476306528],[8.528395313888057,47.37656582996079],[8.528409453781048,47.37657669759515]]},"properties":{"layer":"LKZ141EUMLU1","infraType":"fernwaerme","geomType":"pipe","source":"order_57186/SIA405_LKMap_2015_LV95.dxf","_dedupKey":"2682300.8,1247875.7|2682304.3,1247869.9","accuracyClass":1}},{"type":"Feature","geometry":{"type":"LineString","coordinates":[[8.523307812377102,47.378855175953625],[8.523231616755146,47.37878183467178],[8.523182212715252,47.378805514861554],[8.523116238551093,47.3787554917957],[8.52281359584797,47.37893239674224]]},"properties":{"layer":"LKZ141EUMLU1","infraType":"fernwaerme","geomType":"pipe","source":"order_57186/SIA405_LKMap_2015_LV95.dxf","_dedupKey":"2681874.6,1248131.7|2681912,1248123.6","accuracyClass":1}},{"type":"Feature","geometry":{"type":"LineString","coordinates":[[8.528720270010544,47.376397604557255],[8.528694609067527,47.37641068274232],[8.528678357225745,47.3763969116578],[8.528583476613768,47.376449384949275],[8.528590409110823,47.37645554415926],[8.528581664635881,47.37646114967024]]},"properties":{"layer":"LKZ141EUMLU1","infraType":"fernwaerme","geomType":"pipe","source":"order_57186/SIA405_LKMap_2015_LV95.dxf","_dedupKey":"2682313.9,1247863|2682324.5,1247856.1","accuracyClass":1}},{"type":"Feature","geometry":{"type":"LineString","coordinates":[[8.527360166642808,47.376440349154876],[8.527339537057067,47.37645081600701],[8.527357264348355,47.376468765094884],[8.527379253577895,47.376458735180776],[8.52743659628912,47.37651400940419]]},"properties":{"layer":"LKZ141EUMLU1","infraType":"fernwaerme","geomType":"pipe","source":"order_57186/SIA405_LKMap_2015_LV95.dxf","_dedupKey":"2682221.7,1247859.4|2682227.4,1247867.7","accuracyClass":1}},{"type":"Feature","geometry":{"type":"LineString","coordinates":[[8.526434749803185,47.37668211281238],[8.52658909385623,47.37668038042995]]},"properties":{"layer":"LKZ141EUMLU1","infraType":"fernwaerme","geomType":"pipe","source":"order_57186/SIA405_LKMap_2015_LV95.dxf","_dedupKey":"2682151.5,1247885.3|2682163.1,1247885.3","accuracyClass":1}},{"type":"Feature","geometry":{"type":"LineString","coordinates":[[8.528188236947898,47.376823334570055],[8.528187983187918,47.37682258137375],[8.52817936050379,47.37679657686494]]},"properties":{"layer":"LKZ141EUMLU0","infraType":"fernwaerme","geomType":"pipe","source":"order_57186/SIA405_LKMap_2015_LV95.dxf","_dedupKey":"2682283,1247899.9|2682283.7,1247902.8","accuracyClass":0}},{"type":"Feature","geometry":{"type":"LineString","coordinates":[[8.528389265493486,47.377071835349135],[8.528359501250021,47.3770811382332],[8.528337934762979,47.37706391813758]]},"properties":{"layer":"LKZ141EUMLU-","infraType":"fernwaerme","geomType":"pipe","source":"order_57186/SIA405_LKMap_2015_LV95.dxf","_dedupKey":"2682294.6,1247929.8|2682298.5,1247930.7","accuracyClass":null}},{"type":"Feature","geometry":{"type":"LineString","coordinates":[[8.528409464611467,47.37708953608093],[8.528404228224455,47.37709249989772],[8.528398201094104,47.37712220465844]]},"properties":{"layer":"LKZ141EUMLU-","infraType":"fernwaerme","geomType":"pipe","source":"order_57186/SIA405_LKMap_2015_LV95.dxf","_dedupKey":"2682299.1,1247936.3|2682300,1247932.7","accuracyClass":null}},{"type":"Feature","geometry":{"type":"LineString","coordinates":[[8.528090579684207,47.376467275429796],[8.528062869929462,47.37644879993392]]},"properties":{"layer":"LKZ141EUMLU-","infraType":"fernwaerme","geomType":"pipe","source":"order_57186/SIA405_LKMap_2015_LV95.dxf","_dedupKey":"2682274.8,1247861.1|2682276.8,1247863.2","accuracyClass":null}},{"type":"Feature","geometry":{"type":"LineString","coordinates":[[8.528411756256968,47.37703646126725],[8.528398845896088,47.37702614872678]]},"properties":{"layer":"LKZ141EUMLU-","infraType":"fernwaerme","geomType":"pipe","source":"order_57186/SIA405_LKMap_2015_LV95.dxf","_dedupKey":"2682299.3,1247925.6|2682300.2,1247926.8","accuracyClass":null}},{"type":"Feature","geometry":{"type":"LineString","coordinates":[[8.527979303492247,47.37660263992968],[8.527993105057327,47.37660214097725],[8.528100235341928,47.37652114607256],[8.52811639462878,47.376497354500835]]},"properties":{"layer":"LKZ141EUMLU-","infraType":"fernwaerme","geomType":"pipe","source":"order_57186/SIA405_LKMap_2015_LV95.dxf","_dedupKey":"2682268.2,1247878.1|2682278.8,1247866.5","accuracyClass":null}},{"type":"Feature","geometry":{"type":"LineString","coordinates":[[8.526417237890305,47.37510316709181],[8.526421881867245,47.375106217680255],[8.52642385148132,47.375109293453086],[8.526421782863258,47.37511304590736],[8.52640236875686,47.37512660446898],[8.526402094766672,47.3751268049417],[8.52640174702949,47.37512728495753],[8.526401638519676,47.37512780769623],[8.526401768686625,47.37512834617756],[8.526401945754635,47.37512858737831],[8.526408505188822,47.375137250873834],[8.526416086447385,47.375146021682994]]},"properties":{"layer":"LKZ141EUMLU1","infraType":"fernwaerme","geomType":"pipe","source":"order_57211/SIA405_LKMap_2015_LV95.dxf","_dedupKey":"2682152.4,1247714.5|2682152.6,1247709.8","accuracyClass":1}},{"type":"Feature","geometry":{"type":"LineString","coordinates":[[8.5267260045509,47.375292763568986],[8.526684001038321,47.37532131393722],[8.526683526987384,47.37532144433406],[8.526681584639823,47.375321651526946],[8.526679914997318,47.37532159529268],[8.526677715592246,47.37532153505324],[8.526676571857102,47.37532129396296],[8.526676078875642,47.3753211456894],[8.526675608701488,47.37532081729868],[8.526642260173597,47.37529786103828],[8.52660042145834,47.375270909945066],[8.526569559144228,47.3752510335632],[8.526550706067676,47.37523823116915],[8.526487492207293,47.37519557797761],[8.526452830062818,47.3751711858201],[8.526416086447385,47.375146021682994]]},"properties":{"layer":"LKZ141EUMLU1","infraType":"fernwaerme","geomType":"pipe","source":"order_57211/SIA405_LKMap_2015_LV95.dxf","_dedupKey":"2682152.4,1247714.5|2682175.6,1247731.2","accuracyClass":1}},{"type":"Feature","geometry":{"type":"LineString","coordinates":[[8.530694780689684,47.37496949094994],[8.53068203707645,47.37497894836812]]},"properties":{"layer":"LKZ141EUMLU0","infraType":"fernwaerme","geomType":"pipe","source":"order_57211/SIA405_LKMap_2015_LV95.dxf","_dedupKey":"2682474.8,1247700.4|2682475.8,1247699.4","accuracyClass":0}},{"type":"Feature","geometry":{"type":"LineString","coordinates":[[8.527361402004288,47.375476519673455],[8.526954161386266,47.37521219475328],[8.526914371939444,47.375185089538164],[8.526901128741832,47.375175301683846],[8.526900076032309,47.37517497878215]]},"properties":{"layer":"LKZ141EUMLU1","infraType":"fernwaerme","geomType":"pipe","source":"order_57211/SIA405_LKMap_2015_LV95.dxf","_dedupKey":"2682188.9,1247718.2|2682223.3,1247752.3","accuracyClass":1}},{"type":"Feature","geometry":{"type":"LineString","coordinates":[[8.530690019168157,47.374966531593614],[8.530694780689684,47.37496949094994]]},"properties":{"layer":"LKZ141EUMLU0","infraType":"fernwaerme","geomType":"pipe","source":"order_57211/SIA405_LKMap_2015_LV95.dxf","_dedupKey":"2682475.5,1247699.1|2682475.8,1247699.4","accuracyClass":0}},{"type":"Feature","geometry":{"type":"LineString","coordinates":[[8.52676927669908,47.3753081963581],[8.52680614940981,47.3752884285519],[8.526810466497727,47.3752910324484],[8.526816919303732,47.375295766058805]]},"properties":{"layer":"LKZ141EUMLU1","infraType":"fernwaerme","geomType":"pipe","source":"order_57211/SIA405_LKMap_2015_LV95.dxf","_dedupKey":"2682178.9,1247732.9|2682182.5,1247731.6","accuracyClass":1}},{"type":"Feature","geometry":{"type":"LineString","coordinates":[[8.526312649373196,47.37496282964563],[8.526293438630033,47.37495001258756],[8.526329438410816,47.37492510794241],[8.526352994285995,47.37490881185546],[8.526319661020283,47.37488658396358],[8.526327769801712,47.374880975611795],[8.526215124560467,47.37480587457902],[8.52664245478948,47.37451011164163],[8.526651905576205,47.37451640915962]]},"properties":{"layer":"LKZ141EUMLU0","infraType":"fernwaerme","geomType":"pipe","source":"order_57211/SIA405_LKMap_2015_LV95.dxf","_dedupKey":"2682144.9,1247694|2682171.2,1247644.8","accuracyClass":0}},{"type":"Feature","geometry":{"type":"LineString","coordinates":[[8.527224108220425,47.37538379661466],[8.527364252947695,47.37547476574026],[8.527396634071213,47.375491182466455]]},"properties":{"layer":"LKZ141EUMLU0","infraType":"fernwaerme","geomType":"pipe","source":"order_57211/SIA405_LKMap_2015_LV95.dxf","_dedupKey":"2682213.1,1247741.8|2682226,1247753.9","accuracyClass":0}},{"type":"Feature","geometry":{"type":"LineString","coordinates":[[8.527366701194616,47.37547274574894],[8.526959514271462,47.37520845632177],[8.526919818786137,47.37518141318905],[8.52691393430656,47.37517857220002],[8.526909920406975,47.37517719778226],[8.526900076032309,47.37517497878215]]},"properties":{"layer":"LKZ141EUMLU1","infraType":"fernwaerme","geomType":"pipe","source":"order_57211/SIA405_LKMap_2015_LV95.dxf","_dedupKey":"2682188.9,1247718.2|2682223.7,1247751.8","accuracyClass":1}},{"type":"Feature","geometry":{"type":"LineString","coordinates":[[8.526312649373196,47.37496282964563],[8.526387379014638,47.374911834253105]]},"properties":{"layer":"LKZ141EUMLU0","infraType":"fernwaerme","geomType":"pipe","source":"order_57211/SIA405_LKMap_2015_LV95.dxf","_dedupKey":"2682144.9,1247694|2682150.6,1247688.5","accuracyClass":0}},{"type":"Feature","geometry":{"type":"LineString","coordinates":[[8.52634142631684,47.3750174468893],[8.526325435489504,47.37503198965217],[8.526318019013763,47.37503713273346],[8.526313107615131,47.37504044420755],[8.526310235084528,47.37504373648338],[8.52631279986065,47.375048074965676],[8.52632574475514,47.37505558093543],[8.526349874029073,47.37507192273546],[8.526362974763714,47.375077331371024],[8.526375049160572,47.375075922374926],[8.526382291228439,47.37507780611978],[8.52638488259134,47.37507955375608]]},"properties":{"layer":"LKZ141EUMLU1","infraType":"fernwaerme","geomType":"pipe","source":"order_57211/SIA405_LKMap_2015_LV95.dxf","_dedupKey":"2682147,1247700.2|2682150.2,1247707.1","accuracyClass":1}},{"type":"Feature","geometry":{"type":"LineString","coordinates":[[8.530273967179363,47.374736186167155],[8.53048053475654,47.37485420181786],[8.530471155696754,47.374861774414626],[8.530613021450502,47.374942819748945],[8.530627728257256,47.37493094208093],[8.530690019168157,47.374966531593614]]},"properties":{"layer":"LKZ141EUMLU1","infraType":"fernwaerme","geomType":"pipe","source":"order_57211/SIA405_LKMap_2015_LV95.dxf","_dedupKey":"2682444.4,1247673|2682475.5,1247699.1","accuracyClass":1}},{"type":"Feature","geometry":{"type":"LineString","coordinates":[[8.52917858540584,47.375562678262504],[8.52921814232621,47.37558546724446],[8.529207438470918,47.37559432055365]]},"properties":{"layer":"LKZ141EUMLU1","infraType":"fernwaerme","geomType":"pipe","source":"order_57211/SIA405_LKMap_2015_LV95.dxf","_dedupKey":"2682360.4,1247763.7|2682362.5,1247767.3","accuracyClass":1}},{"type":"Feature","geometry":{"type":"LineString","coordinates":[[8.530331941276964,47.374689691170545],[8.530273967179363,47.374736186167155]]},"properties":{"layer":"LKZ141EUMLU1","infraType":"fernwaerme","geomType":"pipe","source":"order_57211/SIA405_LKMap_2015_LV95.dxf","_dedupKey":"2682444.4,1247673|2682448.9,1247667.9","accuracyClass":1}},{"type":"Feature","geometry":{"type":"LineString","coordinates":[[8.527396634071213,47.375491182466455],[8.527419782580923,47.37550291879374],[8.527557196312712,47.37538952633437],[8.52750072292136,47.37535795510216],[8.527571500304516,47.37529955723491],[8.527505154692188,47.375262457119355],[8.527631381450586,47.375158300054686],[8.527582650493864,47.37513105448411],[8.527617654877254,47.37510217397944],[8.527576344783744,47.375079077158254],[8.527640766540001,47.375025911347976]]},"properties":{"layer":"LKZ141EUMLU0","infraType":"fernwaerme","geomType":"pipe","source":"order_57211/SIA405_LKMap_2015_LV95.dxf","_dedupKey":"2682226,1247753.9|2682245.1,1247702.5","accuracyClass":0}},{"type":"Feature","geometry":{"type":"LineString","coordinates":[[8.529207438470918,47.37559432055365],[8.529253228677005,47.37555609073672],[8.5296238318505,47.3752589903118]]},"properties":{"layer":"LKZ141EUMLU1","infraType":"fernwaerme","geomType":"pipe","source":"order_57211/SIA405_LKMap_2015_LV95.dxf","_dedupKey":"2682362.5,1247767.3|2682394.5,1247730.4","accuracyClass":1}},{"type":"Feature","geometry":{"type":"LineString","coordinates":[[8.529763789241509,47.37514656060649],[8.529874848475833,47.37505465174845],[8.52997872470009,47.37497282221487]]},"properties":{"layer":"LKZ141EUMLU1","infraType":"fernwaerme","geomType":"pipe","source":"order_57211/SIA405_LKMap_2015_LV95.dxf","_dedupKey":"2682405.2,1247718.1|2682421.7,1247699","accuracyClass":1}},{"type":"Feature","geometry":{"type":"LineString","coordinates":[[8.525757080269596,47.374253001628695],[8.525767067412062,47.374260283633475],[8.52580422716129,47.374285120234504],[8.525811246657849,47.374289731630455],[8.525811885744925,47.374291200815094],[8.52581117112969,47.37429252082839],[8.525809405663257,47.37429360786392],[8.525793444299342,47.37430504696343],[8.525777926642359,47.37431616705552],[8.525748775813508,47.3743360147862],[8.525724566482168,47.37435273067849],[8.525700913583995,47.37436881167067],[8.525679927913263,47.374383221450564],[8.52565406264781,47.374401203232445],[8.525630970157087,47.37441749481881],[8.525608213436582,47.374433369465244],[8.525589725236793,47.37444622655636],[8.525562241715548,47.374465374919595],[8.525541110704081,47.37447980403095],[8.525529751352488,47.374487700688604],[8.525515530557211,47.37449748625867],[8.525496899834131,47.37450984994382],[8.525477986273607,47.37452263006246],[8.525473526508904,47.37452536156432],[8.525472182081355,47.37452696634984],[8.525473314682829,47.37452861079507],[8.525479337605274,47.37453240403671],[8.525492651932142,47.37454180459277],[8.525515479854578,47.37455669260538],[8.525540838222144,47.374573589700255],[8.525542245586239,47.37457442199882],[8.525544756431655,47.374574821143625],[8.52556620151705,47.37457449342274],[8.525568516375804,47.37457437269435],[8.525569587623057,47.374574956292086],[8.525571037639798,47.37457593211085],[8.525598999050457,47.374595800073564],[8.525623203660885,47.37461196141251],[8.525647052876323,47.37462757738862],[8.525672670453606,47.3746435455184],[8.525700924586756,47.37466153072227],[8.525713305329624,47.37466930292744],[8.525736320002798,47.37468425210525],[8.525754866198199,47.37469631092414],[8.52578503100412,47.37471578031053],[8.525810404638705,47.37473211950582],[8.525829029202933,47.37474412360466],[8.52584835194338,47.374756597870494],[8.52586681486958,47.374769116206366],[8.525886012022042,47.37478192446738],[8.525902659922343,47.37479374926699],[8.525920017923562,47.37480662880423],[8.52592071936408,47.374807908503705],[8.525919925825853,47.37481769366664],[8.525920440814875,47.374818921150414],[8.525937902541967,47.37483169176722],[8.52595983208786,47.374846669105324],[8.52599038955842,47.37486785281011],[8.526009818817217,47.37488100068039],[8.526024158627337,47.37489067936624],[8.526044313653873,47.37490435111071],[8.526070807551745,47.374923018434224],[8.52612361239507,47.37495722448454],[8.526132611409238,47.37496344534144],[8.52613711929401,47.374966317320116],[8.526149171344922,47.374970953277284],[8.52618847148519,47.37498513737473],[8.52621383004602,47.374994235554105],[8.526235449443824,47.375002442436475],[8.526241075319058,47.37500559172861],[8.526253891496019,47.37501263117208],[8.526290880225947,47.37503359233202],[8.526298007456354,47.375037635991816],[8.5263000155989,47.37503805784404],[8.526303848970345,47.37503772491022],[8.526308152196167,47.375036407084245],[8.526315327768259,47.37503178798883],[8.526320280535845,47.37502855708117],[8.52634142631684,47.3750174468893]]},"properties":{"layer":"LKZ141EUMLU1","infraType":"fernwaerme","geomType":"pipe","source":"order_57211/SIA405_LKMap_2015_LV95.dxf","_dedupKey":"2682104,1247614.6|2682147,1247700.2","accuracyClass":1}},{"type":"Feature","geometry":{"type":"LineString","coordinates":[[8.52997872470009,47.37497282221487],[8.530086794436205,47.37488757079235],[8.530273967179363,47.374736186167155]]},"properties":{"layer":"LKZ141EUMLU1","infraType":"fernwaerme","geomType":"pipe","source":"order_57211/SIA405_LKMap_2015_LV95.dxf","_dedupKey":"2682421.7,1247699|2682444.4,1247673","accuracyClass":1}},{"type":"Feature","geometry":{"type":"LineString","coordinates":[[8.52676927669908,47.3753081963581],[8.526776869893439,47.37531430447649],[8.526782957685603,47.37531932037582]]},"properties":{"layer":"LKZ141EUMLU1","infraType":"fernwaerme","geomType":"pipe","source":"order_57211/SIA405_LKMap_2015_LV95.dxf","_dedupKey":"2682178.9,1247732.9|2682179.9,1247734.2","accuracyClass":1}},{"type":"Feature","geometry":{"type":"LineString","coordinates":[[8.526405069621255,47.37511165613427],[8.52640744566859,47.375113234890435],[8.526407069225435,47.37511425488366],[8.526393036161991,47.37512415572864],[8.526392866435385,47.375124274263456],[8.526392673717055,47.375124563922],[8.526392663964767,47.3751247349211],[8.526392446160798,47.37512703972235],[8.526392423169078,47.375127210846095],[8.526392562354095,47.375127542354804],[8.526392710557266,47.3751276668909],[8.526405559695776,47.3751395633711],[8.526408433862436,47.375141542216866],[8.526416086447385,47.375146021682994]]},"properties":{"layer":"LKZ141EUMLU1","infraType":"fernwaerme","geomType":"pipe","source":"order_57211/SIA405_LKMap_2015_LV95.dxf","_dedupKey":"2682151.7,1247710.7|2682152.4,1247714.5","accuracyClass":1}},{"type":"Feature","geometry":{"type":"LineString","coordinates":[[8.526768714663946,47.37531115205127],[8.526789260260838,47.37530047919781],[8.526805488988947,47.37529175397196],[8.52680611787363,47.37529142422341],[8.52680869787737,47.375292614260005]]},"properties":{"layer":"LKZ141EUMLU1","infraType":"fernwaerme","geomType":"pipe","source":"order_57211/SIA405_LKMap_2015_LV95.dxf","_dedupKey":"2682178.8,1247733.2|2682181.9,1247731.2","accuracyClass":1}},{"type":"Feature","geometry":{"type":"LineString","coordinates":[[8.526312649373196,47.37496282964563],[8.526460842455075,47.37505898621515],[8.526397368063487,47.37510412778346],[8.526406949669058,47.37511034313311]]},"properties":{"layer":"LKZ141EUMLU0","infraType":"fernwaerme","geomType":"pipe","source":"order_57211/SIA405_LKMap_2015_LV95.dxf","_dedupKey":"2682144.9,1247694|2682151.8,1247710.5","accuracyClass":0}},{"type":"Feature","geometry":{"type":"LineString","coordinates":[[8.526900076032309,47.37517497878215],[8.526898890725946,47.375175295783144],[8.5267260045509,47.375292763568986]]},"properties":{"layer":"LKZ141EUMLU1","infraType":"fernwaerme","geomType":"pipe","source":"order_57211/SIA405_LKMap_2015_LV95.dxf","_dedupKey":"2682175.6,1247731.2|2682188.9,1247718.2","accuracyClass":1}},{"type":"Feature","geometry":{"type":"LineString","coordinates":[[8.529846114369311,47.375180827939936],[8.529772214677385,47.375139617740736],[8.529763789241509,47.37514656060649]]},"properties":{"layer":"LKZ141EUMLU1","infraType":"fernwaerme","geomType":"pipe","source":"order_57211/SIA405_LKMap_2015_LV95.dxf","_dedupKey":"2682405.2,1247718.1|2682411.4,1247722","accuracyClass":1}},{"type":"Feature","geometry":{"type":"LineString","coordinates":[[8.527415761269076,47.375407833314384],[8.527373265034937,47.37537335078548]]},"properties":{"layer":"LKZ141EUMLU0","infraType":"fernwaerme","geomType":"pipe","source":"order_57211/SIA405_LKMap_2015_LV95.dxf","_dedupKey":"2682224.4,1247740.8|2682227.5,1247744.7","accuracyClass":0}},{"type":"Feature","geometry":{"type":"LineString","coordinates":[[8.527396634071213,47.375491182466455],[8.52736894330236,47.37551638692306]]},"properties":{"layer":"LKZ141EUMLU0","infraType":"fernwaerme","geomType":"pipe","source":"order_57211/SIA405_LKMap_2015_LV95.dxf","_dedupKey":"2682223.8,1247756.7|2682226,1247753.9","accuracyClass":0}},{"type":"Feature","geometry":{"type":"LineString","coordinates":[[8.526278521019995,47.374939925599726],[8.52632989928474,47.37490486458567],[8.526292034812121,47.37487927020276],[8.526299674869449,47.374874053056494],[8.526196447042333,47.37480426040247],[8.526419015370283,47.37465235996894],[8.526414329145657,47.374649183846444]]},"properties":{"layer":"LKZ141EUMLU0","infraType":"fernwaerme","geomType":"pipe","source":"order_57211/SIA405_LKMap_2015_LV95.dxf","_dedupKey":"2682142.4,1247691.5|2682153.1,1247659.3","accuracyClass":0}},{"type":"Feature","geometry":{"type":"LineString","coordinates":[[8.52638488259134,47.37507955375608],[8.526418947476873,47.37510193665168]]},"properties":{"layer":"LKZ141EUMLU0","infraType":"fernwaerme","geomType":"pipe","source":"order_57211/SIA405_LKMap_2015_LV95.dxf","_dedupKey":"2682150.2,1247707.1|2682152.7,1247709.6","accuracyClass":0}},{"type":"Feature","geometry":{"type":"LineString","coordinates":[[8.529017571228678,47.37578970593186],[8.529099426564402,47.37572396148346],[8.529070697606645,47.375707447788244],[8.52911222565556,47.37567318013721],[8.529207438470918,47.37559432055365]]},"properties":{"layer":"LKZ141EUMLU1","infraType":"fernwaerme","geomType":"pipe","source":"order_57211/SIA405_LKMap_2015_LV95.dxf","_dedupKey":"2682347.9,1247788.8|2682362.5,1247767.3","accuracyClass":1}},{"type":"Feature","geometry":{"type":"LineString","coordinates":[[8.529705220005841,47.375293410516676],[8.529675571311016,47.375276599823394],[8.52963248533836,47.375252189224874],[8.5296238318505,47.3752589903118]]},"properties":{"layer":"LKZ141EUMLU1","infraType":"fernwaerme","geomType":"pipe","source":"order_57211/SIA405_LKMap_2015_LV95.dxf","_dedupKey":"2682394.5,1247730.4|2682400.6,1247734.4","accuracyClass":1}},{"type":"Feature","geometry":{"type":"LineString","coordinates":[[8.5296238318505,47.3752589903118],[8.529755390466397,47.37515351221487],[8.529763789241509,47.37514656060649]]},"properties":{"layer":"LKZ141EUMLU1","infraType":"fernwaerme","geomType":"pipe","source":"order_57211/SIA405_LKMap_2015_LV95.dxf","_dedupKey":"2682394.5,1247730.4|2682405.2,1247718.1","accuracyClass":1}},{"type":"Feature","geometry":{"type":"LineString","coordinates":[[8.5267260045509,47.375292763568986],[8.526732737076848,47.37529044237641],[8.526757242592582,47.375301851223405],[8.5267673832097,47.37531014814515],[8.526768714663946,47.37531115205127]]},"properties":{"layer":"LKZ141EUMLU1","infraType":"fernwaerme","geomType":"pipe","source":"order_57211/SIA405_LKMap_2015_LV95.dxf","_dedupKey":"2682175.6,1247731.2|2682178.8,1247733.2","accuracyClass":1}},{"type":"Feature","geometry":{"type":"LineString","coordinates":[[8.526768714663946,47.37531115205127],[8.526774900659623,47.37531578923098]]},"properties":{"layer":"LKZ141EUMLU1","infraType":"fernwaerme","geomType":"pipe","source":"order_57211/SIA405_LKMap_2015_LV95.dxf","_dedupKey":"2682178.8,1247733.2|2682179.3,1247733.8","accuracyClass":1}},{"type":"Feature","geometry":{"type":"LineString","coordinates":[[8.530694780689684,47.37496949094994],[8.530846360129578,47.374856994993166],[8.531211642498825,47.37458587254006],[8.531337646802937,47.37459143598886],[8.531441459032594,47.374693295204445],[8.531447516958053,47.374690377442356]]},"properties":{"layer":"LKZ141EUMLU0","infraType":"fernwaerme","geomType":"pipe","source":"order_57211/SIA405_LKMap_2015_LV95.dxf","_dedupKey":"2682475.8,1247699.4|2682533.1,1247669.1","accuracyClass":0}},{"type":"Feature","geometry":{"type":"LineString","coordinates":[[8.526414329145657,47.374649183846444],[8.526623503809708,47.37450677304754]]},"properties":{"layer":"LKZ141EUMLU0","infraType":"fernwaerme","geomType":"pipe","source":"order_57211/SIA405_LKMap_2015_LV95.dxf","_dedupKey":"2682153.1,1247659.3|2682169.1,1247643.7","accuracyClass":0}},{"type":"Feature","geometry":{"type":"LineString","coordinates":[[8.526278521019995,47.374939925599726],[8.526231606406213,47.37490820078415]]},"properties":{"layer":"LKZ141EUMLU0","infraType":"fernwaerme","geomType":"pipe","source":"order_57211/SIA405_LKMap_2015_LV95.dxf","_dedupKey":"2682138.9,1247687.9|2682142.4,1247691.5","accuracyClass":0}},{"type":"Feature","geometry":{"type":"LineString","coordinates":[[8.526418947476873,47.37510193665168],[8.526423980352575,47.375105226446074],[8.526426565195905,47.37510924990775],[8.526423960344424,47.37511397888459],[8.526404180856812,47.37512780174574],[8.526410563406731,47.3751362330337],[8.526413789348355,47.375137929717994],[8.526457664047186,47.37516797401555],[8.526492299712892,47.37519236642099],[8.526555473120705,47.37523498401044],[8.526574259265713,47.37524775105366],[8.526646973717783,47.37529458739452],[8.526679542974046,47.37531699329636],[8.526680762107127,47.37531703578383],[8.526721211050761,47.37528952550352],[8.526724543236764,47.37528734428253],[8.526732658274348,47.37528787951002],[8.526733723306592,47.375288157321556],[8.526759499239189,47.375300174864336],[8.52676927669908,47.3753081963581]]},"properties":{"layer":"LKZ141EUMLU1","infraType":"fernwaerme","geomType":"pipe","source":"order_57211/SIA405_LKMap_2015_LV95.dxf","_dedupKey":"2682152.7,1247709.6|2682178.9,1247732.9","accuracyClass":1}},{"type":"Feature","geometry":{"type":"LineString","coordinates":[[8.526406949669058,47.37511034313311],[8.52641041297614,47.3751126402552],[8.526409582831016,47.375115436559234],[8.526395206643834,47.375125394606336],[8.526395156572702,47.37512683429675],[8.526407024366751,47.37513801141331],[8.526410236309994,47.375140319897596],[8.526455390853446,47.375169488612485],[8.526490039758542,47.37519388089392],[8.52655322677292,47.375236516346696],[8.526572052819859,47.37524929200956],[8.52664475403263,47.375296128476464],[8.526678156069154,47.37531911121753],[8.526682012060666,47.37531923680933],[8.52672393666566,47.37529136181892],[8.526768738677747,47.37526108499633],[8.526822158434836,47.375224187521766],[8.526881013912389,47.375184369368874],[8.526900034204793,47.37517163299203],[8.526917088834976,47.375183255922714],[8.526956837828958,47.37521032553753],[8.527224108220425,47.37538379661466]]},"properties":{"layer":"LKZ141EUMLU1","infraType":"fernwaerme","geomType":"pipe","source":"order_57211/SIA405_LKMap_2015_LV95.dxf","_dedupKey":"2682151.8,1247710.5|2682213.1,1247741.8","accuracyClass":1}},{"type":"Feature","geometry":{"type":"LineString","coordinates":[[8.530538218613605,47.37445999386741],[8.530578360956003,47.37448292977201],[8.530584591274724,47.37448648691676],[8.530331941276964,47.374689691170545]]},"properties":{"layer":"LKZ141EUMLU1","infraType":"fernwaerme","geomType":"pipe","source":"order_57211/SIA405_LKMap_2015_LV95.dxf","_dedupKey":"2682448.9,1247667.9|2682464.8,1247642.6","accuracyClass":1}},{"type":"Feature","geometry":{"type":"LineString","coordinates":[[8.525773084866728,47.37425926452238],[8.525807921949143,47.37428253984107],[8.525815934722003,47.37428780752703],[8.525817449702904,47.37429131935505],[8.52581570251589,47.37429460102777],[8.52581311288387,47.3742961815568],[8.525797295133723,47.374307520358855],[8.52578172525362,47.37431867692341],[8.52575253525738,47.37433855200898],[8.525728325926071,47.37435526790212],[8.525704673027905,47.374371348895046],[8.52568370022961,47.37438574056418],[8.525657861259301,47.37440371310436],[8.525634768768658,47.3744200046915],[8.525612012048205,47.37443587933862],[8.525593523848471,47.374448736430395],[8.525566014032153,47.37446789403702],[8.525544883020707,47.37448232314906],[8.525533523669136,47.374490219807065],[8.525519263706217,47.37450003273147],[8.525500620110595,47.37451241452858],[8.525481628031262,47.3745252403622],[8.52547865920679,47.37452705832423],[8.525483046032061,47.37452984151603],[8.525496400443553,47.37453925968475],[8.525519174675258,47.3745541122214],[8.525544439084017,47.37457094723371],[8.525544734016185,47.37457112436092],[8.525545305322973,47.37457121793151],[8.52556594281017,47.374570897809726],[8.525570175715407,47.37457067807705],[8.525573107947483,47.37457226061177],[8.525574812995238,47.37457340493798],[8.52560277440597,47.37459327289981],[8.525626898480185,47.3746093810251],[8.525650680765395,47.37462496164981],[8.525676271313666,47.37464090304781],[8.525704538869357,47.37465889711964],[8.52571693321829,47.37466668718663],[8.525739974553407,47.374681645107906],[8.525758520748735,47.37469370392618],[8.525788685554508,47.37471317331167],[8.525814045949645,47.37472951263079],[8.52583268375311,47.37474151660439],[8.525852046761797,47.374754017475986],[8.525870549956322,47.374766562417605],[8.525889787377137,47.37477939728436],[8.525906529420501,47.37479129315828],[8.525924613720756,47.374804723555826],[8.525926057787673,47.37480735452794],[8.525925278040146,47.37481716654649],[8.525941731589363,47.37482920005761],[8.525963607444035,47.374844141919965],[8.525994151675286,47.37486532574836],[8.526013553904944,47.374878446887074],[8.52602789371506,47.37488812557252],[8.5260480891936,47.37490183291596],[8.526074542639497,47.37492046463901],[8.526127320820432,47.37495466194351],[8.526136306228231,47.37496086493801],[8.52614027756487,47.37496340015342],[8.526151715649247,47.37496779902236],[8.52619094904041,47.374981956762035],[8.526216360924725,47.374991072429],[8.52623844737063,47.37499945481588],[8.526244421690727,47.37500280771478],[8.526257251106857,47.37500984703322],[8.52629426686553,47.37503083492298],[8.526300590005118,47.37503440941258],[8.52630588296196,47.37503551994444],[8.526314461571584,47.375034764534036],[8.526319109414363,47.37503281380448],[8.526322831074982,47.37503025113254]]},"properties":{"layer":"LKZ141EUMLU1","infraType":"fernwaerme","geomType":"pipe","source":"order_57211/SIA405_LKMap_2015_LV95.dxf","_dedupKey":"2682105.2,1247615.3|2682145.6,1247701.6","accuracyClass":1}},{"type":"Feature","geometry":{"type":"LineString","coordinates":[[8.526768404432918,47.37433335848568],[8.526776455025988,47.3743262034875],[8.52678930749735,47.374316214766104],[8.526790783434848,47.374311973155386],[8.526789053440462,47.37430831044799],[8.526767050669502,47.37429428743747],[8.526765672383378,47.374292285513995],[8.52677979085626,47.37428204199929],[8.526783196537046,47.374279572239125],[8.52678486306634,47.374278180286424],[8.526800680841282,47.37426490739556],[8.526855234921232,47.374225246691914],[8.526998854555627,47.37431018377618],[8.527001473333254,47.374310680818716],[8.527004283371488,47.37431016860547],[8.527008038606377,47.374307308754794],[8.527046674930029,47.37427732377344],[8.527153246147346,47.374195048625225],[8.527256923886998,47.37411375412581],[8.527367144076049,47.3740299331998],[8.52742543647972,47.374065058414224]]},"properties":{"layer":"LKZ141EUMLU1","infraType":"fernwaerme","geomType":"pipe","source":"order_57226/SIA405_LKMap_2015_LV95.dxf","_dedupKey":"2682180.3,1247624.5|2682230.3,1247595.4","accuracyClass":1}},{"type":"Feature","geometry":{"type":"LineString","coordinates":[[8.525739341302485,47.374240260578965],[8.525746115662274,47.37424518911505],[8.52574909178515,47.3742476257686],[8.525753777718563,47.374251440574014],[8.525756610077794,47.37425332088301],[8.525757080269596,47.374253001628695]]},"properties":{"layer":"LKZ141EUMLU1","infraType":"fernwaerme","geomType":"pipe","source":"order_57226/SIA405_LKMap_2015_LV95.dxf","_dedupKey":"2682102.7,1247613.1|2682104,1247614.6","accuracyClass":1}},{"type":"Feature","geometry":{"type":"LineString","coordinates":[[8.52742688361463,47.37406394736873],[8.527479612396034,47.374095724841645]]},"properties":{"layer":"LKZ141EUMLU0","infraType":"fernwaerme","geomType":"pipe","source":"order_57226/SIA405_LKMap_2015_LV95.dxf","_dedupKey":"2682230.4,1247595.3|2682234.4,1247598.9","accuracyClass":0}},{"type":"Feature","geometry":{"type":"LineString","coordinates":[[8.527479612396034,47.374095724841645],[8.527808508404242,47.37429393494006]]},"properties":{"layer":"LKZ141EUMLU0","infraType":"fernwaerme","geomType":"pipe","source":"order_57226/SIA405_LKMap_2015_LV95.dxf","_dedupKey":"2682234.4,1247598.9|2682258.9,1247621.3","accuracyClass":0}},{"type":"Feature","geometry":{"type":"LineString","coordinates":[[8.526760727496711,47.37432833056958],[8.526766394927009,47.37432443626522],[8.526781329854154,47.37431332152784],[8.526781279161291,47.37431148700067],[8.526770987898836,47.37430488258131],[8.52676332861195,47.374300070382006],[8.526758073294928,47.374296908629276],[8.52675717749593,47.37429519000453],[8.526778194459615,47.374281031593966],[8.526781547917942,47.374278598306205],[8.52678316222477,47.37427724282596],[8.526799032222302,47.37426393346291],[8.526854278248942,47.374223789499865],[8.526855905201868,47.374223702211516],[8.526999912994178,47.37430884252543],[8.527001481649595,47.37430914257457],[8.52700309114209,47.374308848560915],[8.527006403037884,47.37430632570699],[8.527045039361743,47.37427634072616],[8.527151597524087,47.3741940746976],[8.527207027167314,47.374150618626466]]},"properties":{"layer":"LKZ141EUMLU1","infraType":"fernwaerme","geomType":"pipe","source":"order_57226/SIA405_LKMap_2015_LV95.dxf","_dedupKey":"2682179.7,1247624|2682213.7,1247604.7","accuracyClass":1}},{"type":"Feature","geometry":{"type":"LineString","coordinates":[[8.531447516958053,47.374690377442356],[8.53144965523576,47.37468939473432],[8.53146008423407,47.37468460061232],[8.531588073486537,47.37480697372642],[8.5316323165444,47.37483354048043],[8.531692309818244,47.37487716585755]]},"properties":{"layer":"LKZ141EUMLU1","infraType":"fernwaerme","geomType":"pipe","source":"order_57226/SIA405_LKMap_2015_LV95.dxf","_dedupKey":"2682533.1,1247669.1|2682551.3,1247690.2","accuracyClass":1}},{"type":"Feature","geometry":{"type":"LineString","coordinates":[[8.526651905576205,47.37451640915962],[8.52673173187488,47.3744614976204],[8.526665798179737,47.37441725102224],[8.526698365990395,47.3743948522376],[8.526756737605977,47.37435472385885],[8.526739324531723,47.37434304131502],[8.526760727496711,47.37432833056958]]},"properties":{"layer":"LKZ141EUMLU0","infraType":"fernwaerme","geomType":"pipe","source":"order_57226/SIA405_LKMap_2015_LV95.dxf","_dedupKey":"2682171.2,1247644.8|2682179.7,1247624","accuracyClass":0}},{"type":"Feature","geometry":{"type":"LineString","coordinates":[[8.52742543647972,47.374065058414224],[8.52745019875827,47.37407998178723],[8.527495583228754,47.374045228591534]]},"properties":{"layer":"LKZ141EUMLU0","infraType":"fernwaerme","geomType":"pipe","source":"order_57226/SIA405_LKMap_2015_LV95.dxf","_dedupKey":"2682230.3,1247595.4|2682235.7,1247593.3","accuracyClass":0}},{"type":"Feature","geometry":{"type":"LineString","coordinates":[[8.526623503809708,47.37450677304754],[8.526632358511895,47.3745007348765],[8.526583509168026,47.37446763418082],[8.526648487652025,47.374423566735196],[8.52664217690498,47.37441929952349],[8.526768404432918,47.37433335848568]]},"properties":{"layer":"LKZ141EUMLU0","infraType":"fernwaerme","geomType":"pipe","source":"order_57226/SIA405_LKMap_2015_LV95.dxf","_dedupKey":"2682169.1,1247643.7|2682180.3,1247624.5","accuracyClass":0}},{"type":"Feature","geometry":{"type":"LineString","coordinates":[[8.52574487132711,47.37424585746956],[8.525752587440723,47.37425216239058],[8.525755368677332,47.374254133131934],[8.525773084866728,47.37425926452238]]},"properties":{"layer":"LKZ141EUMLU1","infraType":"fernwaerme","geomType":"pipe","source":"order_57226/SIA405_LKMap_2015_LV95.dxf","_dedupKey":"2682103.1,1247613.7|2682105.2,1247615.3","accuracyClass":1}},{"type":"Feature","geometry":{"type":"LineString","coordinates":[[8.526772274245284,47.37433611051893],[8.526774428975763,47.37433463301141],[8.52677610544152,47.374333079053066],[8.526776889942125,47.37433064298024],[8.526777871358382,47.374328771745056],[8.526778895593063,47.37432770067226],[8.526782858446195,47.37432463198548],[8.526787266108235,47.37432129824974],[8.526793454475724,47.37431697626594],[8.526794589968148,47.37431551735473],[8.526795471201504,47.37431263061445],[8.52679532010232,47.37431106688675],[8.526793955992055,47.374308462156975],[8.526792873170054,47.37430731198689],[8.526770400600025,47.37429297857348],[8.526768076066654,47.37429132737838],[8.526765678055025,47.37428737412446],[8.526765622976955,47.37428467610696],[8.52676730001264,47.37428250148003],[8.526769478669632,47.374280250166706],[8.5267734585941,47.37427801786563],[8.526776655568609,47.37427570298871],[8.526778113391652,47.3742744659192],[8.526794139873376,47.3742610381461],[8.526854604465539,47.37421706707092],[8.527001132612641,47.37430372180505],[8.527001536784958,47.37430341216273],[8.527040160053875,47.374273436301664],[8.527146705162409,47.37419117939568],[8.527250422071003,47.37410985754757],[8.527366431537438,47.37402162842231],[8.527431186036326,47.37406065058001]]},"properties":{"layer":"LKZ141EUMLU1","infraType":"fernwaerme","geomType":"pipe","source":"order_57226/SIA405_LKMap_2015_LV95.dxf","_dedupKey":"2682180.6,1247624.9|2682230.8,1247594.9","accuracyClass":1}},{"type":"Feature","geometry":{"type":"LineString","coordinates":[[8.527196677952217,47.37414441957114],[8.52714257260102,47.37411266393768],[8.527142060513263,47.37411222800232],[8.527141719448737,47.374111088835825],[8.527143685943424,47.37409909779708],[8.527143616273975,47.37409827989746],[8.527142842740567,47.37409671304043],[8.527141875011512,47.37409601154509],[8.52712875114722,47.37408816553765]]},"properties":{"layer":"LKZ141EUMLU0","infraType":"fernwaerme","geomType":"pipe","source":"order_57226/SIA405_LKMap_2015_LV95.dxf","_dedupKey":"2682207.9,1247597.7|2682212.9,1247604","accuracyClass":0}},{"type":"Feature","geometry":{"type":"LineString","coordinates":[[8.527129469016776,47.37408765504609],[8.527134214267921,47.37409047977406],[8.527141661915124,47.374095302938564],[8.52714222640842,47.37409571139471],[8.527142714221556,47.37409625550029],[8.527142641933255,47.37409725464008],[8.527139455469682,47.37409943450156],[8.527135954771198,47.37410114058273],[8.527133185333005,47.374103640338696],[8.527132126718234,47.37410497259734],[8.52713291497588,47.37410596362789],[8.52713765376897,47.37410976888485],[8.527148189420844,47.37411602015922],[8.527201883644674,47.37414709603522],[8.52720437274907,47.37414902451958],[8.527206638455661,47.37415038841643],[8.527207027167314,47.374150618626466]]},"properties":{"layer":"LKZ141EUMLU1","infraType":"fernwaerme","geomType":"pipe","source":"order_57226/SIA405_LKMap_2015_LV95.dxf","_dedupKey":"2682207.9,1247597.6|2682213.7,1247604.7","accuracyClass":1}},{"type":"Feature","geometry":{"type":"LineString","coordinates":[[8.525776061475021,47.374222770292924],[8.525776440545325,47.374224475798016],[8.525773938711476,47.37423165945942],[8.525765643704544,47.374237224550825],[8.52575927033339,47.37424416579993],[8.525758308411017,47.374248942266334],[8.5257607130802,47.37425062870774],[8.525773084866728,47.37425926452238]]},"properties":{"layer":"LKZ141EUMLU1","infraType":"fernwaerme","geomType":"pipe","source":"order_57226/SIA405_LKMap_2015_LV95.dxf","_dedupKey":"2682105.2,1247615.3|2682105.5,1247611.2","accuracyClass":1}},{"type":"Feature","geometry":{"type":"LineString","coordinates":[[8.527207027167314,47.374150618626466],[8.527255288319848,47.37411277108149],[8.52736630397391,47.37402834898137],[8.527367706221833,47.37402828179393],[8.52742688361463,47.37406394736873]]},"properties":{"layer":"LKZ141EUMLU1","infraType":"fernwaerme","geomType":"pipe","source":"order_57226/SIA405_LKMap_2015_LV95.dxf","_dedupKey":"2682213.7,1247604.7|2682230.4,1247595.3","accuracyClass":1}},{"type":"Feature","geometry":{"type":"LineString","coordinates":[[8.525757080269596,47.374253001628695],[8.525757550644817,47.374252691367715],[8.525756634184793,47.37424930883281],[8.525757753176336,47.37424379328832],[8.52576438509536,47.37423654377197],[8.525772497321396,47.374231106332566],[8.525774824078415,47.37422442804566],[8.525773628721746,47.37421646062461]]},"properties":{"layer":"LKZ141EUMLU1","infraType":"fernwaerme","geomType":"pipe","source":"order_57226/SIA405_LKMap_2015_LV95.dxf","_dedupKey":"2682104,1247614.6|2682105.3,1247610.5","accuracyClass":1}},{"type":"Feature","geometry":{"type":"LineString","coordinates":[[8.527479612396034,47.374095724841645],[8.527523549727956,47.37406208268123]]},"properties":{"layer":"LKZ141EUMLU0","infraType":"fernwaerme","geomType":"pipe","source":"order_57226/SIA405_LKMap_2015_LV95.dxf","_dedupKey":"2682234.4,1247598.9|2682237.7,1247595.2","accuracyClass":0}},{"type":"Feature","geometry":{"type":"LineString","coordinates":[[8.527119509451973,47.37408173116096],[8.527129469016776,47.37408765504609]]},"properties":{"layer":"LKZ141EUMLU0","infraType":"fernwaerme","geomType":"pipe","source":"order_57226/SIA405_LKMap_2015_LV95.dxf","_dedupKey":"2682207.2,1247596.9|2682207.9,1247597.6","accuracyClass":0}},{"type":"Feature","geometry":{"type":"LineString","coordinates":[[8.527961490474,47.37174882350531],[8.528038801428181,47.37174603448008],[8.528081367892423,47.37174455358655],[8.528110522743356,47.37174444950253]]},"properties":{"layer":"LKZ141EUMLU1","infraType":"fernwaerme","geomType":"pipe","source":"order_57245/SIA405_LKMap_2015_LV95.dxf","_dedupKey":"2682274.4,1247338.5|2682285.6,1247338.1","accuracyClass":1}},{"type":"Feature","geometry":{"type":"LineString","coordinates":[[8.528801566612183,47.37174779700946],[8.528811898919868,47.37174217647983]]},"properties":{"layer":"LKZ141EUMLU0","infraType":"fernwaerme","geomType":"pipe","source":"order_57245/SIA405_LKMap_2015_LV95.dxf","_dedupKey":"2682337.8,1247339.2|2682338.6,1247338.6","accuracyClass":0}},{"type":"Feature","geometry":{"type":"LineString","coordinates":[[8.527737218163491,47.37154691984475],[8.527741461959184,47.37155242982511],[8.527747017054601,47.371561849317644],[8.52775778968954,47.37157907236136],[8.527763936699701,47.371585706776536],[8.527775096836269,47.37159662057861],[8.527779462926924,47.37160098702291],[8.527805259084335,47.37162184635325],[8.527819117130445,47.37163389508262],[8.527819749947108,47.3716389443784],[8.527818880313731,47.371648874207146],[8.527818432009608,47.37165155898329]]},"properties":{"layer":"LKZ141EUMLU1","infraType":"fernwaerme","geomType":"pipe","source":"order_57245/SIA405_LKMap_2015_LV95.dxf","_dedupKey":"2682257.8,1247315.8|2682263.7,1247327.5","accuracyClass":1}},{"type":"Feature","geometry":{"type":"LineString","coordinates":[[8.527920581553053,47.3716979370668],[8.5279115752749,47.37169847175748],[8.527904605715037,47.371698888293814],[8.527900293071585,47.3716984342318],[8.5278983131734,47.371698093097805],[8.527895624831281,47.37169742582489],[8.527894179077151,47.37169665688259],[8.52787750616547,47.37168293462744],[8.52786353297498,47.37167238018244],[8.527856128830193,47.371665784612695],[8.527836049071256,47.37164863135318],[8.527830725149027,47.371648582610526],[8.527825651281734,47.37164910719796],[8.527821561845583,47.37164985637559],[8.527818432009608,47.37165155898329]]},"properties":{"layer":"LKZ141EUMLU1","infraType":"fernwaerme","geomType":"pipe","source":"order_57245/SIA405_LKMap_2015_LV95.dxf","_dedupKey":"2682263.7,1247327.5|2682271.4,1247332.8","accuracyClass":1}},{"type":"Feature","geometry":{"type":"LineString","coordinates":[[8.527620136669851,47.37162386168958],[8.527584572890065,47.371650525723844]]},"properties":{"layer":"LKZ141EUMLU0","infraType":"fernwaerme","geomType":"pipe","source":"order_57245/SIA405_LKMap_2015_LV95.dxf","_dedupKey":"2682246.1,1247327.1|2682248.8,1247324.2","accuracyClass":0}},{"type":"Feature","geometry":{"type":"LineString","coordinates":[[8.527724453966762,47.371631180643966],[8.527776383657853,47.371602572215934]]},"properties":{"layer":"LKZ141EUMLU1","infraType":"fernwaerme","geomType":"pipe","source":"order_57245/SIA405_LKMap_2015_LV95.dxf","_dedupKey":"2682256.7,1247325.1|2682260.6,1247322","accuracyClass":1}},{"type":"Feature","geometry":{"type":"LineString","coordinates":[[8.527891974477344,47.37169763115651],[8.52791840582266,47.371717171182844],[8.527951045083963,47.371745027123374],[8.527956460197716,47.37174694598764],[8.527961353689165,47.37174731361351],[8.528095609670515,47.37174362768611],[8.528105708866443,47.37174409012712],[8.528109187112877,47.37174518171091],[8.528138304317606,47.371768501293985],[8.528176862510247,47.37179052646782],[8.52817878963649,47.37179217238869],[8.528179779583295,47.37179331442738],[8.528180357846937,47.37179439738347],[8.528180542081037,47.371794989324236],[8.528180485079254,47.37179543961842],[8.528179827925637,47.37179632734],[8.528178654282959,47.37179721093837],[8.528173749184425,47.371800162634145]]},"properties":{"layer":"LKZ141EUMLU1","infraType":"fernwaerme","geomType":"pipe","source":"order_57245/SIA405_LKMap_2015_LV95.dxf","_dedupKey":"2682269.2,1247332.7|2682290.3,1247344.4","accuracyClass":1}},{"type":"Feature","geometry":{"type":"LineString","coordinates":[[8.527224830384524,47.371991827701805],[8.527271238358155,47.37197096238405],[8.52761176386307,47.37171568195481]]},"properties":{"layer":"LKZ141EUMLU0","infraType":"fernwaerme","geomType":"pipe","source":"order_57245/SIA405_LKMap_2015_LV95.dxf","_dedupKey":"2682218.4,1247364.7|2682248,1247334.4","accuracyClass":0}},{"type":"Feature","geometry":{"type":"LineString","coordinates":[[8.528110522743356,47.37174444950253],[8.528125001633413,47.37175642037865],[8.528140029933281,47.37176806224604],[8.528177969776019,47.37178963450045],[8.528183315210358,47.37179267840265],[8.528190598982313,47.371798564471916],[8.528191253552771,47.37179949379092],[8.528191597201642,47.37180011121325],[8.52819178253885,47.37180075711439],[8.52819192484826,47.371801889158384],[8.528191655658222,47.371802971113276],[8.52819136458977,47.371803630503386],[8.52819087531001,47.37180430975348],[8.528189807208468,47.37180517436618],[8.528188539608793,47.371805995885],[8.528184333030689,47.37180878807496]]},"properties":{"layer":"LKZ141EUMLU1","infraType":"fernwaerme","geomType":"pipe","source":"order_57245/SIA405_LKMap_2015_LV95.dxf","_dedupKey":"2682285.6,1247338.1|2682291.1,1247345.4","accuracyClass":1}},{"type":"Feature","geometry":{"type":"LineString","coordinates":[[8.52777816552009,47.37167617155755],[8.527210318969983,47.372016512168265]]},"properties":{"layer":"LKZ141EUMLU0","infraType":"fernwaerme","geomType":"pipe","source":"order_57245/SIA405_LKMap_2015_LV95.dxf","_dedupKey":"2682217.2,1247367.4|2682260.6,1247330.2","accuracyClass":0}},{"type":"Feature","geometry":{"type":"LineString","coordinates":[[8.527818432009608,47.37165155898329],[8.52777816552009,47.37167617155755]]},"properties":{"layer":"LKZ141EUMLU1","infraType":"fernwaerme","geomType":"pipe","source":"order_57245/SIA405_LKMap_2015_LV95.dxf","_dedupKey":"2682260.6,1247330.2|2682263.7,1247327.5","accuracyClass":1}},{"type":"Feature","geometry":{"type":"LineString","coordinates":[[8.5277241037007,47.371630887107294],[8.527751364837206,47.37161586905335],[8.52777669513533,47.371602263444494]]},"properties":{"layer":"LKZ141EUMLU1","infraType":"fernwaerme","geomType":"pipe","source":"order_57245/SIA405_LKMap_2015_LV95.dxf","_dedupKey":"2682256.6,1247325.1|2682260.7,1247322","accuracyClass":1}},{"type":"Feature","geometry":{"type":"LineString","coordinates":[[8.527827689705344,47.371644536440265],[8.527845767151364,47.37165960372252],[8.527877710413078,47.37168580214779],[8.527891974477344,47.37169763115651]]},"properties":{"layer":"LKZ141EUMLU1","infraType":"fernwaerme","geomType":"pipe","source":"order_57245/SIA405_LKMap_2015_LV95.dxf","_dedupKey":"2682264.4,1247326.7|2682269.2,1247332.7","accuracyClass":1}},{"type":"Feature","geometry":{"type":"LineString","coordinates":[[8.527682787008224,47.37166242680517],[8.527724453966762,47.371631180643966]]},"properties":{"layer":"LKZ141EUMLU0","infraType":"fernwaerme","geomType":"pipe","source":"order_57245/SIA405_LKMap_2015_LV95.dxf","_dedupKey":"2682253.5,1247328.6|2682256.7,1247325.1","accuracyClass":0}},{"type":"Feature","geometry":{"type":"LineString","coordinates":[[8.52777669513533,47.371602263444494],[8.527802966777626,47.37162306432105],[8.527827689705344,47.371644536440265]]},"properties":{"layer":"LKZ141EUMLU1","infraType":"fernwaerme","geomType":"pipe","source":"order_57245/SIA405_LKMap_2015_LV95.dxf","_dedupKey":"2682260.7,1247322|2682264.4,1247326.7","accuracyClass":1}},{"type":"Feature","geometry":{"type":"LineString","coordinates":[[8.527891974477344,47.37169763115651],[8.527894647368797,47.37169883828301],[8.52789875940542,47.37169984294002],[8.52790439792771,47.37170038344493],[8.527911130112367,47.37170001412278]]},"properties":{"layer":"LKZ141EUMLU1","infraType":"fernwaerme","geomType":"pipe","source":"order_57245/SIA405_LKMap_2015_LV95.dxf","_dedupKey":"2682269.2,1247332.7|2682270.7,1247333","accuracyClass":1}},{"type":"Feature","geometry":{"type":"LineString","coordinates":[[8.527737356342088,47.37155368287976],[8.52773731016062,47.37155595908309],[8.527743616211765,47.37156260099491],[8.527751843237823,47.37157577324797],[8.52775468965721,47.37157964129995],[8.52775771369905,47.371583129881536],[8.527760802096475,47.3715865279049],[8.527772302016448,47.3715978702696],[8.52777669513533,47.371602263444494]]},"properties":{"layer":"LKZ141EUMLU1","infraType":"fernwaerme","geomType":"pipe","source":"order_57245/SIA405_LKMap_2015_LV95.dxf","_dedupKey":"2682257.8,1247316.5|2682260.7,1247322","accuracyClass":1}},{"type":"Feature","geometry":{"type":"LineString","coordinates":[[8.52761176386307,47.37171568195481],[8.5276965670423,47.37176787271498]]},"properties":{"layer":"LKZ141EUMLU0","infraType":"fernwaerme","geomType":"pipe","source":"order_57245/SIA405_LKMap_2015_LV95.dxf","_dedupKey":"2682248,1247334.4|2682254.3,1247340.3","accuracyClass":0}},{"type":"Feature","geometry":{"type":"LineString","coordinates":[[8.527827689705344,47.371644536440265],[8.527775484739147,47.37167393006283]]},"properties":{"layer":"LKZ141EUMLU1","infraType":"fernwaerme","geomType":"pipe","source":"order_57245/SIA405_LKMap_2015_LV95.dxf","_dedupKey":"2682260.5,1247329.9|2682264.4,1247326.7","accuracyClass":1}},{"type":"Feature","geometry":{"type":"LineString","coordinates":[[8.527776383657853,47.371602572215934],[8.527827825582435,47.371644706066434],[8.527832836879233,47.371648895517055],[8.527856805621989,47.371668449784124],[8.527865183533331,47.37167539597628],[8.527902400129827,47.37170629409519],[8.527916664388838,47.371718132094166],[8.527943819066186,47.37174066966671],[8.527951672057588,47.37174719803195],[8.527955857643358,47.37174856179848],[8.527958818117927,47.37174893865939],[8.527961490474,47.37174882350531]]},"properties":{"layer":"LKZ141EUMLU1","infraType":"fernwaerme","geomType":"pipe","source":"order_57245/SIA405_LKMap_2015_LV95.dxf","_dedupKey":"2682260.6,1247322|2682274.4,1247338.5","accuracyClass":1}},{"type":"Feature","geometry":{"type":"LineString","coordinates":[[8.528718568282743,47.37179298030262],[8.528801566612183,47.37174779700946]]},"properties":{"layer":"LKZ141EUMLU0","infraType":"fernwaerme","geomType":"pipe","source":"order_57245/SIA405_LKMap_2015_LV95.dxf","_dedupKey":"2682331.5,1247344.2|2682337.8,1247339.2","accuracyClass":0}},{"type":"Feature","geometry":{"type":"LineString","coordinates":[[8.527682787008224,47.37166242680517],[8.527620136669851,47.37162386168958]]},"properties":{"layer":"LKZ141EUMLU0","infraType":"fernwaerme","geomType":"pipe","source":"order_57245/SIA405_LKMap_2015_LV95.dxf","_dedupKey":"2682248.8,1247324.2|2682253.5,1247328.6","accuracyClass":0}},{"type":"Feature","geometry":{"type":"LineString","coordinates":[[8.527772520987188,47.371671448367806],[8.527813661564931,47.371648788491434],[8.527817409195181,47.37164751182451],[8.527821457437788,47.37164733872374],[8.5278253251108,47.37164804884834],[8.527830914685314,47.37165137830865],[8.52785683039469,47.37167290213984],[8.527888955143741,47.37169955760224],[8.527913443535862,47.37171991651888],[8.527947657078885,47.37174835129268],[8.527951943972633,47.371750136875015],[8.527961591218817,47.37175051363963],[8.528033569048121,47.37174787386059],[8.52810706875168,47.37174584034597],[8.528112712219254,47.37175050955886],[8.528136616759506,47.371769506676095],[8.528148757056329,47.371776543291205],[8.528175402949438,47.37179167362196],[8.528181315434257,47.37179525188318],[8.52818723949764,47.37180004437753],[8.52818775910855,47.37180084903782],[8.52818792366709,47.37180177398394],[8.528187713500783,47.371802504571974],[8.528187208776487,47.37180307602618],[8.528185798493457,47.37180404281296],[8.52818142735364,47.371806557706066]]},"properties":{"layer":"LKZ141EUMLU1","infraType":"fernwaerme","geomType":"pipe","source":"order_57245/SIA405_LKMap_2015_LV95.dxf","_dedupKey":"2682260.2,1247329.7|2682290.9,1247345.1","accuracyClass":1}},{"type":"Feature","geometry":{"type":"LineString","coordinates":[[8.527235441812676,47.371995325745104],[8.527772520987188,47.371671448367806]]},"properties":{"layer":"LKZ141EUMLU0","infraType":"fernwaerme","geomType":"pipe","source":"order_57245/SIA405_LKMap_2015_LV95.dxf","_dedupKey":"2682219.2,1247365.1|2682260.2,1247329.7","accuracyClass":0}},{"type":"Feature","geometry":{"type":"LineString","coordinates":[[8.527620136669851,47.37162386168958],[8.527584668002852,47.37160203208309]]},"properties":{"layer":"LKZ141EUMLU0","infraType":"fernwaerme","geomType":"pipe","source":"order_57245/SIA405_LKMap_2015_LV95.dxf","_dedupKey":"2682246.2,1247321.8|2682248.8,1247324.2","accuracyClass":0}},{"type":"Feature","geometry":{"type":"LineString","coordinates":[[8.52761176386307,47.37171568195481],[8.527682787008224,47.37166242680517]]},"properties":{"layer":"LKZ141EUMLU0","infraType":"fernwaerme","geomType":"pipe","source":"order_57245/SIA405_LKMap_2015_LV95.dxf","_dedupKey":"2682248,1247334.4|2682253.5,1247328.6","accuracyClass":0}},{"type":"Feature","geometry":{"type":"LineString","coordinates":[[8.531675865588541,47.37488889819199],[8.531692309818244,47.37487716585755]]},"properties":{"layer":"LKZ141EUMLU1","infraType":"fernwaerme","geomType":"pipe","source":"order_57272/SIA405_LKMap_2015_LV95.dxf","_dedupKey":"2682550,1247691.5|2682551.3,1247690.2","accuracyClass":1}},{"type":"Feature","geometry":{"type":"LineString","coordinates":[[8.53171122049824,47.374863665126284],[8.531692309818244,47.37487716585755]]},"properties":{"layer":"LKZ141EUMLU1","infraType":"fernwaerme","geomType":"pipe","source":"order_57272/SIA405_LKMap_2015_LV95.dxf","_dedupKey":"2682551.3,1247690.2|2682552.7,1247688.7","accuracyClass":1}},{"type":"Feature","geometry":{"type":"LineString","coordinates":[[8.522734259826988,47.37889734977623],[8.52269652103045,47.37886757033288],[8.522638109075444,47.37882146086411],[8.522671534044898,47.378801924681206],[8.522654252844516,47.378788288357114],[8.522627903818103,47.37879696401591],[8.522554975415296,47.37869473534963],[8.522437118532054,47.378529539670026],[8.522414477039083,47.378497810477676],[8.522360950352446,47.37851543031478]]},"properties":{"layer":"LKZ141EUMLU1","infraType":"fernwaerme","geomType":"pipe","source":"order_57286/SIA405_LKMap_2015_LV95.dxf","_dedupKey":"2681841,1248084.9|2681868.6,1248127.7","accuracyClass":1}},{"type":"Feature","geometry":{"type":"LineString","coordinates":[[8.548207150356584,47.36328826935565],[8.54820532150744,47.36329072462228],[8.548200682310357,47.363291731680015],[8.548195797130312,47.36329173364012],[8.548182538422855,47.36329079059963],[8.548153207189399,47.36328601710771],[8.548151321252318,47.36328572939046],[8.548148720038691,47.36328606021771],[8.548146098768036,47.363287335732075],[8.548135987237503,47.36329639208153],[8.54813510756066,47.36329738100806],[8.548111317468463,47.363326034349],[8.548064410600247,47.36338579922704],[8.547989197836582,47.36348053042058],[8.547915616539115,47.363574148476644],[8.547859982372087,47.363642713424326],[8.547828398966702,47.363683054336505],[8.54778691549113,47.36373562482426],[8.547734533487374,47.36380207158804],[8.547702798163156,47.363842755738006],[8.547667141440087,47.363886499917506],[8.547639373114196,47.36392250443812],[8.547606636852253,47.36396535701451],[8.547597465831357,47.36397699489406],[8.547566959064477,47.36401501362648],[8.547552026388296,47.36403225685421],[8.547531087574983,47.36405671791538],[8.547506626418409,47.36408814807836],[8.54750202906668,47.364096899556884],[8.547485879535998,47.364119929365785],[8.547481314272934,47.3641264047542],[8.547480620070301,47.36412740088958],[8.547480469396932,47.36413225073932],[8.547479275967174,47.36413916150248],[8.547477001542843,47.36414247557678]]},"properties":{"layer":"LKZ141EUMLU1","infraType":"fernwaerme","geomType":"pipe","source":"order_57351/SIA405_LKMap_2015_LV95.dxf","_dedupKey":"2683760.2,1246513.5|2683816.7,1246419.3","accuracyClass":1}},{"type":"Feature","geometry":{"type":"LineString","coordinates":[[8.546974140331553,47.3641440734013],[8.546992537190466,47.36412787642625],[8.547065844304685,47.36415085716896]]},"properties":{"layer":"LKZ141EUMLU0","infraType":"fernwaerme","geomType":"pipe","source":"order_57351/SIA405_LKMap_2015_LV95.dxf","_dedupKey":"2683722.2,1246513.2|2683729.1,1246514","accuracyClass":0}},{"type":"Feature","geometry":{"type":"LineString","coordinates":[[8.547871177217708,47.36430038764654],[8.547872770289173,47.364298051588406],[8.547876621674076,47.36429162801711],[8.547887248615103,47.36427615317998]]},"properties":{"layer":"LKZ141EUMLU1","infraType":"fernwaerme","geomType":"pipe","source":"order_57351/SIA405_LKMap_2015_LV95.dxf","_dedupKey":"2683789.7,1246531.5|2683791,1246528.8","accuracyClass":1}},{"type":"Feature","geometry":{"type":"LineString","coordinates":[[8.54813070453756,47.36329574120949],[8.548106927118692,47.36332436744221],[8.548059968424093,47.363384186787464],[8.54798476870415,47.36347890885763],[8.547911174351757,47.36357253603144],[8.547855579328909,47.36364107361543],[8.547823943536377,47.36368144201513],[8.54778248653075,47.363734012247015],[8.547730104523058,47.363800459008814],[8.547698356146933,47.36384115227809],[8.54766273819561,47.36388485110799],[8.547634918230797,47.36392091908968],[8.54760218215332,47.36396378065822],[8.547593036856643,47.36397538230963],[8.547562555999548,47.3640133738066],[8.54754770087145,47.36403052633727],[8.547526735957709,47.36405500563872],[8.547502145800076,47.36408659895263],[8.547497304246944,47.364095703587786],[8.547481334228838,47.36411845282179],[8.54747676896535,47.364124928210046],[8.547470349811926,47.36413393105376]]},"properties":{"layer":"LKZ141EUMLU1","infraType":"fernwaerme","geomType":"pipe","source":"order_57351/SIA405_LKMap_2015_LV95.dxf","_dedupKey":"2683759.7,1246512.6|2683810.9,1246420.1","accuracyClass":1}},{"type":"Feature","geometry":{"type":"LineString","coordinates":[[8.547427780537166,47.364161064454706],[8.547385359945217,47.364148878473],[8.547311952106114,47.364129973716224],[8.547223676415356,47.364108513079785],[8.547092403278464,47.3640681254388],[8.547083277846848,47.364065406528844]]},"properties":{"layer":"LKZ141EUMLU1","infraType":"fernwaerme","geomType":"pipe","source":"order_57351/SIA405_LKMap_2015_LV95.dxf","_dedupKey":"2683730.6,1246504.5|2683756.4,1246515.5","accuracyClass":1}},{"type":"Feature","geometry":{"type":"LineString","coordinates":[[8.547855872501701,47.3631982918421],[8.547783803095626,47.36317493990925],[8.54766277184478,47.363140580278106],[8.547541724572657,47.363104169772896],[8.547421973752327,47.36306579473932],[8.54730363908263,47.363025481018006],[8.547190883603983,47.36298478979445],[8.547077803351652,47.36293802083446],[8.546966885903348,47.362888928240686],[8.54685823809294,47.36283755597011],[8.546751940280322,47.362783948234004],[8.546648112719915,47.36272815785606],[8.546546849005164,47.362670228920905],[8.546448243288806,47.36261023249352],[8.546352375738296,47.36254820379242],[8.546258243793751,47.36248495301149],[8.546163551135539,47.362422103320185],[8.546069211221276,47.362359016294704],[8.54597522367737,47.36229567394909],[8.545881589064251,47.36223210326433],[8.545788320244508,47.36216828612757],[8.5456955346627,47.362104140457234],[8.545690148535211,47.36210041411302]]},"properties":{"layer":"LKZ141EUMLU0","infraType":"fernwaerme","geomType":"pipe","source":"order_57351/SIA405_LKMap_2015_LV95.dxf","_dedupKey":"2683628.4,1246284.6|2683790.3,1246409","accuracyClass":0}},{"type":"Feature","geometry":{"type":"LineString","coordinates":[[8.547426785631007,47.364162243380456],[8.547384618031003,47.364150126930944],[8.547311263511073,47.36413123965215],[8.547222934497908,47.36410976153668],[8.54709159480137,47.36406935654333],[8.547083934748219,47.364067073327604],[8.547083683065274,47.36406706674807],[8.54708345879053,47.36406710488141],[8.547083171137457,47.364067278550785],[8.547067729402805,47.36408870036401]]},"properties":{"layer":"LKZ141EUMLU1","infraType":"fernwaerme","geomType":"pipe","source":"order_57351/SIA405_LKMap_2015_LV95.dxf","_dedupKey":"2683729.4,1246507.1|2683756.4,1246515.7","accuracyClass":1}},{"type":"Feature","geometry":{"type":"LineString","coordinates":[[8.54795661666124,47.36427331904226],[8.548088547791561,47.36431409517564],[8.548237992932284,47.36436114343707],[8.548397387301495,47.36441230564694],[8.54846740160479,47.364434147774894],[8.548482737606534,47.36443883080845],[8.548504005995792,47.364434029876804],[8.548510139328569,47.36442847487689],[8.548530793745666,47.36440435818802],[8.548573918026044,47.36435429931831],[8.548625969505396,47.364293621269105],[8.548681835354358,47.36422983917341],[8.548720063761085,47.36418500852795],[8.548742115957866,47.3641599968339],[8.548775968906142,47.36412121700956],[8.548796118900931,47.364098319467395],[8.548838275535111,47.36404886347353],[8.548868347467126,47.36401543612126],[8.548917587051927,47.364006669184896],[8.548933730239952,47.36399035863246],[8.548947657100877,47.363971883556054],[8.54894435576789,47.363958305581285],[8.548938237172033,47.363937864380475],[8.54893781010613,47.363936429256796],[8.548961451489049,47.36390827191402],[8.54899833841505,47.363865163150166],[8.54900627667529,47.36386173162206],[8.549020272602958,47.36385992394957],[8.549022926598166,47.36385958360023],[8.549044150078757,47.363869166298315],[8.54912007778311,47.36390479476164],[8.54921266268714,47.36394815176995],[8.549317722642856,47.36399549053217],[8.549495976068373,47.364078726587486]]},"properties":{"layer":"LKZ141EUMLU1","infraType":"fernwaerme","geomType":"pipe","source":"order_57351/SIA405_LKMap_2015_LV95.dxf","_dedupKey":"2683796.2,1246528.6|2683912.8,1246508.6","accuracyClass":1}},{"type":"Feature","geometry":{"type":"LineString","coordinates":[[8.54846370161334,47.36324459719985],[8.54847101538228,47.363235972491346],[8.548492892739509,47.363210206919746],[8.548500134756729,47.36320195170146],[8.548503467241183,47.363198591455834],[8.548506824195142,47.363195770686104]]},"properties":{"layer":"LKZ141EUMLU1","infraType":"fernwaerme","geomType":"pipe","source":"order_57351/SIA405_LKMap_2015_LV95.dxf","_dedupKey":"2683836.1,1246414.7|2683839.5,1246409.4","accuracyClass":1}},{"type":"Feature","geometry":{"type":"LineString","coordinates":[[8.547449438824186,47.36416291640791],[8.547446324028863,47.36416720103458]]},"properties":{"layer":"LKZ141EUMLU1","infraType":"fernwaerme","geomType":"pipe","source":"order_57351/SIA405_LKMap_2015_LV95.dxf","_dedupKey":"2683757.8,1246516.2|2683758.1,1246515.8","accuracyClass":1}},{"type":"Feature","geometry":{"type":"LineString","coordinates":[[8.550290923369184,47.36402831417444],[8.550279962081456,47.364023274438814]]},"properties":{"layer":"LKZ141EUMLU0","infraType":"fernwaerme","geomType":"pipe","source":"order_57351/SIA405_LKMap_2015_LV95.dxf","_dedupKey":"2683972.1,1246503.3|2683972.9,1246503.8","accuracyClass":0}},{"type":"Feature","geometry":{"type":"LineString","coordinates":[[8.5484697212269,47.36325330066129],[8.548917841732887,47.363439772168356],[8.548923608587188,47.36344014849433],[8.549055110010906,47.36341904077004],[8.549126402698787,47.363406967345114],[8.549128741677572,47.363405487633585],[8.549135765539374,47.36339947427437],[8.549136733733226,47.363398286594865]]},"properties":{"layer":"LKZ141EUMLU0","infraType":"fernwaerme","geomType":"pipe","source":"order_57351/SIA405_LKMap_2015_LV95.dxf","_dedupKey":"2683836.6,1246415.7|2683886.7,1246432.6","accuracyClass":0}},{"type":"Feature","geometry":{"type":"LineString","coordinates":[[8.5490606311709,47.363413977363784],[8.549082005428746,47.36340983195035],[8.549095694297641,47.363407271624105],[8.549111139867831,47.36340451450056],[8.549120493233822,47.363402922364536],[8.54912200044027,47.3634021882566],[8.549125004796506,47.363398966075984],[8.549126866074475,47.3633967983286],[8.549128260206373,47.363395084832504]]},"properties":{"layer":"LKZ141EUMLU1","infraType":"fernwaerme","geomType":"pipe","source":"order_57351/SIA405_LKMap_2015_LV95.dxf","_dedupKey":"2683880.9,1246434.2|2683886.1,1246432.2","accuracyClass":1}},{"type":"Feature","geometry":{"type":"LineString","coordinates":[[8.550186023608846,47.364035692467844],[8.55017520467347,47.36404700460124]]},"properties":{"layer":"LKZ141EUMLU0","infraType":"fernwaerme","geomType":"pipe","source":"order_57351/SIA405_LKMap_2015_LV95.dxf","_dedupKey":"2683964.1,1246505.8|2683965,1246504.5","accuracyClass":0}},{"type":"Feature","geometry":{"type":"LineString","coordinates":[[8.548281469223374,47.36318178988956],[8.548274669933814,47.36317887781446],[8.548249173139427,47.3631687783347],[8.548233632024955,47.363165671400225],[8.548226291356082,47.363167280107156],[8.548220216085127,47.363172438749174],[8.548185794778414,47.363216342144675]]},"properties":{"layer":"LKZ141EUMLU1","infraType":"fernwaerme","geomType":"pipe","source":"order_57351/SIA405_LKMap_2015_LV95.dxf","_dedupKey":"2683815.2,1246411.3|2683822.5,1246407.6","accuracyClass":1}},{"type":"Feature","geometry":{"type":"LineString","coordinates":[[8.547908289331426,47.36431194980148],[8.547902713210446,47.36432010801984]]},"properties":{"layer":"LKZ141EUMLU0","infraType":"fernwaerme","geomType":"pipe","source":"order_57351/SIA405_LKMap_2015_LV95.dxf","_dedupKey":"2683792.1,1246533.7|2683792.5,1246532.8","accuracyClass":0}},{"type":"Feature","geometry":{"type":"LineString","coordinates":[[8.548205736812871,47.363287779206466],[8.548204204165971,47.363289835839076],[8.5482004348301,47.363290654635534],[8.548195880561002,47.36329065341629],[8.548182807538224,47.36328972658216],[8.548153582571121,47.36328497005976],[8.548151298230936,47.36328462320382],[8.548149189894875,47.36328446355582],[8.548146555470503,47.36328447087544],[8.548140961513019,47.363284767488686],[8.54813735245887,47.36328501804651],[8.548133501031312,47.36328507303869],[8.548132514235965,47.36328473170686],[8.548019898700664,47.36324636969376],[8.548006434026211,47.36324570746245],[8.54792645261813,47.36322196387208]]},"properties":{"layer":"LKZ141EUMLU1","infraType":"fernwaerme","geomType":"pipe","source":"order_57351/SIA405_LKMap_2015_LV95.dxf","_dedupKey":"2683795.6,1246411.7|2683816.6,1246419.3","accuracyClass":1}},{"type":"Feature","geometry":{"type":"LineString","coordinates":[[8.548474305447659,47.363248381215165],[8.548499084878221,47.363257722949115],[8.54852822219469,47.36327035101426],[8.548552318405854,47.36327994217315],[8.548582870547552,47.36329248466542],[8.548624669831932,47.36330982142425],[8.548708831775183,47.363345478952176],[8.548722233770935,47.3633513948929],[8.548753362898507,47.363364939255185],[8.548808226281869,47.36338785331499],[8.548868226892564,47.36341205824446],[8.54890072694037,47.363425949195324],[8.548921056016743,47.36343455104368],[8.548924902646172,47.3634349008548],[8.5490606311709,47.363413977363784]]},"properties":{"layer":"LKZ141EUMLU1","infraType":"fernwaerme","geomType":"pipe","source":"order_57351/SIA405_LKMap_2015_LV95.dxf","_dedupKey":"2683836.9,1246415.2|2683880.9,1246434.2","accuracyClass":1}},{"type":"Feature","geometry":{"type":"LineString","coordinates":[[8.547867872252262,47.364299348963456],[8.547876799809842,47.36428555455826],[8.547881812416755,47.36427831026697],[8.547883465032271,47.36427692712604],[8.54788759042493,47.364274764638864],[8.547890276860198,47.3642740731922],[8.547892250060986,47.36427409921554],[8.547895170738128,47.36427448494071],[8.54789864703089,47.3642754859967],[8.547930991395596,47.36428569968551],[8.547968906508636,47.36429767688152],[8.548017385653935,47.364312152194266],[8.548027131178463,47.36429758532916],[8.548047611491421,47.36426700286376],[8.54805008884244,47.364265171033736],[8.548053596357008,47.36426258270732],[8.548058152103991,47.364261378564336],[8.548062707663613,47.364260165427766],[8.548064746944748,47.3642589134974],[8.548077401435455,47.36424544308036]]},"properties":{"layer":"LKZ141EUMLU1","infraType":"fernwaerme","geomType":"pipe","source":"order_57351/SIA405_LKMap_2015_LV95.dxf","_dedupKey":"2683789.5,1246531.4|2683805.4,1246525.6","accuracyClass":1}},{"type":"Feature","geometry":{"type":"LineString","coordinates":[[8.548132005814189,47.363288928347735],[8.548140214792848,47.363283875144134]]},"properties":{"layer":"LKZ141EUMLU1","infraType":"fernwaerme","geomType":"pipe","source":"order_57351/SIA405_LKMap_2015_LV95.dxf","_dedupKey":"2683811,1246419.3|2683811.6,1246418.8","accuracyClass":1}},{"type":"Feature","geometry":{"type":"LineString","coordinates":[[8.548204323269182,47.36328728905731],[8.54820308682454,47.36328894705586],[8.548200187349853,47.36328957759105],[8.548195963991684,47.363289573192475],[8.548183076653578,47.36328866256471],[8.548153957952827,47.3632839230118],[8.548152922142123,47.36328377104998],[8.548151147419716,47.36328246580827],[8.548150561677941,47.36328040254313],[8.548150802157561,47.36327796253754],[8.548152037854912,47.363276268566004],[8.54818559270805,47.36323462230298]]},"properties":{"layer":"LKZ141EUMLU1","infraType":"fernwaerme","geomType":"pipe","source":"order_57351/SIA405_LKMap_2015_LV95.dxf","_dedupKey":"2683815.1,1246413.3|2683816.5,1246419.2","accuracyClass":1}},{"type":"Feature","geometry":{"type":"LineString","coordinates":[[8.547426785631007,47.364162243380456],[8.547384618031003,47.364150126930944],[8.547311263511073,47.36413123965215],[8.547222934497908,47.36410976153668],[8.54709159480137,47.36406935654333],[8.547083428577505,47.36406692526775],[8.547082389575836,47.3640666204088],[8.547067562405765,47.36406220216256]]},"properties":{"layer":"LKZ141EUMLU1","infraType":"fernwaerme","geomType":"pipe","source":"order_57351/SIA405_LKMap_2015_LV95.dxf","_dedupKey":"2683729.4,1246504.2|2683756.4,1246515.7","accuracyClass":1}},{"type":"Feature","geometry":{"type":"LineString","coordinates":[[8.547479307382503,47.36414321802784],[8.547481621890773,47.364139921558994],[8.547485613800342,47.36413770639668],[8.547490224553687,47.36413660069488],[8.547498256480745,47.36413766596375],[8.54751913013879,47.364143168486194],[8.547553527088795,47.364141956680534],[8.547555999019732,47.364142409689386],[8.547575295325014,47.36414845806344],[8.547623888024159,47.364163948905016],[8.547657808786388,47.364174849156086],[8.547662593485562,47.364176377365396],[8.547667347645204,47.36417070972212],[8.54768087391743,47.36415141109431],[8.547682339677717,47.364149319131265],[8.547692869921107,47.36413428600412],[8.547699032770181,47.36412632905023]]},"properties":{"layer":"LKZ141EUMLU1","infraType":"fernwaerme","geomType":"pipe","source":"order_57351/SIA405_LKMap_2015_LV95.dxf","_dedupKey":"2683760.4,1246513.6|2683777,1246512","accuracyClass":1}},{"type":"Feature","geometry":{"type":"LineString","coordinates":[[8.548066407816929,47.36424202257986],[8.548071970668001,47.36423386448054]]},"properties":{"layer":"LKZ141EUMLU0","infraType":"fernwaerme","geomType":"pipe","source":"order_57351/SIA405_LKMap_2015_LV95.dxf","_dedupKey":"2683804.5,1246525.2|2683805,1246524.3","accuracyClass":0}},{"type":"Feature","geometry":{"type":"LineString","coordinates":[[8.548024097847101,47.36430832772993],[8.548044945951705,47.364279513783025],[8.548056999679876,47.364262621974994],[8.548073963354062,47.364244369701204]]},"properties":{"layer":"LKZ141EUMLU1","infraType":"fernwaerme","geomType":"pipe","source":"order_57351/SIA405_LKMap_2015_LV95.dxf","_dedupKey":"2683801.2,1246532.5|2683805.1,1246525.5","accuracyClass":1}},{"type":"Feature","geometry":{"type":"LineString","coordinates":[[8.547001758488314,47.36410336601006],[8.546988776083607,47.364108716805944],[8.54698448509191,47.364107372729485],[8.546866389687723,47.364070384474296],[8.546838681592332,47.36411122762348],[8.54686272183127,47.364118759774165]]},"properties":{"layer":"LKZ141EUMLU0","infraType":"fernwaerme","geomType":"pipe","source":"order_57351/SIA405_LKMap_2015_LV95.dxf","_dedupKey":"2683713.8,1246510.2|2683724.3,1246508.7","accuracyClass":0}},{"type":"Feature","geometry":{"type":"LineString","coordinates":[[8.548132005814189,47.363288928347735],[8.548135272697268,47.36329004834559]]},"properties":{"layer":"LKZ141EUMLU1","infraType":"fernwaerme","geomType":"pipe","source":"order_57351/SIA405_LKMap_2015_LV95.dxf","_dedupKey":"2683811,1246419.3|2683811.2,1246419.4","accuracyClass":1}},{"type":"Feature","geometry":{"type":"LineString","coordinates":[[8.549128260206373,47.363395084832504],[8.549134676308851,47.36338722430911]]},"properties":{"layer":"LKZ141EUMLU0","infraType":"fernwaerme","geomType":"pipe","source":"order_57351/SIA405_LKMap_2015_LV95.dxf","_dedupKey":"2683886.1,1246432.2|2683886.6,1246431.3","accuracyClass":0}},{"type":"Feature","geometry":{"type":"LineString","coordinates":[[8.54769611112024,47.36412525969562],[8.547702407269648,47.364117346437254]]},"properties":{"layer":"LKZ141EUMLU0","infraType":"fernwaerme","geomType":"pipe","source":"order_57351/SIA405_LKMap_2015_LV95.dxf","_dedupKey":"2683776.8,1246511.8|2683777.2,1246511","accuracyClass":0}},{"type":"Feature","geometry":{"type":"LineString","coordinates":[[8.547937748519436,47.36426749149828],[8.547935509761011,47.364271246003085],[8.547931031494688,47.364278719038985],[8.547908289331426,47.36431194980148]]},"properties":{"layer":"LKZ141EUMLU1","infraType":"fernwaerme","geomType":"pipe","source":"order_57351/SIA405_LKMap_2015_LV95.dxf","_dedupKey":"2683792.5,1246532.8|2683794.8,1246527.9","accuracyClass":1}},{"type":"Feature","geometry":{"type":"LineString","coordinates":[[8.547937748519436,47.36426749149828],[8.54795661666124,47.36427331904226]]},"properties":{"layer":"LKZ141EUMLU1","infraType":"fernwaerme","geomType":"pipe","source":"order_57351/SIA405_LKMap_2015_LV95.dxf","_dedupKey":"2683794.8,1246527.9|2683796.2,1246528.6","accuracyClass":1}},{"type":"Feature","geometry":{"type":"LineString","coordinates":[[8.548506824195142,47.363195770686104],[8.548513787551453,47.36318812082238]]},"properties":{"layer":"LKZ141EUMLU0","infraType":"fernwaerme","geomType":"pipe","source":"order_57351/SIA405_LKMap_2015_LV95.dxf","_dedupKey":"2683839.5,1246409.4|2683840,1246408.5","accuracyClass":0}},{"type":"Feature","geometry":{"type":"LineString","coordinates":[[8.548476196943957,47.362824752721835],[8.548489700340491,47.362806929415875],[8.548493183904121,47.36280256025697],[8.54850300593226,47.36278914398992],[8.548507508519505,47.36278284906226],[8.548506692919295,47.362776740173366],[8.548506110761517,47.36277103382442],[8.548510910741232,47.36276312589994],[8.548518263243286,47.362750641878954],[8.548527694288339,47.362736887549914],[8.548531992071878,47.36273156606974],[8.548534986315651,47.36272785826083],[8.548541543498597,47.362723594487946],[8.548544130322645,47.36272320981863],[8.54855511108814,47.362721575100736],[8.548572255226379,47.362719017606565],[8.548601188734597,47.36271360326544],[8.548604364147343,47.36271160279899],[8.548608865405372,47.36270524491359],[8.548617813662373,47.36269246669723],[8.548637292221418,47.36266532089822],[8.548655217798105,47.362639890113144],[8.548666170900455,47.36262548248358],[8.548682123850195,47.36260386662396],[8.54872203501073,47.36255025845653],[8.548727972132154,47.36254228562007],[8.548749599098583,47.36251468737902],[8.548761734362511,47.362499197948026],[8.548791653643992,47.3624610226001],[8.548817407515068,47.362428167463],[8.548819803343378,47.36242496912942],[8.548838732952447,47.36240071602513],[8.54885560024753,47.362379783978184],[8.548909362079188,47.362310435928705],[8.548919075336007,47.36229816305714],[8.548924541577621,47.362291103250705],[8.548939278652279,47.362271504968454],[8.548940863249745,47.3622694028495],[8.548950080134457,47.362258088237404],[8.548950880174663,47.362257091074554]]},"properties":{"layer":"LKZ141EUMLU1","infraType":"fernwaerme","geomType":"pipe","source":"order_57351/SIA405_LKMap_2015_LV95.dxf","_dedupKey":"2683837.7,1246368.1|2683874.5,1246305.5","accuracyClass":1}},{"type":"Feature","geometry":{"type":"LineString","coordinates":[[8.547449438824186,47.36416291640791],[8.547444040570113,47.36416116920113],[8.54743914886307,47.364159588039165],[8.547429494898642,47.364160103501014],[8.547428562534577,47.36415983360205],[8.547427780537166,47.364161064454706]]},"properties":{"layer":"LKZ141EUMLU1","infraType":"fernwaerme","geomType":"pipe","source":"order_57351/SIA405_LKMap_2015_LV95.dxf","_dedupKey":"2683756.4,1246515.5|2683758.1,1246515.8","accuracyClass":1}},{"type":"Feature","geometry":{"type":"LineString","coordinates":[[8.550142182142778,47.364016343011016],[8.550131363202018,47.364027655140355]]},"properties":{"layer":"LKZ141EUMLU0","infraType":"fernwaerme","geomType":"pipe","source":"order_57351/SIA405_LKMap_2015_LV95.dxf","_dedupKey":"2683960.9,1246503.6|2683961.7,1246502.3","accuracyClass":0}},{"type":"Feature","geometry":{"type":"LineString","coordinates":[[8.547470349811926,47.36413393105376],[8.547475927578448,47.36413539768507],[8.547496468446546,47.36414081345503],[8.547518327229447,47.364146576374345],[8.547553001964209,47.364145352906405],[8.547554304393591,47.36414559226544],[8.547573214218009,47.36415151841829],[8.54762178025895,47.36416700052158],[8.547657500318833,47.36417847717667]]},"properties":{"layer":"LKZ141EUMLU1","infraType":"fernwaerme","geomType":"pipe","source":"order_57351/SIA405_LKMap_2015_LV95.dxf","_dedupKey":"2683759.7,1246512.6|2683773.8,1246517.7","accuracyClass":1}},{"type":"Feature","geometry":{"type":"LineString","coordinates":[[8.547657500318833,47.36417847717667],[8.5478554000268,47.36424204351345],[8.547937748519436,47.36426749149828]]},"properties":{"layer":"LKZ141EUMLU1","infraType":"fernwaerme","geomType":"pipe","source":"order_57351/SIA405_LKMap_2015_LV95.dxf","_dedupKey":"2683773.8,1246517.7|2683794.8,1246527.9","accuracyClass":1}},{"type":"Feature","geometry":{"type":"LineString","coordinates":[[8.54846315580335,47.36281199694304],[8.548467949745246,47.36281588176882],[8.548469086851306,47.36281899217082],[8.548469532467536,47.362823863279665],[8.54846793765027,47.36282674807098],[8.548281885072672,47.363077099920524],[8.548257079807586,47.363111672886625],[8.548259906675277,47.36312345640404],[8.548238091090768,47.36315092142801],[8.548234638074188,47.36315548817891],[8.54823472636949,47.36315909440002],[8.548236915455753,47.36316186187441],[8.548238268483171,47.363163261118416],[8.548248854101974,47.363168079775605],[8.548266258503924,47.363174838840514],[8.548281855645886,47.36318127345104]]},"properties":{"layer":"LKZ141EUMLU1","infraType":"fernwaerme","geomType":"pipe","source":"order_57351/SIA405_LKMap_2015_LV95.dxf","_dedupKey":"2683822.5,1246407.5|2683836.8,1246366.7","accuracyClass":1}},{"type":"Feature","geometry":{"type":"LineString","coordinates":[[8.549548796526098,47.364019434961335],[8.549548238783446,47.36401998903281],[8.549517662797243,47.36404826717363],[8.549494571296192,47.364071669884304],[8.549492960993868,47.36407253991628],[8.549491823581093,47.36407259583285],[8.5494910293836,47.364072603472174],[8.549320289529621,47.36399287523198],[8.54921528289785,47.36394555394964],[8.549122711232792,47.36390219681615],[8.549046716972866,47.363866551004115],[8.549023916217466,47.36385624586668],[8.549019413972458,47.363856837861505],[8.549004546492181,47.36385875286068],[8.548994902462479,47.363862920403875],[8.54895740746355,47.36390670965171],[8.548932927052896,47.36393590051122],[8.548933695771295,47.36393848373386],[8.548939786019277,47.363958835255616],[8.548942840601903,47.36397137216136],[8.548929842051518,47.36398865094802],[8.54891470996649,47.364003926328145],[8.548865364865438,47.36401271226805],[8.548834270837856,47.36404728283844],[8.548792140112639,47.36409671159623],[8.548771990116752,47.36411960913771],[8.548738137166598,47.36415838896096],[8.548716059057092,47.36418342788887],[8.548677843323025,47.36422823142563],[8.548621977845466,47.364292031506146],[8.548569913126425,47.36435270968083],[8.548526788843569,47.364402768549084],[8.548506380680436,47.364426631005564],[8.548501169929319,47.36443134958217],[8.548482985078124,47.36443545523675],[8.548469341186498,47.36443128665784],[8.548399353546799,47.364409453270014],[8.54823994594754,47.36435829119],[8.548090474152556,47.364311234192016],[8.547959742375731,47.36427083333319],[8.547942694583112,47.36426532112617],[8.547857507781584,47.364238991892655],[8.547741071066513,47.36420159280621],[8.547662593485562,47.364176377365396],[8.547564661018919,47.36414512401711],[8.547556518803258,47.36414257560685],[8.547553527088795,47.364141956680534],[8.54751913013879,47.364143168486194],[8.547498256480745,47.36413766596375],[8.547490224553687,47.36413660069488],[8.547485613800342,47.36413770639668],[8.547481621890773,47.364139921558994],[8.547479307382503,47.36414321802784]]},"properties":{"layer":"LKZ141EUMLU1","infraType":"fernwaerme","geomType":"pipe","source":"order_57351/SIA405_LKMap_2015_LV95.dxf","_dedupKey":"2683760.4,1246513.6|2683916.9,1246502","accuracyClass":1}},{"type":"Feature","geometry":{"type":"LineString","coordinates":[[8.548135272697268,47.36329004834559],[8.54813070453756,47.36329574120949]]},"properties":{"layer":"LKZ141EUMLU1","infraType":"fernwaerme","geomType":"pipe","source":"order_57351/SIA405_LKMap_2015_LV95.dxf","_dedupKey":"2683810.9,1246420.1|2683811.2,1246419.4","accuracyClass":1}},{"type":"Feature","geometry":{"type":"LineString","coordinates":[[8.547855872501701,47.3631982918421],[8.547924157027493,47.363225530025254],[8.547970020635704,47.36323905899664],[8.548005043756685,47.36324951678574],[8.54801836264427,47.36325017142251],[8.548022109402448,47.36325144872698],[8.548083349726163,47.36327226895715],[8.548129925770427,47.36328821972124],[8.548132005814189,47.363288928347735]]},"properties":{"layer":"LKZ141EUMLU1","infraType":"fernwaerme","geomType":"pipe","source":"order_57351/SIA405_LKMap_2015_LV95.dxf","_dedupKey":"2683790.3,1246409|2683811,1246419.3","accuracyClass":1}},{"type":"Feature","geometry":{"type":"LineString","coordinates":[[8.548240028256922,47.36315748729125],[8.548266156739453,47.363124151946316],[8.548263301900093,47.36311229673636],[8.548287258081917,47.36307891029676],[8.548298720105162,47.36306413800826],[8.548337782490018,47.363011059864604],[8.548380810746771,47.36295452542537],[8.548417696309981,47.362904364619645],[8.548440192222644,47.362873339921116],[8.548444345868182,47.36286745313298],[8.548454865083873,47.36285318462289],[8.548463956250016,47.36284090877679],[8.548476196943957,47.362824752721835]]},"properties":{"layer":"LKZ141EUMLU1","infraType":"fernwaerme","geomType":"pipe","source":"order_57351/SIA405_LKMap_2015_LV95.dxf","_dedupKey":"2683819.4,1246404.8|2683837.7,1246368.1","accuracyClass":1}},{"type":"Feature","geometry":{"type":"LineString","coordinates":[[8.548512313787176,47.363198092657164],[8.548511252553723,47.3631992632352],[8.548498602858086,47.36321231088767],[8.54847259824856,47.36324332433691],[8.54846549731062,47.36324690969601],[8.548460383502347,47.36324610429777],[8.5483772808284,47.363212982049376],[8.548317068828123,47.36318814024048],[8.548296443421993,47.363180557590255],[8.548294707019311,47.36318045733743]]},"properties":{"layer":"LKZ141EUMLU1","infraType":"fernwaerme","geomType":"pipe","source":"order_57351/SIA405_LKMap_2015_LV95.dxf","_dedupKey":"2683823.5,1246407.4|2683839.9,1246409.6","accuracyClass":1}},{"type":"Feature","geometry":{"type":"LineString","coordinates":[[8.54706642361127,47.364088299118485],[8.547043958546412,47.36412087040046]]},"properties":{"layer":"LKZ141EUMLU0","infraType":"fernwaerme","geomType":"pipe","source":"order_57351/SIA405_LKMap_2015_LV95.dxf","_dedupKey":"2683727.5,1246510.6|2683729.3,1246507.1","accuracyClass":0}},{"type":"Feature","geometry":{"type":"LineString","coordinates":[[8.548073963354062,47.364244369701204],[8.548079499543725,47.3642362028625]]},"properties":{"layer":"LKZ141EUMLU0","infraType":"fernwaerme","geomType":"pipe","source":"order_57351/SIA405_LKMap_2015_LV95.dxf","_dedupKey":"2683805.1,1246525.5|2683805.5,1246524.6","accuracyClass":0}},{"type":"Feature","geometry":{"type":"LineString","coordinates":[[8.547446324028863,47.36416720103458],[8.547440939198154,47.36416546269396],[8.547437340424429,47.364164300887005],[8.547428396805314,47.364162686665836],[8.547427025013029,47.364162295053234],[8.547427780537166,47.364161064454706]]},"properties":{"layer":"LKZ141EUMLU1","infraType":"fernwaerme","geomType":"pipe","source":"order_57351/SIA405_LKMap_2015_LV95.dxf","_dedupKey":"2683756.4,1246515.5|2683757.8,1246516.2","accuracyClass":1}},{"type":"Feature","geometry":{"type":"LineString","coordinates":[[8.54846370161334,47.36324459719985],[8.548466516590137,47.363245631579346],[8.548472163150429,47.363247862091974],[8.548474305447659,47.363248381215165]]},"properties":{"layer":"LKZ141EUMLU1","infraType":"fernwaerme","geomType":"pipe","source":"order_57351/SIA405_LKMap_2015_LV95.dxf","_dedupKey":"2683836.1,1246414.7|2683836.9,1246415.2","accuracyClass":1}},{"type":"Feature","geometry":{"type":"LineString","coordinates":[[8.547083277846848,47.364065406528844],[8.54706838430691,47.36406097992448]]},"properties":{"layer":"LKZ141EUMLU1","infraType":"fernwaerme","geomType":"pipe","source":"order_57351/SIA405_LKMap_2015_LV95.dxf","_dedupKey":"2683729.4,1246504|2683730.6,1246504.5","accuracyClass":1}},{"type":"Feature","geometry":{"type":"LineString","coordinates":[[8.548140214792848,47.363283875144134],[8.548147168802796,47.363275136975794],[8.548147555040131,47.36327461154431],[8.548183572729194,47.36322980230065],[8.548186654252174,47.363225832802954],[8.548189722163933,47.36322184544552],[8.548202498983208,47.36320536044541],[8.548240028256922,47.36315748729125]]},"properties":{"layer":"LKZ141EUMLU1","infraType":"fernwaerme","geomType":"pipe","source":"order_57351/SIA405_LKMap_2015_LV95.dxf","_dedupKey":"2683811.6,1246418.8|2683819.4,1246404.8","accuracyClass":1}},{"type":"Feature","geometry":{"type":"LineString","coordinates":[[8.54706642361127,47.364088299118485],[8.547082389575836,47.3640666204088],[8.547083277846848,47.364065406528844]]},"properties":{"layer":"LKZ141EUMLU1","infraType":"fernwaerme","geomType":"pipe","source":"order_57351/SIA405_LKMap_2015_LV95.dxf","_dedupKey":"2683729.3,1246507.1|2683730.6,1246504.5","accuracyClass":1}},{"type":"Feature","geometry":{"type":"LineString","coordinates":[[8.547470349811926,47.36413393105376],[8.547453313070582,47.36415759004359],[8.547449438824186,47.36416291640791]]},"properties":{"layer":"LKZ141EUMLU1","infraType":"fernwaerme","geomType":"pipe","source":"order_57351/SIA405_LKMap_2015_LV95.dxf","_dedupKey":"2683758.1,1246515.8|2683759.7,1246512.6","accuracyClass":1}},{"type":"Feature","geometry":{"type":"LineString","coordinates":[[8.548296240919926,47.36318227761654],[8.548300819273221,47.363182800321084],[8.548305269060531,47.3631841428227],[8.548317172340187,47.3631886609666],[8.5484697212269,47.36325330066129]]},"properties":{"layer":"LKZ141EUMLU1","infraType":"fernwaerme","geomType":"pipe","source":"order_57351/SIA405_LKMap_2015_LV95.dxf","_dedupKey":"2683823.6,1246407.6|2683836.6,1246415.7","accuracyClass":1}},{"type":"Feature","geometry":{"type":"LineString","coordinates":[[8.547446324028863,47.36416720103458],[8.547443776120726,47.364170733618316]]},"properties":{"layer":"LKZ141EUMLU1","infraType":"fernwaerme","geomType":"pipe","source":"order_57351/SIA405_LKMap_2015_LV95.dxf","_dedupKey":"2683757.6,1246516.6|2683757.8,1246516.2","accuracyClass":1}},{"type":"Feature","geometry":{"type":"LineString","coordinates":[[8.548476196943957,47.362824752721835],[8.54847786179917,47.362823324477645],[8.548482600642837,47.36281756699178],[8.548482464422678,47.362816111080626],[8.548480896059454,47.36281454300029],[8.54847202239274,47.36281119211782]]},"properties":{"layer":"LKZ141EUMLU1","infraType":"fernwaerme","geomType":"pipe","source":"order_57351/SIA405_LKMap_2015_LV95.dxf","_dedupKey":"2683837.4,1246366.6|2683837.7,1246368.1","accuracyClass":1}},{"type":"Feature","geometry":{"type":"LineString","coordinates":[[8.547911287796191,47.364312892480434],[8.547926410590904,47.36429078998283],[8.547934081407645,47.364279589261656],[8.547942694583112,47.36426532112617],[8.547857507781584,47.364238991892655],[8.547662593485562,47.364176377365396],[8.547556532039907,47.364142575479754],[8.547553527088795,47.364141956680534],[8.54751913013879,47.364143168486194],[8.547498256480745,47.36413766596375],[8.547490224553687,47.36413660069488],[8.547485613800342,47.36413770639668],[8.547481621890773,47.364139921558994],[8.547479307382503,47.36414321802784]]},"properties":{"layer":"LKZ141EUMLU1","infraType":"fernwaerme","geomType":"pipe","source":"order_57351/SIA405_LKMap_2015_LV95.dxf","_dedupKey":"2683760.4,1246513.6|2683792.7,1246532.9","accuracyClass":1}},{"type":"Feature","geometry":{"type":"LineString","coordinates":[[8.545584652839285,47.36217075126539],[8.545604410470343,47.36218567378837],[8.54569421763881,47.36225174606668],[8.545786050493899,47.36231653952963],[8.54587985497086,47.36238000071974],[8.545975591174216,47.36244212101975],[8.54607321864752,47.36250286483202],[8.54617269712041,47.36256220555251],[8.546274103392985,47.3626200165073],[8.546378736612136,47.36267510686063],[8.5464857355104,47.36272807854817],[8.546594979646976,47.36277886975262],[8.546706375986771,47.36282746336994],[8.546819843608363,47.36287378820892],[8.54693523615505,47.36291780968732],[8.54705254000631,47.36295950993974],[8.54717159519294,47.362998836524824],[8.547293823235751,47.363041757588086],[8.547412737485988,47.363081292169085],[8.547532859843889,47.36311906996261],[8.547654163827348,47.36315509121905],[8.547775932041207,47.36318923689209],[8.547855872501701,47.3631982918421]]},"properties":{"layer":"LKZ141EUMLU0","infraType":"fernwaerme","geomType":"pipe","source":"order_57351/SIA405_LKMap_2015_LV95.dxf","_dedupKey":"2683620.3,1246292.3|2683790.3,1246409","accuracyClass":0}},{"type":"Feature","geometry":{"type":"LineString","coordinates":[[8.547657500318833,47.36417847717667],[8.547660018933563,47.36417480994168],[8.547663611915459,47.36417060167367],[8.547664451905506,47.36416961313237],[8.5476652490051,47.364168472084835],[8.54768322419505,47.364142834105884],[8.547690244481682,47.3641328180168],[8.54769611112024,47.36412525969562]]},"properties":{"layer":"LKZ141EUMLU1","infraType":"fernwaerme","geomType":"pipe","source":"order_57351/SIA405_LKMap_2015_LV95.dxf","_dedupKey":"2683773.8,1246517.7|2683776.8,1246511.8","accuracyClass":1}},{"type":"Feature","geometry":{"type":"LineString","coordinates":[[8.548240028256922,47.36315748729125],[8.548267159458337,47.363165331267616],[8.548276169225089,47.363168222103724],[8.548281656878471,47.36316981549424],[8.548290384430938,47.36317314080984],[8.548296349693976,47.363176690561005],[8.548299637297642,47.3631781701625],[8.548346090967922,47.36319778305617],[8.548355716974932,47.363201657435056],[8.548403677578477,47.36322115687827],[8.548439073356345,47.363234885202964],[8.54846051820743,47.3632430356449],[8.54846370161334,47.36324459719985]]},"properties":{"layer":"LKZ141EUMLU1","infraType":"fernwaerme","geomType":"pipe","source":"order_57351/SIA405_LKMap_2015_LV95.dxf","_dedupKey":"2683819.4,1246404.8|2683836.1,1246414.7","accuracyClass":1}},{"type":"Feature","geometry":{"type":"LineString","coordinates":[[8.549495976068373,47.364078726587486],[8.549591723235904,47.3641251382261],[8.549693483570111,47.36417166284439],[8.549935147009746,47.36428311773594],[8.550002010837812,47.36431258119074],[8.550054954006937,47.36430555018154],[8.550093489352232,47.36429581533229],[8.550101733693946,47.364287379460244],[8.550152276769234,47.364235719402345],[8.550217779922338,47.364168173752205],[8.550290687406678,47.36409445805286],[8.550332594281516,47.36404769346475],[8.550326152563764,47.364043527736065],[8.550306656825436,47.364035547773796],[8.550290923369184,47.36402831417444]]},"properties":{"layer":"LKZ141EUMLU1","infraType":"fernwaerme","geomType":"pipe","source":"order_57351/SIA405_LKMap_2015_LV95.dxf","_dedupKey":"2683912.8,1246508.6|2683972.9,1246503.8","accuracyClass":1}},{"type":"Feature","geometry":{"type":"LineString","coordinates":[[8.548186902010771,47.36321674528519],[8.548236628855713,47.36315445259506],[8.548260848705322,47.36312355529488],[8.54825800860103,47.36311177190466],[8.548282698481868,47.36307737995073],[8.548294211766857,47.36306252621347],[8.548333235756301,47.36300951140665],[8.548376289740515,47.362952940741124],[8.548413136533926,47.36290282528534],[8.548435619399472,47.362871809708224],[8.548439760370705,47.36286595002763],[8.54845030493669,47.362851627303236],[8.548459409339937,47.36283935133026],[8.548467913162062,47.36282811557474],[8.548480487586405,47.36281018426015],[8.54848405687804,47.362805481455744],[8.548485617657818,47.36280350550523],[8.548501389544725,47.36278208930722],[8.548500033369255,47.36277036362152],[8.548512109805458,47.36275013432091],[8.548521986897514,47.36273554814833],[8.548530181126514,47.36272534081436],[8.548538619246818,47.36271985360913],[8.548569832828306,47.36271521793396],[8.548598186746595,47.36270994409194],[8.548599454189528,47.362709140333486],[8.54863315378633,47.36266176260072],[8.548713132869414,47.36255316851727],[8.54871672803401,47.36254843847069],[8.548719577769642,47.36254669299667],[8.548725466036892,47.3625446394638],[8.54873176743625,47.362542716887155],[8.548737876155943,47.36254171367152],[8.548745477693913,47.36254182949925],[8.548749239094569,47.36254253994252],[8.54875177420598,47.36254348705337],[8.548776084470532,47.362552563381534],[8.548777316063331,47.36255321718617],[8.548778897042178,47.362554119497425],[8.54877991722959,47.36255479332466],[8.548781201954757,47.36255545561367],[8.548782227887692,47.3625557695781],[8.548783997297871,47.36255618433774],[8.548785336031818,47.36255626142027],[8.548789710863328,47.36255591352826],[8.54879116997442,47.362555413761484],[8.548793155164581,47.362554747024085],[8.548794595233932,47.362553968589445],[8.548796163545756,47.3625529910279],[8.548796982634956,47.362552272533975],[8.548797657249027,47.36255160940008],[8.54880148797654,47.36254611249525]]},"properties":{"layer":"LKZ141EUMLU1","infraType":"fernwaerme","geomType":"pipe","source":"order_57351/SIA405_LKMap_2015_LV95.dxf","_dedupKey":"2683815.3,1246411.4|2683862.7,1246337.5","accuracyClass":1}},{"type":"Feature","geometry":{"type":"LineString","coordinates":[[8.547001758488314,47.36410336601006],[8.546995311980673,47.3641237929692],[8.547020538348919,47.3641317004964],[8.547068619090469,47.36414677371016]]},"properties":{"layer":"LKZ141EUMLU0","infraType":"fernwaerme","geomType":"pipe","source":"order_57351/SIA405_LKMap_2015_LV95.dxf","_dedupKey":"2683724.3,1246508.7|2683729.3,1246513.6","accuracyClass":0}},{"type":"Feature","geometry":{"type":"LineString","coordinates":[[8.547878186869294,47.36430258710575],[8.547879291542088,47.36430095736268],[8.547884463364575,47.3642937295325],[8.547894225507273,47.36427423315942],[8.547895046831352,47.364272983935464],[8.547940309931956,47.364286878498035],[8.5480163791392,47.36431022789876],[8.54804658612523,47.36426480889407],[8.548052443472438,47.3642580782008],[8.548066407816929,47.36424202257986]]},"properties":{"layer":"LKZ141EUMLU1","infraType":"fernwaerme","geomType":"pipe","source":"order_57351/SIA405_LKMap_2015_LV95.dxf","_dedupKey":"2683790.2,1246531.7|2683804.5,1246525.2","accuracyClass":1}},{"type":"Feature","geometry":{"type":"LineString","coordinates":[[8.547887248615103,47.36427615317998],[8.547890366847996,47.36427330773741],[8.547892095613392,47.364273039267516],[8.547899073362219,47.36427497817157],[8.547911070394127,47.364278901775364],[8.547946289793144,47.364289852435185],[8.547977738709363,47.36429966093384],[8.547997509207327,47.364305587745626],[8.548018816151979,47.364312183428666],[8.548020315589904,47.364311710270606],[8.548024097847101,47.36430832772993]]},"properties":{"layer":"LKZ141EUMLU1","infraType":"fernwaerme","geomType":"pipe","source":"order_57351/SIA405_LKMap_2015_LV95.dxf","_dedupKey":"2683791,1246528.8|2683801.2,1246532.5","accuracyClass":1}},{"type":"Feature","geometry":{"type":"LineString","coordinates":[[8.548135272697268,47.36329004834559],[8.548139993020126,47.363291667105216]]},"properties":{"layer":"LKZ141EUMLU1","infraType":"fernwaerme","geomType":"pipe","source":"order_57351/SIA405_LKMap_2015_LV95.dxf","_dedupKey":"2683811.2,1246419.4|2683811.6,1246419.6","accuracyClass":1}},{"type":"Feature","geometry":{"type":"LineString","coordinates":[[8.534155599282183,47.384087040520185],[8.534163099708751,47.384081446402966],[8.534141841478759,47.38406721083644]]},"properties":{"layer":"LKZ141EUMLU1","infraType":"fernwaerme","geomType":"pipe","source":"order_57409/SIA405_LKMap_2015_LV95.dxf","_dedupKey":"2682722,1248714.4|2682723,1248716.6","accuracyClass":1}},{"type":"Feature","geometry":{"type":"LineString","coordinates":[[8.532569089866694,47.38296125136159],[8.532655565363891,47.383014439124885]]},"properties":{"layer":"LKZ141EUMLU1","infraType":"fernwaerme","geomType":"pipe","source":"order_57409/SIA405_LKMap_2015_LV95.dxf","_dedupKey":"2682605,1248589.8|2682611.4,1248595.8","accuracyClass":1}},{"type":"Feature","geometry":{"type":"LineString","coordinates":[[8.534141841478759,47.38406721083644],[8.534209689751506,47.38410899737486],[8.534177747942897,47.38413299337856]]},"properties":{"layer":"LKZ141EUMLU1","infraType":"fernwaerme","geomType":"pipe","source":"order_57409/SIA405_LKMap_2015_LV95.dxf","_dedupKey":"2682722,1248714.4|2682724.6,1248721.8","accuracyClass":1}},{"type":"Feature","geometry":{"type":"LineString","coordinates":[[8.533997874647046,47.383920831267226],[8.53402764261218,47.38393927684241],[8.534043606600536,47.38394917301519]]},"properties":{"layer":"LKZ141EUMLU1","infraType":"fernwaerme","geomType":"pipe","source":"order_57409/SIA405_LKMap_2015_LV95.dxf","_dedupKey":"2682711.4,1248698|2682714.8,1248701.2","accuracyClass":1}},{"type":"Feature","geometry":{"type":"LineString","coordinates":[[8.53407338513608,47.38395073466447],[8.534116703290891,47.38391834632404],[8.534222928008537,47.38398437057523]]},"properties":{"layer":"LKZ141EUMLU1","infraType":"fernwaerme","geomType":"pipe","source":"order_57409/SIA405_LKMap_2015_LV95.dxf","_dedupKey":"2682717,1248701.4|2682728.3,1248705.3","accuracyClass":1}},{"type":"Feature","geometry":{"type":"LineString","coordinates":[[8.532393851641427,47.38282342341951],[8.532412372325735,47.38283467186137],[8.532430530702836,47.382845689857746],[8.532409192738095,47.38286172326388],[8.532569089866694,47.38296125136159]]},"properties":{"layer":"LKZ141EUMLU1","infraType":"fernwaerme","geomType":"pipe","source":"order_57409/SIA405_LKMap_2015_LV95.dxf","_dedupKey":"2682592,1248574.3|2682605,1248589.8","accuracyClass":1}},{"type":"Feature","geometry":{"type":"LineString","coordinates":[[8.532733671032998,47.38314117811672],[8.532719518013677,47.38313238000803],[8.532697289546967,47.3831185851319],[8.532754530742126,47.383076044896114]]},"properties":{"layer":"LKZ141EUMLU1","infraType":"fernwaerme","geomType":"pipe","source":"order_57409/SIA405_LKMap_2015_LV95.dxf","_dedupKey":"2682617.1,1248610|2682618.8,1248602.8","accuracyClass":1}},{"type":"Feature","geometry":{"type":"LineString","coordinates":[[8.530234987391289,47.38444103004862],[8.531010695728336,47.38383640559469],[8.531033404191987,47.3838187044022],[8.531053819915657,47.38380286888]]},"properties":{"layer":"LKZ141EUMLU1","infraType":"fernwaerme","geomType":"pipe","source":"order_57409/SIA405_LKMap_2015_LV95.dxf","_dedupKey":"2682426.5,1248751.9|2682489.3,1248681.8","accuracyClass":1}},{"type":"Feature","geometry":{"type":"LineString","coordinates":[[8.531053819915657,47.38380286888],[8.531074313601756,47.38378696065605],[8.531099198032159,47.383768807109654],[8.53110949147607,47.38377540213042],[8.531172663378218,47.38372940647632]]},"properties":{"layer":"LKZ141EUMLU1","infraType":"fernwaerme","geomType":"pipe","source":"order_57409/SIA405_LKMap_2015_LV95.dxf","_dedupKey":"2682489.3,1248681.8|2682498.4,1248673.7","accuracyClass":1}},{"type":"Feature","geometry":{"type":"LineString","coordinates":[[8.531172663378218,47.38372940647632],[8.53165086292663,47.38337266207757],[8.531656529808835,47.38337710601595]]},"properties":{"layer":"LKZ141EUMLU1","infraType":"fernwaerme","geomType":"pipe","source":"order_57409/SIA405_LKMap_2015_LV95.dxf","_dedupKey":"2682498.4,1248673.7|2682535.4,1248635.1","accuracyClass":1}},{"type":"Feature","geometry":{"type":"LineString","coordinates":[[8.534144472031572,47.38409531358862],[8.534155599282183,47.384087040520185]]},"properties":{"layer":"LKZ141EUMLU0","infraType":"fernwaerme","geomType":"pipe","source":"order_57409/SIA405_LKMap_2015_LV95.dxf","_dedupKey":"2682722.2,1248717.5|2682723,1248716.6","accuracyClass":0}},{"type":"Feature","geometry":{"type":"LineString","coordinates":[[8.532285206427034,47.38289414603423],[8.532319593469438,47.382868616219966],[8.532299686788454,47.38285630147125],[8.532325413519319,47.382837285138486],[8.532345648134642,47.38282234160601]]},"properties":{"layer":"LKZ141EUMLU1","infraType":"fernwaerme","geomType":"pipe","source":"order_57409/SIA405_LKMap_2015_LV95.dxf","_dedupKey":"2682583.6,1248582.1|2682588.3,1248574.1","accuracyClass":1}},{"type":"Feature","geometry":{"type":"LineString","coordinates":[[8.534043606600536,47.38394917301519],[8.534001101709714,47.38398053716967],[8.534141841478759,47.38406721083644]]},"properties":{"layer":"LKZ141EUMLU1","infraType":"fernwaerme","geomType":"pipe","source":"order_57409/SIA405_LKMap_2015_LV95.dxf","_dedupKey":"2682714.8,1248701.2|2682722,1248714.4","accuracyClass":1}},{"type":"Feature","geometry":{"type":"LineString","coordinates":[[8.53375194612379,47.383732115613604],[8.53396347218803,47.38386376865729],[8.533893044403602,47.383916194184735],[8.533932202702522,47.38394045155153],[8.533976410642127,47.38390753311256],[8.533997874647046,47.383920831267226]]},"properties":{"layer":"LKZ141EUMLU1","infraType":"fernwaerme","geomType":"pipe","source":"order_57409/SIA405_LKMap_2015_LV95.dxf","_dedupKey":"2682693.1,1248676.8|2682711.4,1248698","accuracyClass":1}},{"type":"Feature","geometry":{"type":"LineString","coordinates":[[8.534043606600536,47.38394917301519],[8.534061019358935,47.38395996395487],[8.53407338513608,47.38395073466447]]},"properties":{"layer":"LKZ141EUMLU1","infraType":"fernwaerme","geomType":"pipe","source":"order_57409/SIA405_LKMap_2015_LV95.dxf","_dedupKey":"2682714.8,1248701.2|2682717,1248701.4","accuracyClass":1}},{"type":"Feature","geometry":{"type":"LineString","coordinates":[[8.531172663378218,47.38372940647632],[8.531147255332899,47.383713617475784],[8.531123121104267,47.383731539061664],[8.531106674206647,47.38372131423771]]},"properties":{"layer":"LKZ141EUMLU1","infraType":"fernwaerme","geomType":"pipe","source":"order_57409/SIA405_LKMap_2015_LV95.dxf","_dedupKey":"2682493.4,1248672.8|2682498.4,1248673.7","accuracyClass":1}},{"type":"Feature","geometry":{"type":"LineString","coordinates":[[8.529961049147683,47.38394983204095],[8.529988769229877,47.38393237156125]]},"properties":{"layer":"LKZ141EUMLU1","infraType":"fernwaerme","geomType":"pipe","source":"order_57409/SIA405_LKMap_2015_LV95.dxf","_dedupKey":"2682406.5,1248697|2682408.6,1248695.1","accuracyClass":1}},{"type":"Feature","geometry":{"type":"LineString","coordinates":[[8.528528998785104,47.38202657048076],[8.528564370941357,47.381993458619846],[8.529225967014067,47.38139519320661],[8.529230638998179,47.38139116427052],[8.529227747797867,47.381386433153224]]},"properties":{"layer":"LKZ141EUMLU-","infraType":"fernwaerme","geomType":"pipe","source":"order_57409/SIA405_LKMap_2015_LV95.dxf","_dedupKey":"2682301.4,1248481.7|2682355.1,1248411.2","accuracyClass":null}},{"type":"Feature","geometry":{"type":"LineString","coordinates":[[8.529227747797867,47.381386433153224],[8.529223326680352,47.38137942272664],[8.528879399079381,47.38080617261666],[8.528842165760443,47.38074372015773]]},"properties":{"layer":"LKZ141EUMLU-","infraType":"fernwaerme","geomType":"pipe","source":"order_57409/SIA405_LKMap_2015_LV95.dxf","_dedupKey":"2682327,1248339.4|2682355.1,1248411.2","accuracyClass":null}},{"type":"Feature","geometry":{"type":"LineString","coordinates":[[8.532754530742126,47.383076044896114],[8.533001007329021,47.383229856446896],[8.532957072802306,47.38326254705135],[8.533202543203844,47.38341437079374]]},"properties":{"layer":"LKZ141EUMLU1","infraType":"fernwaerme","geomType":"pipe","source":"order_57409/SIA405_LKMap_2015_LV95.dxf","_dedupKey":"2682618.8,1248602.8|2682652.1,1248640.9","accuracyClass":1}},{"type":"Feature","geometry":{"type":"LineString","coordinates":[[8.534222928008537,47.38398437057523],[8.534770654830018,47.3843243534057],[8.534790521701487,47.38430956585622],[8.534770479273815,47.38429714487518],[8.534790687089258,47.38428219217877]]},"properties":{"layer":"LKZ141EUMLU1","infraType":"fernwaerme","geomType":"pipe","source":"order_57409/SIA405_LKMap_2015_LV95.dxf","_dedupKey":"2682728.3,1248705.3|2682770.7,1248739","accuracyClass":1}},{"type":"Feature","geometry":{"type":"LineString","coordinates":[[8.533202543203844,47.38341437079374],[8.533358746891558,47.383509956965945],[8.53337651374687,47.383496736714044],[8.533714084445132,47.38370971687823],[8.53369711332515,47.38372234495711],[8.533716377297022,47.38373428776525],[8.53373419710457,47.38372106695712],[8.53375194612379,47.383732115613604]]},"properties":{"layer":"LKZ141EUMLU1","infraType":"fernwaerme","geomType":"pipe","source":"order_57409/SIA405_LKMap_2015_LV95.dxf","_dedupKey":"2682652.1,1248640.9|2682693.1,1248676.8","accuracyClass":1}},{"type":"Feature","geometry":{"type":"LineString","coordinates":[[8.532569089866694,47.38296125136159],[8.532515731997664,47.38300070539691],[8.532495543092221,47.38298819546144],[8.532454843769885,47.38301848953166],[8.532433995708248,47.38300548210037]]},"properties":{"layer":"LKZ141EUMLU1","infraType":"fernwaerme","geomType":"pipe","source":"order_57409/SIA405_LKMap_2015_LV95.dxf","_dedupKey":"2682594.7,1248594.6|2682605,1248589.8","accuracyClass":1}},{"type":"Feature","geometry":{"type":"LineString","coordinates":[[8.534222928008537,47.38398437057523],[8.534238633694965,47.38397268091597],[8.53421577436339,47.38395851451694],[8.534241396488724,47.38393957071508]]},"properties":{"layer":"LKZ141EUMLU1","infraType":"fernwaerme","geomType":"pipe","source":"order_57409/SIA405_LKMap_2015_LV95.dxf","_dedupKey":"2682728.3,1248705.3|2682729.7,1248700.3","accuracyClass":1}},{"type":"Feature","geometry":{"type":"LineString","coordinates":[[8.532655565363891,47.383014439124885],[8.532754530742126,47.383076044896114]]},"properties":{"layer":"LKZ141EUMLU1","infraType":"fernwaerme","geomType":"pipe","source":"order_57409/SIA405_LKMap_2015_LV95.dxf","_dedupKey":"2682611.4,1248595.8|2682618.8,1248602.8","accuracyClass":1}},{"type":"Feature","geometry":{"type":"LineString","coordinates":[[8.529961049147683,47.38394983204095],[8.529982818087984,47.3839657816066],[8.530022537002264,47.38399486535542],[8.530003133226302,47.384007102086784],[8.53002113726702,47.3840202897341],[8.530040567711085,47.384008061742975],[8.530401886703046,47.38427268386594],[8.530261877135109,47.38438173215356],[8.530228464906829,47.38440774684466],[8.530255922553517,47.3844240204044],[8.530234490999623,47.38444071991031]]},"properties":{"layer":"LKZ141EUMLU1","infraType":"fernwaerme","geomType":"pipe","source":"order_57409/SIA405_LKMap_2015_LV95.dxf","_dedupKey":"2682406.5,1248697|2682426.4,1248751.8","accuracyClass":1}},{"type":"Feature","geometry":{"type":"LineString","coordinates":[[8.534177747942897,47.38413299337856],[8.534142704808254,47.3841588178017],[8.53405390976224,47.3842242625925],[8.534072908977373,47.384236198856925],[8.533921697735012,47.38434889294166],[8.533902081262717,47.384336566719774],[8.533830606208323,47.38438962278553],[8.533850426788415,47.384401569290105],[8.533833297688606,47.38441425285272]]},"properties":{"layer":"LKZ141EUMLU1","infraType":"fernwaerme","geomType":"pipe","source":"order_57409/SIA405_LKMap_2015_LV95.dxf","_dedupKey":"2682698.2,1248752.7|2682724.6,1248721.8","accuracyClass":1}},{"type":"Feature","geometry":{"type":"LineString","coordinates":[[8.531656529808835,47.38337710601595],[8.531670017324034,47.38338574863778],[8.531704119015963,47.383360482574155],[8.531676952932445,47.38334356794365],[8.532285206427034,47.38289414603423]]},"properties":{"layer":"LKZ141EUMLU1","infraType":"fernwaerme","geomType":"pipe","source":"order_57409/SIA405_LKMap_2015_LV95.dxf","_dedupKey":"2682535.4,1248635.1|2682583.6,1248582.1","accuracyClass":1}}]}