{"type":"FeatureCollection","features":[{"type":"Feature","geometry":{"type":"LineString","coordinates":[[8.549013115285623,47.366088117351595],[8.548803178258236,47.366071245703104]]},"properties":{"layer":"LKZ1113-MLU1","infraType":"sewage","geomType":"pipe","source":"order_55297/NIS_ZH_ABWASSER.dxf","_dedupKey":"2683857.3,1246729.4|2683873.2,1246731.5"}},{"type":"Feature","geometry":{"type":"LineString","coordinates":[[8.547883472881239,47.3652661090912],[8.547735981836919,47.36539327821519],[8.547561817298497,47.3655302381479]]},"properties":{"layer":"LKZ1113-MLU1","infraType":"sewage","geomType":"pipe","source":"order_55297/NIS_ZH_ABWASSER.dxf","_dedupKey":"2683764.4,1246667.9|2683789.1,1246638.9"}},{"type":"Feature","geometry":{"type":"LineString","coordinates":[[8.547356806626906,47.364788844879264],[8.547337841603262,47.36477454470764]]},"properties":{"layer":"LKZ1110-MLU1","infraType":"sewage","geomType":"pipe","source":"order_55297/NIS_ZH_ABWASSER.dxf","_dedupKey":"2683748.7,1246583.6|2683750.1,1246585.2"}},{"type":"Feature","geometry":{"type":"LineString","coordinates":[[8.548095983606327,47.3661893118454],[8.548128866226039,47.36610255230092]]},"properties":{"layer":"LKZ1113-MLU1","infraType":"sewage","geomType":"pipe","source":"order_55297/NIS_ZH_ABWASSER.dxf","_dedupKey":"2683803.7,1246741.7|2683806.3,1246732.1"}},{"type":"Feature","geometry":{"type":"LineString","coordinates":[[8.547336574459727,47.36570672723356],[8.547227108073834,47.36579710016008],[8.547190951964284,47.365822004048646],[8.54718547094176,47.36582583463316],[8.54706943708085,47.365906015939366],[8.546989950706324,47.36596101970153]]},"properties":{"layer":"LKZ1113-MLU1","infraType":"sewage","geomType":"pipe","source":"order_55297/NIS_ZH_ABWASSER.dxf","_dedupKey":"2683720.5,1246715.2|2683747.1,1246687.3"}},{"type":"Feature","geometry":{"type":"LineString","coordinates":[[8.548295713287485,47.366205563242104],[8.548275459359376,47.36619298469118],[8.548271840400472,47.366190860619405],[8.548266073546005,47.36618731795593],[8.548260974165768,47.36618403873445],[8.5482255675991,47.36616225077367],[8.548170846885217,47.366128504866765],[8.548128866226039,47.36610255230092]]},"properties":{"layer":"LKZ1113-MLU1","infraType":"sewage","geomType":"pipe","source":"order_55297/NIS_ZH_ABWASSER.dxf","_dedupKey":"2683806.3,1246732.1|2683818.8,1246743.7"}},{"type":"Feature","geometry":{"type":"LineString","coordinates":[[8.548596546060663,47.366333912046194],[8.548525668318296,47.366344487907384],[8.548523818856227,47.36634468558449],[8.548520783664035,47.36634516451186]]},"properties":{"layer":"LKZ1113-MLU1","infraType":"sewage","geomType":"pipe","source":"order_55297/NIS_ZH_ABWASSER.dxf","_dedupKey":"2683835.6,1246759.5|2683841.3,1246758.3"}},{"type":"Feature","geometry":{"type":"LineString","coordinates":[[8.548497700961317,47.36634934421432],[8.548295713287485,47.366205563242104]]},"properties":{"layer":"LKZ1113-MLU1","infraType":"sewage","geomType":"pipe","source":"order_55297/NIS_ZH_ABWASSER.dxf","_dedupKey":"2683818.8,1246743.7|2683833.8,1246759.9"}},{"type":"Feature","geometry":{"type":"LineString","coordinates":[[8.546953035673114,47.365987639878945],[8.546739248769734,47.366154932671954],[8.546517121420655,47.36632869162939]]},"properties":{"layer":"LKZ1113-MLU1","infraType":"sewage","geomType":"pipe","source":"order_55297/NIS_ZH_ABWASSER.dxf","_dedupKey":"2683684.3,1246755.5|2683717.7,1246718.1"}},{"type":"Feature","geometry":{"type":"LineString","coordinates":[[8.548390155670203,47.36568608375084],[8.548007262259908,47.365310615570245]]},"properties":{"layer":"LKZ1113-MLU1","infraType":"sewage","geomType":"pipe","source":"order_55297/NIS_ZH_ABWASSER.dxf","_dedupKey":"2683798.4,1246643.9|2683826.7,1246686.1"}},{"type":"Feature","geometry":{"type":"LineString","coordinates":[[8.546885637151801,47.36587260868955],[8.546911979329776,47.36600611417484]]},"properties":{"layer":"LKZ1113-MLU1","infraType":"sewage","geomType":"pipe","source":"order_55297/NIS_ZH_ABWASSER.dxf","_dedupKey":"2683712.8,1246705.2|2683714.6,1246720.1"}},{"type":"Feature","geometry":{"type":"LineString","coordinates":[[8.547231980930656,47.36558575667237],[8.547277122666575,47.36561095960173]]},"properties":{"layer":"LKZ1113-MLU1","infraType":"sewage","geomType":"pipe","source":"order_55297/NIS_ZH_ABWASSER.dxf","_dedupKey":"2683739.4,1246673.7|2683742.8,1246676.6"}},{"type":"Feature","geometry":{"type":"LineString","coordinates":[[8.547277122666575,47.36561095960173],[8.54734920217655,47.365683668305195]]},"properties":{"layer":"LKZ1113-MLU1","infraType":"sewage","geomType":"pipe","source":"order_55297/NIS_ZH_ABWASSER.dxf","_dedupKey":"2683742.8,1246676.6|2683748.1,1246684.7"}},{"type":"Feature","geometry":{"type":"LineString","coordinates":[[8.547503413840639,47.36560581870295],[8.547440878797534,47.36565463326268],[8.547401533337732,47.36568532475418]]},"properties":{"layer":"LKZ1113-MLU1","infraType":"sewage","geomType":"pipe","source":"order_55297/NIS_ZH_ABWASSER.dxf","_dedupKey":"2683752.1,1246685|2683759.9,1246676.2"}},{"type":"Feature","geometry":{"type":"LineString","coordinates":[[8.547561817298497,47.3655302381479],[8.547389286637037,47.365663044335975],[8.547383162498262,47.36566778062228],[8.547376905988125,47.3656725181791]]},"properties":{"layer":"LKZ1113-MLU1","infraType":"sewage","geomType":"pipe","source":"order_55297/NIS_ZH_ABWASSER.dxf","_dedupKey":"2683750.2,1246683.5|2683764.4,1246667.9"}},{"type":"Feature","geometry":{"type":"LineString","coordinates":[[8.547981318730397,47.36529818157315],[8.54795635656863,47.36529473332334]]},"properties":{"layer":"LKZ1113-MLU1","infraType":"sewage","geomType":"pipe","source":"order_55297/NIS_ZH_ABWASSER.dxf","_dedupKey":"2683794.6,1246642.1|2683796.5,1246642.5"}},{"type":"Feature","geometry":{"type":"LineString","coordinates":[[8.547093252533628,47.36461264055018],[8.547004655510598,47.36457957904471],[8.546648607403762,47.36448206966961]]},"properties":{"layer":"LKZ1110-MLU1","infraType":"sewage","geomType":"pipe","source":"order_55297/NIS_ZH_ABWASSER.dxf","_dedupKey":"2683697.1,1246550.4|2683730.5,1246565.4"}},{"type":"Feature","geometry":{"type":"LineString","coordinates":[[8.547874637466014,47.36516598765254],[8.547729764418722,47.36506897175861],[8.547356806626906,47.364788844879264]]},"properties":{"layer":"LKZ1110-MLU1","infraType":"sewage","geomType":"pipe","source":"order_55297/NIS_ZH_ABWASSER.dxf","_dedupKey":"2683750.1,1246585.2|2683788.6,1246627.7"}},{"type":"Feature","geometry":{"type":"LineString","coordinates":[[8.547945143043549,47.36625741504713],[8.548095983606327,47.3661893118454]]},"properties":{"layer":"LKZ1113-MLU1","infraType":"sewage","geomType":"pipe","source":"order_55297/NIS_ZH_ABWASSER.dxf","_dedupKey":"2683792.2,1246749.1|2683803.7,1246741.7"}},{"type":"Feature","geometry":{"type":"LineString","coordinates":[[8.547695550191127,47.36545447389963],[8.547673015058887,47.36547223090259],[8.547664810469001,47.36547878621864],[8.547584047001452,47.36554234809206],[8.547571019531423,47.3655525477821],[8.547503413840639,47.36560581870295]]},"properties":{"layer":"LKZ1113-MLU1","infraType":"sewage","geomType":"pipe","source":"order_55297/NIS_ZH_ABWASSER.dxf","_dedupKey":"2683759.9,1246676.2|2683774.6,1246659.6"}},{"type":"Feature","geometry":{"type":"LineString","coordinates":[[8.546989950706324,47.36596101970153],[8.546972732021555,47.365973418385465],[8.546953035673114,47.365987639878945]]},"properties":{"layer":"LKZ1113-MLU1","infraType":"sewage","geomType":"pipe","source":"order_55297/NIS_ZH_ABWASSER.dxf","_dedupKey":"2683717.7,1246718.1|2683720.5,1246715.2"}},{"type":"Feature","geometry":{"type":"LineString","coordinates":[[8.547142118494058,47.36458140800725],[8.547492360704851,47.364838905920834]]},"properties":{"layer":"LKZ1113-MLU1","infraType":"sewage","geomType":"pipe","source":"order_55297/NIS_ZH_ABWASSER.dxf","_dedupKey":"2683734.2,1246562|2683760.3,1246591"}},{"type":"Feature","geometry":{"type":"LineString","coordinates":[[8.550287537964254,47.3648608781703],[8.549898850688644,47.36523674962143]]},"properties":{"layer":"LKZ1110-MLU1","infraType":"sewage","geomType":"pipe","source":"order_55297/NIS_ZH_ABWASSER.dxf","_dedupKey":"2683941.4,1246637.8|2683971.3,1246596.4"}},{"type":"Feature","geometry":{"type":"LineString","coordinates":[[8.547090147898777,47.36601699754238],[8.546966481810916,47.36599119886363]]},"properties":{"layer":"LKZ1113-MLU1","infraType":"sewage","geomType":"pipe","source":"order_55297/NIS_ZH_ABWASSER.dxf","_dedupKey":"2683718.7,1246718.5|2683728,1246721.5"}},{"type":"Feature","geometry":{"type":"LineString","coordinates":[[8.548128866226039,47.36610255230092],[8.548118277872176,47.36609635739562],[8.548061707839945,47.366062809106886],[8.54802711999249,47.36604218259431],[8.54790620540069,47.365970483082066],[8.547895348614357,47.36596411083124],[8.547885964753053,47.36595853399845],[8.547874971858045,47.3659519831495],[8.547859019489378,47.36594251152387]]},"properties":{"layer":"LKZ1113-MLU1","infraType":"sewage","geomType":"pipe","source":"order_55297/NIS_ZH_ABWASSER.dxf","_dedupKey":"2683786.2,1246714|2683806.3,1246732.1"}},{"type":"Feature","geometry":{"type":"LineString","coordinates":[[8.550406777717336,47.36579181124545],[8.550338338417271,47.36579229015444],[8.550301270925566,47.36579246705413]]},"properties":{"layer":"LKZ1113-MLU1","infraType":"sewage","geomType":"pipe","source":"order_55297/NIS_ZH_ABWASSER.dxf","_dedupKey":"2683970.9,1246700|2683978.9,1246700"}},{"type":"Feature","geometry":{"type":"LineString","coordinates":[[8.550301270925566,47.36579246705413],[8.550264828556616,47.3657972254677],[8.550182834609057,47.36580799930641],[8.550151675790481,47.365812167121014],[8.55000419284985,47.365831576811665],[8.549974219714597,47.365835463312735]]},"properties":{"layer":"LKZ1113-MLU1","infraType":"sewage","geomType":"pipe","source":"order_55297/NIS_ZH_ABWASSER.dxf","_dedupKey":"2683946.1,1246704.4|2683970.9,1246700"}},{"type":"Feature","geometry":{"type":"LineString","coordinates":[[8.549974219714597,47.365835463312735],[8.549963945426114,47.36583799087834],[8.549826814950888,47.36587133320416],[8.549804157786228,47.365876858354305],[8.54978940537097,47.36588050841117],[8.549781370120638,47.365882474707334],[8.549736449131178,47.36589334129722],[8.549692848082648,47.36590401526755],[8.549655436582418,47.36591310049728]]},"properties":{"layer":"LKZ1113-MLU1","infraType":"sewage","geomType":"pipe","source":"order_55297/NIS_ZH_ABWASSER.dxf","_dedupKey":"2683921.9,1246712.7|2683946.1,1246704.4"}},{"type":"Feature","geometry":{"type":"LineString","coordinates":[[8.549655436582418,47.36591310049728],[8.549436601850196,47.365971155499054],[8.549393414655517,47.36598263494056],[8.54935022556844,47.365994024432084],[8.549195381582306,47.3660350923046],[8.54910676789661,47.366058612230304]]},"properties":{"layer":"LKZ1113-MLU1","infraType":"sewage","geomType":"pipe","source":"order_55297/NIS_ZH_ABWASSER.dxf","_dedupKey":"2683880.3,1246728.3|2683921.9,1246712.7"}},{"type":"Feature","geometry":{"type":"LineString","coordinates":[[8.54910676789661,47.366058612230304],[8.5490687811371,47.36607822715826],[8.54906432734723,47.36608051877565]]},"properties":{"layer":"LKZ1113-MLU1","infraType":"sewage","geomType":"pipe","source":"order_55297/NIS_ZH_ABWASSER.dxf","_dedupKey":"2683877,1246730.7|2683880.3,1246728.3"}},{"type":"Feature","geometry":{"type":"LineString","coordinates":[[8.547194344375153,47.364469816230404],[8.547136463949942,47.36455141838036]]},"properties":{"layer":"LKZ1113-MLU1","infraType":"sewage","geomType":"pipe","source":"order_55297/NIS_ZH_ABWASSER.dxf","_dedupKey":"2683733.8,1246558.6|2683738.3,1246549.6"}},{"type":"Feature","geometry":{"type":"LineString","coordinates":[[8.547859019489378,47.36594251152387],[8.547416940232065,47.36568130891287]]},"properties":{"layer":"LKZ1113-MLU1","infraType":"sewage","geomType":"pipe","source":"order_55297/NIS_ZH_ABWASSER.dxf","_dedupKey":"2683753.2,1246684.5|2683786.2,1246714"}},{"type":"Feature","geometry":{"type":"LineString","coordinates":[[8.548776087779121,47.36606098175022],[8.548390155670203,47.36568608375084]]},"properties":{"layer":"LKZ1113-MLU1","infraType":"sewage","geomType":"pipe","source":"order_55297/NIS_ZH_ABWASSER.dxf","_dedupKey":"2683826.7,1246686.1|2683855.3,1246728.2"}},{"type":"Feature","geometry":{"type":"LineString","coordinates":[[8.551001136516396,47.36567895546999],[8.550406777717336,47.36579181124545]]},"properties":{"layer":"LKZ1113-MLU1","infraType":"sewage","geomType":"pipe","source":"order_55297/NIS_ZH_ABWASSER.dxf","_dedupKey":"2683978.9,1246700|2684024,1246688.1"}},{"type":"Feature","geometry":{"type":"LineString","coordinates":[[8.547492360704851,47.364838905920834],[8.54792158355052,47.36516337789689],[8.547932119532026,47.365217967389924],[8.547883472881239,47.3652661090912]]},"properties":{"layer":"LKZ1113-MLU1","infraType":"sewage","geomType":"pipe","source":"order_55297/NIS_ZH_ABWASSER.dxf","_dedupKey":"2683760.3,1246591|2683789.1,1246638.9"}},{"type":"Feature","geometry":{"type":"LineString","coordinates":[[8.550536998392204,47.364538517937945],[8.550119299481215,47.364341856155704]]},"properties":{"layer":"LKZ1113-MLU1","infraType":"sewage","geomType":"pipe","source":"order_55297/NIS_ZH_ABWASSER.dxf","_dedupKey":"2683959.5,1246538.5|2683990.7,1246560.8"}},{"type":"Feature","geometry":{"type":"LineString","coordinates":[[8.549523697655289,47.36560160531528],[8.549057467130943,47.36606898095426]]},"properties":{"layer":"LKZ1110-MLU1","infraType":"sewage","geomType":"pipe","source":"order_55297/NIS_ZH_ABWASSER.dxf","_dedupKey":"2683876.5,1246729.4|2683912.5,1246677.9"}},{"type":"Feature","geometry":{"type":"LineString","coordinates":[[8.550634052879516,47.36463419176226],[8.55058083171763,47.36463425444186]]},"properties":{"layer":"LKZ1113-MLU1","infraType":"sewage","geomType":"pipe","source":"order_55297/NIS_ZH_ABWASSER.dxf","_dedupKey":"2683993.9,1246571.5|2683997.9,1246571.6"}},{"type":"Feature","geometry":{"type":"LineString","coordinates":[[8.548541959820305,47.36453243222875],[8.548248113776136,47.364872845054116]]},"properties":{"layer":"LKZ1113-MLU1","infraType":"sewage","geomType":"pipe","source":"order_55297/NIS_ZH_ABWASSER.dxf","_dedupKey":"2683817.3,1246595.5|2683840,1246558"}},{"type":"Feature","geometry":{"type":"LineString","coordinates":[[8.548022681084916,47.36529445603916],[8.547920715586066,47.36519801767576]]},"properties":{"layer":"LKZ1110-MLU1","infraType":"sewage","geomType":"pipe","source":"order_55297/NIS_ZH_ABWASSER.dxf","_dedupKey":"2683792,1246631.3|2683799.6,1246642.2"}},{"type":"Feature","geometry":{"type":"LineString","coordinates":[[8.5505790602919,47.36463184279747],[8.550287537964254,47.3648608781703]]},"properties":{"layer":"LKZ1110-MLU1","infraType":"sewage","geomType":"pipe","source":"order_55297/NIS_ZH_ABWASSER.dxf","_dedupKey":"2683971.3,1246596.4|2683993.7,1246571.2"}},{"type":"Feature","geometry":{"type":"LineString","coordinates":[[8.550633731867423,47.36463149629753],[8.5505790602919,47.36463184279747]]},"properties":{"layer":"LKZ1110-MLU1","infraType":"sewage","geomType":"pipe","source":"order_55297/NIS_ZH_ABWASSER.dxf","_dedupKey":"2683993.7,1246571.2|2683997.9,1246571.3"}},{"type":"Feature","geometry":{"type":"LineString","coordinates":[[8.547792458445473,47.36642781091054],[8.54775734097688,47.366407189404406],[8.547658963750935,47.366349665479376],[8.547632961799067,47.36633444346026],[8.547580823697276,47.366303910741365],[8.547467436032203,47.36623762555913],[8.547396133299559,47.366195942833464],[8.547381122507499,47.36618718171718],[8.547281806402172,47.3661290368257],[8.547220557110778,47.3660932842536],[8.547217607538022,47.36609151353086],[8.547090147898777,47.36601699754238]]},"properties":{"layer":"LKZ1113-MLU1","infraType":"sewage","geomType":"pipe","source":"order_55297/NIS_ZH_ABWASSER.dxf","_dedupKey":"2683728,1246721.5|2683780.4,1246767.9"}},{"type":"Feature","geometry":{"type":"LineString","coordinates":[[8.549527036891474,47.365603012424415],[8.549062316793085,47.3660729821563]]},"properties":{"layer":"LKZ1113-MLU1","infraType":"sewage","geomType":"pipe","source":"order_55297/NIS_ZH_ABWASSER.dxf","_dedupKey":"2683876.9,1246729.8|2683912.7,1246678.1"}},{"type":"Feature","geometry":{"type":"LineString","coordinates":[[8.547168259388508,47.36453968931134],[8.547480748395806,47.364096015467744]]},"properties":{"layer":"LKZ1110-MLU1","infraType":"sewage","geomType":"pipe","source":"order_55297/NIS_ZH_ABWASSER.dxf","_dedupKey":"2683736.2,1246557.3|2683760.5,1246508.4"}},{"type":"Feature","geometry":{"type":"LineString","coordinates":[[8.55058083171763,47.36463425444186],[8.550536998392204,47.364538517937945]]},"properties":{"layer":"LKZ1113-MLU1","infraType":"sewage","geomType":"pipe","source":"order_55297/NIS_ZH_ABWASSER.dxf","_dedupKey":"2683990.7,1246560.8|2683993.9,1246571.5"}},{"type":"Feature","geometry":{"type":"LineString","coordinates":[[8.55058083171763,47.36463425444186],[8.5502908790495,47.3648623751914]]},"properties":{"layer":"LKZ1113-MLU1","infraType":"sewage","geomType":"pipe","source":"order_55297/NIS_ZH_ABWASSER.dxf","_dedupKey":"2683971.6,1246596.6|2683993.9,1246571.5"}},{"type":"Feature","geometry":{"type":"LineString","coordinates":[[8.547159608904703,47.364569366487196],[8.547168259388508,47.36453968931134]]},"properties":{"layer":"LKZ1110-MLU1","infraType":"sewage","geomType":"pipe","source":"order_55297/NIS_ZH_ABWASSER.dxf","_dedupKey":"2683735.5,1246560.6|2683736.2,1246557.3"}},{"type":"Feature","geometry":{"type":"LineString","coordinates":[[8.54795635656863,47.36529473332334],[8.54790920639629,47.365287540306674]]},"properties":{"layer":"LKZ1113-MLU1","infraType":"sewage","geomType":"pipe","source":"order_55297/NIS_ZH_ABWASSER.dxf","_dedupKey":"2683791,1246641.3|2683794.6,1246642.1"}},{"type":"Feature","geometry":{"type":"LineString","coordinates":[[8.548729266561644,47.36629215812662],[8.548596546060663,47.366333912046194]]},"properties":{"layer":"LKZ1113-MLU1","infraType":"sewage","geomType":"pipe","source":"order_55297/NIS_ZH_ABWASSER.dxf","_dedupKey":"2683841.3,1246758.3|2683851.4,1246753.8"}},{"type":"Feature","geometry":{"type":"LineString","coordinates":[[8.548248113776136,47.364872845054116],[8.547968970415967,47.365194675716104]]},"properties":{"layer":"LKZ1113-MLU1","infraType":"sewage","geomType":"pipe","source":"order_55297/NIS_ZH_ABWASSER.dxf","_dedupKey":"2683795.7,1246631|2683817.3,1246595.5"}},{"type":"Feature","geometry":{"type":"LineString","coordinates":[[8.547917277237246,47.36519184402734],[8.547874637466014,47.36516598765254]]},"properties":{"layer":"LKZ1110-MLU1","infraType":"sewage","geomType":"pipe","source":"order_55297/NIS_ZH_ABWASSER.dxf","_dedupKey":"2683788.6,1246627.7|2683791.8,1246630.6"}},{"type":"Feature","geometry":{"type":"LineString","coordinates":[[8.547958184522564,47.365210790739525],[8.547907214254565,47.36527451643094]]},"properties":{"layer":"LKZ1113-MLU1","infraType":"sewage","geomType":"pipe","source":"order_55297/NIS_ZH_ABWASSER.dxf","_dedupKey":"2683790.9,1246639.8|2683794.9,1246632.8"}},{"type":"Feature","geometry":{"type":"LineString","coordinates":[[8.548412144877874,47.365673908864565],[8.548022681084916,47.36529445603916]]},"properties":{"layer":"LKZ1110-MLU1","infraType":"sewage","geomType":"pipe","source":"order_55297/NIS_ZH_ABWASSER.dxf","_dedupKey":"2683799.6,1246642.2|2683828.4,1246684.8"}},{"type":"Feature","geometry":{"type":"LineString","coordinates":[[8.548795791159298,47.36604711968109],[8.548412144877874,47.365673908864565]]},"properties":{"layer":"LKZ1110-MLU1","infraType":"sewage","geomType":"pipe","source":"order_55297/NIS_ZH_ABWASSER.dxf","_dedupKey":"2683828.4,1246684.8|2683856.8,1246726.7"}},{"type":"Feature","geometry":{"type":"LineString","coordinates":[[8.549012118751431,47.36607841213932],[8.548795791159298,47.36604711968109]]},"properties":{"layer":"LKZ1110-MLU1","infraType":"sewage","geomType":"pipe","source":"order_55297/NIS_ZH_ABWASSER.dxf","_dedupKey":"2683856.8,1246726.7|2683873.1,1246730.4"}},{"type":"Feature","geometry":{"type":"LineString","coordinates":[[8.547337841603262,47.36477454470764],[8.547188146568779,47.36466201277212],[8.547093252533628,47.36461264055018]]},"properties":{"layer":"LKZ1110-MLU1","infraType":"sewage","geomType":"pipe","source":"order_55297/NIS_ZH_ABWASSER.dxf","_dedupKey":"2683730.5,1246565.4|2683748.7,1246583.6"}},{"type":"Feature","geometry":{"type":"LineString","coordinates":[[8.547655537420177,47.364943931957406],[8.547159608904703,47.364569366487196]]},"properties":{"layer":"LKZ1110-MLU1","infraType":"sewage","geomType":"pipe","source":"order_55297/NIS_ZH_ABWASSER.dxf","_dedupKey":"2683735.5,1246560.6|2683772.4,1246602.8"}},{"type":"Feature","geometry":{"type":"LineString","coordinates":[[8.549898850688644,47.36523674962143],[8.549523697655289,47.36560160531528]]},"properties":{"layer":"LKZ1110-MLU1","infraType":"sewage","geomType":"pipe","source":"order_55297/NIS_ZH_ABWASSER.dxf","_dedupKey":"2683912.5,1246677.9|2683941.4,1246637.8"}},{"type":"Feature","geometry":{"type":"LineString","coordinates":[[8.549902059417407,47.36523824792736],[8.549527036891474,47.365603012424415]]},"properties":{"layer":"LKZ1113-MLU1","infraType":"sewage","geomType":"pipe","source":"order_55297/NIS_ZH_ABWASSER.dxf","_dedupKey":"2683912.7,1246678.1|2683941.6,1246637.9"}},{"type":"Feature","geometry":{"type":"LineString","coordinates":[[8.5502908790495,47.3648623751914],[8.549902059417407,47.36523824792736]]},"properties":{"layer":"LKZ1113-MLU1","infraType":"sewage","geomType":"pipe","source":"order_55297/NIS_ZH_ABWASSER.dxf","_dedupKey":"2683941.6,1246637.9|2683971.6,1246596.6"}},{"type":"Feature","geometry":{"type":"LineString","coordinates":[[8.549011115063024,47.36517845400275],[8.549165518839873,47.36508458885948]]},"properties":{"layer":"LKZ1113-MLU1","infraType":"sewage","geomType":"pipe","source":"order_55297/NIS_ZH_ABWASSER.dxf","_dedupKey":"2683874.4,1246630.3|2683886.2,1246620.1"}},{"type":"Feature","geometry":{"type":"LineString","coordinates":[[8.549165518839873,47.36508458885948],[8.549457778755869,47.364757231947145]]},"properties":{"layer":"LKZ1113-MLU1","infraType":"sewage","geomType":"pipe","source":"order_55297/NIS_ZH_ABWASSER.dxf","_dedupKey":"2683886.2,1246620.1|2683908.8,1246584"}},{"type":"Feature","geometry":{"type":"LineString","coordinates":[[8.549624324075422,47.36482678181376],[8.549457778755869,47.364757231947145]]},"properties":{"layer":"LKZ1113-MLU1","infraType":"sewage","geomType":"pipe","source":"order_55297/NIS_ZH_ABWASSER.dxf","_dedupKey":"2683908.8,1246584|2683921.3,1246591.9"}},{"type":"Feature","geometry":{"type":"LineString","coordinates":[[8.549717257222902,47.364788287898854],[8.549624324075422,47.36482678181376]]},"properties":{"layer":"LKZ1113-MLU1","infraType":"sewage","geomType":"pipe","source":"order_55297/NIS_ZH_ABWASSER.dxf","_dedupKey":"2683921.3,1246591.9|2683928.4,1246587.7"}},{"type":"Feature","geometry":{"type":"LineString","coordinates":[[8.549919822041709,47.364566046834064],[8.549717257222902,47.364788287898854]]},"properties":{"layer":"LKZ1113-MLU1","infraType":"sewage","geomType":"pipe","source":"order_55297/NIS_ZH_ABWASSER.dxf","_dedupKey":"2683928.4,1246587.7|2683944,1246563.2"}},{"type":"Feature","geometry":{"type":"LineString","coordinates":[[8.548636465885288,47.364423221929485],[8.548541959820305,47.36453243222875]]},"properties":{"layer":"LKZ1113-MLU1","infraType":"sewage","geomType":"pipe","source":"order_55297/NIS_ZH_ABWASSER.dxf","_dedupKey":"2683840,1246558|2683847.3,1246546"}},{"type":"Feature","geometry":{"type":"LineString","coordinates":[[8.547890019444669,47.36530076760533],[8.547817599053186,47.365358042843376],[8.547792590146125,47.36537780256888],[8.547791678528373,47.365378530938344],[8.547791285162013,47.36537871461974],[8.547791026036313,47.36537898696377],[8.547695550191127,47.36545447389963]]},"properties":{"layer":"LKZ1113-MLU1","infraType":"sewage","geomType":"pipe","source":"order_55297/NIS_ZH_ABWASSER.dxf","_dedupKey":"2683774.6,1246659.6|2683789.6,1246642.7"}},{"type":"Feature","geometry":{"type":"LineString","coordinates":[[8.547033910207722,47.365184314023224],[8.547337841603262,47.36477454470764]]},"properties":{"layer":"LKZ1111-MLU1","infraType":"sewage","geomType":"pipe","source":"order_55297/NIS_ZH_ABWASSER.dxf","_dedupKey":"2683725.1,1246628.9|2683748.7,1246583.6"}},{"type":"Feature","geometry":{"type":"LineString","coordinates":[[8.549457778755869,47.364757231947145],[8.548636465885288,47.364423221929485]]},"properties":{"layer":"LKZ1113-MLU1","infraType":"sewage","geomType":"pipe","source":"order_55297/NIS_ZH_ABWASSER.dxf","_dedupKey":"2683847.3,1246546|2683908.8,1246584"}},{"type":"Feature","geometry":{"type":"LineString","coordinates":[[8.549929907884124,47.36490380890032],[8.54992650192771,47.364905550759204],[8.549922676369675,47.36490621723353],[8.54974896378854,47.364835837231205],[8.549733723869887,47.364828787706585],[8.549684661198954,47.36480605214822],[8.54968055966315,47.364806181558606],[8.549678797643903,47.364804219569564]]},"properties":{"layer":"LKZ1113-MLU1","infraType":"sewage","geomType":"pipe","source":"order_55297/NIS_ZH_ABWASSER.dxf","_dedupKey":"2683925.5,1246589.4|2683944.3,1246600.8"}},{"type":"Feature","geometry":{"type":"LineString","coordinates":[[8.548161787119108,47.364758086369996],[8.548195965321405,47.364771790488845],[8.548275918575882,47.36482841156288],[8.548275771770614,47.364834079937594],[8.548280044990664,47.364835837915685]]},"properties":{"layer":"LKZ1113-MLU1","infraType":"sewage","geomType":"pipe","source":"order_55297/NIS_ZH_ABWASSER.dxf","_dedupKey":"2683810.9,1246582.7|2683819.8,1246591.5"}},{"type":"Feature","geometry":{"type":"LineString","coordinates":[[8.549688349770909,47.36584064251873],[8.549690780049389,47.36590007728323],[8.549692848082648,47.36590401526755]]},"properties":{"layer":"LKZ1113-MLU1","infraType":"sewage","geomType":"pipe","source":"order_55297/NIS_ZH_ABWASSER.dxf","_dedupKey":"2683924.5,1246704.7|2683924.8,1246711.7"}},{"type":"Feature","geometry":{"type":"LineString","coordinates":[[8.54786634984034,47.36591302688907],[8.547864658959389,47.3659144823575],[8.547850862936796,47.36591956220792],[8.547846543349918,47.36592194244088],[8.547840586660108,47.365921999650645],[8.547827046921274,47.36591394407749],[8.547811164288586,47.365914186567345]]},"properties":{"layer":"LKZ1113-MLU1","infraType":"sewage","geomType":"pipe","source":"order_55297/NIS_ZH_ABWASSER.dxf","_dedupKey":"2683782.6,1246710.8|2683786.8,1246710.8"}},{"type":"Feature","geometry":{"type":"LineString","coordinates":[[8.5493413046616,47.36595983859182],[8.549348027059771,47.3659901776485],[8.54935022556844,47.365994024432084]]},"properties":{"layer":"LKZ1113-MLU1","infraType":"sewage","geomType":"pipe","source":"order_55297/NIS_ZH_ABWASSER.dxf","_dedupKey":"2683898.1,1246717.5|2683898.8,1246721.4"}},{"type":"Feature","geometry":{"type":"LineString","coordinates":[[8.548046899273597,47.36601923479621],[8.548044419782174,47.36602096769801],[8.54803103123822,47.36603926656654],[8.54802711999249,47.36604218259431]]},"properties":{"layer":"LKZ1111-MLU1","infraType":"sewage","geomType":"pipe","source":"order_55297/NIS_ZH_ABWASSER.dxf","_dedupKey":"2683798.8,1246725.3|2683800.3,1246722.8"}},{"type":"Feature","geometry":{"type":"LineString","coordinates":[[8.549739323673775,47.36485607918958],[8.54973574036069,47.36485566390508],[8.549673785231885,47.364811463937755],[8.54967450821765,47.364808038812605],[8.549673154548444,47.36480661260599]]},"properties":{"layer":"LKZ1113-MLU1","infraType":"sewage","geomType":"pipe","source":"order_55297/NIS_ZH_ABWASSER.dxf","_dedupKey":"2683925,1246589.7|2683929.9,1246595.3"}},{"type":"Feature","geometry":{"type":"LineString","coordinates":[[8.54760730929024,47.36630419613568],[8.547580823697276,47.366303910741365]]},"properties":{"layer":"LKZ1113-MLU1","infraType":"sewage","geomType":"pipe","source":"order_55297/NIS_ZH_ABWASSER.dxf","_dedupKey":"2683764.6,1246753.9|2683766.6,1246754"}},{"type":"Feature","geometry":{"type":"LineString","coordinates":[[8.547391709929084,47.366180603548116],[8.547381122507499,47.36618718171718]]},"properties":{"layer":"LKZ1113-MLU1","infraType":"sewage","geomType":"pipe","source":"order_55297/NIS_ZH_ABWASSER.dxf","_dedupKey":"2683749.7,1246740.7|2683750.5,1246740"}},{"type":"Feature","geometry":{"type":"LineString","coordinates":[[8.547188053031501,47.366058245209004],[8.547225614861645,47.366088198406196],[8.54722576780508,47.366089186407486],[8.547220557110778,47.3660932842536]]},"properties":{"layer":"LKZ1113-MLU0","infraType":"sewage","geomType":"pipe","source":"order_55297/NIS_ZH_ABWASSER.dxf","_dedupKey":"2683735.4,1246726.2|2683737.8,1246730.1"}},{"type":"Feature","geometry":{"type":"LineString","coordinates":[[8.547303102998862,47.36609626985166],[8.547281806402172,47.3661290368257]]},"properties":{"layer":"LKZ1113-MLU0","infraType":"sewage","geomType":"pipe","source":"order_55297/NIS_ZH_ABWASSER.dxf","_dedupKey":"2683742.3,1246734.2|2683744,1246730.5"}},{"type":"Feature","geometry":{"type":"LineString","coordinates":[[8.546657755645528,47.36610705064609],[8.546739248769734,47.366154932671954]]},"properties":{"layer":"LKZ1113-MLU1","infraType":"sewage","geomType":"pipe","source":"order_55297/NIS_ZH_ABWASSER.dxf","_dedupKey":"2683695.2,1246731|2683701.3,1246736.5"}},{"type":"Feature","geometry":{"type":"LineString","coordinates":[[8.54711423817073,47.3657874792794],[8.547175136273308,47.36581909749677],[8.54718547094176,47.36582583463316]]},"properties":{"layer":"LKZ1113-MLU1","infraType":"sewage","geomType":"pipe","source":"order_55297/NIS_ZH_ABWASSER.dxf","_dedupKey":"2683730.2,1246696|2683735.5,1246700.3"}},{"type":"Feature","geometry":{"type":"LineString","coordinates":[[8.547148594341298,47.36595616889243],[8.54706943708085,47.365906015939366]]},"properties":{"layer":"LKZ1113-MLU1","infraType":"sewage","geomType":"pipe","source":"order_55297/NIS_ZH_ABWASSER.dxf","_dedupKey":"2683726.6,1246709.1|2683732.5,1246714.8"}},{"type":"Feature","geometry":{"type":"LineString","coordinates":[[8.547401361824104,47.36565798106102],[8.547389286637037,47.365663044335975]]},"properties":{"layer":"LKZ1113-MLU0","infraType":"sewage","geomType":"pipe","source":"order_55297/NIS_ZH_ABWASSER.dxf","_dedupKey":"2683751.2,1246682.5|2683752.1,1246681.9"}},{"type":"Feature","geometry":{"type":"LineString","coordinates":[[8.547353217051782,47.36564117252427],[8.547383162498262,47.36566778062228]]},"properties":{"layer":"LKZ1113-MLU1","infraType":"sewage","geomType":"pipe","source":"order_55297/NIS_ZH_ABWASSER.dxf","_dedupKey":"2683748.5,1246680|2683750.7,1246683"}},{"type":"Feature","geometry":{"type":"LineString","coordinates":[[8.547796629554547,47.36539377519312],[8.547798621620544,47.365381342714336],[8.547792590146125,47.36537780256888]]},"properties":{"layer":"LKZ1113-MLU1","infraType":"sewage","geomType":"pipe","source":"order_55297/NIS_ZH_ABWASSER.dxf","_dedupKey":"2683782.1,1246651.2|2683782.4,1246653"}},{"type":"Feature","geometry":{"type":"LineString","coordinates":[[8.547666715091287,47.36549396978056],[8.547673774662098,47.365483287677776],[8.547673015058887,47.36547223090259]]},"properties":{"layer":"LKZ1113-MLU0","infraType":"sewage","geomType":"pipe","source":"order_55297/NIS_ZH_ABWASSER.dxf","_dedupKey":"2683772.4,1246664|2683772.9,1246661.6"}},{"type":"Feature","geometry":{"type":"LineString","coordinates":[[8.54786188641783,47.365984851274696],[8.547885964753053,47.36595853399845]]},"properties":{"layer":"LKZ1113-MLU1","infraType":"sewage","geomType":"pipe","source":"order_55297/NIS_ZH_ABWASSER.dxf","_dedupKey":"2683786.4,1246718.7|2683788.2,1246715.8"}},{"type":"Feature","geometry":{"type":"LineString","coordinates":[[8.548382459291766,47.36624493818427],[8.54828043278001,47.366183851777166],[8.548268940792765,47.36618513156503],[8.548266073546005,47.36618731795593]]},"properties":{"layer":"LKZ1113-MLU0","infraType":"sewage","geomType":"pipe","source":"order_55297/NIS_ZH_ABWASSER.dxf","_dedupKey":"2683816.6,1246741.7|2683825.3,1246748.2"}},{"type":"Feature","geometry":{"type":"LineString","coordinates":[[8.54787453875109,47.36635748988883],[8.547645962773148,47.36634205447054]]},"properties":{"layer":"LKZ1113-MLU0","infraType":"sewage","geomType":"pipe","source":"order_55297/NIS_ZH_ABWASSER.dxf","_dedupKey":"2683769.5,1246758.2|2683786.7,1246760.2"}},{"type":"Feature","geometry":{"type":"LineString","coordinates":[[8.547684973667945,47.36639709014667],[8.547658963750935,47.366349665479376]]},"properties":{"layer":"LKZ1113-MLU0","infraType":"sewage","geomType":"pipe","source":"order_55297/NIS_ZH_ABWASSER.dxf","_dedupKey":"2683770.5,1246759.1|2683772.4,1246764.4"}},{"type":"Feature","geometry":{"type":"LineString","coordinates":[[8.547931737563548,47.366274904498646],[8.5479693095539,47.366260780993365],[8.547976012720426,47.36624569466167],[8.547976491677582,47.366243261363316]]},"properties":{"layer":"LKZ1113-MLU0","infraType":"sewage","geomType":"pipe","source":"order_55297/NIS_ZH_ABWASSER.dxf","_dedupKey":"2683791.2,1246751.1|2683794.6,1246747.6"}},{"type":"Feature","geometry":{"type":"LineString","coordinates":[[8.548190008580383,47.366190387501824],[8.548249491537636,47.366185768189304],[8.548255744286571,47.36618085071839]]},"properties":{"layer":"LKZ1113-MLU0","infraType":"sewage","geomType":"pipe","source":"order_55297/NIS_ZH_ABWASSER.dxf","_dedupKey":"2683810.8,1246741.9|2683815.8,1246741"}},{"type":"Feature","geometry":{"type":"LineString","coordinates":[[8.5476365866207,47.36556676023263],[8.547571019531423,47.3655525477821]]},"properties":{"layer":"LKZ1111-MLU0","infraType":"sewage","geomType":"pipe","source":"order_55297/NIS_ZH_ABWASSER.dxf","_dedupKey":"2683765.1,1246670.4|2683770,1246672"}},{"type":"Feature","geometry":{"type":"LineString","coordinates":[[8.549421359722713,47.364712246513506],[8.54940209974759,47.364734649860786]]},"properties":{"layer":"LKZ1113-MLU1","infraType":"sewage","geomType":"pipe","source":"order_55297/NIS_ZH_ABWASSER.dxf","_dedupKey":"2683904.7,1246581.4|2683906.2,1246578.9"}},{"type":"Feature","geometry":{"type":"LineString","coordinates":[[8.547993113341406,47.366062208691055],[8.547905160623825,47.36600935228379],[8.547915857750967,47.365976237237945]]},"properties":{"layer":"LKZ1113-MLU0","infraType":"sewage","geomType":"pipe","source":"order_55297/NIS_ZH_ABWASSER.dxf","_dedupKey":"2683790.5,1246717.8|2683796.2,1246727.5"}},{"type":"Feature","geometry":{"type":"LineString","coordinates":[[8.548492719482736,47.36628813492646],[8.548522962835765,47.36634172540234],[8.548523818856227,47.36634468558449]]},"properties":{"layer":"LKZ1113-MLU1","infraType":"sewage","geomType":"pipe","source":"order_55297/NIS_ZH_ABWASSER.dxf","_dedupKey":"2683833.5,1246753.1|2683835.8,1246759.5"}},{"type":"Feature","geometry":{"type":"LineString","coordinates":[[8.54911986419534,47.36459622963893],[8.549083448765005,47.3646022467546],[8.549081771071828,47.36460433177818]]},"properties":{"layer":"LKZ1113-MLU1","infraType":"sewage","geomType":"pipe","source":"order_55297/NIS_ZH_ABWASSER.dxf","_dedupKey":"2683880.7,1246566.6|2683883.6,1246565.7"}},{"type":"Feature","geometry":{"type":"LineString","coordinates":[[8.548572524655041,47.3663693140516],[8.548518359039393,47.36635589207391],[8.5485059404171,47.366357180790025]]},"properties":{"layer":"LKZ1113-MLU1","infraType":"sewage","geomType":"pipe","source":"order_55297/NIS_ZH_ABWASSER.dxf","_dedupKey":"2683834.4,1246760.8|2683839.4,1246762.2"}},{"type":"Feature","geometry":{"type":"LineString","coordinates":[[8.549325538923808,47.364879039271244],[8.549344594331657,47.36487858615214],[8.549348198254307,47.36487999072065]]},"properties":{"layer":"LKZ1113-MLU1","infraType":"sewage","geomType":"pipe","source":"order_55297/NIS_ZH_ABWASSER.dxf","_dedupKey":"2683898.7,1246597.4|2683900.4,1246597.5"}},{"type":"Feature","geometry":{"type":"LineString","coordinates":[[8.549865460565826,47.36458761864806],[8.549895489978788,47.364592816762]]},"properties":{"layer":"LKZ1113-MLU1","infraType":"sewage","geomType":"pipe","source":"order_55297/NIS_ZH_ABWASSER.dxf","_dedupKey":"2683939.9,1246565.6|2683942.2,1246566.2"}},{"type":"Feature","geometry":{"type":"LineString","coordinates":[[8.549693230427227,47.36477889420528],[8.549687854193769,47.3648004444163]]},"properties":{"layer":"LKZ1113-MLU1","infraType":"sewage","geomType":"pipe","source":"order_55297/NIS_ZH_ABWASSER.dxf","_dedupKey":"2683926.1,1246589|2683926.6,1246586.6"}},{"type":"Feature","geometry":{"type":"LineString","coordinates":[[8.54761859624813,47.36500743285387],[8.547641273431092,47.36494559811187],[8.547632245261582,47.364931652325815],[8.547636035304047,47.36492927718457]]},"properties":{"layer":"LKZ1111-MLU1","infraType":"sewage","geomType":"pipe","source":"order_55297/NIS_ZH_ABWASSER.dxf","_dedupKey":"2683769.5,1246609.8|2683771,1246601.2"}},{"type":"Feature","geometry":{"type":"LineString","coordinates":[[8.546966380379962,47.365260341707085],[8.54704637533869,47.365185273811036],[8.54704343999977,47.365171449408344]]},"properties":{"layer":"LKZ1111-MLU1","infraType":"sewage","geomType":"pipe","source":"order_55297/NIS_ZH_ABWASSER.dxf","_dedupKey":"2683719.9,1246637.2|2683725.8,1246627.4"}},{"type":"Feature","geometry":{"type":"LineString","coordinates":[[8.547171204186384,47.3650251308885],[8.547163069855758,47.36502233050935],[8.54716617296111,47.36500601945004]]},"properties":{"layer":"LKZ1111-MLU1","infraType":"sewage","geomType":"pipe","source":"order_55297/NIS_ZH_ABWASSER.dxf","_dedupKey":"2683735.4,1246609.2|2683735.7,1246611.3"}},{"type":"Feature","geometry":{"type":"LineString","coordinates":[[8.546915048534037,47.365949954824245],[8.5469018880899,47.365985612059234],[8.546905639351309,47.36598773490387],[8.546908283033417,47.36598752963115]]},"properties":{"layer":"LKZ1113-MLU1","infraType":"sewage","geomType":"pipe","source":"order_55297/NIS_ZH_ABWASSER.dxf","_dedupKey":"2683714.3,1246718|2683714.9,1246713.9"}},{"type":"Feature","geometry":{"type":"LineString","coordinates":[[8.547657201535497,47.3659085589345],[8.547725242461667,47.365863469362516]]},"properties":{"layer":"LKZ1113-MLU1","infraType":"sewage","geomType":"pipe","source":"order_55297/NIS_ZH_ABWASSER.dxf","_dedupKey":"2683771,1246710|2683776.2,1246705.1"}},{"type":"Feature","geometry":{"type":"LineString","coordinates":[[8.547025838811958,47.36606331024045],[8.547030266510015,47.366059759628335],[8.54703002381692,47.366054454803745],[8.547002278925543,47.366038169950436],[8.54699699342682,47.36603867043393],[8.54697875314427,47.3660528779576],[8.54695872769353,47.36605127110037],[8.54695605409267,47.36605003743318],[8.546945117384668,47.3660461845103],[8.546936046963035,47.366042943339025],[8.546910849317424,47.36603454977429],[8.546900794342683,47.36602852954372]]},"properties":{"layer":"LKZ1111-MLU1","infraType":"sewage","geomType":"pipe","source":"order_55297/NIS_ZH_ABWASSER.dxf","_dedupKey":"2683713.7,1246722.6|2683723.1,1246726.6"}},{"type":"Feature","geometry":{"type":"LineString","coordinates":[[8.547527205452631,47.365425686704],[8.547539567548561,47.36549806914447],[8.547565774394483,47.365516797336504],[8.547573280645999,47.36552122285067]]},"properties":{"layer":"LKZ1111-MLU0","infraType":"sewage","geomType":"pipe","source":"order_55297/NIS_ZH_ABWASSER.dxf","_dedupKey":"2683762,1246656.2|2683765.3,1246666.9"}},{"type":"Feature","geometry":{"type":"LineString","coordinates":[[8.547651382917621,47.36508789472831],[8.547711886680425,47.365062397060576],[8.547716722581711,47.36505938221051]]},"properties":{"layer":"LKZ1111-MLU1","infraType":"sewage","geomType":"pipe","source":"order_55297/NIS_ZH_ABWASSER.dxf","_dedupKey":"2683771.9,1246618.8|2683776.9,1246615.7"}},{"type":"Feature","geometry":{"type":"LineString","coordinates":[[8.5476977405364,47.36509518541157],[8.547691250253457,47.36508868125761],[8.547691839130707,47.36508516748253],[8.547721703020832,47.36506967883818],[8.547726538922223,47.365066663987754]]},"properties":{"layer":"LKZ1111-MLU1","infraType":"sewage","geomType":"pipe","source":"order_55297/NIS_ZH_ABWASSER.dxf","_dedupKey":"2683775.4,1246619.7|2683777.6,1246616.5"}},{"type":"Feature","geometry":{"type":"LineString","coordinates":[[8.547987000508485,47.36616292344217],[8.547994545682842,47.36616285096681],[8.548058130112382,47.36620262853128],[8.548065291278835,47.366203189402604]]},"properties":{"layer":"LKZ1111-MLU1","infraType":"sewage","geomType":"pipe","source":"order_55297/NIS_ZH_ABWASSER.dxf","_dedupKey":"2683795.5,1246738.7|2683801.4,1246743.2"}},{"type":"Feature","geometry":{"type":"LineString","coordinates":[[8.548425235762263,47.36579395866209],[8.548447912511572,47.36577664991094],[8.548452564395728,47.36575843494672],[8.548460692729279,47.36575457886121]]},"properties":{"layer":"LKZ1113-MLU1","infraType":"sewage","geomType":"pipe","source":"order_55297/NIS_ZH_ABWASSER.dxf","_dedupKey":"2683829.2,1246698.1|2683832,1246693.8"}},{"type":"Feature","geometry":{"type":"LineString","coordinates":[[8.54854849482723,47.3659146588304],[8.54858533151911,47.365897034065775],[8.548585813614801,47.36588839406075],[8.548594335325859,47.365884354281874]]},"properties":{"layer":"LKZ1113-MLU1","infraType":"sewage","geomType":"pipe","source":"order_55297/NIS_ZH_ABWASSER.dxf","_dedupKey":"2683838.3,1246711.7|2683841.8,1246708.4"}},{"type":"Feature","geometry":{"type":"LineString","coordinates":[[8.548025373686976,47.365417484228615],[8.548056793772703,47.36539406479339],[8.548064440236397,47.365379778955976],[8.548073487640531,47.365375554260964]]},"properties":{"layer":"LKZ1114-MLU1","infraType":"sewage","geomType":"pipe","source":"order_55297/NIS_ZH_ABWASSER.dxf","_dedupKey":"2683799.6,1246655.8|2683803.3,1246651.2"}},{"type":"Feature","geometry":{"type":"LineString","coordinates":[[8.548659833211973,47.36599058750086],[8.548662454416066,47.36598930298249],[8.54868055869829,47.365981303168496],[8.548681660150324,47.36597697489603],[8.548687036799652,47.36597449451973]]},"properties":{"layer":"LKZ1113-MLU1","infraType":"sewage","geomType":"pipe","source":"order_55297/NIS_ZH_ABWASSER.dxf","_dedupKey":"2683846.6,1246720.2|2683848.7,1246718.5"}},{"type":"Feature","geometry":{"type":"LineString","coordinates":[[8.548825031534419,47.36602075258495],[8.548770355293202,47.366046374711395],[8.548764193777386,47.3660493123948]]},"properties":{"layer":"LKZ1113-MLU1","infraType":"sewage","geomType":"pipe","source":"order_55297/NIS_ZH_ABWASSER.dxf","_dedupKey":"2683854.4,1246726.9|2683859.1,1246723.8"}},{"type":"Feature","geometry":{"type":"LineString","coordinates":[[8.548755816767112,47.36608573343821],[8.548747831505468,47.36606467152381],[8.5487567815873,47.366055770219226],[8.548758062225339,47.366053689018386],[8.548765142849126,47.36605038269353]]},"properties":{"layer":"LKZ1113-MLU1","infraType":"sewage","geomType":"pipe","source":"order_55297/NIS_ZH_ABWASSER.dxf","_dedupKey":"2683853.7,1246730.9|2683854.5,1246727"}},{"type":"Feature","geometry":{"type":"LineString","coordinates":[[8.548558820999645,47.36576200135592],[8.548506864762112,47.365784718762875],[8.548500244363387,47.36578469243335],[8.548494476229887,47.365787446418715]]},"properties":{"layer":"LKZ1113-MLU1","infraType":"sewage","geomType":"pipe","source":"order_55297/NIS_ZH_ABWASSER.dxf","_dedupKey":"2683834.5,1246697.5|2683839.4,1246694.7"}},{"type":"Feature","geometry":{"type":"LineString","coordinates":[[8.54882556796648,47.3659956508791],[8.548749393916454,47.366025257622915],[8.548742574291785,47.36602838153458]]},"properties":{"layer":"LKZ1113-MLU1","infraType":"sewage","geomType":"pipe","source":"order_55297/NIS_ZH_ABWASSER.dxf","_dedupKey":"2683852.8,1246724.5|2683859.1,1246721"}},{"type":"Feature","geometry":{"type":"LineString","coordinates":[[8.548602182726295,47.365536345322944],[8.548585213163422,47.36553524908986],[8.548386009015966,47.36563952856817],[8.548380557501343,47.36563841157853],[8.548377281945344,47.36564006218555]]},"properties":{"layer":"LKZ1111-MLU1","infraType":"sewage","geomType":"pipe","source":"order_55297/NIS_ZH_ABWASSER.dxf","_dedupKey":"2683825.8,1246681|2683843,1246669.7"}},{"type":"Feature","geometry":{"type":"LineString","coordinates":[[8.548591975839686,47.365542110383494],[8.548584026154435,47.36554182697926],[8.548456000639309,47.365611870456206],[8.548420652000706,47.365631010063844],[8.548408514925319,47.36565217541204],[8.548393048757765,47.365659700075994],[8.548375741957063,47.36566148550973],[8.548368532734775,47.36566497295064]]},"properties":{"layer":"LKZ1114-MLU1","infraType":"sewage","geomType":"pipe","source":"order_55297/NIS_ZH_ABWASSER.dxf","_dedupKey":"2683825.1,1246683.7|2683842.2,1246670.3"}},{"type":"Feature","geometry":{"type":"LineString","coordinates":[[8.548154931582554,47.365344727950585],[8.54810420059493,47.36536905254264],[8.54810092504693,47.36537070314194]]},"properties":{"layer":"LKZ1111-MLU1","infraType":"sewage","geomType":"pipe","source":"order_55297/NIS_ZH_ABWASSER.dxf","_dedupKey":"2683805.4,1246650.7|2683809.5,1246647.9"}},{"type":"Feature","geometry":{"type":"LineString","coordinates":[[8.548083613935288,47.365410448231394],[8.54808176483057,47.365391576118],[8.548087273818304,47.3653890944976]]},"properties":{"layer":"LKZ1113-MLU1","infraType":"sewage","geomType":"pipe","source":"order_55297/NIS_ZH_ABWASSER.dxf","_dedupKey":"2683804,1246655.1|2683804.3,1246652.8"}},{"type":"Feature","geometry":{"type":"LineString","coordinates":[[8.548157918806265,47.365532788453564],[8.548162775314312,47.365530762857134],[8.548165008756866,47.36552993183401],[8.548227917895275,47.365505490214304],[8.548229289729518,47.36550142920338],[8.548233225258832,47.36549968230784]]},"properties":{"layer":"LKZ1111-MLU1","infraType":"sewage","geomType":"pipe","source":"order_55297/NIS_ZH_ABWASSER.dxf","_dedupKey":"2683809.4,1246668.8|2683815.2,1246665.2"}},{"type":"Feature","geometry":{"type":"LineString","coordinates":[[8.547369912001265,47.365024302816735],[8.547366874574234,47.365018305206945],[8.547373565092343,47.36500897594093],[8.547361777114197,47.36495781658707],[8.547237526947173,47.36491655211157],[8.547232237821616,47.36491687273832]]},"properties":{"layer":"LKZ1111-MLU1","infraType":"sewage","geomType":"pipe","source":"order_55297/NIS_ZH_ABWASSER.dxf","_dedupKey":"2683740.5,1246599.3|2683750.7,1246611.4"}},{"type":"Feature","geometry":{"type":"LineString","coordinates":[[8.548221303104027,47.36559478594482],[8.548243853614933,47.365584134877956],[8.548255763174293,47.365583840548865],[8.548269590894257,47.36558028952421],[8.548278110708063,47.36557615983448]]},"properties":{"layer":"LKZ1114-MLU1","infraType":"sewage","geomType":"pipe","source":"order_55297/NIS_ZH_ABWASSER.dxf","_dedupKey":"2683814.1,1246675.8|2683818.4,1246673.8"}},{"type":"Feature","geometry":{"type":"LineString","coordinates":[[8.54821981333996,47.36559318112567],[8.548242231480462,47.365582531330894],[8.548293410802012,47.3655670176491],[8.548293729288924,47.36556323661367],[8.548297010458738,47.36556185581043]]},"properties":{"layer":"LKZ1111-MLU1","infraType":"sewage","geomType":"pipe","source":"order_55297/NIS_ZH_ABWASSER.dxf","_dedupKey":"2683814,1246675.6|2683819.9,1246672.2"}},{"type":"Feature","geometry":{"type":"LineString","coordinates":[[8.54829157882859,47.36566346357162],[8.548325671226518,47.365647574339484],[8.548331679757384,47.365643648679196],[8.548332423433235,47.36564121283518],[8.548340551757597,47.365637356758015]]},"properties":{"layer":"LKZ1113-MLU1","infraType":"sewage","geomType":"pipe","source":"order_55297/NIS_ZH_ABWASSER.dxf","_dedupKey":"2683819.3,1246683.5|2683823.1,1246680.6"}},{"type":"Feature","geometry":{"type":"LineString","coordinates":[[8.547911531451973,47.3659401181776],[8.54790293719187,47.36594703705909],[8.547896846257046,47.365947005609385],[8.547891477058943,47.36594984568409],[8.547877969607853,47.365949705563],[8.547874971858045,47.3659519831495]]},"properties":{"layer":"LKZ1113-MLU1","infraType":"sewage","geomType":"pipe","source":"order_55297/NIS_ZH_ABWASSER.dxf","_dedupKey":"2683787.4,1246715.1|2683790.2,1246713.8"}},{"type":"Feature","geometry":{"type":"LineString","coordinates":[[8.547476009107328,47.365465846997765],[8.547557957540569,47.36552289916276],[8.547565463792292,47.365527324677466]]},"properties":{"layer":"LKZ1114-MLU1","infraType":"sewage","geomType":"pipe","source":"order_55297/NIS_ZH_ABWASSER.dxf","_dedupKey":"2683758,1246660.6|2683764.7,1246667.6"}},{"type":"Feature","geometry":{"type":"LineString","coordinates":[[8.546617462159277,47.36462701096266],[8.54666240238888,47.36456613219699],[8.546692642258305,47.36450503464919],[8.546687322914845,47.364497529735075],[8.546689886146845,47.36449345731117]]},"properties":{"layer":"LKZ1111-MLU1","infraType":"sewage","geomType":"pipe","source":"order_55297/NIS_ZH_ABWASSER.dxf","_dedupKey":"2683694.5,1246566.5|2683700.2,1246551.7"}},{"type":"Feature","geometry":{"type":"LineString","coordinates":[[8.546766770167503,47.36467640118311],[8.546801505595093,47.364627763771814],[8.546813943330386,47.36460830478908],[8.54689051953978,47.36448982306502],[8.546870440483367,47.36445376517251]]},"properties":{"layer":"LKZ1114-MLU1","infraType":"sewage","geomType":"pipe","source":"order_55297/NIS_ZH_ABWASSER.dxf","_dedupKey":"2683705.7,1246572.1|2683713.9,1246547.5"}},{"type":"Feature","geometry":{"type":"LineString","coordinates":[[8.550191244515421,47.365030284815624],[8.550144635350843,47.36501094400583],[8.550140269063247,47.36501107598049],[8.55013786955341,47.36501028950767]]},"properties":{"layer":"LKZ1113-MLU1","infraType":"sewage","geomType":"pipe","source":"order_55297/NIS_ZH_ABWASSER.dxf","_dedupKey":"2683959.8,1246612.8|2683963.8,1246615.1"}},{"type":"Feature","geometry":{"type":"LineString","coordinates":[[8.549842105386201,47.36518845178148],[8.549921165969744,47.36522753971373],[8.549919889146434,47.36522980079558],[8.549911792134036,47.36522879928616]]},"properties":{"layer":"LKZ1113-MLU1","infraType":"sewage","geomType":"pipe","source":"order_55297/NIS_ZH_ABWASSER.dxf","_dedupKey":"2683937.2,1246632.3|2683942.4,1246636.9"}},{"type":"Feature","geometry":{"type":"LineString","coordinates":[[8.550145014776374,47.36517519240589],[8.550029899526717,47.36512133969109],[8.550025816716333,47.36512236845163],[8.550022883978038,47.3651214072042]]},"properties":{"layer":"LKZ1113-MLU1","infraType":"sewage","geomType":"pipe","source":"order_55297/NIS_ZH_ABWASSER.dxf","_dedupKey":"2683950.9,1246625.1|2683960.1,1246631.2"}},{"type":"Feature","geometry":{"type":"LineString","coordinates":[[8.55059694975931,47.36531179646126],[8.550591605155219,47.3653158058012],[8.55056818704167,47.36531657098461],[8.550453108048693,47.36524544758555],[8.550452087961428,47.36522827660518],[8.550161289556343,47.365073120341115],[8.550107248211418,47.36504656494857],[8.550102649058724,47.36504822834407],[8.550099844941766,47.36504708595706]]},"properties":{"layer":"LKZ1113-MLU1","infraType":"sewage","geomType":"pipe","source":"order_55297/NIS_ZH_ABWASSER.dxf","_dedupKey":"2683956.9,1246616.9|2683994,1246646.8"}},{"type":"Feature","geometry":{"type":"LineString","coordinates":[[8.550218276173295,47.36501869070645],[8.550159152348492,47.364989665605535]]},"properties":{"layer":"LKZ1113-MLU1","infraType":"sewage","geomType":"pipe","source":"order_55297/NIS_ZH_ABWASSER.dxf","_dedupKey":"2683961.4,1246610.6|2683965.9,1246613.9"}},{"type":"Feature","geometry":{"type":"LineString","coordinates":[[8.550305953242122,47.364931313106716],[8.5502990205475,47.36492265451059],[8.550255103810256,47.36490544667281],[8.550249684210945,47.36490585864579],[8.55024675523103,47.36490507727154]]},"properties":{"layer":"LKZ1111-MLU1","infraType":"sewage","geomType":"pipe","source":"order_55297/NIS_ZH_ABWASSER.dxf","_dedupKey":"2683968.2,1246601.3|2683972.6,1246604.2"}},{"type":"Feature","geometry":{"type":"LineString","coordinates":[[8.550367577490988,47.364781849602245],[8.550379205739834,47.36479981798516],[8.550374960585378,47.36479940909171],[8.550372288843706,47.364798265437]]},"properties":{"layer":"LKZ1113-MLU1","infraType":"sewage","geomType":"pipe","source":"order_55297/NIS_ZH_ABWASSER.dxf","_dedupKey":"2683977.5,1246587.7|2683977.8,1246589.5"}},{"type":"Feature","geometry":{"type":"LineString","coordinates":[[8.55043691445155,47.36479908253578],[8.550400949153367,47.36482668417681],[8.55038798458132,47.36482716878893],[8.550367341080928,47.36481495415779],[8.550355166969016,47.364815251253276],[8.550352493351552,47.364814017664315]]},"properties":{"layer":"LKZ1113-MLU1","infraType":"sewage","geomType":"pipe","source":"order_55297/NIS_ZH_ABWASSER.dxf","_dedupKey":"2683976.3,1246591.2|2683982.7,1246589.7"}},{"type":"Feature","geometry":{"type":"LineString","coordinates":[[8.549592651150007,47.36542886421469],[8.54964620906578,47.36548303970495],[8.549648886448997,47.36548445317753]]},"properties":{"layer":"LKZ1113-MLU1","infraType":"sewage","geomType":"pipe","source":"order_55297/NIS_ZH_ABWASSER.dxf","_dedupKey":"2683918,1246658.8|2683922.1,1246665"}},{"type":"Feature","geometry":{"type":"LineString","coordinates":[[8.549660011868466,47.36564347091098],[8.549547668371067,47.365589231246],[8.54954369727055,47.36558926944442],[8.549541959593554,47.36558847659292]]},"properties":{"layer":"LKZ1113-MLU1","infraType":"sewage","geomType":"pipe","source":"order_55297/NIS_ZH_ABWASSER.dxf","_dedupKey":"2683913.9,1246676.5|2683922.7,1246682.7"}},{"type":"Feature","geometry":{"type":"LineString","coordinates":[[8.549774707665735,47.36544213472516],[8.549717146517315,47.36541822161834]]},"properties":{"layer":"LKZ1113-MLU1","infraType":"sewage","geomType":"pipe","source":"order_55297/NIS_ZH_ABWASSER.dxf","_dedupKey":"2683927.4,1246657.7|2683931.7,1246660.5"}},{"type":"Feature","geometry":{"type":"LineString","coordinates":[[8.549857108672304,47.365342934612],[8.549819793328162,47.36532485352465],[8.549816883076929,47.3653249714775],[8.54981420944634,47.36532373787628]]},"properties":{"layer":"LKZ1113-MLU1","infraType":"sewage","geomType":"pipe","source":"order_55297/NIS_ZH_ABWASSER.dxf","_dedupKey":"2683934.9,1246647.3|2683938.1,1246649.5"}},{"type":"Feature","geometry":{"type":"LineString","coordinates":[[8.550671212987222,47.36476543351593],[8.55051185374221,47.36469770495184],[8.550502213402467,47.364698877187394],[8.55049955104146,47.364698183204574]]},"properties":{"layer":"LKZ1113-MLU1","infraType":"sewage","geomType":"pipe","source":"order_55297/NIS_ZH_ABWASSER.dxf","_dedupKey":"2683987.6,1246578.5|2684000.5,1246586.2"}},{"type":"Feature","geometry":{"type":"LineString","coordinates":[[8.550155791955937,47.364904693459096],[8.550165714718029,47.36491071468209],[8.550201514264085,47.36494500157898],[8.550204055516225,47.36494623644541]]},"properties":{"layer":"LKZ1113-MLU1","infraType":"sewage","geomType":"pipe","source":"order_55297/NIS_ZH_ABWASSER.dxf","_dedupKey":"2683961.3,1246601.1|2683964.9,1246605.8"}},{"type":"Feature","geometry":{"type":"LineString","coordinates":[[8.549750756008404,47.36555705373252],[8.549725893403918,47.365545689145804],[8.549724891838862,47.36554210070891],[8.5497877085767,47.36548149849007],[8.549785612435432,47.36547621150016],[8.54969897839786,47.36543584705845]]},"properties":{"layer":"LKZ1113-MLU1","infraType":"sewage","geomType":"pipe","source":"order_55297/NIS_ZH_ABWASSER.dxf","_dedupKey":"2683926,1246659.7|2683929.7,1246673.2"}},{"type":"Feature","geometry":{"type":"LineString","coordinates":[[8.54989843009894,47.364625890750055],[8.549868954507307,47.364621856681865]]},"properties":{"layer":"LKZ1113-MLU1","infraType":"sewage","geomType":"pipe","source":"order_55297/NIS_ZH_ABWASSER.dxf","_dedupKey":"2683940.1,1246569.4|2683942.3,1246569.8"}},{"type":"Feature","geometry":{"type":"LineString","coordinates":[[8.547285238596947,47.364594246571485],[8.547278054374958,47.36457983329726],[8.547280739744217,47.364562536772375],[8.547198339646664,47.36452824655276],[8.54719114943863,47.364507176897156]]},"properties":{"layer":"LKZ1111-MLU1","infraType":"sewage","geomType":"pipe","source":"order_55297/NIS_ZH_ABWASSER.dxf","_dedupKey":"2683738,1246553.8|2683745,1246563.5"}},{"type":"Feature","geometry":{"type":"LineString","coordinates":[[8.549127881727628,47.364567997621606],[8.549097010203287,47.36460499481541],[8.549092532184998,47.364606117295224],[8.549090850745477,47.36460802245132]]},"properties":{"layer":"LKZ1111-MLU1","infraType":"sewage","geomType":"pipe","source":"order_55297/NIS_ZH_ABWASSER.dxf","_dedupKey":"2683881.4,1246567|2683884.2,1246562.6"}},{"type":"Feature","geometry":{"type":"LineString","coordinates":[[8.54950219419553,47.36466496390487],[8.54943200994742,47.36474047890488],[8.549424211483808,47.364741093623365],[8.549422528178033,47.364742908850424]]},"properties":{"layer":"LKZ1113-MLU1","infraType":"sewage","geomType":"pipe","source":"order_55297/NIS_ZH_ABWASSER.dxf","_dedupKey":"2683906.2,1246582.3|2683912.3,1246573.8"}},{"type":"Feature","geometry":{"type":"LineString","coordinates":[[8.549122577845282,47.36464387801648],[8.549122629613139,47.36462093980163]]},"properties":{"layer":"LKZ1113-MLU1","infraType":"sewage","geomType":"pipe","source":"order_55297/NIS_ZH_ABWASSER.dxf","_dedupKey":"2683883.7,1246568.5|2683883.7,1246571"}},{"type":"Feature","geometry":{"type":"LineString","coordinates":[[8.547502102146824,47.36470892198689],[8.547407284892188,47.36475237954272],[8.547399702508011,47.36475065330287]]},"properties":{"layer":"LKZ1111-MLU1","infraType":"sewage","geomType":"pipe","source":"order_55297/NIS_ZH_ABWASSER.dxf","_dedupKey":"2683753.4,1246581|2683761.2,1246576.5"}},{"type":"Feature","geometry":{"type":"LineString","coordinates":[[8.547503589993916,47.36471043688193],[8.547408005150423,47.36476154771138],[8.547408117377678,47.364766943742005],[8.547400798290367,47.364771511600296]]},"properties":{"layer":"LKZ1114-MLU1","infraType":"sewage","geomType":"pipe","source":"order_55297/NIS_ZH_ABWASSER.dxf","_dedupKey":"2683753.4,1246583.4|2683761.3,1246576.7"}},{"type":"Feature","geometry":{"type":"LineString","coordinates":[[8.547425081250836,47.36463410196671],[8.547299630995374,47.36467515498169]]},"properties":{"layer":"LKZ1111-MLU1","infraType":"sewage","geomType":"pipe","source":"order_55297/NIS_ZH_ABWASSER.dxf","_dedupKey":"2683746,1246572.5|2683755.5,1246568.1"}},{"type":"Feature","geometry":{"type":"LineString","coordinates":[[8.550337617287726,47.36571961602488],[8.550251513267478,47.365736456249074],[8.550265431497623,47.365788044578714],[8.550263112589287,47.365791125260714],[8.550264828556616,47.3657972254677]]},"properties":{"layer":"LKZ1113-MLU1","infraType":"sewage","geomType":"pipe","source":"order_55297/NIS_ZH_ABWASSER.dxf","_dedupKey":"2683968.2,1246700.5|2683973.8,1246691.9"}},{"type":"Feature","geometry":{"type":"LineString","coordinates":[[8.5483055683035,47.36488533603009],[8.548297389548422,47.3648867638924],[8.548281364957223,47.364880171476315],[8.548270870424352,47.36487847327399],[8.548242680258264,47.364885310609026],[8.548238675515787,47.36488372995368]]},"properties":{"layer":"LKZ1113-MLU1","infraType":"sewage","geomType":"pipe","source":"order_55297/NIS_ZH_ABWASSER.dxf","_dedupKey":"2683816.6,1246596.7|2683821.6,1246597"}},{"type":"Feature","geometry":{"type":"LineString","coordinates":[[8.548139814070367,47.36487280612379],[8.548219929480041,47.36490540854484]]},"properties":{"layer":"LKZ1113-MLU1","infraType":"sewage","geomType":"pipe","source":"order_55297/NIS_ZH_ABWASSER.dxf","_dedupKey":"2683809.1,1246595.4|2683815.1,1246599.1"}},{"type":"Feature","geometry":{"type":"LineString","coordinates":[[8.548864039949407,47.3662154830252],[8.548757531463853,47.36605999074524],[8.548750352264095,47.36604584737053],[8.548757166272216,47.36604245365706]]},"properties":{"layer":"LKZ1113-MLU1","infraType":"sewage","geomType":"pipe","source":"order_55297/NIS_ZH_ABWASSER.dxf","_dedupKey":"2683853.9,1246726.1|2683861.7,1246745.5"}},{"type":"Feature","geometry":{"type":"LineString","coordinates":[[8.549178900237798,47.36516766561718],[8.549108777040088,47.36511904630464]]},"properties":{"layer":"LKZ1113-MLU1","infraType":"sewage","geomType":"pipe","source":"order_55297/NIS_ZH_ABWASSER.dxf","_dedupKey":"2683881.9,1246623.8|2683887.1,1246629.3"}},{"type":"Feature","geometry":{"type":"LineString","coordinates":[[8.548977385351805,47.36506552895737],[8.549020460775488,47.3650995663566],[8.549035863017494,47.365108053643006],[8.549070589271205,47.36513533496074],[8.54907694485171,47.36513536380304],[8.549079098346592,47.36513705218146]]},"properties":{"layer":"LKZ1113-MLU1","infraType":"sewage","geomType":"pipe","source":"order_55297/NIS_ZH_ABWASSER.dxf","_dedupKey":"2683872.1,1246617.7|2683879.6,1246625.8"}},{"type":"Feature","geometry":{"type":"LineString","coordinates":[[8.549201883059432,47.364993477790755],[8.549239317781431,47.364998245057684],[8.549241721024574,47.364999211416794]]},"properties":{"layer":"LKZ1113-MLU1","infraType":"sewage","geomType":"pipe","source":"order_55297/NIS_ZH_ABWASSER.dxf","_dedupKey":"2683889.1,1246610|2683892.1,1246610.6"}},{"type":"Feature","geometry":{"type":"LineString","coordinates":[[8.54694563809503,47.36630685969788],[8.54694930299376,47.36629845901499],[8.546941103418442,47.3662988975087],[8.54689560116315,47.36626911036934],[8.546887028038144,47.36625794866793],[8.546839245616956,47.366226744158894],[8.546772674321746,47.36620246629169],[8.546765561773924,47.3662042436193],[8.54673995574783,47.36619531422505],[8.546716876006148,47.36618690029736],[8.546706418301941,47.36618061405879]]},"properties":{"layer":"LKZ1113-MLU1","infraType":"sewage","geomType":"pipe","source":"order_55297/NIS_ZH_ABWASSER.dxf","_dedupKey":"2683698.8,1246739.3|2683716.7,1246753.6"}},{"type":"Feature","geometry":{"type":"LineString","coordinates":[[8.548410908678626,47.36577988395262],[8.548479235263875,47.36574855380571],[8.548479406389866,47.36574405457167],[8.548482685693699,47.365742583829395]]},"properties":{"layer":"LKZ1111-MLU1","infraType":"sewage","geomType":"pipe","source":"order_55297/NIS_ZH_ABWASSER.dxf","_dedupKey":"2683828.2,1246696.5|2683833.6,1246692.5"}},{"type":"Feature","geometry":{"type":"LineString","coordinates":[[8.549376795541804,47.36481009296572],[8.549383672529224,47.36482244017685],[8.549388206773541,47.364824015700044],[8.549398579533195,47.36481986810326],[8.549400980897364,47.3648207445253]]},"properties":{"layer":"LKZ1113-MLU1","infraType":"sewage","geomType":"pipe","source":"order_55297/NIS_ZH_ABWASSER.dxf","_dedupKey":"2683902.6,1246589.8|2683904.4,1246591"}},{"type":"Feature","geometry":{"type":"LineString","coordinates":[[8.548179824043562,47.36509037496726],[8.548178494740165,47.36509011788292],[8.548085475351224,47.36507365081686],[8.548079006125814,47.36507452252979],[8.548074732893253,47.365072764544394]]},"properties":{"layer":"LKZ1111-MLU1","infraType":"sewage","geomType":"pipe","source":"order_55297/NIS_ZH_ABWASSER.dxf","_dedupKey":"2683803.9,1246617.6|2683811.8,1246619.6"}},{"type":"Feature","geometry":{"type":"LineString","coordinates":[[8.550352864511643,47.36582858081315],[8.55034311204328,47.3657989905902],[8.550338422811969,47.36579633717395],[8.550338338417271,47.36579229015444]]},"properties":{"layer":"LKZ1113-MLU1","infraType":"sewage","geomType":"pipe","source":"order_55297/NIS_ZH_ABWASSER.dxf","_dedupKey":"2683973.7,1246700|2683974.8,1246704"}},{"type":"Feature","geometry":{"type":"LineString","coordinates":[[8.549438357488219,47.36557885878878],[8.549470855088428,47.36559446768716],[8.549508626394273,47.36562171958549]]},"properties":{"layer":"LKZ1113-MLU1","infraType":"sewage","geomType":"pipe","source":"order_55297/NIS_ZH_ABWASSER.dxf","_dedupKey":"2683906.1,1246675.3|2683911.3,1246680.1"}},{"type":"Feature","geometry":{"type":"LineString","coordinates":[[8.548247385349994,47.364945982874325],[8.5482086840348,47.36493124280499],[8.548202606318549,47.364931840908156],[8.548198334965152,47.36493017286108]]},"properties":{"layer":"LKZ1112-MLU1","infraType":"sewage","geomType":"pipe","source":"order_55297/NIS_ZH_ABWASSER.dxf","_dedupKey":"2683813.4,1246601.9|2683817.1,1246603.7"}},{"type":"Feature","geometry":{"type":"LineString","coordinates":[[8.54964457780253,47.364839360133146],[8.549636924584473,47.36482153334256]]},"properties":{"layer":"LKZ1113-MLU1","infraType":"sewage","geomType":"pipe","source":"order_55297/NIS_ZH_ABWASSER.dxf","_dedupKey":"2683922.3,1246591.3|2683922.8,1246593.3"}},{"type":"Feature","geometry":{"type":"LineString","coordinates":[[8.548968526560662,47.36522500874438],[8.548996866663495,47.365187226367944],[8.549011115063024,47.36517845400275]]},"properties":{"layer":"LKZ1113-MLU1","infraType":"sewage","geomType":"pipe","source":"order_55297/NIS_ZH_ABWASSER.dxf","_dedupKey":"2683871.1,1246635.5|2683874.4,1246630.3"}},{"type":"Feature","geometry":{"type":"LineString","coordinates":[[8.54911218353667,47.365905462202996],[8.5491370967091,47.365900185352295],[8.549153666183823,47.36590749202643],[8.549174010783572,47.36593077381727],[8.549178402797253,47.36594458416111],[8.549180673711076,47.365945551794105]]},"properties":{"layer":"LKZ1111-MLU1","infraType":"sewage","geomType":"pipe","source":"order_55297/NIS_ZH_ABWASSER.dxf","_dedupKey":"2683880.9,1246711.3|2683886,1246715.8"}},{"type":"Feature","geometry":{"type":"LineString","coordinates":[[8.547905193862524,47.365330126045244],[8.547877903707723,47.36531023896051]]},"properties":{"layer":"LKZ1112-MLU1","infraType":"sewage","geomType":"pipe","source":"order_55297/NIS_ZH_ABWASSER.dxf","_dedupKey":"2683788.6,1246643.8|2683790.7,1246646"}},{"type":"Feature","geometry":{"type":"LineString","coordinates":[[8.54938992704507,47.365847021167355],[8.549309640433885,47.36583807851788],[8.549297221951461,47.36583936731928],[8.549294550180765,47.365838223640004]]},"properties":{"layer":"LKZ1113-MLU1","infraType":"sewage","geomType":"pipe","source":"order_55297/NIS_ZH_ABWASSER.dxf","_dedupKey":"2683894.8,1246704|2683902,1246705.1"}},{"type":"Feature","geometry":{"type":"LineString","coordinates":[[8.548269491389085,47.3661479761914],[8.548244660913673,47.36616359651212],[8.548241493357807,47.366164076703996],[8.548230418546286,47.3661599553734],[8.548228304346589,47.36616015558931],[8.5482255675991,47.36616225077367]]},"properties":{"layer":"LKZ1113-MLU1","infraType":"sewage","geomType":"pipe","source":"order_55297/NIS_ZH_ABWASSER.dxf","_dedupKey":"2683813.6,1246738.9|2683816.9,1246737.3"}},{"type":"Feature","geometry":{"type":"LineString","coordinates":[[8.547732731441032,47.36583524253761],[8.547731428315737,47.36583624452153],[8.547713403451862,47.365835338197606],[8.547694031027772,47.365839662014494],[8.547685165933865,47.36583992704929]]},"properties":{"layer":"LKZ1113-MLU1","infraType":"sewage","geomType":"pipe","source":"order_55297/NIS_ZH_ABWASSER.dxf","_dedupKey":"2683773.2,1246702.4|2683776.8,1246702"}},{"type":"Feature","geometry":{"type":"LineString","coordinates":[[8.549132855228729,47.3661414768478],[8.549083129716495,47.36609967762745],[8.549071747630425,47.36608080723772],[8.5490687811371,47.36607822715826]]},"properties":{"layer":"LKZ1113-MLU1","infraType":"sewage","geomType":"pipe","source":"order_55297/NIS_ZH_ABWASSER.dxf","_dedupKey":"2683877.4,1246730.4|2683882.1,1246737.5"}},{"type":"Feature","geometry":{"type":"LineString","coordinates":[[8.547623693395634,47.36557704859126],[8.5476183387275,47.36557422155206],[8.547572216418436,47.365578262499014],[8.547552821176026,47.36557512051464],[8.547546791566708,47.365571670290336]]},"properties":{"layer":"LKZ1113-MLU1","infraType":"sewage","geomType":"pipe","source":"order_55297/NIS_ZH_ABWASSER.dxf","_dedupKey":"2683763.2,1246672.5|2683769,1246673.2"}},{"type":"Feature","geometry":{"type":"LineString","coordinates":[[8.549265257128788,47.36489608018945],[8.549266191201284,47.364896431013946],[8.549268036863115,47.36489605345727],[8.549320420633096,47.3648367211841],[8.549367368498544,47.364783377986925],[8.54938940929363,47.36473558148355],[8.549389071479725,47.36473207661114],[8.549390749164898,47.364729991583175]]},"properties":{"layer":"LKZ1111-MLU1","infraType":"sewage","geomType":"pipe","source":"order_55297/NIS_ZH_ABWASSER.dxf","_dedupKey":"2683894.1,1246599.2|2683903.8,1246580.9"}},{"type":"Feature","geometry":{"type":"LineString","coordinates":[[8.549164236123936,47.36501030098978],[8.549185890379103,47.36504562373219],[8.549196439305087,47.36504992993161]]},"properties":{"layer":"LKZ1113-MLU1","infraType":"sewage","geomType":"pipe","source":"order_55297/NIS_ZH_ABWASSER.dxf","_dedupKey":"2683886.3,1246611.8|2683888.6,1246616.2"}},{"type":"Feature","geometry":{"type":"LineString","coordinates":[[8.548166974766493,47.36554169663096],[8.54816736813276,47.36554151294823],[8.548172086656008,47.36553921882171],[8.548172455163304,47.36553147942731],[8.548200372924049,47.3655178983468],[8.548203139059027,47.365510855531404],[8.548208774807796,47.365508102832116]]},"properties":{"layer":"LKZ1114-MLU1","infraType":"sewage","geomType":"pipe","source":"order_55297/NIS_ZH_ABWASSER.dxf","_dedupKey":"2683810.1,1246669.8|2683813.3,1246666.1"}},{"type":"Feature","geometry":{"type":"LineString","coordinates":[[8.54835806786318,47.36572830961457],[8.548363675545417,47.36572420790087],[8.548374306034217,47.36570062833651],[8.548372128973838,47.365685087595956],[8.548373633171977,47.36568102531164],[8.548381370005028,47.36567744284884]]},"properties":{"layer":"LKZ1114-MLU1","infraType":"sewage","geomType":"pipe","source":"order_55297/NIS_ZH_ABWASSER.dxf","_dedupKey":"2683824.2,1246690.8|2683826.1,1246685.1"}},{"type":"Feature","geometry":{"type":"LineString","coordinates":[[8.54766328207361,47.36509983400334],[8.547667230222839,47.36509233009069],[8.54771739612268,47.36506630203065],[8.547722099655253,47.36506328845157]]},"properties":{"layer":"LKZ1111-MLU1","infraType":"sewage","geomType":"pipe","source":"order_55297/NIS_ZH_ABWASSER.dxf","_dedupKey":"2683772.8,1246620.1|2683777.3,1246616.1"}},{"type":"Feature","geometry":{"type":"LineString","coordinates":[[8.549682540839227,47.36533957684297],[8.549742602625502,47.3653691328732],[8.549748325932965,47.36538329019776],[8.549751271801748,47.365384880988614]]},"properties":{"layer":"LKZ1113-MLU1","infraType":"sewage","geomType":"pipe","source":"order_55297/NIS_ZH_ABWASSER.dxf","_dedupKey":"2683924.9,1246649|2683930,1246654.1"}},{"type":"Feature","geometry":{"type":"LineString","coordinates":[[8.548065316659818,47.36503381591802],[8.548089207687429,47.36504941792686],[8.54809361328731,47.365051174640136]]},"properties":{"layer":"LKZ1113-MLU1","infraType":"sewage","geomType":"pipe","source":"order_55297/NIS_ZH_ABWASSER.dxf","_dedupKey":"2683803.2,1246613.2|2683805.3,1246615.2"}},{"type":"Feature","geometry":{"type":"LineString","coordinates":[[8.549114260651766,47.364695860197244],[8.549122408742338,47.36468660676209],[8.549117437434994,47.36467675986275],[8.549138630518325,47.36463274953569],[8.549137906858869,47.36462978808375],[8.549139720665034,47.364627881654194]]},"properties":{"layer":"LKZ1113-MLU1","infraType":"sewage","geomType":"pipe","source":"order_55297/NIS_ZH_ABWASSER.dxf","_dedupKey":"2683883,1246576.8|2683885,1246569.3"}},{"type":"Feature","geometry":{"type":"LineString","coordinates":[[8.54845571177909,47.36484755274821],[8.548398297338212,47.36482426724393],[8.548327813530497,47.364796429797295],[8.54831857584503,47.36479786783623],[8.548314304498735,47.36479619979339]]},"properties":{"layer":"LKZ1113-MLU1","infraType":"sewage","geomType":"pipe","source":"order_55297/NIS_ZH_ABWASSER.dxf","_dedupKey":"2683822.4,1246587.1|2683833,1246592.9"}},{"type":"Feature","geometry":{"type":"LineString","coordinates":[[8.550670787964698,47.36586213041855],[8.550578181120944,47.365763985117475],[8.550558852350807,47.3657576946823],[8.550554033429203,47.36576151905469],[8.550554874546782,47.36576375975216]]},"properties":{"layer":"LKZ1113-MLU1","infraType":"sewage","geomType":"pipe","source":"order_55297/NIS_ZH_ABWASSER.dxf","_dedupKey":"2683990.1,1246697|2683998.7,1246708.1"}},{"type":"Feature","geometry":{"type":"LineString","coordinates":[[8.55005589053587,47.36592984640195],[8.550051411302634,47.36593726555609],[8.550025715227646,47.36594308984968],[8.550010595694786,47.365948182696556],[8.55000020588924,47.365951520943035],[8.5499883731263,47.365955502736625],[8.549968393358329,47.36596244138337],[8.549951564240923,47.36596809038399],[8.549933031170262,47.36597456534453],[8.549919885935854,47.365979099470934],[8.549908454023175,47.36598325730274],[8.54989268011147,47.365988716237624],[8.549873623166386,47.365995466084584],[8.549849575484123,47.36600415293553],[8.549830259409704,47.36601117512391],[8.54981120807234,47.366018194761814],[8.549791368126956,47.36602549183927],[8.549772057660599,47.366032783819094],[8.54974604874569,47.36604265889052],[8.54973212424704,47.36604792010664],[8.54971347187151,47.36605502584164],[8.549689439131052,47.36606443212929],[8.549667115962066,47.366073282254796],[8.549643346073395,47.36608259605215],[8.549623521074961,47.36609061257076],[8.549607370604795,47.36609706455805],[8.549579014553691,47.36610867125356],[8.549558799918422,47.366117051316046],[8.549542000694412,47.36612413919701],[8.549520080212218,47.3661332552754],[8.549500792158083,47.366141626414894],[8.54948688260144,47.36614760707147],[8.5494745446328,47.36615276304405],[8.549452372502081,47.366162511192286],[8.549428886018138,47.366172721736596],[8.54940514415158,47.366183384491165],[8.549376415255649,47.36619616409496],[8.549356610786525,47.36620516983894],[8.549338776894196,47.36621343701369],[8.549306384656527,47.366228320721845],[8.549284753192179,47.366238603348265],[8.549266788779494,47.366246961718595],[8.549258662302808,47.36625090779406],[8.549179264435594,47.36629736680415],[8.549032717052231,47.36636812870657],[8.549021635271867,47.366370034287655],[8.548942081571415,47.36638995885218],[8.548840190808884,47.366354507886285],[8.54877128400322,47.36628806622855],[8.548729266561644,47.36629215812662]]},"properties":{"layer":"LKZ1111-MLU1","infraType":"sewage","geomType":"pipe","source":"order_55297/NIS_ZH_ABWASSER.dxf","_dedupKey":"2683851.4,1246753.8|2683952.2,1246715"}},{"type":"Feature","geometry":{"type":"LineString","coordinates":[[8.548564004010467,47.366386126969374],[8.548577950608212,47.366375558529505],[8.548576947232382,47.36637188014972],[8.548572524655041,47.3663693140516]]},"properties":{"layer":"LKZ1111-MLU1","infraType":"sewage","geomType":"pipe","source":"order_55297/NIS_ZH_ABWASSER.dxf","_dedupKey":"2683838.8,1246764.1|2683839.4,1246762.2"}},{"type":"Feature","geometry":{"type":"LineString","coordinates":[[8.548397199088102,47.366437833055826],[8.548498811055294,47.36635814882038],[8.5485059404171,47.366357180790025]]},"properties":{"layer":"LKZ1111-MLU1","infraType":"sewage","geomType":"pipe","source":"order_55297/NIS_ZH_ABWASSER.dxf","_dedupKey":"2683826.1,1246769.7|2683834.4,1246760.8"}},{"type":"Feature","geometry":{"type":"LineString","coordinates":[[8.547542055102037,47.36579587559841],[8.547567291624171,47.36577431471136],[8.547566267751133,47.3657696470502]]},"properties":{"layer":"LKZ1113-MLU1","infraType":"sewage","geomType":"pipe","source":"order_55297/NIS_ZH_ABWASSER.dxf","_dedupKey":"2683762.5,1246697.4|2683764.4,1246694.5"}},{"type":"Feature","geometry":{"type":"LineString","coordinates":[[8.548729024053923,47.366089768946125],[8.54877368696731,47.36606649188665],[8.548778106536613,47.366037125121515],[8.54877994475017,47.366036387837596],[8.548783087946912,47.366034738491784]]},"properties":{"layer":"LKZ1111-MLU1","infraType":"sewage","geomType":"pipe","source":"order_55297/NIS_ZH_ABWASSER.dxf","_dedupKey":"2683851.7,1246731.3|2683855.9,1246725.3"}},{"type":"Feature","geometry":{"type":"LineString","coordinates":[[8.546984970520882,47.364587953578706],[8.546973468733942,47.36457601042086],[8.546975897710574,47.36457184932723]]},"properties":{"layer":"LKZ1111-MLU1","infraType":"sewage","geomType":"pipe","source":"order_55297/NIS_ZH_ABWASSER.dxf","_dedupKey":"2683721.7,1246560.7|2683722.3,1246562.5"}},{"type":"Feature","geometry":{"type":"LineString","coordinates":[[8.548638128671849,47.365812961421405],[8.548568491497878,47.36584493391995],[8.548561302287704,47.36584302407287],[8.548554743671833,47.36584596556167]]},"properties":{"layer":"LKZ1113-MLU1","infraType":"sewage","geomType":"pipe","source":"order_55297/NIS_ZH_ABWASSER.dxf","_dedupKey":"2683838.9,1246704|2683845.3,1246700.5"}},{"type":"Feature","geometry":{"type":"LineString","coordinates":[[8.547948084172102,47.365291664469794],[8.547959687758183,47.3652893941701],[8.547957948743317,47.3652948979335]]},"properties":{"layer":"LKZ1113-MLU1","infraType":"sewage","geomType":"pipe","source":"order_55297/NIS_ZH_ABWASSER.dxf","_dedupKey":"2683794,1246641.8|2683794.7,1246642.1"}},{"type":"Feature","geometry":{"type":"LineString","coordinates":[[8.547157095887338,47.36474776502648],[8.547201063735391,47.36467834996088],[8.547205901500842,47.36467542506576]]},"properties":{"layer":"LKZ1111-MLU1","infraType":"sewage","geomType":"pipe","source":"order_55297/NIS_ZH_ABWASSER.dxf","_dedupKey":"2683735.1,1246580.5|2683738.9,1246572.5"}},{"type":"Feature","geometry":{"type":"LineString","coordinates":[[8.548306238527298,47.36617056082433],[8.548304409662647,47.366171747769634],[8.548263580413414,47.36618203475491],[8.548260974165768,47.36618403873445]]},"properties":{"layer":"LKZ1111-MLU1","infraType":"sewage","geomType":"pipe","source":"order_55297/NIS_ZH_ABWASSER.dxf","_dedupKey":"2683816.2,1246741.3|2683819.6,1246739.9"}},{"type":"Feature","geometry":{"type":"LineString","coordinates":[[8.54809512373278,47.36604620683226],[8.548086782991959,47.3660525835812],[8.548075843487048,47.36606132404016],[8.548064836087617,47.36606044031023],[8.548061707839945,47.366062809106886]]},"properties":{"layer":"LKZ1113-MLU1","infraType":"sewage","geomType":"pipe","source":"order_55297/NIS_ZH_ABWASSER.dxf","_dedupKey":"2683801.3,1246727.6|2683803.9,1246725.8"}},{"type":"Feature","geometry":{"type":"LineString","coordinates":[[8.547885675097861,47.365925524478705],[8.547853197935455,47.36592997418778],[8.54783703558653,47.36592949975343]]},"properties":{"layer":"LKZ1111-MLU1","infraType":"sewage","geomType":"pipe","source":"order_55297/NIS_ZH_ABWASSER.dxf","_dedupKey":"2683784.6,1246712.6|2683788.3,1246712.2"}},{"type":"Feature","geometry":{"type":"LineString","coordinates":[[8.547692483187513,47.36494429678165],[8.547655537420177,47.364943931957406]]},"properties":{"layer":"LKZ1111-MLU1","infraType":"sewage","geomType":"pipe","source":"order_55297/NIS_ZH_ABWASSER.dxf","_dedupKey":"2683772.4,1246602.8|2683775.2,1246602.9"}},{"type":"Feature","geometry":{"type":"LineString","coordinates":[[8.54974165675887,47.36546350143273],[8.549693658080114,47.365441025495876]]},"properties":{"layer":"LKZ1111-MLU1","infraType":"sewage","geomType":"pipe","source":"order_55297/NIS_ZH_ABWASSER.dxf","_dedupKey":"2683925.6,1246660.2|2683929.2,1246662.8"}},{"type":"Feature","geometry":{"type":"LineString","coordinates":[[8.549824354231557,47.36579138972053],[8.549787201211744,47.36587639183453],[8.54978940537097,47.36588050841117]]},"properties":{"layer":"LKZ1113-MLU1","infraType":"sewage","geomType":"pipe","source":"order_55297/NIS_ZH_ABWASSER.dxf","_dedupKey":"2683932.1,1246709.2|2683934.9,1246699.3"}},{"type":"Feature","geometry":{"type":"LineString","coordinates":[[8.550007045773445,47.36580330448836],[8.550003045765955,47.36582736011485],[8.55000419284985,47.365831576811665]]},"properties":{"layer":"LKZ1112-MLU1","infraType":"sewage","geomType":"pipe","source":"order_55297/NIS_ZH_ABWASSER.dxf","_dedupKey":"2683948.4,1246704|2683948.7,1246700.9"}},{"type":"Feature","geometry":{"type":"LineString","coordinates":[[8.547730479925928,47.36549155840397],[8.547728602425204,47.3654904070611],[8.547676442171905,47.365477864954805],[8.547670408823752,47.36547423486926]]},"properties":{"layer":"LKZ1113-MLU1","infraType":"sewage","geomType":"pipe","source":"order_55297/NIS_ZH_ABWASSER.dxf","_dedupKey":"2683772.7,1246661.8|2683777.2,1246663.8"}},{"type":"Feature","geometry":{"type":"LineString","coordinates":[[8.547823026426792,47.365262551866294],[8.547827298279604,47.365270606499735],[8.547879690893586,47.36530068690503],[8.547885718622508,47.36530404717841]]},"properties":{"layer":"LKZ1113-MLU1","infraType":"sewage","geomType":"pipe","source":"order_55297/NIS_ZH_ABWASSER.dxf","_dedupKey":"2683784.6,1246638.4|2683789.2,1246643.1"}},{"type":"Feature","geometry":{"type":"LineString","coordinates":[[8.547616574138646,47.365432114678164],[8.547677314036786,47.365468861403826]]},"properties":{"layer":"LKZ1113-MLU1","infraType":"sewage","geomType":"pipe","source":"order_55297/NIS_ZH_ABWASSER.dxf","_dedupKey":"2683768.7,1246657|2683773.2,1246661.2"}},{"type":"Feature","geometry":{"type":"LineString","coordinates":[[8.549175651366273,47.36583792778572],[8.549236041222978,47.36586415270658],[8.549242988291008,47.36588621404354],[8.549245794307362,47.36588744638486]]},"properties":{"layer":"LKZ1113-MLU1","infraType":"sewage","geomType":"pipe","source":"order_55297/NIS_ZH_ABWASSER.dxf","_dedupKey":"2683885.8,1246703.8|2683891,1246709.4"}},{"type":"Feature","geometry":{"type":"LineString","coordinates":[[8.549247927792331,47.365875462278915],[8.549245016945125,47.36588826342648]]},"properties":{"layer":"LKZ1113-MLU1","infraType":"sewage","geomType":"pipe","source":"order_55297/NIS_ZH_ABWASSER.dxf","_dedupKey":"2683891,1246709.5|2683891.2,1246708.1"}},{"type":"Feature","geometry":{"type":"LineString","coordinates":[[8.549322335404003,47.36571661144627],[8.549368073973438,47.36575134271877],[8.549369284714636,47.36575861717068],[8.549371956482942,47.365759760848235]]},"properties":{"layer":"LKZ1113-MLU1","infraType":"sewage","geomType":"pipe","source":"order_55297/NIS_ZH_ABWASSER.dxf","_dedupKey":"2683897.1,1246690.5|2683900.8,1246695.3"}},{"type":"Feature","geometry":{"type":"LineString","coordinates":[[8.549368461716732,47.36583985156475],[8.54931847796075,47.3658237811422],[8.549312006790737,47.365824562990234],[8.549309198902458,47.365823240716736]]},"properties":{"layer":"LKZ1113-MLU1","infraType":"sewage","geomType":"pipe","source":"order_55297/NIS_ZH_ABWASSER.dxf","_dedupKey":"2683895.9,1246702.3|2683900.4,1246704.2"}},{"type":"Feature","geometry":{"type":"LineString","coordinates":[[8.549443690341592,47.36579667077553],[8.549441978216159,47.36579075042393],[8.549374939167448,47.36575676375248]]},"properties":{"layer":"LKZ1112-MLU1","infraType":"sewage","geomType":"pipe","source":"order_55297/NIS_ZH_ABWASSER.dxf","_dedupKey":"2683901,1246695|2683906.1,1246699.5"}},{"type":"Feature","geometry":{"type":"LineString","coordinates":[[8.548826923371251,47.36524696901881],[8.548985902514383,47.365169341418444],[8.548986165379228,47.36516924893937],[8.548986428244067,47.36516915646028],[8.548986691108906,47.36516906398123],[8.548987352953839,47.36516905761801],[8.549026341862131,47.36516580430065],[8.549028896209999,47.36516766872952]]},"properties":{"layer":"LKZ1113-MLU1","infraType":"sewage","geomType":"pipe","source":"order_55297/NIS_ZH_ABWASSER.dxf","_dedupKey":"2683860.4,1246637.7|2683875.8,1246629.1"}},{"type":"Feature","geometry":{"type":"LineString","coordinates":[[8.549333945885778,47.365028368401966],[8.549251513769045,47.36499264071239],[8.549248577304727,47.36499149957758]]},"properties":{"layer":"LKZ1113-MLU1","infraType":"sewage","geomType":"pipe","source":"order_55297/NIS_ZH_ABWASSER.dxf","_dedupKey":"2683892.7,1246609.8|2683899.1,1246614"}},{"type":"Feature","geometry":{"type":"LineString","coordinates":[[8.548446313352175,47.365057500642116],[8.54844747658738,47.36505614018669],[8.548452896409659,47.36503665851294],[8.548452575505502,47.36503396304241],[8.548196018375105,47.36493973000953],[8.54819174514949,47.36493797202841]]},"properties":{"layer":"LKZ1113-MLU1","infraType":"sewage","geomType":"pipe","source":"order_55297/NIS_ZH_ABWASSER.dxf","_dedupKey":"2683812.9,1246602.7|2683832,1246616.3"}},{"type":"Feature","geometry":{"type":"LineString","coordinates":[[8.549278325285506,47.36499589099314],[8.549258616048121,47.36498402698866],[8.549256212805352,47.364983060629875]]},"properties":{"layer":"LKZ1113-MLU1","infraType":"sewage","geomType":"pipe","source":"order_55297/NIS_ZH_ABWASSER.dxf","_dedupKey":"2683893.3,1246608.9|2683894.9,1246610.3"}},{"type":"Feature","geometry":{"type":"LineString","coordinates":[[8.54988142800592,47.365429863929364],[8.549768301763487,47.3653761717204],[8.549762104765659,47.36537740071565],[8.549759578498758,47.36537688530997]]},"properties":{"layer":"LKZ1113-MLU1","infraType":"sewage","geomType":"pipe","source":"order_55297/NIS_ZH_ABWASSER.dxf","_dedupKey":"2683930.7,1246653.2|2683939.8,1246659.2"}},{"type":"Feature","geometry":{"type":"LineString","coordinates":[[8.547615722897945,47.36505387557216],[8.547707115773637,47.36501126030402],[8.547714569107209,47.36500678108925]]},"properties":{"layer":"LKZ1113-MLU1","infraType":"sewage","geomType":"pipe","source":"order_55297/NIS_ZH_ABWASSER.dxf","_dedupKey":"2683769.2,1246615|2683776.8,1246609.9"}},{"type":"Feature","geometry":{"type":"LineString","coordinates":[[8.546960843382776,47.36604477427034],[8.546959120687292,47.36604470085063],[8.546956204781177,47.36604454892987],[8.546953540529374,47.36604376493173],[8.546941035935264,47.36604091652403],[8.546936779490053,47.36603996790137],[8.546926107527888,47.366036112436035],[8.546914234878312,47.366031818733],[8.546904312274874,47.36602579723254]]},"properties":{"layer":"LKZ1111-MLU1","infraType":"sewage","geomType":"pipe","source":"order_55297/NIS_ZH_ABWASSER.dxf","_dedupKey":"2683714,1246722.3|2683718.2,1246724.4"}},{"type":"Feature","geometry":{"type":"LineString","coordinates":[[8.549555648657437,47.36564816287091],[8.549509997632335,47.36563034176972],[8.549503263622407,47.36563121610881],[8.549500455739576,47.36562989383989]]},"properties":{"layer":"LKZ1113-MLU1","infraType":"sewage","geomType":"pipe","source":"order_55297/NIS_ZH_ABWASSER.dxf","_dedupKey":"2683910.7,1246681|2683914.8,1246683.1"}},{"type":"Feature","geometry":{"type":"LineString","coordinates":[[8.55035050714455,47.36456639934134],[8.550327275429293,47.36444275926995],[8.5503292196783,47.36444076161356]]},"properties":{"layer":"LKZ1113-MLU1","infraType":"sewage","geomType":"pipe","source":"order_55297/NIS_ZH_ABWASSER.dxf","_dedupKey":"2683975.2,1246549.7|2683976.6,1246563.7"}},{"type":"Feature","geometry":{"type":"LineString","coordinates":[[8.547164699651614,47.36614491300743],[8.547215173311608,47.36610179139737],[8.547214609751999,47.366093791100106],[8.547217607538022,47.36609151353086]]},"properties":{"layer":"LKZ1113-MLU1","infraType":"sewage","geomType":"pipe","source":"order_55297/NIS_ZH_ABWASSER.dxf","_dedupKey":"2683733.5,1246735.8|2683737.5,1246729.9"}},{"type":"Feature","geometry":{"type":"LineString","coordinates":[[8.54943999775404,47.36490780243416],[8.549355054503703,47.36487227887487]]},"properties":{"layer":"LKZ1113-MLU1","infraType":"sewage","geomType":"pipe","source":"order_55297/NIS_ZH_ABWASSER.dxf","_dedupKey":"2683900.9,1246596.7|2683907.3,1246600.7"}},{"type":"Feature","geometry":{"type":"LineString","coordinates":[[8.550361065747966,47.36499653738785],[8.550307278959478,47.364963143297736],[8.55019674678846,47.36495764072302],[8.55019341695086,47.36495668330196]]},"properties":{"layer":"LKZ1113-MLU1","infraType":"sewage","geomType":"pipe","source":"order_55297/NIS_ZH_ABWASSER.dxf","_dedupKey":"2683964.1,1246606.9|2683976.7,1246611.5"}},{"type":"Feature","geometry":{"type":"LineString","coordinates":[[8.548349170564112,47.36565706333673],[8.548345273793785,47.36565431227411],[8.548334417019378,47.365647940063994],[8.548334133558507,47.36564704326973],[8.548339640688841,47.36564447170369],[8.548345147818647,47.36564190013734]]},"properties":{"layer":"LKZ1113-MLU1","infraType":"sewage","geomType":"pipe","source":"order_55297/NIS_ZH_ABWASSER.dxf","_dedupKey":"2683823.4,1246681.1|2683823.7,1246682.8"}},{"type":"Feature","geometry":{"type":"LineString","coordinates":[[8.549245410645925,47.36609146074921],[8.549228398937917,47.36606292971721],[8.549205678503478,47.36605271379261],[8.549195381582306,47.3660350923046]]},"properties":{"layer":"LKZ1113-MLU1","infraType":"sewage","geomType":"pipe","source":"order_55297/NIS_ZH_ABWASSER.dxf","_dedupKey":"2683887,1246725.8|2683890.7,1246732.1"}},{"type":"Feature","geometry":{"type":"LineString","coordinates":[[8.548476954512028,47.36464054937802],[8.548428085535683,47.36467160261792],[8.548423413348477,47.364669758527405]]},"properties":{"layer":"LKZ1113-MLU0","infraType":"sewage","geomType":"pipe","source":"order_55297/NIS_ZH_ABWASSER.dxf","_dedupKey":"2683830.8,1246573.1|2683834.9,1246570"}},{"type":"Feature","geometry":{"type":"LineString","coordinates":[[8.548361921052528,47.36461592857343],[8.548367594139798,47.36461497454225],[8.548372935646716,47.36461717201072],[8.548374472190112,47.36462102517415],[8.548441512357542,47.36464880573235]]},"properties":{"layer":"LKZ1113-MLU1","infraType":"sewage","geomType":"pipe","source":"order_55297/NIS_ZH_ABWASSER.dxf","_dedupKey":"2683826.3,1246567.1|2683832.2,1246570.8"}},{"type":"Feature","geometry":{"type":"LineString","coordinates":[[8.548372568811716,47.36475219321462],[8.548365772566731,47.36474371309762],[8.54836110037536,47.36474186900464]]},"properties":{"layer":"LKZ1113-MLU1","infraType":"sewage","geomType":"pipe","source":"order_55297/NIS_ZH_ABWASSER.dxf","_dedupKey":"2683826,1246581.1|2683826.9,1246582.3"}},{"type":"Feature","geometry":{"type":"LineString","coordinates":[[8.548254361272864,47.36474046591132],[8.548328911480802,47.364772851872004],[8.548333050457652,47.3647745211862]]},"properties":{"layer":"LKZ1113-MLU1","infraType":"sewage","geomType":"pipe","source":"order_55297/NIS_ZH_ABWASSER.dxf","_dedupKey":"2683818,1246580.8|2683823.9,1246584.7"}},{"type":"Feature","geometry":{"type":"LineString","coordinates":[[8.547708297696559,47.36490897375719],[8.547644183203877,47.36493909364059],[8.547644947943432,47.36494403364598],[8.547637494612783,47.36494851285634]]},"properties":{"layer":"LKZ1114-MLU1","infraType":"sewage","geomType":"pipe","source":"order_55297/NIS_ZH_ABWASSER.dxf","_dedupKey":"2683771,1246603.3|2683776.5,1246599"}},{"type":"Feature","geometry":{"type":"LineString","coordinates":[[8.550200119663295,47.36581152096813],[8.55018383996032,47.36581176760662],[8.550182834609057,47.36580799930641]]},"properties":{"layer":"LKZ1113-MLU1","infraType":"sewage","geomType":"pipe","source":"order_55297/NIS_ZH_ABWASSER.dxf","_dedupKey":"2683961.9,1246701.6|2683963.2,1246702"}},{"type":"Feature","geometry":{"type":"LineString","coordinates":[[8.549835196696025,47.36586693487214],[8.549822766972174,47.36586768412748],[8.54982557862469,47.36586918625604],[8.549826814950888,47.36587133320416]]},"properties":{"layer":"LKZ1113-MLU1","infraType":"sewage","geomType":"pipe","source":"order_55297/NIS_ZH_ABWASSER.dxf","_dedupKey":"2683935,1246708.2|2683935.6,1246707.7"}},{"type":"Feature","geometry":{"type":"LineString","coordinates":[[8.549770433359138,47.365929444822086],[8.549730746205407,47.36591192623547],[8.549738925526464,47.36589781506293],[8.549736449131178,47.36589334129722]]},"properties":{"layer":"LKZ1113-MLU1","infraType":"sewage","geomType":"pipe","source":"order_55297/NIS_ZH_ABWASSER.dxf","_dedupKey":"2683928.1,1246710.6|2683930.6,1246714.6"}},{"type":"Feature","geometry":{"type":"LineString","coordinates":[[8.549439426096441,47.36598597038222],[8.549425869910648,47.36598349216411],[8.549424633598,47.36598134521176],[8.549426048453046,47.365979352664084],[8.549437502889623,47.36597627408538],[8.5494385262529,47.365974555158395],[8.549436601850196,47.365971155499054]]},"properties":{"layer":"LKZ1113-MLU1","infraType":"sewage","geomType":"pipe","source":"order_55297/NIS_ZH_ABWASSER.dxf","_dedupKey":"2683905.3,1246718.9|2683905.5,1246720.6"}},{"type":"Feature","geometry":{"type":"LineString","coordinates":[[8.549384483151083,47.365954296072225],[8.549391352262875,47.36597896675226],[8.549393414655517,47.36598263494056]]},"properties":{"layer":"LKZ1113-MLU1","infraType":"sewage","geomType":"pipe","source":"order_55297/NIS_ZH_ABWASSER.dxf","_dedupKey":"2683901.4,1246717|2683902,1246720.1"}},{"type":"Feature","geometry":{"type":"LineString","coordinates":[[8.550119181923291,47.36498393357016],[8.550147871436542,47.36500740473875],[8.550141635113738,47.36500674514487]]},"properties":{"layer":"LKZ1113-MLU1","infraType":"sewage","geomType":"pipe","source":"order_55297/NIS_ZH_ABWASSER.dxf","_dedupKey":"2683958.4,1246609.9|2683960.1,1246612.4"}},{"type":"Feature","geometry":{"type":"LineString","coordinates":[[8.546761701905773,47.3662605904498],[8.546781920847918,47.366220547824945],[8.546736713755434,47.36619858359391],[8.546713225682122,47.36618963387276],[8.546702769847132,47.36618343756769]]},"properties":{"layer":"LKZ1113-MLU1","infraType":"sewage","geomType":"pipe","source":"order_55297/NIS_ZH_ABWASSER.dxf","_dedupKey":"2683698.5,1246739.6|2683702.8,1246748.2"}},{"type":"Feature","geometry":{"type":"LineString","coordinates":[[8.549859750124973,47.36455502107431],[8.54990091109905,47.36457342495132],[8.549901029202385,47.3645790907812],[8.549905841298944,47.36458129327345]]},"properties":{"layer":"LKZ1113-MLU1","infraType":"sewage","geomType":"pipe","source":"order_55297/NIS_ZH_ABWASSER.dxf","_dedupKey":"2683939.5,1246561.9|2683943,1246564.9"}},{"type":"Feature","geometry":{"type":"LineString","coordinates":[[8.548184561586083,47.36502538424876],[8.548170317655366,47.365021653167496],[8.548160904508055,47.36502102398746],[8.548137949932604,47.36501224933397],[8.548133704778408,47.3650118403581],[8.548129166811847,47.36501008491801]]},"properties":{"layer":"LKZ1113-MLU1","infraType":"sewage","geomType":"pipe","source":"order_55297/NIS_ZH_ABWASSER.dxf","_dedupKey":"2683808.1,1246610.7|2683812.2,1246612.4"}},{"type":"Feature","geometry":{"type":"LineString","coordinates":[[8.547571367589978,47.36638396865265],[8.547632961799067,47.36633444346026]]},"properties":{"layer":"LKZ1113-MLU1","infraType":"sewage","geomType":"pipe","source":"order_55297/NIS_ZH_ABWASSER.dxf","_dedupKey":"2683763.8,1246762.8|2683768.5,1246757.4"}},{"type":"Feature","geometry":{"type":"LineString","coordinates":[[8.548025527292959,47.36500496380661],[8.548051774893016,47.36497475771733],[8.548056126210373,47.364973906351075],[8.54812642585582,47.36500561365988],[8.548131234174175,47.36500763635824]]},"properties":{"layer":"LKZ1113-MLU1","infraType":"sewage","geomType":"pipe","source":"order_55297/NIS_ZH_ABWASSER.dxf","_dedupKey":"2683800.3,1246610|2683808.2,1246610.4"}},{"type":"Feature","geometry":{"type":"LineString","coordinates":[[8.54804940333918,47.3651598113568],[8.548017204845427,47.365145818321764],[8.548012931609179,47.36514406033409]]},"properties":{"layer":"LKZ1113-MLU1","infraType":"sewage","geomType":"pipe","source":"order_55297/NIS_ZH_ABWASSER.dxf","_dedupKey":"2683799.1,1246625.4|2683801.8,1246627.2"}},{"type":"Feature","geometry":{"type":"LineString","coordinates":[[8.548468842831806,47.36449256663067],[8.548528250347728,47.36454164911842],[8.548532654047747,47.36454331588136]]},"properties":{"layer":"LKZ1113-MLU1","infraType":"sewage","geomType":"pipe","source":"order_55297/NIS_ZH_ABWASSER.dxf","_dedupKey":"2683834.6,1246553.5|2683839.3,1246559.2"}},{"type":"Feature","geometry":{"type":"LineString","coordinates":[[8.547658691620327,47.3652992112572],[8.547752019106023,47.365368657314235],[8.547759784477973,47.36537281047258]]},"properties":{"layer":"LKZ1113-MLU1","infraType":"sewage","geomType":"pipe","source":"order_55297/NIS_ZH_ABWASSER.dxf","_dedupKey":"2683772.1,1246642.3|2683779.6,1246650.6"}},{"type":"Feature","geometry":{"type":"LineString","coordinates":[[8.548157786210469,47.36534829859772],[8.54809639131092,47.36537551414088],[8.548090237322027,47.36537881152411],[8.548088009499521,47.36537991234725],[8.548081189918674,47.36538303622041]]},"properties":{"layer":"LKZ1114-MLU1","infraType":"sewage","geomType":"pipe","source":"order_55297/NIS_ZH_ABWASSER.dxf","_dedupKey":"2683803.9,1246652.1|2683809.7,1246648.3"}},{"type":"Feature","geometry":{"type":"LineString","coordinates":[[8.547334522196957,47.3662446584973],[8.547393242132646,47.36620334663409],[8.54739326975735,47.36619830907024],[8.547396133299559,47.366195942833464]]},"properties":{"layer":"LKZ1113-MLU1","infraType":"sewage","geomType":"pipe","source":"order_55297/NIS_ZH_ABWASSER.dxf","_dedupKey":"2683746.1,1246747.1|2683750.9,1246741.7"}},{"type":"Feature","geometry":{"type":"LineString","coordinates":[[8.54755629275089,47.36499732684304],[8.547599397228216,47.36498189099697],[8.54759917693279,47.364977665377836],[8.547604012832764,47.36497465053244]]},"properties":{"layer":"LKZ1111-MLU1","infraType":"sewage","geomType":"pipe","source":"order_55297/NIS_ZH_ABWASSER.dxf","_dedupKey":"2683764.8,1246608.6|2683768.5,1246606.2"}},{"type":"Feature","geometry":{"type":"LineString","coordinates":[[8.549594374663895,47.36483813399648],[8.54958824053702,47.36481696437175],[8.549591603393564,47.364813154045244]]},"properties":{"layer":"LKZ1113-MLU1","infraType":"sewage","geomType":"pipe","source":"order_55297/NIS_ZH_ABWASSER.dxf","_dedupKey":"2683918.9,1246590.3|2683919,1246593.1"}},{"type":"Feature","geometry":{"type":"LineString","coordinates":[[8.548561056249302,47.36638444621493],[8.548573955106143,47.36637442755544],[8.548572524655041,47.3663693140516]]},"properties":{"layer":"LKZ1113-MLU1","infraType":"sewage","geomType":"pipe","source":"order_55297/NIS_ZH_ABWASSER.dxf","_dedupKey":"2683838.5,1246763.9|2683839.4,1246762.2"}},{"type":"Feature","geometry":{"type":"LineString","coordinates":[[8.548959647679306,47.364506289092304],[8.548954476607374,47.36451227562897],[8.548914971171241,47.364528846764],[8.548901723193666,47.36452843441611],[8.548900043622737,47.36453042950329]]},"properties":{"layer":"LKZ1113-MLU1","infraType":"sewage","geomType":"pipe","source":"order_55297/NIS_ZH_ABWASSER.dxf","_dedupKey":"2683867.1,1246558.2|2683871.6,1246555.5"}},{"type":"Feature","geometry":{"type":"LineString","coordinates":[[8.549870703193363,47.36457236634127],[8.549900276972819,47.364587463541035]]},"properties":{"layer":"LKZ1112-MLU1","infraType":"sewage","geomType":"pipe","source":"order_55297/NIS_ZH_ABWASSER.dxf","_dedupKey":"2683940.3,1246563.9|2683942.5,1246565.6"}},{"type":"Feature","geometry":{"type":"LineString","coordinates":[[8.549811805592688,47.36528463196125],[8.549822957497817,47.365311510210454],[8.549825496884113,47.36531265515127]]},"properties":{"layer":"LKZ1113-MLU1","infraType":"sewage","geomType":"pipe","source":"order_55297/NIS_ZH_ABWASSER.dxf","_dedupKey":"2683934.7,1246643|2683935.7,1246646.1"}},{"type":"Feature","geometry":{"type":"LineString","coordinates":[[8.550476348871062,47.36479816318389],[8.550470303354006,47.36478760706765],[8.5504270102054,47.364762207673444],[8.550421987725814,47.36476261583158],[8.550419053124644,47.36476156466034]]},"properties":{"layer":"LKZ1113-MLU1","infraType":"sewage","geomType":"pipe","source":"order_55297/NIS_ZH_ABWASSER.dxf","_dedupKey":"2683981.4,1246585.5|2683985.7,1246589.6"}},{"type":"Feature","geometry":{"type":"LineString","coordinates":[[8.54863673627479,47.366000434332534],[8.548667465789057,47.36598835529833],[8.548675029077952,47.36598279554509],[8.548676588854223,47.36597504469955],[8.548684060967618,47.36597146476137]]},"properties":{"layer":"LKZ1113-MLU1","infraType":"sewage","geomType":"pipe","source":"order_55297/NIS_ZH_ABWASSER.dxf","_dedupKey":"2683844.9,1246721.3|2683848.5,1246718.1"}},{"type":"Feature","geometry":{"type":"LineString","coordinates":[[8.550578914592377,47.364834325820055],[8.550444343980615,47.36475538436486],[8.550429471884277,47.36475327874203]]},"properties":{"layer":"LKZ1113-MLU1","infraType":"sewage","geomType":"pipe","source":"order_55297/NIS_ZH_ABWASSER.dxf","_dedupKey":"2683982.2,1246584.6|2683993.4,1246593.7"}},{"type":"Feature","geometry":{"type":"LineString","coordinates":[[8.54851665766223,47.36481152603917],[8.548448412832975,47.36478312743742],[8.548335250714873,47.36477845792434],[8.548330981241635,47.364776879815906]]},"properties":{"layer":"LKZ1113-MLU1","infraType":"sewage","geomType":"pipe","source":"order_55297/NIS_ZH_ABWASSER.dxf","_dedupKey":"2683823.7,1246585|2683837.7,1246589"}},{"type":"Feature","geometry":{"type":"LineString","coordinates":[[8.548031405181353,47.36542102436187],[8.54808584853974,47.365377864215226],[8.548093864543757,47.36536861212622],[8.548097140091848,47.36536696152712]]},"properties":{"layer":"LKZ1111-MLU1","infraType":"sewage","geomType":"pipe","source":"order_55297/NIS_ZH_ABWASSER.dxf","_dedupKey":"2683800.1,1246656.2|2683805.1,1246650.3"}},{"type":"Feature","geometry":{"type":"LineString","coordinates":[[8.548482286906829,47.36578702384618],[8.54849277918881,47.36578224552339],[8.548497960362464,47.365783095250364],[8.54849258372365,47.365785575618034]]},"properties":{"layer":"LKZ1113-MLU1","infraType":"sewage","geomType":"pipe","source":"order_55297/NIS_ZH_ABWASSER.dxf","_dedupKey":"2683833.5,1246697.4|2683834.3,1246697.3"}},{"type":"Feature","geometry":{"type":"LineString","coordinates":[[8.548277055441568,47.365487297601646],[8.548227769211183,47.365511068654],[8.548221857492232,47.3655132842949],[8.54821648086779,47.365515764649864]]},"properties":{"layer":"LKZ1113-MLU1","infraType":"sewage","geomType":"pipe","source":"order_55297/NIS_ZH_ABWASSER.dxf","_dedupKey":"2683813.9,1246667|2683818.5,1246663.9"}},{"type":"Feature","geometry":{"type":"LineString","coordinates":[[8.549926443153614,47.36468678844951],[8.549923216849342,47.36467809416602],[8.549900649861303,47.36466886637205],[8.54988515835737,47.36466244895111],[8.549881463309358,47.36466302421666],[8.549875016658609,47.364664975236025],[8.549833982667419,47.36466537006295],[8.549832246890782,47.36466466714948],[8.549830643481904,47.364663962962304]]},"properties":{"layer":"LKZ1113-MLU1","infraType":"sewage","geomType":"pipe","source":"order_55297/NIS_ZH_ABWASSER.dxf","_dedupKey":"2683937.1,1246574|2683944.3,1246576.6"}},{"type":"Feature","geometry":{"type":"LineString","coordinates":[[8.547585878130336,47.364841156293615],[8.547553859474538,47.36486125313649],[8.547546719071471,47.36486168150546]]},"properties":{"layer":"LKZ1111-MLU1","infraType":"sewage","geomType":"pipe","source":"order_55297/NIS_ZH_ABWASSER.dxf","_dedupKey":"2683764.3,1246593.5|2683767.3,1246591.3"}},{"type":"Feature","geometry":{"type":"LineString","coordinates":[[8.549426560474569,47.36482841425952],[8.549408406628398,47.36482130276727],[8.549407574943087,47.36481951172985],[8.549411580914821,47.3648147957049],[8.549411023334876,47.36481345179027],[8.549408616349373,47.364812305567064]]},"properties":{"layer":"LKZ1113-MLU1","infraType":"sewage","geomType":"pipe","source":"order_55297/NIS_ZH_ABWASSER.dxf","_dedupKey":"2683905,1246590|2683906.4,1246591.9"}},{"type":"Feature","geometry":{"type":"LineString","coordinates":[[8.547611197021007,47.365765527611586],[8.547589501810249,47.36577275217209],[8.54757229738412,47.365773097273255]]},"properties":{"layer":"LKZ1111-MLU1","infraType":"sewage","geomType":"pipe","source":"order_55297/NIS_ZH_ABWASSER.dxf","_dedupKey":"2683764.8,1246694.9|2683767.8,1246694.1"}},{"type":"Feature","geometry":{"type":"LineString","coordinates":[[8.547661198564459,47.36554700435543],[8.547600367334594,47.365537693792156],[8.547594335855637,47.365534153636496]]},"properties":{"layer":"LKZ1113-MLU1","infraType":"sewage","geomType":"pipe","source":"order_55297/NIS_ZH_ABWASSER.dxf","_dedupKey":"2683766.9,1246668.4|2683771.9,1246669.9"}},{"type":"Feature","geometry":{"type":"LineString","coordinates":[[8.547707486647651,47.36490817197974],[8.547649503670735,47.36493391529687],[8.5476414142294,47.36493327336334]]},"properties":{"layer":"LKZ1111-MLU1","infraType":"sewage","geomType":"pipe","source":"order_55297/NIS_ZH_ABWASSER.dxf","_dedupKey":"2683771.4,1246601.6|2683776.4,1246598.9"}},{"type":"Feature","geometry":{"type":"LineString","coordinates":[[8.548352982830352,47.36619637760255],[8.548327104616451,47.36621254771885],[8.548321282138303,47.366212693615324],[8.548285745028366,47.36619099687886],[8.548277545480607,47.36619143546755],[8.548275459359376,47.36619298469118]]},"properties":{"layer":"LKZ1113-MLU1","infraType":"sewage","geomType":"pipe","source":"order_55297/NIS_ZH_ABWASSER.dxf","_dedupKey":"2683817.3,1246742.3|2683823.1,1246742.8"}},{"type":"Feature","geometry":{"type":"LineString","coordinates":[[8.547279267460187,47.36491192369329],[8.547273468598139,47.364900465530134],[8.54725670893377,47.36488398533193]]},"properties":{"layer":"LKZ1111-MLU1","infraType":"sewage","geomType":"pipe","source":"order_55297/NIS_ZH_ABWASSER.dxf","_dedupKey":"2683742.4,1246595.7|2683744,1246598.8"}},{"type":"Feature","geometry":{"type":"LineString","coordinates":[[8.546802668180089,47.365371563920036],[8.546785811951157,47.36539502316986],[8.546780409099947,47.365396244384364],[8.546252333575756,47.36522032719616],[8.546244737493288,47.36520519819807],[8.546249754145702,47.365198133847365],[8.546247402971042,47.365193299000964],[8.546079161217984,47.36513752318787],[8.546068489772319,47.36514005421514],[8.546051504660625,47.3651636944964],[8.546040833208405,47.365166225521044],[8.546001904967516,47.365153285928244]]},"properties":{"layer":"LKZ1113-MLU1","infraType":"sewage","geomType":"pipe","source":"order_55297/NIS_ZH_ABWASSER.dxf","_dedupKey":"2683647.2,1246624.3|2683707.3,1246649.4"}},{"type":"Feature","geometry":{"type":"LineString","coordinates":[[8.549228417541695,47.365040627236645],[8.549220748875388,47.365034764161514],[8.549222085024823,47.36502899439592],[8.549217010052356,47.36502688435508]]},"properties":{"layer":"LKZ1113-MLU1","infraType":"sewage","geomType":"pipe","source":"order_55297/NIS_ZH_ABWASSER.dxf","_dedupKey":"2683890.2,1246613.7|2683891.1,1246615.2"}},{"type":"Feature","geometry":{"type":"LineString","coordinates":[[8.548916176790918,47.36456130778426],[8.548917134616586,47.36453737138896]]},"properties":{"layer":"LKZ1113-MLU1","infraType":"sewage","geomType":"pipe","source":"order_55297/NIS_ZH_ABWASSER.dxf","_dedupKey":"2683868.2,1246561.6|2683868.3,1246559"}},{"type":"Feature","geometry":{"type":"LineString","coordinates":[[8.548883121888107,47.364499828656335],[8.548864793344919,47.364516106235165]]},"properties":{"layer":"LKZ1113-MLU1","infraType":"sewage","geomType":"pipe","source":"order_55297/NIS_ZH_ABWASSER.dxf","_dedupKey":"2683864.4,1246556.5|2683865.8,1246554.7"}},{"type":"Feature","geometry":{"type":"LineString","coordinates":[[8.546967223933997,47.365243602580605],[8.546972022881146,47.36524517565788],[8.546978078210023,47.36524349841354],[8.547023245889225,47.36518081830125],[8.54703938104583,47.36516726063022],[8.547048206763932,47.3651651070344]]},"properties":{"layer":"LKZ1111-MLU1","infraType":"sewage","geomType":"pipe","source":"order_55297/NIS_ZH_ABWASSER.dxf","_dedupKey":"2683720,1246635.4|2683726.2,1246626.7"}},{"type":"Feature","geometry":{"type":"LineString","coordinates":[[8.547244097895181,47.365506302893486],[8.54723888725929,47.36551040074114],[8.547257087395135,47.36557067362837],[8.54725695585738,47.365583448043196],[8.547245242664456,47.36559318532068]]},"properties":{"layer":"LKZ1113-MLU1","infraType":"sewage","geomType":"pipe","source":"order_55297/NIS_ZH_ABWASSER.dxf","_dedupKey":"2683740.4,1246674.5|2683740.5,1246664.9"}},{"type":"Feature","geometry":{"type":"LineString","coordinates":[[8.547082168319607,47.36514292279853],[8.54709881785001,47.365096797635424]]},"properties":{"layer":"LKZ1111-MLU1","infraType":"sewage","geomType":"pipe","source":"order_55297/NIS_ZH_ABWASSER.dxf","_dedupKey":"2683728.8,1246624.3|2683730.1,1246619.2"}},{"type":"Feature","geometry":{"type":"LineString","coordinates":[[8.546796864598626,47.365869412687374],[8.546802222991783,47.365872419632105],[8.546808981379817,47.3658727145904],[8.546840844249859,47.36585145009069],[8.546885637151801,47.36587260868955]]},"properties":{"layer":"LKZ1113-MLU1","infraType":"sewage","geomType":"pipe","source":"order_55297/NIS_ZH_ABWASSER.dxf","_dedupKey":"2683706.1,1246704.8|2683712.8,1246705.2"}},{"type":"Feature","geometry":{"type":"LineString","coordinates":[[8.547064786910418,47.36553590904092],[8.547112381446867,47.365551733508426],[8.547146819018359,47.365565165592244],[8.547203334994004,47.36555796668876],[8.54721804863525,47.36555881492397],[8.547246311186935,47.365568168470126],[8.54724816332717,47.36558083389148],[8.54723814289125,47.365589205642436]]},"properties":{"layer":"LKZ1113-MLU1","infraType":"sewage","geomType":"pipe","source":"order_55297/NIS_ZH_ABWASSER.dxf","_dedupKey":"2683726.9,1246668|2683739.9,1246674.1"}},{"type":"Feature","geometry":{"type":"LineString","coordinates":[[8.547235795764118,47.36492880217344],[8.547229037493477,47.36492850724013],[8.547218588279495,47.36493535392762]]},"properties":{"layer":"LKZ1111-MLU1","infraType":"sewage","geomType":"pipe","source":"order_55297/NIS_ZH_ABWASSER.dxf","_dedupKey":"2683739.4,1246601.4|2683740.7,1246600.7"}},{"type":"Feature","geometry":{"type":"LineString","coordinates":[[8.549436413164274,47.36558085642945],[8.549438148965539,47.3655815593487],[8.549442514784038,47.36559411061089],[8.549502168369727,47.365623130980765]]},"properties":{"layer":"LKZ1111-MLU1","infraType":"sewage","geomType":"pipe","source":"order_55297/NIS_ZH_ABWASSER.dxf","_dedupKey":"2683905.9,1246675.5|2683910.8,1246680.3"}},{"type":"Feature","geometry":{"type":"LineString","coordinates":[[8.548520445526702,47.365540369129626],[8.548521385222678,47.36554098976151],[8.548520880083675,47.365542163989375],[8.548508190554216,47.36555586865932],[8.548421949140401,47.36560428191648],[8.548358912444904,47.3656416779247],[8.548349473523881,47.36564617625891]]},"properties":{"layer":"LKZ1114-MLU1","infraType":"sewage","geomType":"pipe","source":"order_55297/NIS_ZH_ABWASSER.dxf","_dedupKey":"2683823.7,1246681.6|2683836.8,1246670"}},{"type":"Feature","geometry":{"type":"LineString","coordinates":[[8.54855680465837,47.36548074146912],[8.548573641109055,47.36549452218921],[8.54858145150247,47.36550083370342],[8.548580835167263,47.365509385047766],[8.548528134216303,47.3655408349501],[8.548521800319248,47.36555456849372],[8.54850886794896,47.365562968341365],[8.548495791406015,47.36556444328474],[8.548423159193113,47.3656051698066],[8.548377780921557,47.36563223158497],[8.548372009054011,47.36563480569674]]},"properties":{"layer":"LKZ1111-MLU1","infraType":"sewage","geomType":"pipe","source":"order_55297/NIS_ZH_ABWASSER.dxf","_dedupKey":"2683825.4,1246680.4|2683839.6,1246663.4"}},{"type":"Feature","geometry":{"type":"LineString","coordinates":[[8.548656422033064,47.36463135855171],[8.54866094629235,47.36462609786062],[8.54867602122313,47.36462523335065],[8.548792037583903,47.36449359807019],[8.54879189397991,47.36449305973963],[8.548780411134745,47.36448840267403],[8.548780135163577,47.36448786561586],[8.54878414303869,47.36448323954608]]},"properties":{"layer":"LKZ1113-MLU1","infraType":"sewage","geomType":"pipe","source":"order_55297/NIS_ZH_ABWASSER.dxf","_dedupKey":"2683848.5,1246569.1|2683858.4,1246552.8"}},{"type":"Feature","geometry":{"type":"LineString","coordinates":[[8.548278573795848,47.365452111861124],[8.548215251318846,47.365482134492105]]},"properties":{"layer":"LKZ1111-MLU1","infraType":"sewage","geomType":"pipe","source":"order_55297/NIS_ZH_ABWASSER.dxf","_dedupKey":"2683813.8,1246663.2|2683818.7,1246660"}},{"type":"Feature","geometry":{"type":"LineString","coordinates":[[8.551131689335419,47.36504497667789],[8.551121192920457,47.36503050558868],[8.551002216098118,47.36486775933756],[8.55072631183577,47.36470940266115],[8.550568714734915,47.36464363614759]]},"properties":{"layer":"LKZ1113-MLU1","infraType":"sewage","geomType":"pipe","source":"order_55297/NIS_ZH_ABWASSER.dxf","_dedupKey":"2683992.9,1246572.5|2684034.8,1246617.8"}},{"type":"Feature","geometry":{"type":"LineString","coordinates":[[8.547930576709442,47.3664990754462],[8.547837190116724,47.36649052744615]]},"properties":{"layer":"LKZ1113-MLU1","infraType":"sewage","geomType":"pipe","source":"order_55298/NIS_ZH_ABWASSER.dxf","_dedupKey":"2683783.7,1246774.9|2683790.7,1246776"}},{"type":"Feature","geometry":{"type":"LineString","coordinates":[[8.548042087597322,47.367702997940235],[8.548146226420698,47.36750284442695]]},"properties":{"layer":"LKZ1113-MLU1","infraType":"sewage","geomType":"pipe","source":"order_55298/NIS_ZH_ABWASSER.dxf","_dedupKey":"2683797.3,1246909.9|2683805.5,1246887.8"}},{"type":"Feature","geometry":{"type":"LineString","coordinates":[[8.54727935863369,47.36687080246228],[8.547554413464985,47.36665731492219]]},"properties":{"layer":"LKZ1113-MLU1","infraType":"sewage","geomType":"pipe","source":"order_55298/NIS_ZH_ABWASSER.dxf","_dedupKey":"2683741,1246816.6|2683762.1,1246793.2"}},{"type":"Feature","geometry":{"type":"LineString","coordinates":[[8.550390091951359,47.36826123837361],[8.550674825693504,47.36846754507299]]},"properties":{"layer":"LKZ1113-MLU1","infraType":"sewage","geomType":"pipe","source":"order_55298/NIS_ZH_ABWASSER.dxf","_dedupKey":"2683973.7,1246974.5|2683994.9,1246997.8"}},{"type":"Feature","geometry":{"type":"LineString","coordinates":[[8.547012855674447,47.36831717538613],[8.54688270531268,47.36825995571847],[8.546439073000002,47.36806487880606],[8.546391848626559,47.36803510799037]]},"properties":{"layer":"LKZ1110-MLU1","infraType":"sewage","geomType":"pipe","source":"order_55298/NIS_ZH_ABWASSER.dxf","_dedupKey":"2683672.1,1246945.1|2683718.6,1246977.1"}},{"type":"Feature","geometry":{"type":"LineString","coordinates":[[8.550374134658409,47.36716595934607],[8.549589833472984,47.36667229505902]]},"properties":{"layer":"LKZ1113-MLU1","infraType":"sewage","geomType":"pipe","source":"order_55298/NIS_ZH_ABWASSER.dxf","_dedupKey":"2683915.8,1246797|2683974.3,1246852.7"}},{"type":"Feature","geometry":{"type":"LineString","coordinates":[[8.546890786529955,47.36727940453288],[8.54727935863369,47.36687080246228]]},"properties":{"layer":"LKZ1113-MLU1","infraType":"sewage","geomType":"pipe","source":"order_55298/NIS_ZH_ABWASSER.dxf","_dedupKey":"2683711,1246861.6|2683741,1246816.6"}},{"type":"Feature","geometry":{"type":"LineString","coordinates":[[8.548037067341117,47.36652018069467],[8.547930576709442,47.3664990754462]]},"properties":{"layer":"LKZ1113-MLU1","infraType":"sewage","geomType":"pipe","source":"order_55298/NIS_ZH_ABWASSER.dxf","_dedupKey":"2683790.7,1246776|2683798.8,1246778.4"}},{"type":"Feature","geometry":{"type":"LineString","coordinates":[[8.548439381375022,47.367166666649815],[8.547947958776334,47.36690809903074]]},"properties":{"layer":"LKZ1113-MLU1","infraType":"sewage","geomType":"pipe","source":"order_55298/NIS_ZH_ABWASSER.dxf","_dedupKey":"2683791.4,1246821.5|2683828.1,1246850.7"}},{"type":"Feature","geometry":{"type":"LineString","coordinates":[[8.548601304376733,47.36703935802631],[8.548439381375022,47.367166666649815]]},"properties":{"layer":"LKZ1113-MLU1","infraType":"sewage","geomType":"pipe","source":"order_55298/NIS_ZH_ABWASSER.dxf","_dedupKey":"2683828.1,1246850.7|2683840.6,1246836.8"}},{"type":"Feature","geometry":{"type":"LineString","coordinates":[[8.548286503439662,47.36728966039824],[8.548439381375022,47.367166666649815]]},"properties":{"layer":"LKZ1113-MLU1","infraType":"sewage","geomType":"pipe","source":"order_55298/NIS_ZH_ABWASSER.dxf","_dedupKey":"2683816.4,1246864.3|2683828.1,1246850.7"}},{"type":"Feature","geometry":{"type":"LineString","coordinates":[[8.54893996935471,47.366892449768145],[8.548601304376733,47.36703935802631]]},"properties":{"layer":"LKZ1113-MLU1","infraType":"sewage","geomType":"pipe","source":"order_55298/NIS_ZH_ABWASSER.dxf","_dedupKey":"2683840.6,1246836.8|2683866.4,1246820.8"}},{"type":"Feature","geometry":{"type":"LineString","coordinates":[[8.548146226420698,47.36750284442695],[8.548286503439662,47.36728966039824]]},"properties":{"layer":"LKZ1113-MLU1","infraType":"sewage","geomType":"pipe","source":"order_55298/NIS_ZH_ABWASSER.dxf","_dedupKey":"2683805.5,1246887.8|2683816.4,1246864.3"}},{"type":"Feature","geometry":{"type":"LineString","coordinates":[[8.547554413464985,47.36665731492219],[8.547600203241876,47.366630879199214]]},"properties":{"layer":"LKZ1113-MLU1","infraType":"sewage","geomType":"pipe","source":"order_55298/NIS_ZH_ABWASSER.dxf","_dedupKey":"2683762.1,1246793.2|2683765.6,1246790.3"}},{"type":"Feature","geometry":{"type":"LineString","coordinates":[[8.547142230376567,47.36845805743118],[8.547035549384336,47.368338815862664]]},"properties":{"layer":"LKZ1110-MLU1","infraType":"sewage","geomType":"pipe","source":"order_55298/NIS_ZH_ABWASSER.dxf","_dedupKey":"2683720.3,1246979.6|2683728.1,1246992.9"}},{"type":"Feature","geometry":{"type":"LineString","coordinates":[[8.547828871662489,47.36647252703353],[8.547809404915682,47.366440511261374]]},"properties":{"layer":"LKZ1113-MLU1","infraType":"sewage","geomType":"pipe","source":"order_55298/NIS_ZH_ABWASSER.dxf","_dedupKey":"2683781.7,1246769.3|2683783.1,1246772.9"}},{"type":"Feature","geometry":{"type":"LineString","coordinates":[[8.547947958776334,47.36690809903074],[8.547627615059998,47.366701138159925]]},"properties":{"layer":"LKZ1113-MLU1","infraType":"sewage","geomType":"pipe","source":"order_55298/NIS_ZH_ABWASSER.dxf","_dedupKey":"2683767.5,1246798.1|2683791.4,1246821.5"}},{"type":"Feature","geometry":{"type":"LineString","coordinates":[[8.547627615059998,47.366701138159925],[8.54760938933894,47.36663330964253]]},"properties":{"layer":"LKZ1113-MLU1","infraType":"sewage","geomType":"pipe","source":"order_55298/NIS_ZH_ABWASSER.dxf","_dedupKey":"2683766.3,1246790.6|2683767.5,1246798.1"}},{"type":"Feature","geometry":{"type":"LineString","coordinates":[[8.547612750121997,47.36662302287193],[8.547825953441162,47.36649135497821]]},"properties":{"layer":"LKZ1113-MLU1","infraType":"sewage","geomType":"pipe","source":"order_55298/NIS_ZH_ABWASSER.dxf","_dedupKey":"2683766.5,1246789.4|2683782.9,1246775"}},{"type":"Feature","geometry":{"type":"LineString","coordinates":[[8.549391892639884,47.3666848132492],[8.54893996935471,47.366892449768145]]},"properties":{"layer":"LKZ1113-MLU1","infraType":"sewage","geomType":"pipe","source":"order_55298/NIS_ZH_ABWASSER.dxf","_dedupKey":"2683866.4,1246820.8|2683900.8,1246798.2"}},{"type":"Feature","geometry":{"type":"LineString","coordinates":[[8.549931012400634,47.36788471086425],[8.550303942734176,47.36815547478041]]},"properties":{"layer":"LKZ1113-MLU1","infraType":"sewage","geomType":"pipe","source":"order_55298/NIS_ZH_ABWASSER.dxf","_dedupKey":"2683939.7,1246932.2|2683967.4,1246962.7"}},{"type":"Feature","geometry":{"type":"LineString","coordinates":[[8.549589833472984,47.36667229505902],[8.549391892639884,47.3666848132492]]},"properties":{"layer":"LKZ1113-MLU1","infraType":"sewage","geomType":"pipe","source":"order_55298/NIS_ZH_ABWASSER.dxf","_dedupKey":"2683900.8,1246798.2|2683915.8,1246797"}},{"type":"Feature","geometry":{"type":"LineString","coordinates":[[8.550303942734176,47.36815547478041],[8.550390091951359,47.36826123837361]]},"properties":{"layer":"LKZ1113-MLU1","infraType":"sewage","geomType":"pipe","source":"order_55298/NIS_ZH_ABWASSER.dxf","_dedupKey":"2683967.4,1246962.7|2683973.7,1246974.5"}},{"type":"Feature","geometry":{"type":"LineString","coordinates":[[8.547582657900422,47.366691225390966],[8.547596587935175,47.36667984766657],[8.547614955027717,47.36666536897551],[8.547617859744431,47.36666498127688]]},"properties":{"layer":"LKZ1113-MLU1","infraType":"sewage","geomType":"pipe","source":"order_55298/NIS_ZH_ABWASSER.dxf","_dedupKey":"2683764.2,1246797|2683766.9,1246794.1"}},{"type":"Feature","geometry":{"type":"LineString","coordinates":[[8.54718716839321,47.36691981156088],[8.547226170326716,47.366923485025595],[8.547228439376585,47.36692436276285]]},"properties":{"layer":"LKZ1113-MLU1","infraType":"sewage","geomType":"pipe","source":"order_55298/NIS_ZH_ABWASSER.dxf","_dedupKey":"2683733.9,1246822|2683737,1246822.5"}},{"type":"Feature","geometry":{"type":"LineString","coordinates":[[8.54685683667082,47.36807922112114],[8.54682663171702,47.36806565838222],[8.546818180203216,47.36806672894363],[8.546798466574922,47.368086527565154],[8.546743588367518,47.36808984260232],[8.546634433134116,47.368042585763774],[8.54658166756636,47.36801376770064],[8.546481754655295,47.367965252685586],[8.546480550188331,47.36796463457705],[8.546479217083402,47.36796419760583],[8.54647748685052,47.36796376444391],[8.54647576409364,47.367963691017025],[8.546474173712754,47.367963616320324],[8.546472585200862,47.36796363155742],[8.546470866181965,47.36796373799798],[8.546468627003998,47.3679642991864],[8.546466523939932,47.36796503897255],[8.54646455885873,47.36796604729025],[8.546359702408044,47.368010949449726],[8.546354127968991,47.3680166698711]]},"properties":{"layer":"LKZ1113-MLU1","infraType":"sewage","geomType":"pipe","source":"order_55298/NIS_ZH_ABWASSER.dxf","_dedupKey":"2683669.3,1246943|2683707.2,1246950.5"}},{"type":"Feature","geometry":{"type":"LineString","coordinates":[[8.549896565602502,47.36797256536406],[8.549905188052142,47.367966995344084],[8.54994229188331,47.36799389371439],[8.550099575673094,47.368107698355644],[8.550111272420938,47.368116221160335],[8.550122161788616,47.36812412207147],[8.550242259747344,47.368130881984264],[8.55025728875969,47.368127768926],[8.550262124795157,47.36812475397207]]},"properties":{"layer":"LKZ1113-MLU1","infraType":"sewage","geomType":"pipe","source":"order_55298/NIS_ZH_ABWASSER.dxf","_dedupKey":"2683936.9,1246941.9|2683964.3,1246959.2"}},{"type":"Feature","geometry":{"type":"LineString","coordinates":[[8.548083673264827,47.366469360007414],[8.548025369404028,47.36651156774182],[8.54802310648129,47.36651734639171]]},"properties":{"layer":"LKZ1113-MLU1","infraType":"sewage","geomType":"pipe","source":"order_55298/NIS_ZH_ABWASSER.dxf","_dedupKey":"2683797.7,1246778.1|2683802.4,1246772.8"}},{"type":"Feature","geometry":{"type":"LineString","coordinates":[[8.547472194454675,47.36691833473326],[8.547421054875024,47.36691037024368],[8.547315525188743,47.366852734792474],[8.547313552260213,47.366846996820186],[8.54731154047717,47.366845756807926]]},"properties":{"layer":"LKZ1113-MLU1","infraType":"sewage","geomType":"pipe","source":"order_55298/NIS_ZH_ABWASSER.dxf","_dedupKey":"2683743.4,1246813.9|2683755.5,1246822.1"}},{"type":"Feature","geometry":{"type":"LineString","coordinates":[[8.546847156661988,47.367467102669224],[8.546849884182693,47.36746455784953],[8.546849013280404,47.36746087818575],[8.546821739618215,47.36744818683663],[8.546776684406366,47.36742721063091],[8.546743656173408,47.367430675834584]]},"properties":{"layer":"LKZ1113-MLU1","infraType":"sewage","geomType":"pipe","source":"order_55298/NIS_ZH_ABWASSER.dxf","_dedupKey":"2683699.6,1246878.3|2683707.4,1246882.4"}},{"type":"Feature","geometry":{"type":"LineString","coordinates":[[8.546798403649948,47.36832552982747],[8.546754332562886,47.36834556214107],[8.546704148029418,47.36840271318632],[8.546692586707264,47.36840705183406]]},"properties":{"layer":"LKZ1113-MLU1","infraType":"sewage","geomType":"pipe","source":"order_55298/NIS_ZH_ABWASSER.dxf","_dedupKey":"2683694.2,1246986.8|2683702.4,1246977.8"}},{"type":"Feature","geometry":{"type":"LineString","coordinates":[[8.54752293831961,47.36662721343933],[8.547576855597777,47.36663506125925],[8.547582821721681,47.36663545373204],[8.54758994365394,47.366634126023165],[8.547591962918805,47.366635725765796]]},"properties":{"layer":"LKZ1113-MLU1","infraType":"sewage","geomType":"pipe","source":"order_55298/NIS_ZH_ABWASSER.dxf","_dedupKey":"2683759.8,1246789.8|2683765,1246790.8"}},{"type":"Feature","geometry":{"type":"LineString","coordinates":[[8.547701103437909,47.36648508797844],[8.54776979816446,47.366522297976225],[8.547772488648045,47.36652434102846]]},"properties":{"layer":"LKZ1113-MLU1","infraType":"sewage","geomType":"pipe","source":"order_55298/NIS_ZH_ABWASSER.dxf","_dedupKey":"2683773.4,1246774.2|2683778.8,1246778.6"}},{"type":"Feature","geometry":{"type":"LineString","coordinates":[[8.54715659620429,47.36701590360076],[8.547156597266124,47.36700322039591],[8.547154456847451,47.367002161519096]]},"properties":{"layer":"LKZ1113-MLU1","infraType":"sewage","geomType":"pipe","source":"order_55298/NIS_ZH_ABWASSER.dxf","_dedupKey":"2683731.3,1246831.1|2683731.5,1246832.6"}},{"type":"Feature","geometry":{"type":"LineString","coordinates":[[8.547614050554271,47.36689556418574],[8.54761606234624,47.36689680419273],[8.547628100834059,47.36689632878984],[8.547734834342801,47.36681452718869],[8.547753997553714,47.36680013078268],[8.547755320332573,47.36678734493092],[8.547758059001787,47.36678533969191]]},"properties":{"layer":"LKZ1113-MLU1","infraType":"sewage","geomType":"pipe","source":"order_55298/NIS_ZH_ABWASSER.dxf","_dedupKey":"2683766.2,1246819.7|2683777.3,1246807.6"}},{"type":"Feature","geometry":{"type":"LineString","coordinates":[[8.547365720821372,47.36685351225074],[8.547337622755625,47.366833003135596],[8.547337137726984,47.36682878005982],[8.547335125944075,47.36682754004801]]},"properties":{"layer":"LKZ1111-MLU1","infraType":"sewage","geomType":"pipe","source":"order_55298/NIS_ZH_ABWASSER.dxf","_dedupKey":"2683745.3,1246811.9|2683747.5,1246814.8"}},{"type":"Feature","geometry":{"type":"LineString","coordinates":[[8.547198217218572,47.367419297426096],[8.547179783076345,47.3674114686599],[8.547175999911088,47.36740781695097],[8.546890786529955,47.36727940453288]]},"properties":{"layer":"LKZ1113-MLU1","infraType":"sewage","geomType":"pipe","source":"order_55298/NIS_ZH_ABWASSER.dxf","_dedupKey":"2683711,1246861.6|2683734,1246877.5"}},{"type":"Feature","geometry":{"type":"LineString","coordinates":[[8.54816344669238,47.3676431836088],[8.548160256585899,47.367642584593185],[8.54810874695729,47.367610516892746],[8.54809810163739,47.367595237407635]]},"properties":{"layer":"LKZ1113-MLU1","infraType":"sewage","geomType":"pipe","source":"order_55298/NIS_ZH_ABWASSER.dxf","_dedupKey":"2683801.7,1246898|2683806.5,1246903.4"}},{"type":"Feature","geometry":{"type":"LineString","coordinates":[[8.547093520401123,47.36697513119585],[8.547145499922982,47.36699801975683],[8.547158731670152,47.36699762290196]]},"properties":{"layer":"LKZ1113-MLU1","infraType":"sewage","geomType":"pipe","source":"order_55298/NIS_ZH_ABWASSER.dxf","_dedupKey":"2683726.8,1246828|2683731.7,1246830.6"}},{"type":"Feature","geometry":{"type":"LineString","coordinates":[[8.550286368022654,47.36787778295793],[8.550242156538257,47.36791005141301],[8.550358744030614,47.36798340929105],[8.550322833646284,47.36817247373511],[8.550328411119805,47.36817961619012],[8.550326364365915,47.36818305405761]]},"properties":{"layer":"LKZ1113-MLU1","infraType":"sewage","geomType":"pipe","source":"order_55298/NIS_ZH_ABWASSER.dxf","_dedupKey":"2683966.5,1246931.8|2683969,1246965.8"}},{"type":"Feature","geometry":{"type":"LineString","coordinates":[[8.547266878543525,47.366818210540316],[8.547338326789006,47.36682229211964],[8.54734033857179,47.3668235321314]]},"properties":{"layer":"LKZ1111-MLU1","infraType":"sewage","geomType":"pipe","source":"order_55298/NIS_ZH_ABWASSER.dxf","_dedupKey":"2683740.1,1246810.8|2683745.7,1246811.4"}},{"type":"Feature","geometry":{"type":"LineString","coordinates":[[8.547963565106818,47.36777895182081],[8.548044068122572,47.367709095633614],[8.548042087597322,47.367702997940235]]},"properties":{"layer":"LKZ1113-MLU1","infraType":"sewage","geomType":"pipe","source":"order_55298/NIS_ZH_ABWASSER.dxf","_dedupKey":"2683791.2,1246918.3|2683797.3,1246909.9"}},{"type":"Feature","geometry":{"type":"LineString","coordinates":[[8.547560411326552,47.3674739291821],[8.547586270958945,47.3673422614071],[8.547735878211096,47.36716379979056],[8.547875859690802,47.36702545893818],[8.547885899501615,47.36702437304251],[8.547972715099332,47.366939794114735],[8.54797111301624,47.36693279326655],[8.547947014446398,47.3669199817321],[8.547947958776334,47.36690809903074]]},"properties":{"layer":"LKZ1111-MLU1","infraType":"sewage","geomType":"pipe","source":"order_55298/NIS_ZH_ABWASSER.dxf","_dedupKey":"2683761.3,1246884|2683791.4,1246821.5"}},{"type":"Feature","geometry":{"type":"LineString","coordinates":[[8.548121927271284,47.36770942713627],[8.548114789715475,47.36770364883954],[8.54806436713198,47.367672919953044],[8.548060162430303,47.36766810294934]]},"properties":{"layer":"LKZ1111-MLU1","infraType":"sewage","geomType":"pipe","source":"order_55298/NIS_ZH_ABWASSER.dxf","_dedupKey":"2683798.7,1246906.1|2683803.3,1246910.7"}},{"type":"Feature","geometry":{"type":"LineString","coordinates":[[8.54788877238225,47.3675060370181],[8.547912373904794,47.3675013127507],[8.547918979049719,47.36749423307547],[8.547926751237304,47.367485972818145],[8.547934130041108,47.36747789624212],[8.547940090149618,47.36747163232661],[8.547946438023585,47.36746491492768],[8.54795135971772,47.36745965045452],[8.547959001392037,47.36745148140018],[8.547966255297474,47.3674437658285],[8.547972864171108,47.36743686601757],[8.54797843463263,47.367430965649525],[8.54798530450928,47.367423883427385],[8.547991911506454,47.367416893681565],[8.547999430151561,47.36740917556475],[8.548005131110257,47.367403183990064],[8.548010187038997,47.36739800817655],[8.548013553914483,47.36739437776653],[8.54801718553856,47.36739074481339],[8.548020556156269,47.367387294270706],[8.548024832807661,47.3673828455558],[8.54802807479306,47.36737957615195],[8.54803170080034,47.36737567339702],[8.548034685522326,47.3673727662711],[8.548037150104115,47.36737031390011],[8.548040647478862,47.36736659228401],[8.548043110188473,47.367364049979095],[8.54804570527231,47.367361506402624],[8.548048816752301,47.36735832820348],[8.548051669097942,47.367355422348645],[8.548055300716767,47.3673517893943],[8.548058412195626,47.36734861119486],[8.548062043813525,47.36734497824027],[8.548065673559282,47.36734125535179],[8.54806943380726,47.3673374412578],[8.548075903307634,47.36733656954599],[8.548083648403178,47.367339733408684],[8.5480901197753,47.36733895162984],[8.548102442661394,47.36732668976833],[8.548106335280078,47.367322874401516],[8.548109185748947,47.367319878611475],[8.548112168591844,47.36731688154976],[8.54811463503922,47.367314519110835],[8.548117617881513,47.36731152204894],[8.548121251364597,47.3673079790262],[8.548124234206151,47.36730498196415],[8.548127998190896,47.36730134773576],[8.548131368795765,47.367297897189744],[8.548135132779523,47.36729426296114],[8.548138768132048,47.367290809871555],[8.548143311386134,47.36728644854255],[8.548147591762765,47.36728217969049],[8.548152657025186,47.36727745353936],[8.548156808769718,47.36727336582613],[8.54816096051362,47.367269278112765],[8.548165632394632,47.36726473564362],[8.548168881851504,47.36726182597074],[8.548173162224108,47.36725755711769],[8.548177580585728,47.367253556794076],[8.548181475065528,47.36724983135841],[8.548185628677555,47.36724583357787],[8.548190171923979,47.36724147224696],[8.548194329278436,47.36723765433364],[8.54819835613004,47.367233927625655],[8.548203164122658,47.36722956375075],[8.548208098872923,47.367224928802635],[8.548212904992027,47.36722047499353],[8.548218100744968,47.36721565763393],[8.548222776360237,47.36721129502991],[8.548228490376106,47.36720593298021],[8.548233300235658,47.36720165903775],[8.548239273381691,47.36719602464266],[8.548244081367534,47.367191660766],[8.548247200313595,47.367188842296414],[8.548250969897635,47.36718547786512],[8.548255781625508,47.36718129385551],[8.548259676094554,47.36717756841713],[8.548265267089047,47.36717265730615],[8.548271243972437,47.36716720277685],[8.548275927067117,47.367163199905725],[8.548281644816509,47.36715801772083],[8.548289055345517,47.36715146999525],[8.548293346931818,47.3671477407402],[8.548299329425667,47.367142556010705],[8.548303749640326,47.36713864561587],[8.54830972838802,47.367133281018255],[8.54831350170831,47.36713009645245],[8.548321825741974,47.367122910285346],[8.548320633833555,47.367116535163106],[8.548303499032766,47.367107524717966],[8.548300899146858,47.36709711529468],[8.548303371191833,47.367095022652876]]},"properties":{"layer":"LKZ1111-MLU1","infraType":"sewage","geomType":"pipe","source":"order_55298/NIS_ZH_ABWASSER.dxf","_dedupKey":"2683786,1246887.9|2683818,1246842.6"}},{"type":"Feature","geometry":{"type":"LineString","coordinates":[[8.548181607094115,47.36665821740869],[8.548172217465126,47.36665237079906],[8.548170542889643,47.366648249105666],[8.548122263567176,47.36661866902646],[8.548122648414756,47.36660535246868],[8.548041983834542,47.366521032985055],[8.548037067341117,47.36652018069467]]},"properties":{"layer":"LKZ1111-MLU1","infraType":"sewage","geomType":"pipe","source":"order_55298/NIS_ZH_ABWASSER.dxf","_dedupKey":"2683798.8,1246778.4|2683809.5,1246793.9"}},{"type":"Feature","geometry":{"type":"LineString","coordinates":[[8.548118666553997,47.36771179720493],[8.548111251145393,47.36770539191503],[8.548057491106599,47.367673345810076]]},"properties":{"layer":"LKZ1111-MLU1","infraType":"sewage","geomType":"pipe","source":"order_55298/NIS_ZH_ABWASSER.dxf","_dedupKey":"2683798.5,1246906.7|2683803,1246911"}},{"type":"Feature","geometry":{"type":"LineString","coordinates":[[8.547990711510044,47.367709158390355],[8.548042087597322,47.367702997940235]]},"properties":{"layer":"LKZ1113-MLU1","infraType":"sewage","geomType":"pipe","source":"order_55298/NIS_ZH_ABWASSER.dxf","_dedupKey":"2683793.4,1246910.6|2683797.3,1246909.9"}},{"type":"Feature","geometry":{"type":"LineString","coordinates":[[8.54686153447249,47.367228862501705],[8.54691431175187,47.36724553684254],[8.546923048448795,47.36724545300491]]},"properties":{"layer":"LKZ1113-MLU1","infraType":"sewage","geomType":"pipe","source":"order_55298/NIS_ZH_ABWASSER.dxf","_dedupKey":"2683708.9,1246856|2683713.5,1246857.9"}},{"type":"Feature","geometry":{"type":"LineString","coordinates":[[8.549281108552615,47.366692804956706],[8.549303652043307,47.36671993350312],[8.54930310822367,47.366725605694896]]},"properties":{"layer":"LKZ1113-MLU1","infraType":"sewage","geomType":"pipe","source":"order_55298/NIS_ZH_ABWASSER.dxf","_dedupKey":"2683892.4,1246799|2683894.1,1246802.6"}},{"type":"Feature","geometry":{"type":"LineString","coordinates":[[8.548007701062497,47.36656597837066],[8.548027188745156,47.366554457256264],[8.54803228100441,47.36653830697572],[8.548031346402245,47.36653156957114],[8.54803553552949,47.36652928053707],[8.548037067341117,47.36652018069467]]},"properties":{"layer":"LKZ1113-MLU1","infraType":"sewage","geomType":"pipe","source":"order_55298/NIS_ZH_ABWASSER.dxf","_dedupKey":"2683796.5,1246783.5|2683798.8,1246778.4"}},{"type":"Feature","geometry":{"type":"LineString","coordinates":[[8.54800461001062,47.366614671964335],[8.548039125912823,47.3665936515097],[8.548072561889954,47.36659072172237],[8.548088531659827,47.36658193294407],[8.548089510158213,47.36657805561855],[8.548038083783515,47.36652448861551],[8.548037067341117,47.36652018069467]]},"properties":{"layer":"LKZ1111-MLU1","infraType":"sewage","geomType":"pipe","source":"order_55298/NIS_ZH_ABWASSER.dxf","_dedupKey":"2683796.2,1246788.9|2683798.8,1246778.4"}},{"type":"Feature","geometry":{"type":"LineString","coordinates":[[8.546926608365272,47.36820637298312],[8.546904393405503,47.3682395984273],[8.546882707182373,47.36826004565224]]},"properties":{"layer":"LKZ1113-MLU1","infraType":"sewage","geomType":"pipe","source":"order_55298/NIS_ZH_ABWASSER.dxf","_dedupKey":"2683708.8,1246970.6|2683712.2,1246964.7"}},{"type":"Feature","geometry":{"type":"LineString","coordinates":[[8.549483988285594,47.36666314861447],[8.54945948383296,47.36667534789177],[8.549454400003967,47.366679174763505],[8.549454698481012,47.366680791024805]]},"properties":{"layer":"LKZ1112-MLU1","infraType":"sewage","geomType":"pipe","source":"order_55298/NIS_ZH_ABWASSER.dxf","_dedupKey":"2683905.6,1246797.8|2683907.8,1246795.9"}},{"type":"Feature","geometry":{"type":"LineString","coordinates":[[8.547558141322481,47.36669649809183],[8.547563946565564,47.366689156259845],[8.54754725314479,47.36666952715921],[8.547546393431865,47.36666638710254],[8.547544379779467,47.366665057160496]]},"properties":{"layer":"LKZ1113-MLU1","infraType":"sewage","geomType":"pipe","source":"order_55298/NIS_ZH_ABWASSER.dxf","_dedupKey":"2683761.3,1246794|2683762.3,1246797.5"}},{"type":"Feature","geometry":{"type":"LineString","coordinates":[[8.548222263353054,47.36740928374761],[8.54822495149464,47.36740485028643],[8.54821694297277,47.36739539234201]]},"properties":{"layer":"LKZ1113-MLU1","infraType":"sewage","geomType":"pipe","source":"order_55298/NIS_ZH_ABWASSER.dxf","_dedupKey":"2683811,1246875.9|2683811.3,1246877.5"}},{"type":"Feature","geometry":{"type":"LineString","coordinates":[[8.548193758246411,47.367591889775326],[8.54813241650729,47.367570890653944],[8.548118853324636,47.36755536934576]]},"properties":{"layer":"LKZ1111-MLU1","infraType":"sewage","geomType":"pipe","source":"order_55298/NIS_ZH_ABWASSER.dxf","_dedupKey":"2683803.3,1246893.6|2683808.9,1246897.8"}},{"type":"Feature","geometry":{"type":"LineString","coordinates":[[8.550287575706372,47.36824045681872],[8.550281572653056,47.36824465237879],[8.550242924552801,47.36830880015126],[8.550244718590035,47.36831229100254],[8.550269761538058,47.36833858573594],[8.55027110593593,47.36833956226549]]},"properties":{"layer":"LKZ1112-MLU1","infraType":"sewage","geomType":"pipe","source":"order_55298/NIS_ZH_ABWASSER.dxf","_dedupKey":"2683964.6,1246983.1|2683966,1246972.1"}},{"type":"Feature","geometry":{"type":"LineString","coordinates":[[8.547930542516292,47.36689828166858],[8.547922070624526,47.366898363039645],[8.54790789682934,47.3668916628421],[8.54790683547754,47.36688519650997],[8.547909577888836,47.36688337113499]]},"properties":{"layer":"LKZ1113-MLU1","infraType":"sewage","geomType":"pipe","source":"order_55298/NIS_ZH_ABWASSER.dxf","_dedupKey":"2683788.6,1246818.7|2683790.1,1246820.4"}},{"type":"Feature","geometry":{"type":"LineString","coordinates":[[8.549484932463843,47.36674022820949],[8.549391892639884,47.3666848132492]]},"properties":{"layer":"LKZ1113-MLU1","infraType":"sewage","geomType":"pipe","source":"order_55298/NIS_ZH_ABWASSER.dxf","_dedupKey":"2683900.8,1246798.2|2683907.8,1246804.5"}},{"type":"Feature","geometry":{"type":"LineString","coordinates":[[8.548841831899995,47.36694826375878],[8.548819332165868,47.36694865994456],[8.548813874889467,47.36694727317458]]},"properties":{"layer":"LKZ1113-MLU1","infraType":"sewage","geomType":"pipe","source":"order_55298/NIS_ZH_ABWASSER.dxf","_dedupKey":"2683856.8,1246826.8|2683858.9,1246826.9"}},{"type":"Feature","geometry":{"type":"LineString","coordinates":[[8.550375559278736,47.36710729706967],[8.550314544037679,47.367121017347735],[8.550309066857018,47.367125027946614]]},"properties":{"layer":"LKZ1111-MLU1","infraType":"sewage","geomType":"pipe","source":"order_55298/NIS_ZH_ABWASSER.dxf","_dedupKey":"2683969.4,1246848.1|2683974.5,1246846.2"}},{"type":"Feature","geometry":{"type":"LineString","coordinates":[[8.550282458593498,47.36720776984324],[8.55030160812932,47.36719274347986],[8.550315907943029,47.36712927978351]]},"properties":{"layer":"LKZ1113-MLU1","infraType":"sewage","geomType":"pipe","source":"order_55298/NIS_ZH_ABWASSER.dxf","_dedupKey":"2683967.3,1246857.3|2683969.9,1246848.6"}},{"type":"Feature","geometry":{"type":"LineString","coordinates":[[8.550349030567157,47.36724463894857],[8.55035669348526,47.36715497321231]]},"properties":{"layer":"LKZ1113-MLU1","infraType":"sewage","geomType":"pipe","source":"order_55298/NIS_ZH_ABWASSER.dxf","_dedupKey":"2683972.2,1246861.5|2683973,1246851.5"}},{"type":"Feature","geometry":{"type":"LineString","coordinates":[[8.549636891624722,47.36664323771593],[8.549598135469147,47.366670416163714],[8.549600397747543,47.36667732068941],[8.54959922326106,47.366678141553265]]},"properties":{"layer":"LKZ1111-MLU1","infraType":"sewage","geomType":"pipe","source":"order_55298/NIS_ZH_ABWASSER.dxf","_dedupKey":"2683916.5,1246797.7|2683919.4,1246793.8"}},{"type":"Feature","geometry":{"type":"LineString","coordinates":[[8.547220912572644,47.36695079087004],[8.547219179673153,47.36693749464637],[8.54721690688246,47.36693643704135]]},"properties":{"layer":"LKZ1112-MLU1","infraType":"sewage","geomType":"pipe","source":"order_55298/NIS_ZH_ABWASSER.dxf","_dedupKey":"2683736.2,1246823.8|2683736.4,1246825.4"}},{"type":"Feature","geometry":{"type":"LineString","coordinates":[[8.54696841727131,47.36724330855071],[8.546956289299061,47.367214010721284],[8.546954016501784,47.367212953111185]]},"properties":{"layer":"LKZ1111-MLU1","infraType":"sewage","geomType":"pipe","source":"order_55298/NIS_ZH_ABWASSER.dxf","_dedupKey":"2683715.9,1246854.3|2683716.9,1246857.7"}},{"type":"Feature","geometry":{"type":"LineString","coordinates":[[8.547372518337193,47.36682385287092],[8.547365242567704,47.36681141942603],[8.547364108764766,47.36680783224076],[8.547362227484664,47.366806501024826]]},"properties":{"layer":"LKZ1111-MLU1","infraType":"sewage","geomType":"pipe","source":"order_55298/NIS_ZH_ABWASSER.dxf","_dedupKey":"2683747.3,1246809.6|2683748.1,1246811.5"}},{"type":"Feature","geometry":{"type":"LineString","coordinates":[[8.54754561596452,47.36669266047856],[8.547537469235547,47.36667654738464],[8.547536749378803,47.366673765792044],[8.547534869969859,47.36667252451271]]},"properties":{"layer":"LKZ1111-MLU1","infraType":"sewage","geomType":"pipe","source":"order_55298/NIS_ZH_ABWASSER.dxf","_dedupKey":"2683760.6,1246794.8|2683761.4,1246797.1"}},{"type":"Feature","geometry":{"type":"LineString","coordinates":[[8.550103770882926,47.36686740298169],[8.550048366523805,47.36690256760103],[8.55003388496178,47.366912871511026],[8.550027258797243,47.366912575467886],[8.549868904293335,47.36681074461154],[8.54984627975048,47.36681150200618],[8.54983147156556,47.366818840624646],[8.549827429862699,47.366821847920136]]},"properties":{"layer":"LKZ1113-MLU1","infraType":"sewage","geomType":"pipe","source":"order_55298/NIS_ZH_ABWASSER.dxf","_dedupKey":"2683933.5,1246813.9|2683954.3,1246819.3"}},{"type":"Feature","geometry":{"type":"LineString","coordinates":[[8.547517912633571,47.366691127435686],[8.547522873583613,47.366687751589154],[8.547522028837545,47.366685331002586],[8.547520015185041,47.366684001060136]]},"properties":{"layer":"LKZ1113-MLU1","infraType":"sewage","geomType":"pipe","source":"order_55298/NIS_ZH_ABWASSER.dxf","_dedupKey":"2683759.3,1246796.9|2683759.4,1246796.1"}},{"type":"Feature","geometry":{"type":"LineString","coordinates":[[8.547822434300329,47.36674856084813],[8.54780072610092,47.3667615424796],[8.547731008578399,47.366764280899616],[8.547728268038183,47.36676619620419]]},"properties":{"layer":"LKZ1113-MLU1","infraType":"sewage","geomType":"pipe","source":"order_55298/NIS_ZH_ABWASSER.dxf","_dedupKey":"2683775,1246805.5|2683782.2,1246803.6"}},{"type":"Feature","geometry":{"type":"LineString","coordinates":[[8.54789173607039,47.36652859287208],[8.547903764622061,47.366521281201265],[8.54792721698861,47.36652213536695],[8.547947026932636,47.3665070131002],[8.547943072106907,47.36650147407735]]},"properties":{"layer":"LKZ1113-MLU1","infraType":"sewage","geomType":"pipe","source":"order_55298/NIS_ZH_ABWASSER.dxf","_dedupKey":"2683787.8,1246779.2|2683791.7,1246776.3"}},{"type":"Feature","geometry":{"type":"LineString","coordinates":[[8.547641749061151,47.366648650520716],[8.547656916750048,47.3666076667772],[8.54765648736225,47.366599755146005],[8.547653662635796,47.36659762342844]]},"properties":{"layer":"LKZ1113-MLU1","infraType":"sewage","geomType":"pipe","source":"order_55298/NIS_ZH_ABWASSER.dxf","_dedupKey":"2683768.7,1246792.3|2683769.7,1246786.6"}},{"type":"Feature","geometry":{"type":"LineString","coordinates":[[8.547768936131162,47.36653813776422],[8.547818484035334,47.36650779793471],[8.547816354367423,47.3665008921024],[8.547813665754537,47.366498938984954]]},"properties":{"layer":"LKZ1113-MLU1","infraType":"sewage","geomType":"pipe","source":"order_55298/NIS_ZH_ABWASSER.dxf","_dedupKey":"2683778.5,1246780.2|2683781.9,1246775.8"}},{"type":"Feature","geometry":{"type":"LineString","coordinates":[[8.549610353851314,47.36662775143595],[8.549594336285711,47.36664058871702],[8.54957830392813,47.366671776301956],[8.549578594912147,47.36667303282791]]},"properties":{"layer":"LKZ1113-MLU1","infraType":"sewage","geomType":"pipe","source":"order_55298/NIS_ZH_ABWASSER.dxf","_dedupKey":"2683914.9,1246797.1|2683917.4,1246792.1"}},{"type":"Feature","geometry":{"type":"LineString","coordinates":[[8.55040878365711,47.367170393254234],[8.550393933394897,47.367169366833124],[8.550375955218762,47.367158026064416],[8.550359643221231,47.36715674385425]]},"properties":{"layer":"LKZ1113-MLU1","infraType":"sewage","geomType":"pipe","source":"order_55298/NIS_ZH_ABWASSER.dxf","_dedupKey":"2683973.2,1246851.7|2683976.9,1246853.3"}},{"type":"Feature","geometry":{"type":"LineString","coordinates":[[8.548794573747491,47.36684059600886],[8.548832983108953,47.36686667261706],[8.548858767644772,47.366922284801866],[8.548854899457906,47.36692726933342],[8.548856256905053,47.3669288754162]]},"properties":{"layer":"LKZ1111-MLU1","infraType":"sewage","geomType":"pipe","source":"order_55298/NIS_ZH_ABWASSER.dxf","_dedupKey":"2683855.5,1246814.9|2683860,1246824.8"}},{"type":"Feature","geometry":{"type":"LineString","coordinates":[[8.547355068215476,47.368365702963324],[8.547234168783385,47.368307675268774],[8.547164841039347,47.368373825532416],[8.547037528648334,47.368325753871865],[8.547037938868659,47.36832637959687]]},"properties":{"layer":"LKZ1113-MLU1","infraType":"sewage","geomType":"pipe","source":"order_55298/NIS_ZH_ABWASSER.dxf","_dedupKey":"2683720.5,1246978.2|2683744.3,1246982.9"}},{"type":"Feature","geometry":{"type":"LineString","coordinates":[[8.550359070725118,47.368183189000106],[8.550344978199682,47.36820581258798]]},"properties":{"layer":"LKZ1113-MLU1","infraType":"sewage","geomType":"pipe","source":"order_55298/NIS_ZH_ABWASSER.dxf","_dedupKey":"2683970.4,1246968.3|2683971.5,1246965.8"}},{"type":"Feature","geometry":{"type":"LineString","coordinates":[[8.54851742118678,47.36719479123364],[8.54851527886095,47.367193642448406],[8.548470728353196,47.36717149267519],[8.548462298921468,47.367167255993415],[8.548460907778422,47.367164031098405],[8.548469484749846,47.36714991620504],[8.5484639287898,47.36715014949834],[8.548461916968527,47.3671489095063]]},"properties":{"layer":"LKZ1113-MLU1","infraType":"sewage","geomType":"pipe","source":"order_55298/NIS_ZH_ABWASSER.dxf","_dedupKey":"2683829.9,1246848.8|2683834,1246854"}},{"type":"Feature","geometry":{"type":"LineString","coordinates":[[8.548257069858396,47.36749125518873],[8.54818966705096,47.36747166360618],[8.548180749567054,47.36745034076221]]},"properties":{"layer":"LKZ1113-MLU1","infraType":"sewage","geomType":"pipe","source":"order_55298/NIS_ZH_ABWASSER.dxf","_dedupKey":"2683808.1,1246882|2683813.8,1246886.6"}},{"type":"Feature","geometry":{"type":"LineString","coordinates":[[8.547266579389325,47.36714761667557],[8.547258827721885,47.36715686616082],[8.547104261435708,47.36709691270636],[8.547094924490867,47.36706812781282],[8.547092655437071,47.36706725007292]]},"properties":{"layer":"LKZ1113-MLU1","infraType":"sewage","geomType":"pipe","source":"order_55298/NIS_ZH_ABWASSER.dxf","_dedupKey":"2683726.6,1246838.3|2683739.6,1246847.4"}},{"type":"Feature","geometry":{"type":"LineString","coordinates":[[8.54718709292537,47.366438660402686],[8.547166501648421,47.36645441969925],[8.547167230833407,47.366457650963284],[8.547447419886867,47.366643859955815],[8.5475380707858,47.36666727657854],[8.547540080696633,47.3666684266531]]},"properties":{"layer":"LKZ1113-MLU1","infraType":"sewage","geomType":"pipe","source":"order_55298/NIS_ZH_ABWASSER.dxf","_dedupKey":"2683734.7,1246768.5|2683761,1246794.4"}},{"type":"Feature","geometry":{"type":"LineString","coordinates":[[8.547418921655986,47.366686860636655],[8.547469924361131,47.36671371630703],[8.547477872344711,47.36671390985413],[8.547479884126652,47.366715149863516]]},"properties":{"layer":"LKZ1111-MLU1","infraType":"sewage","geomType":"pipe","source":"order_55298/NIS_ZH_ABWASSER.dxf","_dedupKey":"2683751.8,1246796.3|2683756.4,1246799.5"}},{"type":"Feature","geometry":{"type":"LineString","coordinates":[[8.547985251851397,47.366874188820724],[8.54793272125157,47.366888456001234],[8.54792197843016,47.36688756971504],[8.547919237890468,47.36688948502408]]},"properties":{"layer":"LKZ1113-MLU1","infraType":"sewage","geomType":"pipe","source":"order_55298/NIS_ZH_ABWASSER.dxf","_dedupKey":"2683789.3,1246819.4|2683794.3,1246817.7"}},{"type":"Feature","geometry":{"type":"LineString","coordinates":[[8.548334219355386,47.36708860953855],[8.548306781085424,47.367093460710585],[8.54830444328649,47.36709564201437]]},"properties":{"layer":"LKZ1111-MLU1","infraType":"sewage","geomType":"pipe","source":"order_55298/NIS_ZH_ABWASSER.dxf","_dedupKey":"2683818,1246842.7|2683820.3,1246842"}},{"type":"Feature","geometry":{"type":"LineString","coordinates":[[8.54689164100866,47.36716128971824],[8.546975535475816,47.36717811519063],[8.546984784829268,47.36717721686295],[8.546987057625625,47.36717827447247]]},"properties":{"layer":"LKZ1111-MLU1","infraType":"sewage","geomType":"pipe","source":"order_55298/NIS_ZH_ABWASSER.dxf","_dedupKey":"2683711.2,1246848.5|2683718.4,1246850.5"}},{"type":"Feature","geometry":{"type":"LineString","coordinates":[[8.547642667006034,47.366940984890235],[8.547672772847775,47.36690525481118],[8.547686600014266,47.36688893071874],[8.547701849599587,47.36687097383368],[8.54776030328839,47.36680411805505],[8.547766043502966,47.36680001510053],[8.54776538490276,47.36679381475452],[8.547768528175613,47.3667921654367]]},"properties":{"layer":"LKZ1113-MLU1","infraType":"sewage","geomType":"pipe","source":"order_55298/NIS_ZH_ABWASSER.dxf","_dedupKey":"2683768.3,1246824.8|2683778,1246808.4"}},{"type":"Feature","geometry":{"type":"LineString","coordinates":[[8.54784763319841,47.36654700680582],[8.54784328541717,47.36652258168427],[8.547857973055589,47.36649671441722],[8.547854566441769,47.36649206964376]]},"properties":{"layer":"LKZ1113-MLU1","infraType":"sewage","geomType":"pipe","source":"order_55298/NIS_ZH_ABWASSER.dxf","_dedupKey":"2683784.4,1246781.2|2683785,1246775.1"}},{"type":"Feature","geometry":{"type":"LineString","coordinates":[[8.548391275884285,47.3671709068699],[8.548413381575434,47.36718337765534],[8.54841815452862,47.36718369159892]]},"properties":{"layer":"LKZ1113-MLU1","infraType":"sewage","geomType":"pipe","source":"order_55298/NIS_ZH_ABWASSER.dxf","_dedupKey":"2683824.5,1246851.2|2683826.5,1246852.6"}},{"type":"Feature","geometry":{"type":"LineString","coordinates":[[8.55030336853015,47.36821682740346],[8.550341091303425,47.36820989783036],[8.550348107258456,47.36820983029792]]},"properties":{"layer":"LKZ1113-MLU1","infraType":"sewage","geomType":"pipe","source":"order_55298/NIS_ZH_ABWASSER.dxf","_dedupKey":"2683967.3,1246969.5|2683970.6,1246968.8"}},{"type":"Feature","geometry":{"type":"LineString","coordinates":[[8.548195163830854,47.36758944757496],[8.54813528757756,47.367568884134805],[8.548123216082274,47.36755505758019],[8.548121015726014,47.36755112084129]]},"properties":{"layer":"LKZ1113-MLU1","infraType":"sewage","geomType":"pipe","source":"order_55298/NIS_ZH_ABWASSER.dxf","_dedupKey":"2683803.5,1246893.1|2683809,1246897.5"}},{"type":"Feature","geometry":{"type":"LineString","coordinates":[[8.548478228566683,47.36731552330543],[8.548490773042074,47.367301190381866],[8.5484890890597,47.36729661902513],[8.54838371152349,47.36725274569451],[8.548378301031786,47.367253607248045],[8.548321273789929,47.367319010399804],[8.54832101652958,47.367319372678594],[8.548320492648454,47.36731964756736],[8.548320099269587,47.36731983125051],[8.548319443014098,47.367320107411146],[8.548318652512176,47.367320294909945],[8.548317593517396,47.36732030508491],[8.548316797399227,47.367320222782375],[8.548316131783329,47.36732004927419],[8.548315596669712,47.36731978456041],[8.548301038694268,47.36731371776392],[8.548297078696576,47.367314295522],[8.548295779289795,47.36731547737933],[8.548282409481759,47.36731560583511],[8.5482773418167,47.36731385548942],[8.548274179270626,47.367308218914516]]},"properties":{"layer":"LKZ1113-MLU1","infraType":"sewage","geomType":"pipe","source":"order_55298/NIS_ZH_ABWASSER.dxf","_dedupKey":"2683815.4,1246866.3|2683830.8,1246867.3"}},{"type":"Feature","geometry":{"type":"LineString","coordinates":[[8.548580813104213,47.367066270630836],[8.548566208202514,47.367077025297185],[8.548556550537079,47.36707738796552],[8.548554536843923,47.367076058041235]]},"properties":{"layer":"LKZ1113-MLU1","infraType":"sewage","geomType":"pipe","source":"order_55298/NIS_ZH_ABWASSER.dxf","_dedupKey":"2683837,1246840.8|2683839,1246839.7"}},{"type":"Feature","geometry":{"type":"LineString","coordinates":[[8.549117620359505,47.36682111909207],[8.549094671743864,47.36682538757429],[8.549089210726203,47.366823820949776]]},"properties":{"layer":"LKZ1113-MLU1","infraType":"sewage","geomType":"pipe","source":"order_55298/NIS_ZH_ABWASSER.dxf","_dedupKey":"2683877.7,1246813.3|2683879.9,1246813.1"}},{"type":"Feature","geometry":{"type":"LineString","coordinates":[[8.547060237536645,47.36713826326223],[8.547047502287533,47.36711796644253],[8.547045233232398,47.36711708870175]]},"properties":{"layer":"LKZ1111-MLU1","infraType":"sewage","geomType":"pipe","source":"order_55298/NIS_ZH_ABWASSER.dxf","_dedupKey":"2683722.9,1246843.7|2683724,1246846.1"}},{"type":"Feature","geometry":{"type":"LineString","coordinates":[[8.549740004373424,47.36655940015918],[8.549789919153987,47.36658482605312],[8.549792513247962,47.36660764884967],[8.549722049697479,47.366688923562634],[8.549644837258608,47.36670684714443]]},"properties":{"layer":"LKZ1111-MLU1","infraType":"sewage","geomType":"pipe","source":"order_55298/NIS_ZH_ABWASSER.dxf","_dedupKey":"2683919.9,1246800.9|2683927.3,1246784.6"}},{"type":"Feature","geometry":{"type":"LineString","coordinates":[[8.549691921443843,47.36671080183375],[8.549674889874678,47.366725807723356]]},"properties":{"layer":"LKZ1113-MLU1","infraType":"sewage","geomType":"pipe","source":"order_55298/NIS_ZH_ABWASSER.dxf","_dedupKey":"2683922.1,1246803.1|2683923.4,1246801.4"}},{"type":"Feature","geometry":{"type":"LineString","coordinates":[[8.549895153996305,47.36691402654501],[8.549932342321455,47.366887852555315]]},"properties":{"layer":"LKZ1113-MLU1","infraType":"sewage","geomType":"pipe","source":"order_55298/NIS_ZH_ABWASSER.dxf","_dedupKey":"2683938.5,1246824.2|2683941.3,1246821.3"}},{"type":"Feature","geometry":{"type":"LineString","coordinates":[[8.550287215653892,47.367093035533564],[8.550255669446978,47.36709136023036]]},"properties":{"layer":"LKZ1113-MLU1","infraType":"sewage","geomType":"pipe","source":"order_55298/NIS_ZH_ABWASSER.dxf","_dedupKey":"2683965.4,1246844.3|2683967.8,1246844.5"}},{"type":"Feature","geometry":{"type":"LineString","coordinates":[[8.549575380899862,47.36670940426436],[8.549604994005772,47.36668186401713]]},"properties":{"layer":"LKZ1113-MLU1","infraType":"sewage","geomType":"pipe","source":"order_55298/NIS_ZH_ABWASSER.dxf","_dedupKey":"2683914.6,1246801.1|2683916.9,1246798.1"}},{"type":"Feature","geometry":{"type":"LineString","coordinates":[[8.550777058648995,47.36856991525527],[8.550208330733668,47.36903090585491]]},"properties":{"layer":"LKZ1110-MLU1","infraType":"sewage","geomType":"pipe","source":"order_55299/NIS_ZH_ABWASSER.dxf","_dedupKey":"2683958.8,1247059.9|2684002.5,1247009.2"}},{"type":"Feature","geometry":{"type":"LineString","coordinates":[[8.549166895278635,47.369021224731185],[8.549186303250636,47.36906304556786]]},"properties":{"layer":"LKZ1113-MLU1","infraType":"sewage","geomType":"pipe","source":"order_55299/NIS_ZH_ABWASSER.dxf","_dedupKey":"2683880.2,1247057.7|2683881.6,1247062.4"}},{"type":"Feature","geometry":{"type":"LineString","coordinates":[[8.547851602152983,47.369009397172455],[8.547820168005828,47.368974977702266],[8.547805534301483,47.368958926931974],[8.54779807946042,47.36895063301621]]},"properties":{"layer":"LKZ1113-MLU1","infraType":"sewage","geomType":"pipe","source":"order_55299/NIS_ZH_ABWASSER.dxf","_dedupKey":"2683776.9,1247048.4|2683780.8,1247055"}},{"type":"Feature","geometry":{"type":"LineString","coordinates":[[8.547192647290638,47.369475376818365],[8.547036837597984,47.3696807026438]]},"properties":{"layer":"LKZ1113-MLU1","infraType":"sewage","geomType":"pipe","source":"order_55299/NIS_ZH_ABWASSER.dxf","_dedupKey":"2683718.2,1247128.7|2683730.3,1247106.1"}},{"type":"Feature","geometry":{"type":"LineString","coordinates":[[8.54855745758108,47.36977269256375],[8.548151763892188,47.36934653148575]]},"properties":{"layer":"LKZ1110-MLU1","infraType":"sewage","geomType":"pipe","source":"order_55299/NIS_ZH_ABWASSER.dxf","_dedupKey":"2683803,1247092.8|2683832.9,1247140.6"}},{"type":"Feature","geometry":{"type":"LineString","coordinates":[[8.548144046056086,47.369338330070406],[8.547837824040913,47.369015376353765]]},"properties":{"layer":"LKZ1110-MLU1","infraType":"sewage","geomType":"pipe","source":"order_55299/NIS_ZH_ABWASSER.dxf","_dedupKey":"2683779.8,1247055.6|2683802.4,1247091.9"}},{"type":"Feature","geometry":{"type":"LineString","coordinates":[[8.547837824040913,47.369015376353765],[8.547806805747369,47.36898185240329],[8.54779577850348,47.368948226417345],[8.54764957251085,47.36878762739023]]},"properties":{"layer":"LKZ1110-MLU1","infraType":"sewage","geomType":"pipe","source":"order_55299/NIS_ZH_ABWASSER.dxf","_dedupKey":"2683765.9,1247030.1|2683779.8,1247055.6"}},{"type":"Feature","geometry":{"type":"LineString","coordinates":[[8.547641713100111,47.36877897754233],[8.547608520893146,47.36874277586173]]},"properties":{"layer":"LKZ1110-MLU1","infraType":"sewage","geomType":"pipe","source":"order_55299/NIS_ZH_ABWASSER.dxf","_dedupKey":"2683762.9,1247025.1|2683765.3,1247029.1"}},{"type":"Feature","geometry":{"type":"LineString","coordinates":[[8.547537262276098,47.36974723084813],[8.547882055954098,47.369314850484585]]},"properties":{"layer":"LKZ1113-MLU1","infraType":"sewage","geomType":"pipe","source":"order_55299/NIS_ZH_ABWASSER.dxf","_dedupKey":"2683755.9,1247136.7|2683782.7,1247089"}},{"type":"Feature","geometry":{"type":"LineString","coordinates":[[8.549741872234325,47.36942497509391],[8.548979659904948,47.370037590061735]]},"properties":{"layer":"LKZ1110-MLU1","infraType":"sewage","geomType":"pipe","source":"order_55299/NIS_ZH_ABWASSER.dxf","_dedupKey":"2683864.4,1247170.5|2683922.9,1247103.2"}},{"type":"Feature","geometry":{"type":"LineString","coordinates":[[8.548477237614634,47.36944289098696],[8.549101285538057,47.369056037213205]]},"properties":{"layer":"LKZ1113-MLU1","infraType":"sewage","geomType":"pipe","source":"order_55299/NIS_ZH_ABWASSER.dxf","_dedupKey":"2683827.4,1247103.8|2683875.1,1247061.5"}},{"type":"Feature","geometry":{"type":"LineString","coordinates":[[8.547391021542524,47.368681088278876],[8.54723501533861,47.36853938271703]]},"properties":{"layer":"LKZ1113-MLU1","infraType":"sewage","geomType":"pipe","source":"order_55299/NIS_ZH_ABWASSER.dxf","_dedupKey":"2683735,1247002.1|2683746.6,1247018"}},{"type":"Feature","geometry":{"type":"LineString","coordinates":[[8.547588450469583,47.36872632750737],[8.547163462033703,47.36847305548966]]},"properties":{"layer":"LKZ1113-MLU1","infraType":"sewage","geomType":"pipe","source":"order_55299/NIS_ZH_ABWASSER.dxf","_dedupKey":"2683729.7,1246994.6|2683761.4,1247023.2"}},{"type":"Feature","geometry":{"type":"LineString","coordinates":[[8.549671867556652,47.36935692541782],[8.549724331552216,47.36939653919159]]},"properties":{"layer":"LKZ1113-MLU1","infraType":"sewage","geomType":"pipe","source":"order_55299/NIS_ZH_ABWASSER.dxf","_dedupKey":"2683917.8,1247095.6|2683921.7,1247100"}},{"type":"Feature","geometry":{"type":"LineString","coordinates":[[8.547585978320825,47.368728420132825],[8.547163462033703,47.36847305548966]]},"properties":{"layer":"LKZ1110-MLU1","infraType":"sewage","geomType":"pipe","source":"order_55299/NIS_ZH_ABWASSER.dxf","_dedupKey":"2683729.7,1246994.6|2683761.2,1247023.5"}},{"type":"Feature","geometry":{"type":"LineString","coordinates":[[8.550214460967592,47.36901375602737],[8.54975532191405,47.36938418753205]]},"properties":{"layer":"LKZ1113-MLU1","infraType":"sewage","geomType":"pipe","source":"order_55299/NIS_ZH_ABWASSER.dxf","_dedupKey":"2683924,1247098.7|2683959.3,1247058"}},{"type":"Feature","geometry":{"type":"LineString","coordinates":[[8.549186303250636,47.36906304556786],[8.549197588010154,47.369089922573906]]},"properties":{"layer":"LKZ1113-MLU1","infraType":"sewage","geomType":"pipe","source":"order_55299/NIS_ZH_ABWASSER.dxf","_dedupKey":"2683881.6,1247062.4|2683882.4,1247065.4"}},{"type":"Feature","geometry":{"type":"LineString","coordinates":[[8.549197588010154,47.369089922573906],[8.549671867556652,47.36935692541782]]},"properties":{"layer":"LKZ1113-MLU1","infraType":"sewage","geomType":"pipe","source":"order_55299/NIS_ZH_ABWASSER.dxf","_dedupKey":"2683882.4,1247065.4|2683917.8,1247095.6"}},{"type":"Feature","geometry":{"type":"LineString","coordinates":[[8.549742821563632,47.36939429242764],[8.54899163976986,47.37000248368945]]},"properties":{"layer":"LKZ1113-MLU1","infraType":"sewage","geomType":"pipe","source":"order_55299/NIS_ZH_ABWASSER.dxf","_dedupKey":"2683865.4,1247166.6|2683923.1,1247099.8"}},{"type":"Feature","geometry":{"type":"LineString","coordinates":[[8.550208330733668,47.36903090585491],[8.550139692013635,47.369098220658415],[8.55006691562271,47.36916395610384],[8.549741872234325,47.36942497509391]]},"properties":{"layer":"LKZ1110-MLU1","infraType":"sewage","geomType":"pipe","source":"order_55299/NIS_ZH_ABWASSER.dxf","_dedupKey":"2683922.9,1247103.2|2683958.8,1247059.9"}},{"type":"Feature","geometry":{"type":"LineString","coordinates":[[8.548571103427811,47.36976671457001],[8.548499900319142,47.36969192934066],[8.548496247409172,47.3696881864718],[8.548495568655845,47.36968738342892],[8.54824744370172,47.3694268386878],[8.548215091755834,47.36939287790064],[8.548202908038501,47.36938004190452],[8.5481957328111,47.369372464941655],[8.548165409675283,47.36934055353927]]},"properties":{"layer":"LKZ1113-MLU1","infraType":"sewage","geomType":"pipe","source":"order_55299/NIS_ZH_ABWASSER.dxf","_dedupKey":"2683804,1247092.1|2683834,1247139.9"}},{"type":"Feature","geometry":{"type":"LineString","coordinates":[[8.548157561330484,47.36933244333015],[8.54811098959798,47.369283237375264],[8.547952729147116,47.36911609810033],[8.547911844957381,47.36907295415338],[8.547906836529524,47.36906769510596],[8.547896140940525,47.36905637396401],[8.54785674481984,47.3690147448847],[8.547851602152983,47.369009397172455]]},"properties":{"layer":"LKZ1113-MLU1","infraType":"sewage","geomType":"pipe","source":"order_55299/NIS_ZH_ABWASSER.dxf","_dedupKey":"2683780.8,1247055|2683803.4,1247091.2"}},{"type":"Feature","geometry":{"type":"LineString","coordinates":[[8.547743611526414,47.36889097839536],[8.547727620405455,47.36887332151983],[8.547698353117207,47.368841219952834],[8.547660006979447,47.3687991309657],[8.54764957251085,47.36878762739023]]},"properties":{"layer":"LKZ1113-MLU1","infraType":"sewage","geomType":"pipe","source":"order_55299/NIS_ZH_ABWASSER.dxf","_dedupKey":"2683765.9,1247030.1|2683772.9,1247041.7"}},{"type":"Feature","geometry":{"type":"LineString","coordinates":[[8.549858437699367,47.36859521837894],[8.549166895278635,47.369021224731185]]},"properties":{"layer":"LKZ1113-MLU1","infraType":"sewage","geomType":"pipe","source":"order_55299/NIS_ZH_ABWASSER.dxf","_dedupKey":"2683880.2,1247057.7|2683933.1,1247011.1"}},{"type":"Feature","geometry":{"type":"LineString","coordinates":[[8.550918760381968,47.36930741430965],[8.550332483232472,47.3690605643611]]},"properties":{"layer":"LKZ1113-MLU1","infraType":"sewage","geomType":"pipe","source":"order_55299/NIS_ZH_ABWASSER.dxf","_dedupKey":"2683968.1,1247063.3|2684012,1247091.4"}},{"type":"Feature","geometry":{"type":"LineString","coordinates":[[8.550332483232472,47.3690605643611],[8.550224608000947,47.369017796148675]]},"properties":{"layer":"LKZ1113-MLU1","infraType":"sewage","geomType":"pipe","source":"order_55299/NIS_ZH_ABWASSER.dxf","_dedupKey":"2683960,1247058.4|2683968.1,1247063.3"}},{"type":"Feature","geometry":{"type":"LineString","coordinates":[[8.55078247693922,47.368556730125476],[8.550227218394763,47.3690032887967]]},"properties":{"layer":"LKZ1113-MLU1","infraType":"sewage","geomType":"pipe","source":"order_55299/NIS_ZH_ABWASSER.dxf","_dedupKey":"2683960.3,1247056.8|2684002.9,1247007.8"}},{"type":"Feature","geometry":{"type":"LineString","coordinates":[[8.54723501533861,47.36853938271703],[8.547153042038518,47.36848134110387]]},"properties":{"layer":"LKZ1113-MLU1","infraType":"sewage","geomType":"pipe","source":"order_55299/NIS_ZH_ABWASSER.dxf","_dedupKey":"2683728.9,1246995.5|2683735,1247002.1"}},{"type":"Feature","geometry":{"type":"LineString","coordinates":[[8.550283785201335,47.36833170437786],[8.549858437699367,47.36859521837894]]},"properties":{"layer":"LKZ1113-MLU1","infraType":"sewage","geomType":"pipe","source":"order_55299/NIS_ZH_ABWASSER.dxf","_dedupKey":"2683933.1,1247011.1|2683965.6,1246982.2"}},{"type":"Feature","geometry":{"type":"LineString","coordinates":[[8.549101285538057,47.369056037213205],[8.549186303250636,47.36906304556786]]},"properties":{"layer":"LKZ1113-MLU1","infraType":"sewage","geomType":"pipe","source":"order_55299/NIS_ZH_ABWASSER.dxf","_dedupKey":"2683875.1,1247061.5|2683881.6,1247062.4"}},{"type":"Feature","geometry":{"type":"LineString","coordinates":[[8.547882055954098,47.369314850484585],[8.547978412788163,47.36916685402341]]},"properties":{"layer":"LKZ1113-MLU1","infraType":"sewage","geomType":"pipe","source":"order_55299/NIS_ZH_ABWASSER.dxf","_dedupKey":"2683782.7,1247089|2683790.2,1247072.6"}},{"type":"Feature","geometry":{"type":"LineString","coordinates":[[8.54779807946042,47.36895063301621],[8.547743611526414,47.36889097839536]]},"properties":{"layer":"LKZ1113-MLU1","infraType":"sewage","geomType":"pipe","source":"order_55299/NIS_ZH_ABWASSER.dxf","_dedupKey":"2683772.9,1247041.7|2683776.9,1247048.4"}},{"type":"Feature","geometry":{"type":"LineString","coordinates":[[8.547653125240963,47.36872291800737],[8.547606092272508,47.36872786719926],[8.547595611970372,47.368726888407366]]},"properties":{"layer":"LKZ1113-MLU1","infraType":"sewage","geomType":"pipe","source":"order_55299/NIS_ZH_ABWASSER.dxf","_dedupKey":"2683761.9,1247023.3|2683766.3,1247022.9"}},{"type":"Feature","geometry":{"type":"LineString","coordinates":[[8.54783347932474,47.36915655227984],[8.547952729147116,47.36911609810033]]},"properties":{"layer":"LKZ1113-MLU1","infraType":"sewage","geomType":"pipe","source":"order_55299/NIS_ZH_ABWASSER.dxf","_dedupKey":"2683779.2,1247071.3|2683788.3,1247066.9"}},{"type":"Feature","geometry":{"type":"LineString","coordinates":[[8.54953945039342,47.369388153049165],[8.549546352176773,47.36938259961091],[8.549565103689547,47.36936748726573],[8.549563555677535,47.3693630945216],[8.549584179232465,47.36934886368383],[8.549594923755675,47.369343453183504],[8.549616535104006,47.36932579467324]]},"properties":{"layer":"LKZ1113-MLU1","infraType":"sewage","geomType":"pipe","source":"order_55299/NIS_ZH_ABWASSER.dxf","_dedupKey":"2683907.7,1247098.9|2683913.6,1247092"}},{"type":"Feature","geometry":{"type":"LineString","coordinates":[[8.546925064787047,47.3693485043182],[8.547100869026217,47.369417069472355],[8.547171384403525,47.369503465914654]]},"properties":{"layer":"LKZ1111-MLU1","infraType":"sewage","geomType":"pipe","source":"order_55299/NIS_ZH_ABWASSER.dxf","_dedupKey":"2683710.3,1247091.7|2683728.7,1247109.2"}},{"type":"Feature","geometry":{"type":"LineString","coordinates":[[8.549996082562627,47.368548108544196],[8.549956513376518,47.36853634580588],[8.549955167104564,47.36853527933899]]},"properties":{"layer":"LKZ1113-MLU0","infraType":"sewage","geomType":"pipe","source":"order_55299/NIS_ZH_ABWASSER.dxf","_dedupKey":"2683940.5,1247004.5|2683943.5,1247006"}},{"type":"Feature","geometry":{"type":"LineString","coordinates":[[8.54721618268034,47.36938465954299],[8.547207142418666,47.36939563046526],[8.547212363610203,47.36940475542185],[8.54719221736811,47.36942923573844],[8.547173105832014,47.36945253674848],[8.547177179027981,47.369470128181604],[8.547192647290638,47.369475376818365]]},"properties":{"layer":"LKZ1113-MLU1","infraType":"sewage","geomType":"pipe","source":"order_55299/NIS_ZH_ABWASSER.dxf","_dedupKey":"2683730.3,1247106.1|2683732.3,1247096"}},{"type":"Feature","geometry":{"type":"LineString","coordinates":[[8.549627858782022,47.36877005397832],[8.549592460701165,47.36876148925438],[8.549590711674268,47.36876015680225]]},"properties":{"layer":"LKZ1111-MLU1","infraType":"sewage","geomType":"pipe","source":"order_55299/NIS_ZH_ABWASSER.dxf","_dedupKey":"2683912.6,1247029.1|2683915.4,1247030.3"}},{"type":"Feature","geometry":{"type":"LineString","coordinates":[[8.549745045903842,47.3686942667324],[8.54970331692766,47.36869322894093],[8.549701437396974,47.3686919876976]]},"properties":{"layer":"LKZ1111-MLU1","infraType":"sewage","geomType":"pipe","source":"order_55299/NIS_ZH_ABWASSER.dxf","_dedupKey":"2683921,1247021.7|2683924.3,1247022"}},{"type":"Feature","geometry":{"type":"LineString","coordinates":[[8.550463024179463,47.36838080180333],[8.550473972073869,47.36837880742568],[8.550523074794294,47.36836520176517],[8.55052869384248,47.36836163955172]]},"properties":{"layer":"LKZ1113-MLU1","infraType":"sewage","geomType":"pipe","source":"order_55299/NIS_ZH_ABWASSER.dxf","_dedupKey":"2683979.1,1246987.9|2683984,1246985.8"}},{"type":"Feature","geometry":{"type":"LineString","coordinates":[[8.549866916324834,47.36948466939821],[8.549737629037955,47.36941197291569],[8.549727845363321,47.36940631012538]]},"properties":{"layer":"LKZ1113-MLU1","infraType":"sewage","geomType":"pipe","source":"order_55299/NIS_ZH_ABWASSER.dxf","_dedupKey":"2683921.9,1247101.1|2683932.3,1247110"}},{"type":"Feature","geometry":{"type":"LineString","coordinates":[[8.54979415840449,47.36942429218023],[8.54977629757336,47.369367794431156],[8.549774593512655,47.369368620390354]]},"properties":{"layer":"LKZ1113-MLU1","infraType":"sewage","geomType":"pipe","source":"order_55299/NIS_ZH_ABWASSER.dxf","_dedupKey":"2683925.5,1247097|2683926.9,1247103.2"}},{"type":"Feature","geometry":{"type":"LineString","coordinates":[[8.54990590205158,47.369150843289475],[8.549917885113853,47.36916673939929],[8.549932511676122,47.36916336040435],[8.549980891065134,47.36919122968956],[8.54998879892195,47.369195831087666]]},"properties":{"layer":"LKZ1113-MLU1","infraType":"sewage","geomType":"pipe","source":"order_55299/NIS_ZH_ABWASSER.dxf","_dedupKey":"2683935.8,1247072.9|2683942,1247078"}},{"type":"Feature","geometry":{"type":"LineString","coordinates":[[8.549824365334674,47.36886621095282],[8.549816171734845,47.368873306017235],[8.549883760229973,47.368914393340496],[8.549872873240423,47.368944721868566],[8.549912784665331,47.368979239130645],[8.549963459309343,47.369009245180266],[8.550108003986402,47.36908980028994],[8.550115106315783,47.36909386972097]]},"properties":{"layer":"LKZ1113-MLU1","infraType":"sewage","geomType":"pipe","source":"order_55299/NIS_ZH_ABWASSER.dxf","_dedupKey":"2683930.1,1247041.2|2683951.7,1247066.8"}},{"type":"Feature","geometry":{"type":"LineString","coordinates":[[8.550033842690782,47.36887319057071],[8.550060859086964,47.368873470306326],[8.550193645479203,47.368948921258365],[8.55020277020875,47.36894838368199],[8.550250092391947,47.368976352982095],[8.550256258691013,47.36897998165481]]},"properties":{"layer":"LKZ1111-MLU1","infraType":"sewage","geomType":"pipe","source":"order_55299/NIS_ZH_ABWASSER.dxf","_dedupKey":"2683945.9,1247042.2|2683962.5,1247054.3"}},{"type":"Feature","geometry":{"type":"LineString","coordinates":[[8.550198302087798,47.36898809539723],[8.550204322878956,47.368991095811005],[8.550204759396154,47.368992980596204],[8.550193742408752,47.369010717164336],[8.550196406518605,47.36902418428409],[8.550208330733668,47.36903090585491]]},"properties":{"layer":"LKZ1111-MLU1","infraType":"sewage","geomType":"pipe","source":"order_55299/NIS_ZH_ABWASSER.dxf","_dedupKey":"2683958.1,1247055.1|2683958.8,1247059.9"}},{"type":"Feature","geometry":{"type":"LineString","coordinates":[[8.550212554852305,47.36891599684053],[8.550214363576965,47.36893289035848],[8.550262858403666,47.36895994885028],[8.55026557536198,47.368963250914426],[8.550272274925032,47.368967054357235]]},"properties":{"layer":"LKZ1113-MLU1","infraType":"sewage","geomType":"pipe","source":"order_55299/NIS_ZH_ABWASSER.dxf","_dedupKey":"2683959.3,1247047.1|2683963.7,1247052.9"}},{"type":"Feature","geometry":{"type":"LineString","coordinates":[[8.550257705025341,47.368776317007864],[8.550308914649385,47.3687748346505],[8.550379797845059,47.36881517036107],[8.55038310729539,47.3688151385051],[8.550389665092013,47.36881849354713],[8.55038972136096,47.36882119155763],[8.55038438389169,47.368825560618454],[8.550384949040698,47.36882726426148],[8.55041533647787,47.368843163067375],[8.550421767528949,47.36884678918282]]},"properties":{"layer":"LKZ1111-MLU1","infraType":"sewage","geomType":"pipe","source":"order_55299/NIS_ZH_ABWASSER.dxf","_dedupKey":"2683962.9,1247031.6|2683975.2,1247039.6"}},{"type":"Feature","geometry":{"type":"LineString","coordinates":[[8.550463428105164,47.3687175772543],[8.550521689616113,47.36874948896501],[8.550523088428749,47.36875307356834],[8.550532068421358,47.368758294270435]]},"properties":{"layer":"LKZ1113-MLU1","infraType":"sewage","geomType":"pipe","source":"order_55299/NIS_ZH_ABWASSER.dxf","_dedupKey":"2683978.6,1247025.3|2683983.7,1247029.9"}},{"type":"Feature","geometry":{"type":"LineString","coordinates":[[8.546748767199206,47.36844726094803],[8.54673403149666,47.368432650249375],[8.54666368806695,47.36841812328274]]},"properties":{"layer":"LKZ1113-MLU1","infraType":"sewage","geomType":"pipe","source":"order_55299/NIS_ZH_ABWASSER.dxf","_dedupKey":"2683692,1246988|2683698.4,1246991.3"}},{"type":"Feature","geometry":{"type":"LineString","coordinates":[[8.547888479479822,47.36958536344774],[8.547855063179574,47.36945570419872],[8.547856902418935,47.36944228373482],[8.547908155865155,47.369347432182614],[8.54791158551122,47.369334086394275],[8.547904829822786,47.36930212847783],[8.547892835215672,47.3692983757534]]},"properties":{"layer":"LKZ1113-MLU1","infraType":"sewage","geomType":"pipe","source":"order_55299/NIS_ZH_ABWASSER.dxf","_dedupKey":"2683782.7,1247119|2683783.5,1247087.1"}},{"type":"Feature","geometry":{"type":"LineString","coordinates":[[8.547090811523297,47.36844946580392],[8.547094557241994,47.368419475940435],[8.547104408852249,47.368415693371205]]},"properties":{"layer":"LKZ1113-MLU1","infraType":"sewage","geomType":"pipe","source":"order_55299/NIS_ZH_ABWASSER.dxf","_dedupKey":"2683724.3,1246991.9|2683725.3,1246988.2"}},{"type":"Feature","geometry":{"type":"LineString","coordinates":[[8.548281555879942,47.36937361936922],[8.548218963671289,47.36936261693648],[8.5481957328111,47.369372464941655]]},"properties":{"layer":"LKZ1113-MLU1","infraType":"sewage","geomType":"pipe","source":"order_55299/NIS_ZH_ABWASSER.dxf","_dedupKey":"2683806.3,1247095.7|2683812.7,1247095.9"}},{"type":"Feature","geometry":{"type":"LineString","coordinates":[[8.547978159569205,47.36905288766278],[8.547930337682033,47.369058114416326],[8.547906836529524,47.36906769510596]]},"properties":{"layer":"LKZ1113-MLU1","infraType":"sewage","geomType":"pipe","source":"order_55299/NIS_ZH_ABWASSER.dxf","_dedupKey":"2683784.9,1247061.5|2683790.3,1247059.9"}},{"type":"Feature","geometry":{"type":"LineString","coordinates":[[8.547745802276339,47.36906627320369],[8.547820168005828,47.368974977702266]]},"properties":{"layer":"LKZ1113-MLU0","infraType":"sewage","geomType":"pipe","source":"order_55299/NIS_ZH_ABWASSER.dxf","_dedupKey":"2683772.8,1247061.2|2683778.5,1247051.1"}},{"type":"Feature","geometry":{"type":"LineString","coordinates":[[8.547202966095606,47.368526287536035],[8.547206096396371,47.368524008698195],[8.547208542367065,47.368520657008304]]},"properties":{"layer":"LKZ1113-MLU1","infraType":"sewage","geomType":"pipe","source":"order_55299/NIS_ZH_ABWASSER.dxf","_dedupKey":"2683732.6,1247000.6|2683733,1247000"}},{"type":"Feature","geometry":{"type":"LineString","coordinates":[[8.547519850068204,47.36877016297143],[8.547586159797637,47.368737143704834],[8.547595611970372,47.368726888407366]]},"properties":{"layer":"LKZ1113-MLU1","infraType":"sewage","geomType":"pipe","source":"order_55299/NIS_ZH_ABWASSER.dxf","_dedupKey":"2683756.2,1247028|2683761.9,1247023.3"}},{"type":"Feature","geometry":{"type":"LineString","coordinates":[[8.547295498251149,47.36847448669042],[8.547213108656253,47.36852376148887]]},"properties":{"layer":"LKZ1113-MLU1","infraType":"sewage","geomType":"pipe","source":"order_55299/NIS_ZH_ABWASSER.dxf","_dedupKey":"2683733.4,1247000.3|2683739.7,1246994.9"}},{"type":"Feature","geometry":{"type":"LineString","coordinates":[[8.549741415380721,47.36850738195656],[8.549858437699367,47.36859521837894]]},"properties":{"layer":"LKZ1113-MLU1","infraType":"sewage","geomType":"pipe","source":"order_55299/NIS_ZH_ABWASSER.dxf","_dedupKey":"2683924.4,1247001.2|2683933.1,1247011.1"}},{"type":"Feature","geometry":{"type":"LineString","coordinates":[[8.547360616353258,47.37027487401597],[8.547358757397571,47.37027462200571],[8.547354284049781,47.37026962765426],[8.547352952750552,47.37026928062713],[8.547346451082895,47.37026862342485],[8.54733994193326,47.37026760648749],[8.547338608763638,47.37026716952649],[8.547295520041239,47.37021990875829],[8.547295320323217,47.37021667241595],[8.547576328287418,47.36986208385493],[8.547560169515895,47.3698236497343],[8.547909282873677,47.36938250251497],[8.547912172764669,47.369381395339595],[8.547959506600055,47.36937815222144],[8.54796504919268,47.36937090285184],[8.547964342378066,47.3693687508002],[8.547937403727575,47.369340404899475],[8.54782125681148,47.36909730154526],[8.547767916965428,47.36904096431572],[8.547767870185112,47.369038715972714],[8.547817998520978,47.36898525302991],[8.547817951738592,47.36898300468687],[8.547817949867298,47.36898291475315],[8.547791662154465,47.368954022856244],[8.547602237848997,47.36874625435413],[8.547585978320825,47.368728420132825]]},"properties":{"layer":"LKZ1112-MLU1","infraType":"sewage","geomType":"pipe","source":"order_55299/NIS_ZH_ABWASSER.dxf","_dedupKey":"2683741.8,1247195.1|2683761.2,1247023.5"}},{"type":"Feature","geometry":{"type":"LineString","coordinates":[[8.550672363534737,47.369238095399076],[8.550688867158453,47.36921679784073],[8.550686388652903,47.369212234166305],[8.550688070180684,47.36921032898961]]},"properties":{"layer":"LKZ1113-MLU1","infraType":"sewage","geomType":"pipe","source":"order_55299/NIS_ZH_ABWASSER.dxf","_dedupKey":"2683993.5,1247083.4|2683994.7,1247080.3"}},{"type":"Feature","geometry":{"type":"LineString","coordinates":[[8.55077060913461,47.369079464037426],[8.550766639651057,47.36907959221157],[8.550753821435956,47.369080795058885],[8.550742241534184,47.36908423477471],[8.55073162017741,47.36908919443925],[8.55072328678061,47.36909593110759],[8.550656018266306,47.36917177844364],[8.550612275893178,47.369175797659366],[8.550610460108865,47.36917761417582]]},"properties":{"layer":"LKZ1113-MLU1","infraType":"sewage","geomType":"pipe","source":"order_55299/NIS_ZH_ABWASSER.dxf","_dedupKey":"2683988.9,1247076.6|2684001.2,1247065.9"}},{"type":"Feature","geometry":{"type":"LineString","coordinates":[[8.550652811572903,47.36904344819283],[8.55059466777929,47.36911875788172],[8.550555351593067,47.369150889355026],[8.550554837085068,47.369151613922114],[8.550553021299612,47.3691534304377]]},"properties":{"layer":"LKZ1113-MLU1","infraType":"sewage","geomType":"pipe","source":"order_55299/NIS_ZH_ABWASSER.dxf","_dedupKey":"2683984.6,1247073.9|2683992.3,1247061.8"}},{"type":"Feature","geometry":{"type":"LineString","coordinates":[[8.550337837786413,47.36908875766517],[8.550346610718286,47.36907769911138],[8.55035217358611,47.369071438896945],[8.550353855121399,47.36906953372505]]},"properties":{"layer":"LKZ1113-MLU1","infraType":"sewage","geomType":"pipe","source":"order_55299/NIS_ZH_ABWASSER.dxf","_dedupKey":"2683968.5,1247066.5|2683969.7,1247064.3"}},{"type":"Feature","geometry":{"type":"LineString","coordinates":[[8.547734392348342,47.36947881123702],[8.547740129584914,47.36948091498417],[8.547742221938432,47.36948602213745],[8.54774475960784,47.36948707718888]]},"properties":{"layer":"LKZ1113-MLU1","infraType":"sewage","geomType":"pipe","source":"order_55299/NIS_ZH_ABWASSER.dxf","_dedupKey":"2683771.2,1247107|2683772,1247108"}},{"type":"Feature","geometry":{"type":"LineString","coordinates":[[8.547790932732164,47.369345319700024],[8.547819907461017,47.36935061845025],[8.547852685155132,47.36934778501918],[8.547855217206026,47.36934857026715]]},"properties":{"layer":"LKZ1113-MLU1","infraType":"sewage","geomType":"pipe","source":"order_55299/NIS_ZH_ABWASSER.dxf","_dedupKey":"2683775.7,1247092.3|2683780.6,1247092.7"}},{"type":"Feature","geometry":{"type":"LineString","coordinates":[[8.547650595482258,47.36952414196169],[8.547665120308759,47.36952859002937],[8.547697505661407,47.36953871345214],[8.547700675293965,47.36953832320944],[8.547703211093921,47.3695392883281]]},"properties":{"layer":"LKZ1113-MLU1","infraType":"sewage","geomType":"pipe","source":"order_55299/NIS_ZH_ABWASSER.dxf","_dedupKey":"2683764.8,1247112|2683768.8,1247113.7"}},{"type":"Feature","geometry":{"type":"LineString","coordinates":[[8.54770466256503,47.36944995237592],[8.547712913139735,47.36945194203847],[8.54777524476811,47.36944405739526],[8.547778179575099,47.36944510863224]]},"properties":{"layer":"LKZ1111-MLU1","infraType":"sewage","geomType":"pipe","source":"order_55299/NIS_ZH_ABWASSER.dxf","_dedupKey":"2683769,1247103.8|2683774.6,1247103.3"}},{"type":"Feature","geometry":{"type":"LineString","coordinates":[[8.547858187890078,47.36930680415625],[8.547865332714535,47.36933201196168],[8.547867732385509,47.36933279848071]]},"properties":{"layer":"LKZ1113-MLU1","infraType":"sewage","geomType":"pipe","source":"order_55299/NIS_ZH_ABWASSER.dxf","_dedupKey":"2683780.9,1247088|2683781.5,1247090.9"}},{"type":"Feature","geometry":{"type":"LineString","coordinates":[[8.548064446929438,47.36936266203555],[8.548077125876377,47.369297505176675],[8.54811098959798,47.369283237375264]]},"properties":{"layer":"LKZ1113-MLU1","infraType":"sewage","geomType":"pipe","source":"order_55299/NIS_ZH_ABWASSER.dxf","_dedupKey":"2683796.4,1247094.5|2683800,1247085.7"}},{"type":"Feature","geometry":{"type":"LineString","coordinates":[[8.54719115656686,47.369518298071895],[8.547171416603268,47.369511381352304],[8.547165325261298,47.36951134986406]]},"properties":{"layer":"LKZ1113-MLU1","infraType":"sewage","geomType":"pipe","source":"order_55299/NIS_ZH_ABWASSER.dxf","_dedupKey":"2683728.2,1247110|2683730.2,1247110.8"}},{"type":"Feature","geometry":{"type":"LineString","coordinates":[[8.547507608495746,47.36880545161342],[8.547542516114712,47.36879045433931],[8.547555298334458,47.36878115654177],[8.547565719743341,47.368766574259816],[8.54757165152233,47.36875257479386],[8.54757011026855,47.36873576862521],[8.54756773262577,47.36872967473866],[8.547578527287977,47.36872030606975]]},"properties":{"layer":"LKZ1113-MLU1","infraType":"sewage","geomType":"pipe","source":"order_55299/NIS_ZH_ABWASSER.dxf","_dedupKey":"2683755.2,1247031.9|2683760.7,1247022.5"}},{"type":"Feature","geometry":{"type":"LineString","coordinates":[[8.549633607286113,47.36955410779469],[8.549572777244762,47.369532384888586],[8.549571727577618,47.36953284474345]]},"properties":{"layer":"LKZ1113-MLU1","infraType":"sewage","geomType":"pipe","source":"order_55299/NIS_ZH_ABWASSER.dxf","_dedupKey":"2683909.9,1247115|2683914.6,1247117.4"}},{"type":"Feature","geometry":{"type":"LineString","coordinates":[[8.548320964009552,47.369352192055075],[8.548313000652106,47.369351279096605],[8.548232141970152,47.369385068206604],[8.548215091755834,47.36939287790064]]},"properties":{"layer":"LKZ1110-MLU1","infraType":"sewage","geomType":"pipe","source":"order_55299/NIS_ZH_ABWASSER.dxf","_dedupKey":"2683807.7,1247098|2683815.7,1247093.6"}},{"type":"Feature","geometry":{"type":"LineString","coordinates":[[8.548510910673958,47.36938131031094],[8.548553849005883,47.369389533051965],[8.548562203893935,47.369390172376285]]},"properties":{"layer":"LKZ1113-MLU1","infraType":"sewage","geomType":"pipe","source":"order_55299/NIS_ZH_ABWASSER.dxf","_dedupKey":"2683830,1247097|2683833.9,1247098.1"}},{"type":"Feature","geometry":{"type":"LineString","coordinates":[[8.54860290689202,47.369297400827236],[8.548648424508311,47.369334113432885],[8.548652271000169,47.369334436272375]]},"properties":{"layer":"LKZ1113-MLU1","infraType":"sewage","geomType":"pipe","source":"order_55299/NIS_ZH_ABWASSER.dxf","_dedupKey":"2683837.1,1247087.8|2683840.8,1247092"}},{"type":"Feature","geometry":{"type":"LineString","coordinates":[[8.54906597109966,47.369102342066306],[8.549045293155404,47.36909489497327],[8.549044289696056,47.36909121660058]]},"properties":{"layer":"LKZ1113-MLU1","infraType":"sewage","geomType":"pipe","source":"order_55299/NIS_ZH_ABWASSER.dxf","_dedupKey":"2683870.8,1247065.3|2683872.4,1247066.6"}},{"type":"Feature","geometry":{"type":"LineString","coordinates":[[8.547235839032467,47.36948305790605],[8.547184789075324,47.36948588663477]]},"properties":{"layer":"LKZ1111-MLU1","infraType":"sewage","geomType":"pipe","source":"order_55299/NIS_ZH_ABWASSER.dxf","_dedupKey":"2683729.7,1247107.2|2683733.6,1247107"}},{"type":"Feature","geometry":{"type":"LineString","coordinates":[[8.549186727704857,47.36901986466454],[8.549187437663766,47.36901581001096],[8.54918582851161,47.36901483601471],[8.549181456272647,47.36901469815186],[8.549179705374122,47.369013275759876]]},"properties":{"layer":"LKZ1113-MLU1","infraType":"sewage","geomType":"pipe","source":"order_55299/NIS_ZH_ABWASSER.dxf","_dedupKey":"2683881.1,1247056.8|2683881.7,1247057.6"}},{"type":"Feature","geometry":{"type":"LineString","coordinates":[[8.549443870495496,47.36879170298919],[8.549482598812654,47.36882029496281],[8.549482942280974,47.36882406963172],[8.549484691307272,47.368825402085484]]},"properties":{"layer":"LKZ1113-MLU1","infraType":"sewage","geomType":"pipe","source":"order_55299/NIS_ZH_ABWASSER.dxf","_dedupKey":"2683901.4,1247032.5|2683904.5,1247036.3"}},{"type":"Feature","geometry":{"type":"LineString","coordinates":[[8.549614752669077,47.368763793475736],[8.54960690558452,47.368768456495594],[8.549581961128952,47.368772294504026],[8.549575726246632,47.368771724814074],[8.549573979094074,47.36877048229538]]},"properties":{"layer":"LKZ1113-MLU1","infraType":"sewage","geomType":"pipe","source":"order_55299/NIS_ZH_ABWASSER.dxf","_dedupKey":"2683911.3,1247030.3|2683914.4,1247029.6"}},{"type":"Feature","geometry":{"type":"LineString","coordinates":[[8.548695440089364,47.36883236072963],[8.54871547905698,47.36884728001786],[8.548732567073118,47.368847655488565],[8.548744135132308,47.36885635956967],[8.548779771598843,47.36888273270016],[8.549101285538057,47.369056037213205]]},"properties":{"layer":"LKZ1113-MLU1","infraType":"sewage","geomType":"pipe","source":"order_55299/NIS_ZH_ABWASSER.dxf","_dedupKey":"2683844.8,1247036.2|2683875.1,1247061.5"}},{"type":"Feature","geometry":{"type":"LineString","coordinates":[[8.549204000196404,47.36907357965786],[8.549200693901465,47.3690864745443],[8.549197588010154,47.369089922573906]]},"properties":{"layer":"LKZ1113-MLU1","infraType":"sewage","geomType":"pipe","source":"order_55299/NIS_ZH_ABWASSER.dxf","_dedupKey":"2683882.4,1247065.4|2683882.9,1247063.6"}},{"type":"Feature","geometry":{"type":"LineString","coordinates":[[8.549231412974462,47.368883158141294],[8.549222376308427,47.368887922524785],[8.549212993902389,47.368939645028135],[8.549247390534617,47.36896369119346],[8.54924750295711,47.368969087215326],[8.549249251982284,47.3689704196726]]},"properties":{"layer":"LKZ1113-MLU1","infraType":"sewage","geomType":"pipe","source":"order_55299/NIS_ZH_ABWASSER.dxf","_dedupKey":"2683885.2,1247042.4|2683886.5,1247052.1"}},{"type":"Feature","geometry":{"type":"LineString","coordinates":[[8.5493373312143,47.36956919076712],[8.549357829487557,47.36956800417349],[8.54937310444341,47.36957667254375],[8.549397214600953,47.36959632000271],[8.549405590145525,47.369597948536395],[8.549447935714483,47.36962218805074],[8.549455839841075,47.36962660961739]]},"properties":{"layer":"LKZ1113-MLU1","infraType":"sewage","geomType":"pipe","source":"order_55299/NIS_ZH_ABWASSER.dxf","_dedupKey":"2683892.2,1247118.8|2683901,1247125.3"}},{"type":"Feature","geometry":{"type":"LineString","coordinates":[[8.549666415148225,47.36862522061122],[8.549683013412912,47.36861480644395],[8.549687534867827,47.36861575241765],[8.54972926502236,47.36866131631044],[8.549725177735608,47.36867484839032],[8.549726928637579,47.36867627077419]]},"properties":{"layer":"LKZ1113-MLU1","infraType":"sewage","geomType":"pipe","source":"order_55299/NIS_ZH_ABWASSER.dxf","_dedupKey":"2683918.5,1247014.2|2683923,1247019.9"}},{"type":"Feature","geometry":{"type":"LineString","coordinates":[[8.546858969106736,47.369589309475245],[8.546863975241378,47.369588092069186],[8.546997812263214,47.369631423831734],[8.547007750508534,47.36963816478731],[8.547035150626229,47.369656881642925],[8.547038484440902,47.36965801902118],[8.54704598975315,47.369668741194545]]},"properties":{"layer":"LKZ1111-MLU1","infraType":"sewage","geomType":"pipe","source":"order_55299/NIS_ZH_ABWASSER.dxf","_dedupKey":"2683705,1247118.4|2683719,1247127.4"}},{"type":"Feature","geometry":{"type":"LineString","coordinates":[[8.549625367537283,47.36868228505537],[8.549670986308422,47.36870478392004],[8.549670274516046,47.36870874864332],[8.549672021668826,47.36870999116056]]},"properties":{"layer":"LKZ1111-MLU1","infraType":"sewage","geomType":"pipe","source":"order_55299/NIS_ZH_ABWASSER.dxf","_dedupKey":"2683915.3,1247020.5|2683918.8,1247023.6"}},{"type":"Feature","geometry":{"type":"LineString","coordinates":[[8.54963325531459,47.368895574676415],[8.549707048097295,47.36889765332443],[8.549766930476945,47.36893746557113],[8.549764463697928,47.36900333396439],[8.5495292876154,47.36918639915754],[8.549534207329359,47.36923186740523],[8.549499742783883,47.36925540643351],[8.549499305100408,47.369259818277044]]},"properties":{"layer":"LKZ1113-MLU1","infraType":"sewage","geomType":"pipe","source":"order_55299/NIS_ZH_ABWASSER.dxf","_dedupKey":"2683904.9,1247084.6|2683915.6,1247044.2"}},{"type":"Feature","geometry":{"type":"LineString","coordinates":[[8.550340382759028,47.36898223031896],[8.550281117242225,47.368959323354275],[8.550279961470432,47.368961043561306]]},"properties":{"layer":"LKZ1113-MLU1","infraType":"sewage","geomType":"pipe","source":"order_55299/NIS_ZH_ABWASSER.dxf","_dedupKey":"2683964.3,1247052.2|2683968.8,1247054.6"}},{"type":"Feature","geometry":{"type":"LineString","coordinates":[[8.547384013435304,47.368687901932525],[8.547391021542524,47.368681088278876]]},"properties":{"layer":"LKZ1113-MLU1","infraType":"sewage","geomType":"pipe","source":"order_55299/NIS_ZH_ABWASSER.dxf","_dedupKey":"2683746,1247018.7|2683746.6,1247018"}},{"type":"Feature","geometry":{"type":"LineString","coordinates":[[8.54715911235623,47.36950547268381],[8.547152408144546,47.36951417238868],[8.54715811023252,47.36952095398864]]},"properties":{"layer":"LKZ1113-MLU1","infraType":"sewage","geomType":"pipe","source":"order_55299/NIS_ZH_ABWASSER.dxf","_dedupKey":"2683727.7,1247111.1|2683727.8,1247109.4"}},{"type":"Feature","geometry":{"type":"LineString","coordinates":[[8.547142160686704,47.369600804241976],[8.547118423116183,47.369592666557104],[8.547101789985806,47.36959507498127]]},"properties":{"layer":"LKZ1114-MLU1","infraType":"sewage","geomType":"pipe","source":"order_55299/NIS_ZH_ABWASSER.dxf","_dedupKey":"2683723.3,1247119.3|2683726.3,1247120"}},{"type":"Feature","geometry":{"type":"LineString","coordinates":[[8.549678393019184,47.369320612105795],[8.54964922552824,47.36934419017435]]},"properties":{"layer":"LKZ1113-MLU1","infraType":"sewage","geomType":"pipe","source":"order_55299/NIS_ZH_ABWASSER.dxf","_dedupKey":"2683916.1,1247094.1|2683918.3,1247091.5"}},{"type":"Feature","geometry":{"type":"LineString","coordinates":[[8.54968619193877,47.36935175032753],[8.549681554451523,47.36936429822632]]},"properties":{"layer":"LKZ1113-MLU1","infraType":"sewage","geomType":"pipe","source":"order_55299/NIS_ZH_ABWASSER.dxf","_dedupKey":"2683918.5,1247096.4|2683918.9,1247095"}},{"type":"Feature","geometry":{"type":"LineString","coordinates":[[8.549497291874296,47.368724804816054],[8.549502000062823,47.36872835760114],[8.54951006829953,47.368734306765],[8.549546736862444,47.36878477679806],[8.549548487763255,47.36878619918459]]},"properties":{"layer":"LKZ1113-MLU1","infraType":"sewage","geomType":"pipe","source":"order_55299/NIS_ZH_ABWASSER.dxf","_dedupKey":"2683905.6,1247025.1|2683909.3,1247032"}},{"type":"Feature","geometry":{"type":"LineString","coordinates":[[8.547621537660248,47.36893568721028],[8.547626791634055,47.36893365782525],[8.547655298367872,47.36891647318604],[8.54769330030088,47.368891101710496],[8.5477163331766,47.36887810739576],[8.547727620405455,47.36887332151983]]},"properties":{"layer":"LKZ1113-MLU1","infraType":"sewage","geomType":"pipe","source":"order_55299/NIS_ZH_ABWASSER.dxf","_dedupKey":"2683763.6,1247046.5|2683771.7,1247039.7"}},{"type":"Feature","geometry":{"type":"LineString","coordinates":[[8.549790030830655,47.3686672981957],[8.549749332777818,47.36866490122694],[8.549747581875625,47.36866347884343]]},"properties":{"layer":"LKZ1111-MLU1","infraType":"sewage","geomType":"pipe","source":"order_55299/NIS_ZH_ABWASSER.dxf","_dedupKey":"2683924.6,1247018.5|2683927.8,1247019"}},{"type":"Feature","geometry":{"type":"LineString","coordinates":[[8.547272749565769,47.36858390641309],[8.547280086021209,47.36858014797179]]},"properties":{"layer":"LKZ1113-MLU1","infraType":"sewage","geomType":"pipe","source":"order_55299/NIS_ZH_ABWASSER.dxf","_dedupKey":"2683737.8,1247007.1|2683738.3,1247006.6"}},{"type":"Feature","geometry":{"type":"LineString","coordinates":[[8.550338848126357,47.368495965987016],[8.550332894902445,47.36849620319275],[8.550325902507186,47.36849105329587],[8.550202431785893,47.3683987818136],[8.550177121528446,47.368397766079454]]},"properties":{"layer":"LKZ1111-MLU1","infraType":"sewage","geomType":"pipe","source":"order_55299/NIS_ZH_ABWASSER.dxf","_dedupKey":"2683957.4,1246989.5|2683969.5,1247000.6"}},{"type":"Feature","geometry":{"type":"LineString","coordinates":[[8.549335754040465,47.36910586469188],[8.549319597663283,47.36911843339724],[8.549314260076454,47.36912280240821],[8.549303340092832,47.36912614568084],[8.549286279535304,47.369139802496726]]},"properties":{"layer":"LKZ1113-MLU1","infraType":"sewage","geomType":"pipe","source":"order_55299/NIS_ZH_ABWASSER.dxf","_dedupKey":"2683889,1247071|2683892.8,1247067.3"}},{"type":"Feature","geometry":{"type":"LineString","coordinates":[[8.54761402110977,47.368924425469594],[8.547687064021462,47.36884591589218],[8.547698353117207,47.368841219952834]]},"properties":{"layer":"LKZ1113-MLU1","infraType":"sewage","geomType":"pipe","source":"order_55299/NIS_ZH_ABWASSER.dxf","_dedupKey":"2683763,1247045.3|2683769.5,1247036.1"}},{"type":"Feature","geometry":{"type":"LineString","coordinates":[[8.550520649391608,47.369296315574026],[8.550642375272346,47.36919691638014],[8.550641371700799,47.36919323802145],[8.550643055105652,47.36919142277909]]},"properties":{"layer":"LKZ1111-MLU1","infraType":"sewage","geomType":"pipe","source":"order_55299/NIS_ZH_ABWASSER.dxf","_dedupKey":"2683982,1247089.7|2683991.4,1247078.2"}},{"type":"Feature","geometry":{"type":"LineString","coordinates":[[8.54964504046427,47.369384798653435],[8.549683303500528,47.36936563067686]]},"properties":{"layer":"LKZ1113-MLU1","infraType":"sewage","geomType":"pipe","source":"order_55299/NIS_ZH_ABWASSER.dxf","_dedupKey":"2683915.7,1247098.6|2683918.6,1247096.5"}},{"type":"Feature","geometry":{"type":"LineString","coordinates":[[8.549868294976118,47.368528199446956],[8.549910098006272,47.36855820092466],[8.549910818012432,47.36856098250082],[8.549912164284155,47.368562048968215]]},"properties":{"layer":"LKZ1113-MLU1","infraType":"sewage","geomType":"pipe","source":"order_55299/NIS_ZH_ABWASSER.dxf","_dedupKey":"2683933.9,1247003.6|2683937.2,1247007.4"}},{"type":"Feature","geometry":{"type":"LineString","coordinates":[[8.55069596937782,47.369176431081634],[8.550673637343094,47.369197604855295],[8.550666241006512,47.369198485634236],[8.550664427099372,47.36920039208513]]},"properties":{"layer":"LKZ1113-MLU1","infraType":"sewage","geomType":"pipe","source":"order_55299/NIS_ZH_ABWASSER.dxf","_dedupKey":"2683993,1247079.2|2683995.4,1247076.6"}},{"type":"Feature","geometry":{"type":"LineString","coordinates":[[8.549936213110911,47.36855336211088],[8.54992967673543,47.368557382879786],[8.549926894935526,47.3685573196942],[8.549920571957667,47.368552523139044],[8.549920664963604,47.36855063325766],[8.54992484854391,47.36854807435526],[8.549927630343321,47.36854813754094],[8.549930723768638,47.368550446521525]]},"properties":{"layer":"LKZ1113-MLU0","infraType":"sewage","geomType":"pipe","source":"order_55299/NIS_ZH_ABWASSER.dxf","_dedupKey":"2683938.6,1247006.2|2683939,1247006.5"}},{"type":"Feature","geometry":{"type":"LineString","coordinates":[[8.548007268607913,47.369013748938364],[8.547999180414292,47.36901319696454],[8.547912016529137,47.36904938516241],[8.547896140940525,47.36905637396401]]},"properties":{"layer":"LKZ1110-MLU1","infraType":"sewage","geomType":"pipe","source":"order_55299/NIS_ZH_ABWASSER.dxf","_dedupKey":"2683784.1,1247060.2|2683792.6,1247055.6"}},{"type":"Feature","geometry":{"type":"LineString","coordinates":[[8.54886490922176,47.369524889110224],[8.548850123282616,47.36952062360588],[8.548797629106256,47.369511323452166],[8.548757081731214,47.36947168467902],[8.548696362153867,47.369429811073665],[8.548626978923169,47.36935338929619],[8.54862782505386,47.36934951324159]]},"properties":{"layer":"LKZ1113-MLU1","infraType":"sewage","geomType":"pipe","source":"order_55299/NIS_ZH_ABWASSER.dxf","_dedupKey":"2683838.9,1247093.6|2683856.6,1247113.4"}},{"type":"Feature","geometry":{"type":"LineString","coordinates":[[8.549105059465255,47.36900202990133],[8.549166895278635,47.369021224731185]]},"properties":{"layer":"LKZ1113-MLU1","infraType":"sewage","geomType":"pipe","source":"order_55299/NIS_ZH_ABWASSER.dxf","_dedupKey":"2683875.5,1247055.5|2683880.2,1247057.7"}},{"type":"Feature","geometry":{"type":"LineString","coordinates":[[8.548778240118384,47.36913344282765],[8.548754415415505,47.36919106100967],[8.54881090238141,47.36923315517302],[8.548814491600728,47.36923384028675]]},"properties":{"layer":"LKZ1113-MLU1","infraType":"sewage","geomType":"pipe","source":"order_55299/NIS_ZH_ABWASSER.dxf","_dedupKey":"2683850.6,1247069.8|2683853.2,1247081"}},{"type":"Feature","geometry":{"type":"LineString","coordinates":[[8.549383150369067,47.36881333566029],[8.54943359608423,47.36885143979628],[8.549437843428418,47.36885193865757],[8.549439590580471,47.36885318117828]]},"properties":{"layer":"LKZ1113-MLU1","infraType":"sewage","geomType":"pipe","source":"order_55299/NIS_ZH_ABWASSER.dxf","_dedupKey":"2683896.8,1247034.8|2683901,1247039.3"}},{"type":"Feature","geometry":{"type":"LineString","coordinates":[[8.549078993951792,47.3689647706454],[8.549115153446209,47.36905437469864],[8.54911972176575,47.36905756903693]]},"properties":{"layer":"LKZ1113-MLU1","infraType":"sewage","geomType":"pipe","source":"order_55299/NIS_ZH_ABWASSER.dxf","_dedupKey":"2683873.6,1247051.3|2683876.5,1247061.7"}},{"type":"Feature","geometry":{"type":"LineString","coordinates":[[8.55037238763817,47.3690502855723],[8.55037352514682,47.369066735789914],[8.55036809466065,47.3690729947311],[8.550366280747104,47.36907490117745]]},"properties":{"layer":"LKZ1113-MLU1","infraType":"sewage","geomType":"pipe","source":"order_55299/NIS_ZH_ABWASSER.dxf","_dedupKey":"2683970.7,1247064.9|2683971.2,1247062.2"}},{"type":"Feature","geometry":{"type":"LineString","coordinates":[[8.54989945295313,47.36860013090545],[8.549878960371732,47.36858251763174]]},"properties":{"layer":"LKZ1114-MLU1","infraType":"sewage","geomType":"pipe","source":"order_55299/NIS_ZH_ABWASSER.dxf","_dedupKey":"2683934.6,1247009.7|2683936.1,1247011.7"}},{"type":"Feature","geometry":{"type":"LineString","coordinates":[[8.549920463925258,47.36873152813181],[8.549913319272799,47.36873177677929],[8.549798330967961,47.36864625958884],[8.549794359639726,47.368646297795884],[8.549785886753405,47.3686399927376]]},"properties":{"layer":"LKZ1111-MLU1","infraType":"sewage","geomType":"pipe","source":"order_55299/NIS_ZH_ABWASSER.dxf","_dedupKey":"2683927.5,1247016|2683937.5,1247026.3"}},{"type":"Feature","geometry":{"type":"LineString","coordinates":[[8.548922339526912,47.36909733632348],[8.548987693420633,47.36905658959205],[8.54899757935694,47.369041742471495],[8.549001502009538,47.36903936601569],[8.549015614067159,47.36903671169704],[8.549049844573515,47.36905914038667],[8.549075278769532,47.3690660919919],[8.549079586077188,47.36906946874466]]},"properties":{"layer":"LKZ1111-MLU1","infraType":"sewage","geomType":"pipe","source":"order_55299/NIS_ZH_ABWASSER.dxf","_dedupKey":"2683861.6,1247065.9|2683873.5,1247063"}},{"type":"Feature","geometry":{"type":"LineString","coordinates":[[8.540393878851567,47.366612686487095],[8.540267217049328,47.36694797507743]]},"properties":{"layer":"LKZ1113-MLU1","infraType":"sewage","geomType":"pipe","source":"order_55300/NIS_ZH_ABWASSER.dxf","_dedupKey":"2683211.2,1246817.7|2683221.3,1246780.6"}},{"type":"Feature","geometry":{"type":"LineString","coordinates":[[8.541018752689189,47.36661032181375],[8.540572813515942,47.36654531468496]]},"properties":{"layer":"LKZ1113-MLU1","infraType":"sewage","geomType":"pipe","source":"order_55300/NIS_ZH_ABWASSER.dxf","_dedupKey":"2683234.9,1246773.3|2683268.5,1246781"}},{"type":"Feature","geometry":{"type":"LineString","coordinates":[[8.541018752689189,47.36661032181375],[8.541382211604372,47.36667548513061]]},"properties":{"layer":"LKZ1113-MLU1","infraType":"sewage","geomType":"pipe","source":"order_55300/NIS_ZH_ABWASSER.dxf","_dedupKey":"2683268.5,1246781|2683295.9,1246788.6"}},{"type":"Feature","geometry":{"type":"LineString","coordinates":[[8.541382211604372,47.36667548513061],[8.541478997823402,47.36677800535971]]},"properties":{"layer":"LKZ1113-MLU1","infraType":"sewage","geomType":"pipe","source":"order_55300/NIS_ZH_ABWASSER.dxf","_dedupKey":"2683295.9,1246788.6|2683303,1246800.1"}},{"type":"Feature","geometry":{"type":"LineString","coordinates":[[8.539114218816492,47.36780442217348],[8.539222422256177,47.36773538772853]]},"properties":{"layer":"LKZ1113-MLU1","infraType":"sewage","geomType":"pipe","source":"order_55300/NIS_ZH_ABWASSER.dxf","_dedupKey":"2683122.8,1246911.7|2683131.1,1246904.2"}},{"type":"Feature","geometry":{"type":"LineString","coordinates":[[8.540159308090871,47.36758217373454],[8.540031924581179,47.36757511302305]]},"properties":{"layer":"LKZ1113-MLU1","infraType":"sewage","geomType":"pipe","source":"order_55300/NIS_ZH_ABWASSER.dxf","_dedupKey":"2683192.5,1246887.2|2683202.1,1246888.1"}},{"type":"Feature","geometry":{"type":"LineString","coordinates":[[8.539227682219185,47.36775287816459],[8.539138568533636,47.36773969487263]]},"properties":{"layer":"LKZ1111-MLU1","infraType":"sewage","geomType":"pipe","source":"order_55300/NIS_ZH_ABWASSER.dxf","_dedupKey":"2683124.8,1246904.6|2683131.5,1246906.1"}},{"type":"Feature","geometry":{"type":"LineString","coordinates":[[8.54081298208498,47.36717916092684],[8.540837708164265,47.367177575685574]]},"properties":{"layer":"LKZ1111-MLU1","infraType":"sewage","geomType":"pipe","source":"order_55300/NIS_ZH_ABWASSER.dxf","_dedupKey":"2683252.1,1246844|2683254,1246843.9"}},{"type":"Feature","geometry":{"type":"LineString","coordinates":[[8.540837708164265,47.367177575685574],[8.541135010698115,47.36711024271962]]},"properties":{"layer":"LKZ1111-MLU1","infraType":"sewage","geomType":"pipe","source":"order_55300/NIS_ZH_ABWASSER.dxf","_dedupKey":"2683254,1246843.9|2683276.5,1246836.7"}},{"type":"Feature","geometry":{"type":"LineString","coordinates":[[8.541135010698115,47.36711024271962],[8.541549802705719,47.36717338632154]]},"properties":{"layer":"LKZ1111-MLU1","infraType":"sewage","geomType":"pipe","source":"order_55300/NIS_ZH_ABWASSER.dxf","_dedupKey":"2683276.5,1246836.7|2683307.8,1246844.2"}},{"type":"Feature","geometry":{"type":"LineString","coordinates":[[8.541549802705719,47.36717338632154],[8.541734976854219,47.36708760301294]]},"properties":{"layer":"LKZ1111-MLU1","infraType":"sewage","geomType":"pipe","source":"order_55300/NIS_ZH_ABWASSER.dxf","_dedupKey":"2683307.8,1246844.2|2683321.9,1246834.8"}},{"type":"Feature","geometry":{"type":"LineString","coordinates":[[8.540139069222612,47.36728831494266],[8.540031924581179,47.36757511302305]]},"properties":{"layer":"LKZ1113-MLU1","infraType":"sewage","geomType":"pipe","source":"order_55300/NIS_ZH_ABWASSER.dxf","_dedupKey":"2683192.5,1246887.2|2683201,1246855.4"}},{"type":"Feature","geometry":{"type":"LineString","coordinates":[[8.540471421390357,47.36643123388911],[8.540393878851567,47.366612686487095]]},"properties":{"layer":"LKZ1113-MLU1","infraType":"sewage","geomType":"pipe","source":"order_55300/NIS_ZH_ABWASSER.dxf","_dedupKey":"2683221.3,1246780.6|2683227.5,1246760.5"}},{"type":"Feature","geometry":{"type":"LineString","coordinates":[[8.540350233758774,47.36619851571597],[8.540471421390357,47.36643123388911]]},"properties":{"layer":"LKZ1113-MLU1","infraType":"sewage","geomType":"pipe","source":"order_55300/NIS_ZH_ABWASSER.dxf","_dedupKey":"2683218.7,1246734.5|2683227.5,1246760.5"}},{"type":"Feature","geometry":{"type":"LineString","coordinates":[[8.540348821653204,47.36618143837331],[8.540350233758774,47.36619851571597]]},"properties":{"layer":"LKZ1113-MLU1","infraType":"sewage","geomType":"pipe","source":"order_55300/NIS_ZH_ABWASSER.dxf","_dedupKey":"2683218.6,1246732.6|2683218.7,1246734.5"}},{"type":"Feature","geometry":{"type":"LineString","coordinates":[[8.538604061805648,47.36761129854677],[8.53909630583212,47.36771275228352]]},"properties":{"layer":"LKZ1113-MLU1","infraType":"sewage","geomType":"pipe","source":"order_55300/NIS_ZH_ABWASSER.dxf","_dedupKey":"2683084.6,1246889.7|2683121.6,1246901.5"}},{"type":"Feature","geometry":{"type":"LineString","coordinates":[[8.53935497215955,47.36754378698143],[8.539257391325801,47.36765274878975]]},"properties":{"layer":"LKZ1113-MLU1","infraType":"sewage","geomType":"pipe","source":"order_55300/NIS_ZH_ABWASSER.dxf","_dedupKey":"2683133.9,1246895|2683141.4,1246883"}},{"type":"Feature","geometry":{"type":"LineString","coordinates":[[8.539798701765253,47.36715537387748],[8.540084446187707,47.36722065256017]]},"properties":{"layer":"LKZ1113-MLU1","infraType":"sewage","geomType":"pipe","source":"order_55300/NIS_ZH_ABWASSER.dxf","_dedupKey":"2683175.5,1246840.3|2683197,1246847.9"}},{"type":"Feature","geometry":{"type":"LineString","coordinates":[[8.539761539660283,47.367086915203465],[8.539798701765253,47.36715537387748]]},"properties":{"layer":"LKZ1113-MLU1","infraType":"sewage","geomType":"pipe","source":"order_55300/NIS_ZH_ABWASSER.dxf","_dedupKey":"2683172.8,1246832.6|2683175.5,1246840.3"}},{"type":"Feature","geometry":{"type":"LineString","coordinates":[[8.53991752819709,47.36690849306269],[8.539761539660283,47.367086915203465]]},"properties":{"layer":"LKZ1113-MLU1","infraType":"sewage","geomType":"pipe","source":"order_55300/NIS_ZH_ABWASSER.dxf","_dedupKey":"2683172.8,1246832.6|2683184.9,1246813"}},{"type":"Feature","geometry":{"type":"LineString","coordinates":[[8.539516096292475,47.3673638772631],[8.539685514824228,47.36717534282353]]},"properties":{"layer":"LKZ1113-MLU1","infraType":"sewage","geomType":"pipe","source":"order_55300/NIS_ZH_ABWASSER.dxf","_dedupKey":"2683153.9,1246863.2|2683166.9,1246842.4"}},{"type":"Feature","geometry":{"type":"LineString","coordinates":[[8.539138568533636,47.36773969487263],[8.539037559654302,47.367727524361875]]},"properties":{"layer":"LKZ1111-MLU1","infraType":"sewage","geomType":"pipe","source":"order_55300/NIS_ZH_ABWASSER.dxf","_dedupKey":"2683117.1,1246903.1|2683124.8,1246904.6"}},{"type":"Feature","geometry":{"type":"LineString","coordinates":[[8.541773118634207,47.3676447589678],[8.541803137450843,47.36811006185704]]},"properties":{"layer":"LKZ1113-MLU1","infraType":"sewage","geomType":"pipe","source":"order_55300/NIS_ZH_ABWASSER.dxf","_dedupKey":"2683323.9,1246896.8|2683325.4,1246948.6"}},{"type":"Feature","geometry":{"type":"LineString","coordinates":[[8.541478997823402,47.36677800535971],[8.5415045165681,47.366808345240116]]},"properties":{"layer":"LKZ1113-MLU1","infraType":"sewage","geomType":"pipe","source":"order_55300/NIS_ZH_ABWASSER.dxf","_dedupKey":"2683303,1246800.1|2683304.9,1246803.5"}},{"type":"Feature","geometry":{"type":"LineString","coordinates":[[8.539257391325801,47.36765274878975],[8.539230887959539,47.36772217412454]]},"properties":{"layer":"LKZ1113-MLU1","infraType":"sewage","geomType":"pipe","source":"order_55300/NIS_ZH_ABWASSER.dxf","_dedupKey":"2683131.8,1246902.7|2683133.9,1246895"}},{"type":"Feature","geometry":{"type":"LineString","coordinates":[[8.540084446187707,47.36722065256017],[8.54013363717049,47.36727532376531]]},"properties":{"layer":"LKZ1113-MLU1","infraType":"sewage","geomType":"pipe","source":"order_55300/NIS_ZH_ABWASSER.dxf","_dedupKey":"2683197,1246847.9|2683200.6,1246854"}},{"type":"Feature","geometry":{"type":"LineString","coordinates":[[8.54023393807983,47.36752236372762],[8.540159308090871,47.36758217373454]]},"properties":{"layer":"LKZ1113-MLU1","infraType":"sewage","geomType":"pipe","source":"order_55300/NIS_ZH_ABWASSER.dxf","_dedupKey":"2683202.1,1246888.1|2683207.8,1246881.6"}},{"type":"Feature","geometry":{"type":"LineString","coordinates":[[8.54081744613472,47.36723497828676],[8.540837708164265,47.367177575685574]]},"properties":{"layer":"LKZ1111-MLU1","infraType":"sewage","geomType":"pipe","source":"order_55300/NIS_ZH_ABWASSER.dxf","_dedupKey":"2683252.3,1246850.2|2683254,1246843.9"}},{"type":"Feature","geometry":{"type":"LineString","coordinates":[[8.53923948756755,47.36773468539823],[8.539849352864085,47.36785759287467]]},"properties":{"layer":"LKZ1113-MLU1","infraType":"sewage","geomType":"pipe","source":"order_55300/NIS_ZH_ABWASSER.dxf","_dedupKey":"2683132.4,1246904.1|2683178.3,1246918.4"}},{"type":"Feature","geometry":{"type":"LineString","coordinates":[[8.53909630583212,47.36771275228352],[8.539221667541286,47.36773089734098]]},"properties":{"layer":"LKZ1113-MLU1","infraType":"sewage","geomType":"pipe","source":"order_55300/NIS_ZH_ABWASSER.dxf","_dedupKey":"2683121.6,1246901.5|2683131,1246903.7"}},{"type":"Feature","geometry":{"type":"LineString","coordinates":[[8.539037559654302,47.367727524361875],[8.538506254333562,47.367638765730746]]},"properties":{"layer":"LKZ1111-MLU1","infraType":"sewage","geomType":"pipe","source":"order_55300/NIS_ZH_ABWASSER.dxf","_dedupKey":"2683077.2,1246892.7|2683117.1,1246903.1"}},{"type":"Feature","geometry":{"type":"LineString","coordinates":[[8.539154038867354,47.36783489614296],[8.539138568533636,47.36773969487263]]},"properties":{"layer":"LKZ1111-MLU1","infraType":"sewage","geomType":"pipe","source":"order_55300/NIS_ZH_ABWASSER.dxf","_dedupKey":"2683124.8,1246904.6|2683125.8,1246915.2"}},{"type":"Feature","geometry":{"type":"LineString","coordinates":[[8.540031924581179,47.36757511302305],[8.539910015389292,47.36789713287386]]},"properties":{"layer":"LKZ1113-MLU1","infraType":"sewage","geomType":"pipe","source":"order_55300/NIS_ZH_ABWASSER.dxf","_dedupKey":"2683182.8,1246922.9|2683192.5,1246887.2"}},{"type":"Feature","geometry":{"type":"LineString","coordinates":[[8.539516096292475,47.3673638772631],[8.53935497215955,47.36754378698143]]},"properties":{"layer":"LKZ1113-MLU1","infraType":"sewage","geomType":"pipe","source":"order_55300/NIS_ZH_ABWASSER.dxf","_dedupKey":"2683141.4,1246883|2683153.9,1246863.2"}},{"type":"Feature","geometry":{"type":"LineString","coordinates":[[8.540572813515942,47.36654531468496],[8.540393878851567,47.366612686487095]]},"properties":{"layer":"LKZ1113-MLU1","infraType":"sewage","geomType":"pipe","source":"order_55300/NIS_ZH_ABWASSER.dxf","_dedupKey":"2683221.3,1246780.6|2683234.9,1246773.3"}},{"type":"Feature","geometry":{"type":"LineString","coordinates":[[8.540762410262253,47.36739714655834],[8.54081744613472,47.36723497828676]]},"properties":{"layer":"LKZ1111-MLU1","infraType":"sewage","geomType":"pipe","source":"order_55300/NIS_ZH_ABWASSER.dxf","_dedupKey":"2683247.9,1246868.2|2683252.3,1246850.2"}},{"type":"Feature","geometry":{"type":"LineString","coordinates":[[8.541761431411249,47.367079974303756],[8.541843638863437,47.36709214211812]]},"properties":{"layer":"LKZ1110-MLU1","infraType":"sewage","geomType":"pipe","source":"order_55300/NIS_ZH_ABWASSER.dxf","_dedupKey":"2683323.9,1246834|2683330.1,1246835.4"}},{"type":"Feature","geometry":{"type":"LineString","coordinates":[[8.539685514824228,47.36717534282353],[8.539798701765253,47.36715537387748]]},"properties":{"layer":"LKZ1113-MLU1","infraType":"sewage","geomType":"pipe","source":"order_55300/NIS_ZH_ABWASSER.dxf","_dedupKey":"2683166.9,1246842.4|2683175.5,1246840.3"}},{"type":"Feature","geometry":{"type":"LineString","coordinates":[[8.54179285529493,47.36675584821287],[8.541763486112922,47.36692973542525]]},"properties":{"layer":"LKZ1113-MLU1","infraType":"sewage","geomType":"pipe","source":"order_55300/NIS_ZH_ABWASSER.dxf","_dedupKey":"2683324.3,1246817.3|2683326.8,1246798"}},{"type":"Feature","geometry":{"type":"LineString","coordinates":[[8.541394321026734,47.367337683452725],[8.54119606730759,47.36771296543363]]},"properties":{"layer":"LKZ1113-MLU1","infraType":"sewage","geomType":"pipe","source":"order_55300/NIS_ZH_ABWASSER.dxf","_dedupKey":"2683280.2,1246903.8|2683295.8,1246862.3"}},{"type":"Feature","geometry":{"type":"LineString","coordinates":[[8.54119606730759,47.36771296543363],[8.541136731238245,47.36790404938573]]},"properties":{"layer":"LKZ1113-MLU1","infraType":"sewage","geomType":"pipe","source":"order_55300/NIS_ZH_ABWASSER.dxf","_dedupKey":"2683275.4,1246924.9|2683280.2,1246903.8"}},{"type":"Feature","geometry":{"type":"LineString","coordinates":[[8.53979838347602,47.36787067206213],[8.539227682219185,47.36775287816459]]},"properties":{"layer":"LKZ1111-MLU1","infraType":"sewage","geomType":"pipe","source":"order_55300/NIS_ZH_ABWASSER.dxf","_dedupKey":"2683131.5,1246906.1|2683174.4,1246919.8"}},{"type":"Feature","geometry":{"type":"LineString","coordinates":[[8.540267217049328,47.36694797507743],[8.540144091034055,47.367275044160735]]},"properties":{"layer":"LKZ1113-MLU1","infraType":"sewage","geomType":"pipe","source":"order_55300/NIS_ZH_ABWASSER.dxf","_dedupKey":"2683201.4,1246854|2683211.2,1246817.7"}},{"type":"Feature","geometry":{"type":"LineString","coordinates":[[8.541735230682155,47.367080674311836],[8.541702497284028,47.367360736554566]]},"properties":{"layer":"LKZ1113-MLU1","infraType":"sewage","geomType":"pipe","source":"order_55300/NIS_ZH_ABWASSER.dxf","_dedupKey":"2683319,1246865.1|2683321.9,1246834"}},{"type":"Feature","geometry":{"type":"LineString","coordinates":[[8.54194004389751,47.36672835623671],[8.54179285529493,47.36675584821287]]},"properties":{"layer":"LKZ1113-MLU1","infraType":"sewage","geomType":"pipe","source":"order_55300/NIS_ZH_ABWASSER.dxf","_dedupKey":"2683326.8,1246798|2683337.9,1246795.1"}},{"type":"Feature","geometry":{"type":"LineString","coordinates":[[8.542100838882837,47.36675695385997],[8.54194004389751,47.36672835623671]]},"properties":{"layer":"LKZ1113-MLU1","infraType":"sewage","geomType":"pipe","source":"order_55300/NIS_ZH_ABWASSER.dxf","_dedupKey":"2683337.9,1246795.1|2683350,1246798.4"}},{"type":"Feature","geometry":{"type":"LineString","coordinates":[[8.5415045165681,47.366808345240116],[8.541732510872903,47.36707080560801]]},"properties":{"layer":"LKZ1113-MLU1","infraType":"sewage","geomType":"pipe","source":"order_55300/NIS_ZH_ABWASSER.dxf","_dedupKey":"2683304.9,1246803.5|2683321.7,1246832.9"}},{"type":"Feature","geometry":{"type":"LineString","coordinates":[[8.541702497284028,47.367360736554566],[8.541394321026734,47.367337683452725]]},"properties":{"layer":"LKZ1113-MLU1","infraType":"sewage","geomType":"pipe","source":"order_55300/NIS_ZH_ABWASSER.dxf","_dedupKey":"2683295.8,1246862.3|2683319,1246865.1"}},{"type":"Feature","geometry":{"type":"LineString","coordinates":[[8.541763486112922,47.36692973542525],[8.541743356226654,47.36707025226403]]},"properties":{"layer":"LKZ1113-MLU1","infraType":"sewage","geomType":"pipe","source":"order_55300/NIS_ZH_ABWASSER.dxf","_dedupKey":"2683322.5,1246832.9|2683324.3,1246817.3"}},{"type":"Feature","geometry":{"type":"LineString","coordinates":[[8.541165168003335,47.36725603629009],[8.54116406219413,47.3672601846214],[8.541179855352297,47.36726839935815],[8.541188910440715,47.36727730807847],[8.54118571981112,47.36728948200764],[8.541189655392285,47.36729412192206],[8.54131791604605,47.367311607366325],[8.541333167995317,47.367332060671565],[8.5413786233996,47.36735969158163],[8.54138234849247,47.36736055553075]]},"properties":{"layer":"LKZ1113-MLU1","infraType":"sewage","geomType":"pipe","source":"order_55300/NIS_ZH_ABWASSER.dxf","_dedupKey":"2683278.6,1246852.9|2683294.8,1246864.8"}},{"type":"Feature","geometry":{"type":"LineString","coordinates":[[8.54135423708168,47.367595327833385],[8.54129756963312,47.36758894259075],[8.541272000459028,47.367594583800866],[8.541260155820408,47.36759163852616]]},"properties":{"layer":"LKZ1113-MLU1","infraType":"sewage","geomType":"pipe","source":"order_55300/NIS_ZH_ABWASSER.dxf","_dedupKey":"2683285.2,1246890.3|2683292.3,1246890.9"}},{"type":"Feature","geometry":{"type":"LineString","coordinates":[[8.540233288826334,47.36761268133553],[8.540226121977549,47.367611850176814],[8.540221020670058,47.367614867235865],[8.540151971821773,47.36760518136294],[8.540139213077241,47.36758362470933],[8.540139425795735,47.367581104035615]]},"properties":{"layer":"LKZ1113-MLU1","infraType":"sewage","geomType":"pipe","source":"order_55300/NIS_ZH_ABWASSER.dxf","_dedupKey":"2683200.6,1246888|2683207.6,1246891.6"}},{"type":"Feature","geometry":{"type":"LineString","coordinates":[[8.539354167840193,47.36744071011695],[8.539383939986442,47.36745265978885],[8.539398324312831,47.36749524970437]]},"properties":{"layer":"LKZ1111-MLU1","infraType":"sewage","geomType":"pipe","source":"order_55300/NIS_ZH_ABWASSER.dxf","_dedupKey":"2683141.5,1246871.5|2683144.8,1246877.7"}},{"type":"Feature","geometry":{"type":"LineString","coordinates":[[8.539449780520025,47.367339053053136],[8.53949460868038,47.36738764939772]]},"properties":{"layer":"LKZ1111-MLU1","infraType":"sewage","geomType":"pipe","source":"order_55300/NIS_ZH_ABWASSER.dxf","_dedupKey":"2683148.9,1246860.3|2683152.2,1246865.8"}},{"type":"Feature","geometry":{"type":"LineString","coordinates":[[8.539598356380287,47.36717986171939],[8.539656004047835,47.367208096687754]]},"properties":{"layer":"LKZ1111-MLU1","infraType":"sewage","geomType":"pipe","source":"order_55300/NIS_ZH_ABWASSER.dxf","_dedupKey":"2683160.4,1246842.8|2683164.7,1246846"}},{"type":"Feature","geometry":{"type":"LineString","coordinates":[[8.539429623248227,47.36693994998975],[8.539434162949597,47.36694179570483],[8.539441107661494,47.366944697916225],[8.539452982288791,47.366942695751284],[8.539694519139921,47.36704077932075],[8.539696481967372,47.36704606775348],[8.539698161472243,47.367050459371015],[8.53970376947108,47.36705274464905],[8.539715374673722,47.36706333825191],[8.539717369570207,47.36706376899137],[8.539725153625353,47.367062435457974],[8.539760248055662,47.36705643392027],[8.539774400435812,47.367062145845196],[8.539776223467442,47.36706707580299],[8.53977822579518,47.36706786627698]]},"properties":{"layer":"LKZ1113-MLU1","infraType":"sewage","geomType":"pipe","source":"order_55300/NIS_ZH_ABWASSER.dxf","_dedupKey":"2683148,1246816|2683174.1,1246830.5"}},{"type":"Feature","geometry":{"type":"LineString","coordinates":[[8.539921589961923,47.36684233988931],[8.53991752819709,47.36690849306269]]},"properties":{"layer":"LKZ1113-MLU0","infraType":"sewage","geomType":"pipe","source":"order_55300/NIS_ZH_ABWASSER.dxf","_dedupKey":"2683184.9,1246813|2683185.3,1246805.6"}},{"type":"Feature","geometry":{"type":"LineString","coordinates":[[8.54000342578442,47.36700958914869],[8.53986713795783,47.36696879137112],[8.539865402237648,47.36696808830817]]},"properties":{"layer":"LKZ1111-MLU1","infraType":"sewage","geomType":"pipe","source":"order_55300/NIS_ZH_ABWASSER.dxf","_dedupKey":"2683180.9,1246819.5|2683191.2,1246824.3"}},{"type":"Feature","geometry":{"type":"LineString","coordinates":[[8.53930479221468,47.367505316166145],[8.539357941713545,47.367527297538224],[8.53935497215955,47.36754378698143]]},"properties":{"layer":"LKZ1111-MLU1","infraType":"sewage","geomType":"pipe","source":"order_55300/NIS_ZH_ABWASSER.dxf","_dedupKey":"2683137.7,1246878.7|2683141.4,1246883"}},{"type":"Feature","geometry":{"type":"LineString","coordinates":[[8.539399080682266,47.3675703520786],[8.539328697936199,47.36757300179648]]},"properties":{"layer":"LKZ1113-MLU1","infraType":"sewage","geomType":"pipe","source":"order_55300/NIS_ZH_ABWASSER.dxf","_dedupKey":"2683139.4,1246886.2|2683144.7,1246886"}},{"type":"Feature","geometry":{"type":"LineString","coordinates":[[8.540179524927769,47.367791658107514],[8.540174224324153,47.36779143880725],[8.540176546194083,47.36778206169581],[8.54017199338697,47.36777958647329],[8.540168329609573,47.36778169030327],[8.54016651308271,47.36778989322399],[8.54016309918918,47.36779127505769],[8.539973312341717,47.36778220082886],[8.53995663068697,47.36778865651153],[8.539951578114243,47.36778762527156]]},"properties":{"layer":"LKZ1113-MLU1","infraType":"sewage","geomType":"pipe","source":"order_55300/NIS_ZH_ABWASSER.dxf","_dedupKey":"2683186.1,1246910.7|2683203.3,1246911.4"}},{"type":"Feature","geometry":{"type":"LineString","coordinates":[[8.541797465817437,47.36775921474492],[8.541797769651481,47.36776110082703],[8.541795179833084,47.367763914064305],[8.5417807564751,47.36776432168354]]},"properties":{"layer":"LKZ1113-MLU1","infraType":"sewage","geomType":"pipe","source":"order_55300/NIS_ZH_ABWASSER.dxf","_dedupKey":"2683324.3,1246910.1|2683325.5,1246909.5"}},{"type":"Feature","geometry":{"type":"LineString","coordinates":[[8.541344759013596,47.36745716267534],[8.541332655232692,47.36745448973728]]},"properties":{"layer":"LKZ1113-MLU1","infraType":"sewage","geomType":"pipe","source":"order_55300/NIS_ZH_ABWASSER.dxf","_dedupKey":"2683290.9,1246875.2|2683291.8,1246875.5"}},{"type":"Feature","geometry":{"type":"LineString","coordinates":[[8.541215505029761,47.36742367535129],[8.541328196979743,47.367462987755914]]},"properties":{"layer":"LKZ1113-MLU1","infraType":"sewage","geomType":"pipe","source":"order_55300/NIS_ZH_ABWASSER.dxf","_dedupKey":"2683282.1,1246871.6|2683290.6,1246876.1"}},{"type":"Feature","geometry":{"type":"LineString","coordinates":[[8.540498195832189,47.36752164195364],[8.540674278811295,47.36742506297017],[8.540762410262253,47.36739714655834]]},"properties":{"layer":"LKZ1111-MLU1","infraType":"sewage","geomType":"pipe","source":"order_55300/NIS_ZH_ABWASSER.dxf","_dedupKey":"2683227.8,1246881.8|2683247.9,1246868.2"}},{"type":"Feature","geometry":{"type":"LineString","coordinates":[[8.540821093660469,47.36715524633504],[8.54081298208498,47.36717916092684]]},"properties":{"layer":"LKZ1111-MLU1","infraType":"sewage","geomType":"pipe","source":"order_55300/NIS_ZH_ABWASSER.dxf","_dedupKey":"2683252.1,1246844|2683252.7,1246841.4"}},{"type":"Feature","geometry":{"type":"LineString","coordinates":[[8.539580512792073,47.36740572039303],[8.539508165787222,47.36737735564406],[8.539502378444377,47.36737920983965]]},"properties":{"layer":"LKZ1113-MLU1","infraType":"sewage","geomType":"pipe","source":"order_55300/NIS_ZH_ABWASSER.dxf","_dedupKey":"2683152.8,1246864.9|2683158.7,1246867.9"}},{"type":"Feature","geometry":{"type":"LineString","coordinates":[[8.539519117835958,47.36772176587092],[8.53951210039436,47.367740992448965],[8.539516621726182,47.36778682466457],[8.53951497141678,47.36779025855543]]},"properties":{"layer":"LKZ1113-MLU1","infraType":"sewage","geomType":"pipe","source":"order_55300/NIS_ZH_ABWASSER.dxf","_dedupKey":"2683153.1,1246910.6|2683153.5,1246903"}},{"type":"Feature","geometry":{"type":"LineString","coordinates":[[8.541667740948956,47.3676326324827],[8.541709950054713,47.36763132984245],[8.541771186491639,47.367660159151335],[8.541774098749327,47.36766013133529]]},"properties":{"layer":"LKZ1111-MLU1","infraType":"sewage","geomType":"pipe","source":"order_55300/NIS_ZH_ABWASSER.dxf","_dedupKey":"2683315.9,1246895.3|2683323.9,1246898.5"}},{"type":"Feature","geometry":{"type":"LineString","coordinates":[[8.538775551522447,47.367606336958346],[8.538738975880747,47.36767531840776],[8.538737961419137,47.367677486908526]]},"properties":{"layer":"LKZ1111-MLU1","infraType":"sewage","geomType":"pipe","source":"order_55300/NIS_ZH_ABWASSER.dxf","_dedupKey":"2683094.6,1246897.2|2683097.5,1246889.3"}},{"type":"Feature","geometry":{"type":"LineString","coordinates":[[8.540583970850411,47.36727723461444],[8.540811206737384,47.367253387962066]]},"properties":{"layer":"LKZ1111-MLU1","infraType":"sewage","geomType":"pipe","source":"order_55300/NIS_ZH_ABWASSER.dxf","_dedupKey":"2683234.6,1246854.7|2683251.8,1246852.3"}},{"type":"Feature","geometry":{"type":"LineString","coordinates":[[8.541047984639176,47.36708273866688],[8.541095212298822,47.36711925798262]]},"properties":{"layer":"LKZ1111-MLU1","infraType":"sewage","geomType":"pipe","source":"order_55300/NIS_ZH_ABWASSER.dxf","_dedupKey":"2683270,1246833.5|2683273.5,1246837.7"}},{"type":"Feature","geometry":{"type":"LineString","coordinates":[[8.539074439247052,47.36765404234012],[8.539050706660765,47.367697355271375],[8.539053888674978,47.36770398137125]]},"properties":{"layer":"LKZ1114-MLU1","infraType":"sewage","geomType":"pipe","source":"order_55300/NIS_ZH_ABWASSER.dxf","_dedupKey":"2683118.4,1246900.5|2683120,1246895"}},{"type":"Feature","geometry":{"type":"LineString","coordinates":[[8.538698049463555,47.3675783806149],[8.538685417574126,47.36762068822205],[8.53869155448014,47.36762935507378]]},"properties":{"layer":"LKZ1114-MLU1","infraType":"sewage","geomType":"pipe","source":"order_55300/NIS_ZH_ABWASSER.dxf","_dedupKey":"2683091.2,1246891.8|2683091.7,1246886.2"}},{"type":"Feature","geometry":{"type":"LineString","coordinates":[[8.541295886007932,47.367789190976566],[8.541240208845181,47.36777308147486],[8.54117266779968,47.36780430980098],[8.541167887393474,47.36780363582236]]},"properties":{"layer":"LKZ1113-MLU0","infraType":"sewage","geomType":"pipe","source":"order_55300/NIS_ZH_ABWASSER.dxf","_dedupKey":"2683277.9,1246913.8|2683287.6,1246912.3"}},{"type":"Feature","geometry":{"type":"LineString","coordinates":[[8.54036169769464,47.366317592289185],[8.540416827257669,47.36632651129723]]},"properties":{"layer":"LKZ1113-MLU1","infraType":"sewage","geomType":"pipe","source":"order_55300/NIS_ZH_ABWASSER.dxf","_dedupKey":"2683219.4,1246747.8|2683223.5,1246748.8"}},{"type":"Feature","geometry":{"type":"LineString","coordinates":[[8.540233342918262,47.36618649777286],[8.540342922954945,47.3661778965766],[8.540352377515054,47.366174118369315]]},"properties":{"layer":"LKZ1113-MLU1","infraType":"sewage","geomType":"pipe","source":"order_55300/NIS_ZH_ABWASSER.dxf","_dedupKey":"2683209.9,1246733|2683218.9,1246731.8"}},{"type":"Feature","geometry":{"type":"LineString","coordinates":[[8.540858438856135,47.366496084131576],[8.540854205952783,47.366509077566114],[8.540869787670667,47.366526289527215],[8.540851822745417,47.366585919016615]]},"properties":{"layer":"LKZ1113-MLU1","infraType":"sewage","geomType":"pipe","source":"order_55300/NIS_ZH_ABWASSER.dxf","_dedupKey":"2683256,1246778.1|2683256.6,1246768.1"}},{"type":"Feature","geometry":{"type":"LineString","coordinates":[[8.540742891530037,47.366581111701514],[8.540838466118485,47.36658667614734],[8.540838676940488,47.366584065537666]]},"properties":{"layer":"LKZ1113-MLU0","infraType":"sewage","geomType":"pipe","source":"order_55300/NIS_ZH_ABWASSER.dxf","_dedupKey":"2683247.7,1246777.5|2683255,1246777.9"}},{"type":"Feature","geometry":{"type":"LineString","coordinates":[[8.540537673643463,47.36660034055252],[8.540559752394236,47.36659239405928],[8.540561508946464,47.36658769981461],[8.540578902208015,47.366583665942635],[8.54059357704242,47.366550603625086],[8.540594063775591,47.36654853009323]]},"properties":{"layer":"LKZ1113-MLU1","infraType":"sewage","geomType":"pipe","source":"order_55300/NIS_ZH_ABWASSER.dxf","_dedupKey":"2683232.2,1246779.4|2683236.5,1246773.7"}},{"type":"Feature","geometry":{"type":"LineString","coordinates":[[8.538839066805695,47.36773283352051],[8.538854526152875,47.36769922426612],[8.538855009251993,47.36769697087454]]},"properties":{"layer":"LKZ1111-MLU1","infraType":"sewage","geomType":"pipe","source":"order_55300/NIS_ZH_ABWASSER.dxf","_dedupKey":"2683102.1,1246903.5|2683103.4,1246899.5"}},{"type":"Feature","geometry":{"type":"LineString","coordinates":[[8.541202887251108,47.36717849770772],[8.54121895379703,47.36712311402265],[8.54121895193694,47.36712302408878]]},"properties":{"layer":"LKZ1111-MLU1","infraType":"sewage","geomType":"pipe","source":"order_55300/NIS_ZH_ABWASSER.dxf","_dedupKey":"2683281.5,1246844.4|2683282.8,1246838.2"}},{"type":"Feature","geometry":{"type":"LineString","coordinates":[[8.538803356498024,47.3675999553938],[8.53876315730043,47.36767940575159],[8.538762407590674,47.36768157173074]]},"properties":{"layer":"LKZ1111-MLU1","infraType":"sewage","geomType":"pipe","source":"order_55300/NIS_ZH_ABWASSER.dxf","_dedupKey":"2683096.4,1246897.7|2683099.7,1246888.7"}},{"type":"Feature","geometry":{"type":"LineString","coordinates":[[8.538960227578036,47.36763084356145],[8.538971988111955,47.36765537825312],[8.53895234864228,47.36771097553487],[8.538951466564226,47.36771314277637]]},"properties":{"layer":"LKZ1111-MLU1","infraType":"sewage","geomType":"pipe","source":"order_55300/NIS_ZH_ABWASSER.dxf","_dedupKey":"2683110.7,1246901.4|2683111.5,1246892.3"}},{"type":"Feature","geometry":{"type":"LineString","coordinates":[[8.539358441505733,47.36743608185542],[8.539422795874648,47.36746209418293],[8.539421751208671,47.36746921031596]]},"properties":{"layer":"LKZ1114-MLU1","infraType":"sewage","geomType":"pipe","source":"order_55300/NIS_ZH_ABWASSER.dxf","_dedupKey":"2683141.8,1246871|2683146.6,1246874.8"}},{"type":"Feature","geometry":{"type":"LineString","coordinates":[[8.53948794381498,47.36728930587099],[8.539552808995158,47.367314413741106],[8.539560876413091,47.36731397703431]]},"properties":{"layer":"LKZ1111-MLU0","infraType":"sewage","geomType":"pipe","source":"order_55300/NIS_ZH_ABWASSER.dxf","_dedupKey":"2683151.8,1246854.9|2683157.3,1246857.7"}},{"type":"Feature","geometry":{"type":"LineString","coordinates":[[8.539823880612703,47.36778461514239],[8.539831588127901,47.36778598088074],[8.539839371812597,47.367791033907814],[8.539822433682929,47.36783635110554],[8.539824944158525,47.36784892039284],[8.539823293867078,47.367852354288026]]},"properties":{"layer":"LKZ1113-MLU1","infraType":"sewage","geomType":"pipe","source":"order_55300/NIS_ZH_ABWASSER.dxf","_dedupKey":"2683176.3,1246917.8|2683176.4,1246910.3"}},{"type":"Feature","geometry":{"type":"LineString","coordinates":[[8.541594264610824,47.36746656386773],[8.541590445362825,47.367352361764574]]},"properties":{"layer":"LKZ1111-MLU1","infraType":"sewage","geomType":"pipe","source":"order_55300/NIS_ZH_ABWASSER.dxf","_dedupKey":"2683310.5,1246864.1|2683310.7,1246876.8"}},{"type":"Feature","geometry":{"type":"LineString","coordinates":[[8.541295675822964,47.36761900451413],[8.541244996560142,47.36762047781767]]},"properties":{"layer":"LKZ1113-MLU1","infraType":"sewage","geomType":"pipe","source":"order_55300/NIS_ZH_ABWASSER.dxf","_dedupKey":"2683284,1246893.5|2683287.9,1246893.4"}},{"type":"Feature","geometry":{"type":"LineString","coordinates":[[8.540122399533182,47.366987765663225],[8.53991752819709,47.36690849306269]]},"properties":{"layer":"LKZ1113-MLU0","infraType":"sewage","geomType":"pipe","source":"order_55300/NIS_ZH_ABWASSER.dxf","_dedupKey":"2683184.9,1246813|2683200.2,1246822"}},{"type":"Feature","geometry":{"type":"LineString","coordinates":[[8.540280708332284,47.36665901170554],[8.540280711629032,47.366665578143405],[8.540353172900854,47.36670590488628],[8.540358223520132,47.36670684617512]]},"properties":{"layer":"LKZ1113-MLU1","infraType":"sewage","geomType":"pipe","source":"order_55300/NIS_ZH_ABWASSER.dxf","_dedupKey":"2683212.7,1246785.6|2683218.5,1246791"}},{"type":"Feature","geometry":{"type":"LineString","coordinates":[[8.54115924591801,47.367609872573475],[8.54124091680374,47.36762807270251]]},"properties":{"layer":"LKZ1113-MLU1","infraType":"sewage","geomType":"pipe","source":"order_55300/NIS_ZH_ABWASSER.dxf","_dedupKey":"2683277.6,1246892.3|2683283.7,1246894.4"}},{"type":"Feature","geometry":{"type":"LineString","coordinates":[[8.541774398476756,47.367425084852286],[8.541755843677501,47.36742418265579],[8.541670673413234,47.36735843189634]]},"properties":{"layer":"LKZ1113-MLU0","infraType":"sewage","geomType":"pipe","source":"order_55300/NIS_ZH_ABWASSER.dxf","_dedupKey":"2683316.6,1246864.9|2683324.3,1246872.4"}},{"type":"Feature","geometry":{"type":"LineString","coordinates":[[8.541473993289454,47.36730409035637],[8.541464072836533,47.36734295423951]]},"properties":{"layer":"LKZ1113-MLU1","infraType":"sewage","geomType":"pipe","source":"order_55300/NIS_ZH_ABWASSER.dxf","_dedupKey":"2683301,1246862.9|2683301.8,1246858.6"}},{"type":"Feature","geometry":{"type":"LineString","coordinates":[[8.541505686261717,47.36692248271226],[8.541589964063876,47.36690674592392]]},"properties":{"layer":"LKZ1113-MLU1","infraType":"sewage","geomType":"pipe","source":"order_55300/NIS_ZH_ABWASSER.dxf","_dedupKey":"2683304.8,1246816.2|2683311.2,1246814.6"}},{"type":"Feature","geometry":{"type":"LineString","coordinates":[[8.541548047190632,47.367421309798154],[8.541544431372323,47.367348933261184]]},"properties":{"layer":"LKZ1113-MLU1","infraType":"sewage","geomType":"pipe","source":"order_55300/NIS_ZH_ABWASSER.dxf","_dedupKey":"2683307.1,1246863.7|2683307.2,1246871.7"}},{"type":"Feature","geometry":{"type":"LineString","coordinates":[[8.541676925946083,47.367142308340426],[8.541728477392898,47.36713821791461]]},"properties":{"layer":"LKZ1113-MLU1","infraType":"sewage","geomType":"pipe","source":"order_55300/NIS_ZH_ABWASSER.dxf","_dedupKey":"2683317.4,1246840.8|2683321.3,1246840.4"}},{"type":"Feature","geometry":{"type":"LineString","coordinates":[[8.540312415395398,47.367559035050505],[8.540305101726272,47.367551099120035],[8.5402676530002,47.36754569942162],[8.540213173643906,47.36758112027543],[8.540188212773455,47.36757776028165],[8.54017442859642,47.3675834687491],[8.540159308090871,47.36758217373454]]},"properties":{"layer":"LKZ1113-MLU1","infraType":"sewage","geomType":"pipe","source":"order_55300/NIS_ZH_ABWASSER.dxf","_dedupKey":"2683202.1,1246888.1|2683213.7,1246885.7"}},{"type":"Feature","geometry":{"type":"LineString","coordinates":[[8.53921116446321,47.36765184002839],[8.539250891390456,47.36765856763291],[8.539253995442063,47.36766141650369]]},"properties":{"layer":"LKZ1113-MLU1","infraType":"sewage","geomType":"pipe","source":"order_55300/NIS_ZH_ABWASSER.dxf","_dedupKey":"2683130.4,1246894.9|2683133.6,1246896"}},{"type":"Feature","geometry":{"type":"LineString","coordinates":[[8.539181621718432,47.36763817904584],[8.539243203466793,47.36769021390289]]},"properties":{"layer":"LKZ1111-MLU1","infraType":"sewage","geomType":"pipe","source":"order_55300/NIS_ZH_ABWASSER.dxf","_dedupKey":"2683128.2,1246893.3|2683132.7,1246899.2"}},{"type":"Feature","geometry":{"type":"LineString","coordinates":[[8.541033807672845,47.36765847444913],[8.54109806147815,47.36766676634177],[8.541101568334911,47.36766988117369],[8.541089686088474,47.367709933114476],[8.541093310443905,47.36771232721211],[8.541180741198605,47.36772093753201],[8.541188614595937,47.36772392072563],[8.541192464646457,47.36772442368163]]},"properties":{"layer":"LKZ1113-MLU1","infraType":"sewage","geomType":"pipe","source":"order_55300/NIS_ZH_ABWASSER.dxf","_dedupKey":"2683268,1246897.5|2683279.9,1246905"}},{"type":"Feature","geometry":{"type":"LineString","coordinates":[[8.54075444270661,47.366428983190374],[8.540766360706764,47.366448299015126],[8.540687419189844,47.36656203158202]]},"properties":{"layer":"LKZ1113-MLU1","infraType":"sewage","geomType":"pipe","source":"order_55300/NIS_ZH_ABWASSER.dxf","_dedupKey":"2683243.6,1246775.3|2683248.8,1246760.6"}},{"type":"Feature","geometry":{"type":"LineString","coordinates":[[8.539988333611277,47.36721473280474],[8.540011097367017,47.36722710895391],[8.540042143052995,47.36721098140843]]},"properties":{"layer":"LKZ1113-MLU0","infraType":"sewage","geomType":"pipe","source":"order_55300/NIS_ZH_ABWASSER.dxf","_dedupKey":"2683189.8,1246847.1|2683193.8,1246846.7"}},{"type":"Feature","geometry":{"type":"LineString","coordinates":[[8.54002389522879,47.36714162282708],[8.540022945518114,47.36720459801514],[8.540022056059717,47.36720640552959]]},"properties":{"layer":"LKZ1113-MLU1","infraType":"sewage","geomType":"pipe","source":"order_55300/NIS_ZH_ABWASSER.dxf","_dedupKey":"2683192.3,1246846.2|2683192.6,1246839"}},{"type":"Feature","geometry":{"type":"LineString","coordinates":[[8.540161211454585,47.36717449487199],[8.540182872503301,47.36717194953599]]},"properties":{"layer":"LKZ1113-MLU1","infraType":"sewage","geomType":"pipe","source":"order_55300/NIS_ZH_ABWASSER.dxf","_dedupKey":"2683202.9,1246842.8|2683204.5,1246842.5"}},{"type":"Feature","geometry":{"type":"LineString","coordinates":[[8.540213911528017,47.36714268907025],[8.54019692718934,47.36713448556406]]},"properties":{"layer":"LKZ1113-MLU1","infraType":"sewage","geomType":"pipe","source":"order_55300/NIS_ZH_ABWASSER.dxf","_dedupKey":"2683205.6,1246838.4|2683206.9,1246839.3"}},{"type":"Feature","geometry":{"type":"LineString","coordinates":[[8.541799151539216,47.366452291171434],[8.541523782001317,47.366402029543565],[8.541514776696333,47.36640832220337],[8.541356131942688,47.36656041612157],[8.541341500658294,47.366589160445244],[8.541329949664826,47.36665160722646],[8.541323472105816,47.3666648919648]]},"properties":{"layer":"LKZ1113-MLU1","infraType":"sewage","geomType":"pipe","source":"order_55300/NIS_ZH_ABWASSER.dxf","_dedupKey":"2683291.5,1246787.4|2683327.7,1246764.3"}},{"type":"Feature","geometry":{"type":"LineString","coordinates":[[8.54043933049363,47.36665300097948],[8.540429088956785,47.3665994875071]]},"properties":{"layer":"LKZ1113-MLU1","infraType":"sewage","geomType":"pipe","source":"order_55300/NIS_ZH_ABWASSER.dxf","_dedupKey":"2683224,1246779.2|2683224.7,1246785.1"}},{"type":"Feature","geometry":{"type":"LineString","coordinates":[[8.540387050240707,47.3661925875045],[8.540359439679744,47.366176299792045],[8.540352377515054,47.366174118369315]]},"properties":{"layer":"LKZ1113-MLU1","infraType":"sewage","geomType":"pipe","source":"order_55300/NIS_ZH_ABWASSER.dxf","_dedupKey":"2683218.9,1246731.8|2683221.5,1246733.9"}},{"type":"Feature","geometry":{"type":"LineString","coordinates":[[8.54003235448389,47.366871777245656],[8.53991752819709,47.36690849306269]]},"properties":{"layer":"LKZ1113-MLU0","infraType":"sewage","geomType":"pipe","source":"order_55300/NIS_ZH_ABWASSER.dxf","_dedupKey":"2683184.9,1246813|2683193.6,1246809"}},{"type":"Feature","geometry":{"type":"LineString","coordinates":[[8.541458517663983,47.367452028663635],[8.541448292355584,47.3673417556477]]},"properties":{"layer":"LKZ1111-MLU1","infraType":"sewage","geomType":"pipe","source":"order_55300/NIS_ZH_ABWASSER.dxf","_dedupKey":"2683299.8,1246862.8|2683300.4,1246875"}},{"type":"Feature","geometry":{"type":"LineString","coordinates":[[8.539341458239003,47.36750487678149],[8.539363568847882,47.36752409560307],[8.539366747176707,47.36753054182686]]},"properties":{"layer":"LKZ1113-MLU1","infraType":"sewage","geomType":"pipe","source":"order_55300/NIS_ZH_ABWASSER.dxf","_dedupKey":"2683140.4,1246878.7|2683142.3,1246881.5"}},{"type":"Feature","geometry":{"type":"LineString","coordinates":[[8.540896788448697,47.367582423818924],[8.540762410262253,47.36739714655834]]},"properties":{"layer":"LKZ1111-MLU1","infraType":"sewage","geomType":"pipe","source":"order_55300/NIS_ZH_ABWASSER.dxf","_dedupKey":"2683247.9,1246868.2|2683257.8,1246888.9"}},{"type":"Feature","geometry":{"type":"LineString","coordinates":[[8.539203273245766,47.367705706275274],[8.539230907619235,47.367710300327474],[8.539234535604681,47.36771287435127]]},"properties":{"layer":"LKZ1113-MLU1","infraType":"sewage","geomType":"pipe","source":"order_55300/NIS_ZH_ABWASSER.dxf","_dedupKey":"2683129.7,1246900.8|2683132,1246901.7"}},{"type":"Feature","geometry":{"type":"LineString","coordinates":[[8.539722880920149,47.36720880839876],[8.539674640579662,47.367187320103675]]},"properties":{"layer":"LKZ1113-MLU0","infraType":"sewage","geomType":"pipe","source":"order_55300/NIS_ZH_ABWASSER.dxf","_dedupKey":"2683166.1,1246843.7|2683169.7,1246846.2"}},{"type":"Feature","geometry":{"type":"LineString","coordinates":[[8.539411417745075,47.36775103719801],[8.539416374021902,47.36776664153697],[8.539414721849601,47.36776998549253]]},"properties":{"layer":"LKZ1113-MLU0","infraType":"sewage","geomType":"pipe","source":"order_55300/NIS_ZH_ABWASSER.dxf","_dedupKey":"2683145.3,1246906.1|2683145.6,1246908.2"}},{"type":"Feature","geometry":{"type":"LineString","coordinates":[[8.540422305611251,47.36652111438993],[8.540419404163831,47.36652806834563],[8.540424929951678,47.36653278306727],[8.540427719069516,47.36653320621762]]},"properties":{"layer":"LKZ1113-MLU1","infraType":"sewage","geomType":"pipe","source":"order_55300/NIS_ZH_ABWASSER.dxf","_dedupKey":"2683223.6,1246770.4|2683224,1246771.8"}},{"type":"Feature","geometry":{"type":"LineString","coordinates":[[8.541209206710153,47.36665824703215],[8.541213305305863,47.366645164915]]},"properties":{"layer":"LKZ1113-MLU1","infraType":"sewage","geomType":"pipe","source":"order_55300/NIS_ZH_ABWASSER.dxf","_dedupKey":"2683282.8,1246786.5|2683283.2,1246785.1"}},{"type":"Feature","geometry":{"type":"LineString","coordinates":[[8.541409048694927,47.3667823612986],[8.541439835831452,47.36677936877809],[8.541455277818455,47.36675781283436],[8.54145869533319,47.36675661082982]]},"properties":{"layer":"LKZ1113-MLU1","infraType":"sewage","geomType":"pipe","source":"order_55300/NIS_ZH_ABWASSER.dxf","_dedupKey":"2683297.7,1246800.5|2683301.5,1246797.7"}},{"type":"Feature","geometry":{"type":"LineString","coordinates":[[8.539003654961954,47.36766290234385],[8.539096992798857,47.367681892343604],[8.539128139086175,47.36771550732087],[8.539127380107862,47.36771722363291]]},"properties":{"layer":"LKZ1113-MLU1","infraType":"sewage","geomType":"pipe","source":"order_55300/NIS_ZH_ABWASSER.dxf","_dedupKey":"2683114.7,1246895.9|2683123.9,1246902"}},{"type":"Feature","geometry":{"type":"LineString","coordinates":[[8.541002492643917,47.36733503745401],[8.540809709355763,47.36725780988142]]},"properties":{"layer":"LKZ1111-MLU1","infraType":"sewage","geomType":"pipe","source":"order_55300/NIS_ZH_ABWASSER.dxf","_dedupKey":"2683251.7,1246852.8|2683266.2,1246861.5"}},{"type":"Feature","geometry":{"type":"LineString","coordinates":[[8.541329054060641,47.36767724434682],[8.541228565940806,47.367683870666795],[8.541211912370446,47.36769167553908],[8.54120778827078,47.36769072544187]]},"properties":{"layer":"LKZ1113-MLU1","infraType":"sewage","geomType":"pipe","source":"order_55300/NIS_ZH_ABWASSER.dxf","_dedupKey":"2683281.1,1246901.3|2683290.3,1246899.9"}},{"type":"Feature","geometry":{"type":"LineString","coordinates":[[8.538974308960164,47.36774215942177],[8.538994046230595,47.3676977152015],[8.539004425928248,47.36769383834423]]},"properties":{"layer":"LKZ1113-MLU1","infraType":"sewage","geomType":"pipe","source":"order_55300/NIS_ZH_ABWASSER.dxf","_dedupKey":"2683112.3,1246904.7|2683114.7,1246899.3"}},{"type":"Feature","geometry":{"type":"LineString","coordinates":[[8.54153503213501,47.36626105780582],[8.542111572655049,47.36650795504956],[8.542047120273132,47.36656676957015],[8.541692292467172,47.36666919580248],[8.541382211604372,47.36667548513061]]},"properties":{"layer":"LKZ1113-MLU1","infraType":"sewage","geomType":"pipe","source":"order_55300/NIS_ZH_ABWASSER.dxf","_dedupKey":"2683295.9,1246788.6|2683308.1,1246742.7"}},{"type":"Feature","geometry":{"type":"LineString","coordinates":[[8.539516923384879,47.36725646716373],[8.539536023791202,47.36726456064705],[8.539582571641498,47.36728102784334],[8.539590515966403,47.36728104206579]]},"properties":{"layer":"LKZ1114-MLU1","infraType":"sewage","geomType":"pipe","source":"order_55300/NIS_ZH_ABWASSER.dxf","_dedupKey":"2683154.1,1246851.2|2683159.6,1246854"}},{"type":"Feature","geometry":{"type":"LineString","coordinates":[[8.539642092006204,47.36715632723288],[8.539678783680309,47.3671827830258]]},"properties":{"layer":"LKZ1113-MLU0","infraType":"sewage","geomType":"pipe","source":"order_55300/NIS_ZH_ABWASSER.dxf","_dedupKey":"2683163.7,1246840.2|2683166.4,1246843.2"}},{"type":"Feature","geometry":{"type":"LineString","coordinates":[[8.541787025062781,47.36760657660118],[8.54178802235485,47.3676611677161],[8.54178490862256,47.36766425581237],[8.541774322315886,47.36766453682983]]},"properties":{"layer":"LKZ1113-MLU1","infraType":"sewage","geomType":"pipe","source":"order_55300/NIS_ZH_ABWASSER.dxf","_dedupKey":"2683323.9,1246899|2683325,1246892.6"}},{"type":"Feature","geometry":{"type":"LineString","coordinates":[[8.54179674809583,47.367257471377414],[8.541711835593201,47.36728095021343]]},"properties":{"layer":"LKZ1113-MLU1","infraType":"sewage","geomType":"pipe","source":"order_55300/NIS_ZH_ABWASSER.dxf","_dedupKey":"2683319.8,1246856.3|2683326.3,1246853.8"}},{"type":"Feature","geometry":{"type":"LineString","coordinates":[[8.540046705297879,47.36747665496249],[8.54005118797927,47.36749496234165],[8.540054096065168,47.36750114126969],[8.540059409646412,47.36750199011272]]},"properties":{"layer":"LKZ1113-MLU1","infraType":"sewage","geomType":"pipe","source":"order_55300/NIS_ZH_ABWASSER.dxf","_dedupKey":"2683193.8,1246876.3|2683194.7,1246879.1"}},{"type":"Feature","geometry":{"type":"LineString","coordinates":[[8.541536771092261,47.367068267345424],[8.54154989471321,47.36706904153809],[8.541560419500847,47.36706579272324],[8.541619752769526,47.36706666532359],[8.541764741243542,47.367067169556464],[8.54176635578421,47.367068413458384],[8.541767541082148,47.36708090541601]]},"properties":{"layer":"LKZ1111-MLU1","infraType":"sewage","geomType":"pipe","source":"order_55300/NIS_ZH_ABWASSER.dxf","_dedupKey":"2683306.9,1246832.5|2683324.3,1246834.1"}},{"type":"Feature","geometry":{"type":"LineString","coordinates":[[8.541007877221235,47.3664749584361],[8.541030626888475,47.36650586456074],[8.540995511208921,47.36660685563422]]},"properties":{"layer":"LKZ1113-MLU1","infraType":"sewage","geomType":"pipe","source":"order_55300/NIS_ZH_ABWASSER.dxf","_dedupKey":"2683266.8,1246780.6|2683267.9,1246765.9"}},{"type":"Feature","geometry":{"type":"LineString","coordinates":[[8.539405865281697,47.36761679239023],[8.539296475543201,47.367609109611806]]},"properties":{"layer":"LKZ1111-MLU1","infraType":"sewage","geomType":"pipe","source":"order_55300/NIS_ZH_ABWASSER.dxf","_dedupKey":"2683136.9,1246890.2|2683145.1,1246891.2"}},{"type":"Feature","geometry":{"type":"LineString","coordinates":[[8.540659809785643,47.366648288801564],[8.540657350850058,47.36664462424717],[8.540658130589149,47.36663751062737],[8.540642984337838,47.36660293381668],[8.54062956714392,47.36655592717909],[8.540630314902844,47.366553671253165]]},"properties":{"layer":"LKZ1113-MLU1","infraType":"sewage","geomType":"pipe","source":"order_55300/NIS_ZH_ABWASSER.dxf","_dedupKey":"2683239.3,1246774.3|2683241.4,1246784.8"}},{"type":"Feature","geometry":{"type":"LineString","coordinates":[[8.539422904058943,47.36787128294916],[8.539449768793393,47.36778089540693],[8.539451551482408,47.367777460255326]]},"properties":{"layer":"LKZ1113-MLU1","infraType":"sewage","geomType":"pipe","source":"order_55300/NIS_ZH_ABWASSER.dxf","_dedupKey":"2683146,1246919.5|2683148.3,1246909.1"}},{"type":"Feature","geometry":{"type":"LineString","coordinates":[[8.54036314700441,47.366394127312645],[8.540457084023481,47.36640375551645]]},"properties":{"layer":"LKZ1113-MLU1","infraType":"sewage","geomType":"pipe","source":"order_55300/NIS_ZH_ABWASSER.dxf","_dedupKey":"2683219.3,1246756.3|2683226.4,1246757.4"}},{"type":"Feature","geometry":{"type":"LineString","coordinates":[[8.541667334855822,47.36767059594874],[8.541669167641563,47.367669588976874],[8.541747563638639,47.36767027945834],[8.54177622299452,47.36769240368122]]},"properties":{"layer":"LKZ1111-MLU0","infraType":"sewage","geomType":"pipe","source":"order_55300/NIS_ZH_ABWASSER.dxf","_dedupKey":"2683315.9,1246899.6|2683324,1246902.1"}},{"type":"Feature","geometry":{"type":"LineString","coordinates":[[8.539401385301845,47.36738700875705],[8.539448538115234,47.36743918102689]]},"properties":{"layer":"LKZ1111-MLU1","infraType":"sewage","geomType":"pipe","source":"order_55300/NIS_ZH_ABWASSER.dxf","_dedupKey":"2683145.2,1246865.6|2683148.6,1246871.5"}},{"type":"Feature","geometry":{"type":"LineString","coordinates":[[8.53930398009046,47.36785073801501],[8.539330051805276,47.367792470776486],[8.539336877778592,47.36778961722439],[8.539342701519082,47.367776698645464]]},"properties":{"layer":"LKZ1111-MLU1","infraType":"sewage","geomType":"pipe","source":"order_55300/NIS_ZH_ABWASSER.dxf","_dedupKey":"2683137.1,1246917.1|2683140.1,1246908.9"}},{"type":"Feature","geometry":{"type":"LineString","coordinates":[[8.539310759113816,47.36785202268495],[8.539346747600215,47.36777387158586],[8.539345391482955,47.367759492255786],[8.539346782621896,47.36775633069218]]},"properties":{"layer":"LKZ1114-MLU1","infraType":"sewage","geomType":"pipe","source":"order_55300/NIS_ZH_ABWASSER.dxf","_dedupKey":"2683137.6,1246917.2|2683140.5,1246906.6"}},{"type":"Feature","geometry":{"type":"LineString","coordinates":[[8.540111483840304,47.36730530902886],[8.54012410171913,47.367313644142826],[8.540129282908262,47.367314494245164]]},"properties":{"layer":"LKZ1113-MLU1","infraType":"sewage","geomType":"pipe","source":"order_55300/NIS_ZH_ABWASSER.dxf","_dedupKey":"2683198.9,1246857.3|2683200.2,1246858.3"}},{"type":"Feature","geometry":{"type":"LineString","coordinates":[[8.541783215233293,47.36703218181485],[8.541748555632212,47.367033592282844]]},"properties":{"layer":"LKZ1113-MLU1","infraType":"sewage","geomType":"pipe","source":"order_55300/NIS_ZH_ABWASSER.dxf","_dedupKey":"2683323,1246828.8|2683325.6,1246828.7"}},{"type":"Feature","geometry":{"type":"LineString","coordinates":[[8.541896358758601,47.36678625266085],[8.541871174354077,47.366784874104574],[8.541804872618712,47.366773543854286],[8.54179285529493,47.36675584821287]]},"properties":{"layer":"LKZ1113-MLU1","infraType":"sewage","geomType":"pipe","source":"order_55300/NIS_ZH_ABWASSER.dxf","_dedupKey":"2683326.8,1246798|2683334.5,1246801.5"}},{"type":"Feature","geometry":{"type":"LineString","coordinates":[[8.5416770691206,47.366963663004064],[8.541647198945881,47.36697258363821]]},"properties":{"layer":"LKZ1113-MLU1","infraType":"sewage","geomType":"pipe","source":"order_55300/NIS_ZH_ABWASSER.dxf","_dedupKey":"2683315.4,1246821.9|2683317.7,1246821"}},{"type":"Feature","geometry":{"type":"LineString","coordinates":[[8.541581775735102,47.36672215338202],[8.541583084051654,47.3667341944093],[8.541579060496376,47.36673810075479],[8.54156278977355,47.366738795846544],[8.541522294236202,47.36675249540448],[8.541469823699376,47.36676334089217],[8.54146654413908,47.36676481143471]]},"properties":{"layer":"LKZ1113-MLU1","infraType":"sewage","geomType":"pipe","source":"order_55300/NIS_ZH_ABWASSER.dxf","_dedupKey":"2683302.1,1246798.6|2683310.9,1246794"}},{"type":"Feature","geometry":{"type":"LineString","coordinates":[[8.54035347986705,47.367092334156155],[8.540345407738283,47.36707972797825],[8.540242339888582,47.3670639801046],[8.540224542316292,47.367061271408204]]},"properties":{"layer":"LKZ1113-MLU1","infraType":"sewage","geomType":"pipe","source":"order_55300/NIS_ZH_ABWASSER.dxf","_dedupKey":"2683207.8,1246830.3|2683217.5,1246833.9"}},{"type":"Feature","geometry":{"type":"LineString","coordinates":[[8.540261596955824,47.3670155823548],[8.540244026128255,47.367023845596854],[8.54023897733937,47.36702299423702]]},"properties":{"layer":"LKZ1113-MLU1","infraType":"sewage","geomType":"pipe","source":"order_55300/NIS_ZH_ABWASSER.dxf","_dedupKey":"2683209,1246826|2683210.7,1246825.2"}},{"type":"Feature","geometry":{"type":"LineString","coordinates":[[8.54090063251165,47.36693590478198],[8.540911476331626,47.36692887501273],[8.540987313943159,47.36670345199119],[8.54099192907084,47.36668973529096],[8.541018752689189,47.36661032181375]]},"properties":{"layer":"LKZ1113-MLU1","infraType":"sewage","geomType":"pipe","source":"order_55300/NIS_ZH_ABWASSER.dxf","_dedupKey":"2683259.1,1246817.1|2683268.5,1246781"}},{"type":"Feature","geometry":{"type":"LineString","coordinates":[[8.54233711052498,47.366664474670756],[8.542298709539859,47.3666578254108],[8.542276125734098,47.36666694643668],[8.542256291045296,47.36670653480274],[8.542224499181462,47.36676971480531],[8.542208345747449,47.36677607582203],[8.542100838882837,47.36675695385997]]},"properties":{"layer":"LKZ1113-MLU1","infraType":"sewage","geomType":"pipe","source":"order_55300/NIS_ZH_ABWASSER.dxf","_dedupKey":"2683350,1246798.4|2683368,1246788.4"}},{"type":"Feature","geometry":{"type":"LineString","coordinates":[[8.542282954708826,47.366811343552264],[8.54219818409389,47.36679686180136],[8.542100838882837,47.36675695385997]]},"properties":{"layer":"LKZ1113-MLU1","infraType":"sewage","geomType":"pipe","source":"order_55300/NIS_ZH_ABWASSER.dxf","_dedupKey":"2683350,1246798.4|2683363.7,1246804.7"}},{"type":"Feature","geometry":{"type":"LineString","coordinates":[[8.539934528582306,47.36777627404246],[8.539947150260947,47.36778478904236],[8.53995233149308,47.367785639152494]]},"properties":{"layer":"LKZ1113-MLU1","infraType":"sewage","geomType":"pipe","source":"order_55300/NIS_ZH_ABWASSER.dxf","_dedupKey":"2683184.8,1246909.5|2683186.1,1246910.5"}},{"type":"Feature","geometry":{"type":"LineString","coordinates":[[8.53998220595366,47.3676487177973],[8.540000666991018,47.36765789672093]]},"properties":{"layer":"LKZ1113-MLU1","infraType":"sewage","geomType":"pipe","source":"order_55300/NIS_ZH_ABWASSER.dxf","_dedupKey":"2683188.6,1246895.3|2683190,1246896.4"}},{"type":"Feature","geometry":{"type":"LineString","coordinates":[[8.540424502025925,47.36690284817624],[8.540429542969012,47.36690972636203],[8.540411249882464,47.366959913979656],[8.540390496552513,47.3669679377497],[8.540269526029007,47.366963604636275],[8.540265990968297,47.36696552733939],[8.540260940326124,47.36696458604659]]},"properties":{"layer":"LKZ1113-MLU1","infraType":"sewage","geomType":"pipe","source":"order_55300/NIS_ZH_ABWASSER.dxf","_dedupKey":"2683210.7,1246819.6|2683223.2,1246812.9"}},{"type":"Feature","geometry":{"type":"LineString","coordinates":[[8.540332264966676,47.36682816869493],[8.540330760122927,47.366832230873065],[8.540322082957422,47.36683519209648],[8.540315703017635,47.36683399363135],[8.540310521872271,47.366833143537214]]},"properties":{"layer":"LKZ1113-MLU1","infraType":"sewage","geomType":"pipe","source":"order_55300/NIS_ZH_ABWASSER.dxf","_dedupKey":"2683214.7,1246805|2683216.3,1246804.5"}},{"type":"Feature","geometry":{"type":"LineString","coordinates":[[8.540495135854789,47.36671381560005],[8.540490784669498,47.36670828011083],[8.540364254023,47.3666911370639]]},"properties":{"layer":"LKZ1113-MLU1","infraType":"sewage","geomType":"pipe","source":"order_55300/NIS_ZH_ABWASSER.dxf","_dedupKey":"2683219,1246789.3|2683228.8,1246791.9"}},{"type":"Feature","geometry":{"type":"LineString","coordinates":[[8.540404297505575,47.366636334329044],[8.540401914388799,47.36664274362944],[8.540386316288433,47.366650358414866],[8.540379940086648,47.36664933982098]]},"properties":{"layer":"LKZ1113-MLU1","infraType":"sewage","geomType":"pipe","source":"order_55300/NIS_ZH_ABWASSER.dxf","_dedupKey":"2683220.2,1246784.7|2683222.1,1246783.2"}},{"type":"Feature","geometry":{"type":"LineString","coordinates":[[8.540913834055873,47.36708132053196],[8.540956875700205,47.36708828576749],[8.540947816781642,47.36711760650973],[8.540963299130798,47.36714921166656]]},"properties":{"layer":"LKZ1111-MLU1","infraType":"sewage","geomType":"pipe","source":"order_55300/NIS_ZH_ABWASSER.dxf","_dedupKey":"2683259.9,1246833.2|2683263.5,1246840.8"}},{"type":"Feature","geometry":{"type":"LineString","coordinates":[[8.539877793210561,47.367907604643605],[8.53979838347602,47.36787067206213]]},"properties":{"layer":"LKZ1111-MLU1","infraType":"sewage","geomType":"pipe","source":"order_55301/NIS_ZH_ABWASSER.dxf","_dedupKey":"2683174.4,1246919.8|2683180.3,1246924"}},{"type":"Feature","geometry":{"type":"LineString","coordinates":[[8.537509426047034,47.36874458374437],[8.537596085151884,47.368792782804285]]},"properties":{"layer":"LKZ1113-MLU1","infraType":"sewage","geomType":"pipe","source":"order_55301/NIS_ZH_ABWASSER.dxf","_dedupKey":"2683000.1,1247014.5|2683006.6,1247020"}},{"type":"Feature","geometry":{"type":"LineString","coordinates":[[8.537680767228101,47.36881572423174],[8.538061769272549,47.369050469678285]]},"properties":{"layer":"LKZ1113-MLU1","infraType":"sewage","geomType":"pipe","source":"order_55301/NIS_ZH_ABWASSER.dxf","_dedupKey":"2683013,1247022.6|2683041.4,1247049.1"}},{"type":"Feature","geometry":{"type":"LineString","coordinates":[[8.537977319880184,47.36907735946111],[8.538055197866043,47.36905925752975]]},"properties":{"layer":"LKZ1113-MLU1","infraType":"sewage","geomType":"pipe","source":"order_55301/NIS_ZH_ABWASSER.dxf","_dedupKey":"2683035,1247052|2683040.9,1247050.1"}},{"type":"Feature","geometry":{"type":"LineString","coordinates":[[8.541136731238245,47.36790404938573],[8.541090714625627,47.36805416812346]]},"properties":{"layer":"LKZ1113-MLU1","infraType":"sewage","geomType":"pipe","source":"order_55301/NIS_ZH_ABWASSER.dxf","_dedupKey":"2683271.7,1246941.6|2683275.4,1246924.9"}},{"type":"Feature","geometry":{"type":"LineString","coordinates":[[8.540676733478877,47.36897202714319],[8.54023446253802,47.368912470614895]]},"properties":{"layer":"LKZ1113-MLU1","infraType":"sewage","geomType":"pipe","source":"order_55301/NIS_ZH_ABWASSER.dxf","_dedupKey":"2683205.7,1247036.1|2683239,1247043.2"}},{"type":"Feature","geometry":{"type":"LineString","coordinates":[[8.54023446253802,47.368912470614895],[8.539812366114395,47.36885523869872]]},"properties":{"layer":"LKZ1113-MLU1","infraType":"sewage","geomType":"pipe","source":"order_55301/NIS_ZH_ABWASSER.dxf","_dedupKey":"2683173.9,1247029.3|2683205.7,1247036.1"}},{"type":"Feature","geometry":{"type":"LineString","coordinates":[[8.539812366114395,47.36885523869872],[8.539685674333882,47.36888181286951]]},"properties":{"layer":"LKZ1113-MLU1","infraType":"sewage","geomType":"pipe","source":"order_55301/NIS_ZH_ABWASSER.dxf","_dedupKey":"2683164.3,1247032.1|2683173.9,1247029.3"}},{"type":"Feature","geometry":{"type":"LineString","coordinates":[[8.539198886612377,47.36917348781921],[8.538711977293394,47.3691002284091]]},"properties":{"layer":"LKZ1113-MLU1","infraType":"sewage","geomType":"pipe","source":"order_55301/NIS_ZH_ABWASSER.dxf","_dedupKey":"2683090.4,1247055.4|2683127.1,1247064"}},{"type":"Feature","geometry":{"type":"LineString","coordinates":[[8.537661187830286,47.368803677132924],[8.537680767228101,47.36881572423174]]},"properties":{"layer":"LKZ1113-MLU1","infraType":"sewage","geomType":"pipe","source":"order_55301/NIS_ZH_ABWASSER.dxf","_dedupKey":"2683011.5,1247021.3|2683013,1247022.6"}},{"type":"Feature","geometry":{"type":"LineString","coordinates":[[8.538097638360524,47.36892788409938],[8.538078007359845,47.3690481562708]]},"properties":{"layer":"LKZ1113-MLU1","infraType":"sewage","geomType":"pipe","source":"order_55301/NIS_ZH_ABWASSER.dxf","_dedupKey":"2683042.6,1247048.9|2683044.3,1247035.5"}},{"type":"Feature","geometry":{"type":"LineString","coordinates":[[8.539915419117554,47.36791516161875],[8.539953324671265,47.367949071732276]]},"properties":{"layer":"LKZ1113-MLU1","infraType":"sewage","geomType":"pipe","source":"order_55301/NIS_ZH_ABWASSER.dxf","_dedupKey":"2683183.2,1246924.9|2683186,1246928.7"}},{"type":"Feature","geometry":{"type":"LineString","coordinates":[[8.539848274624228,47.368016907425805],[8.539873075021463,47.36794839770267]]},"properties":{"layer":"LKZ1111-MLU1","infraType":"sewage","geomType":"pipe","source":"order_55301/NIS_ZH_ABWASSER.dxf","_dedupKey":"2683177.9,1246936.1|2683179.9,1246928.5"}},{"type":"Feature","geometry":{"type":"LineString","coordinates":[[8.539741587727555,47.36830037257173],[8.539848274624228,47.368016907425805]]},"properties":{"layer":"LKZ1111-MLU1","infraType":"sewage","geomType":"pipe","source":"order_55301/NIS_ZH_ABWASSER.dxf","_dedupKey":"2683169.4,1246967.5|2683177.9,1246936.1"}},{"type":"Feature","geometry":{"type":"LineString","coordinates":[[8.538799380403688,47.36896626761056],[8.538711977293394,47.3691002284091]]},"properties":{"layer":"LKZ1113-MLU1","infraType":"sewage","geomType":"pipe","source":"order_55301/NIS_ZH_ABWASSER.dxf","_dedupKey":"2683090.4,1247055.4|2683097.2,1247040.6"}},{"type":"Feature","geometry":{"type":"LineString","coordinates":[[8.539873075021463,47.36794839770267],[8.53988406829324,47.367916539970565]]},"properties":{"layer":"LKZ1111-MLU1","infraType":"sewage","geomType":"pipe","source":"order_55301/NIS_ZH_ABWASSER.dxf","_dedupKey":"2683179.9,1246928.5|2683180.8,1246925"}},{"type":"Feature","geometry":{"type":"LineString","coordinates":[[8.537226382576193,47.36859858645417],[8.537271819958363,47.36861254649963],[8.537509426047034,47.36874458374437]]},"properties":{"layer":"LKZ1113-MLU1","infraType":"sewage","geomType":"pipe","source":"order_55301/NIS_ZH_ABWASSER.dxf","_dedupKey":"2682979,1246998|2683000.1,1247014.5"}},{"type":"Feature","geometry":{"type":"LineString","coordinates":[[8.540028624774067,47.367915251493294],[8.539998663198922,47.36791337837062],[8.539973863833541,47.3679178425782],[8.539957066023193,47.36793149549548]]},"properties":{"layer":"LKZ1113-MLU1","infraType":"sewage","geomType":"pipe","source":"order_55301/NIS_ZH_ABWASSER.dxf","_dedupKey":"2683186.3,1246926.7|2683191.7,1246925"}},{"type":"Feature","geometry":{"type":"LineString","coordinates":[[8.539871557306151,47.36830435060684],[8.53966454121051,47.368871489997765]]},"properties":{"layer":"LKZ1113-MLU1","infraType":"sewage","geomType":"pipe","source":"order_55301/NIS_ZH_ABWASSER.dxf","_dedupKey":"2683162.7,1247030.9|2683179.2,1246968.1"}},{"type":"Feature","geometry":{"type":"LineString","coordinates":[[8.53954211634129,47.36886105324178],[8.539741587727555,47.36830037257173]]},"properties":{"layer":"LKZ1111-MLU1","infraType":"sewage","geomType":"pipe","source":"order_55301/NIS_ZH_ABWASSER.dxf","_dedupKey":"2683153.5,1247029.6|2683169.4,1246967.5"}},{"type":"Feature","geometry":{"type":"LineString","coordinates":[[8.539953324671265,47.367949071732276],[8.53993073626526,47.368137465851156],[8.539871557306151,47.36830435060684]]},"properties":{"layer":"LKZ1113-MLU1","infraType":"sewage","geomType":"pipe","source":"order_55301/NIS_ZH_ABWASSER.dxf","_dedupKey":"2683179.2,1246968.1|2683186,1246928.7"}},{"type":"Feature","geometry":{"type":"LineString","coordinates":[[8.539642847113386,47.36893016531874],[8.53949387818834,47.36932701232781]]},"properties":{"layer":"LKZ1113-MLU1","infraType":"sewage","geomType":"pipe","source":"order_55301/NIS_ZH_ABWASSER.dxf","_dedupKey":"2683149.1,1247081.4|2683161,1247037.4"}},{"type":"Feature","geometry":{"type":"LineString","coordinates":[[8.539849352864085,47.36785759287467],[8.53989707598487,47.367898875381364]]},"properties":{"layer":"LKZ1113-MLU1","infraType":"sewage","geomType":"pipe","source":"order_55301/NIS_ZH_ABWASSER.dxf","_dedupKey":"2683178.3,1246918.4|2683181.8,1246923.1"}},{"type":"Feature","geometry":{"type":"LineString","coordinates":[[8.538860401808353,47.36807372666567],[8.539114218816492,47.36780442217348]]},"properties":{"layer":"LKZ1113-MLU1","infraType":"sewage","geomType":"pipe","source":"order_55301/NIS_ZH_ABWASSER.dxf","_dedupKey":"2683103.2,1246941.4|2683122.8,1246911.7"}},{"type":"Feature","geometry":{"type":"LineString","coordinates":[[8.538711977293394,47.3691002284091],[8.538503962499323,47.36926034427638]]},"properties":{"layer":"LKZ1113-MLU1","infraType":"sewage","geomType":"pipe","source":"order_55301/NIS_ZH_ABWASSER.dxf","_dedupKey":"2683074.5,1247072.9|2683090.4,1247055.4"}},{"type":"Feature","geometry":{"type":"LineString","coordinates":[[8.538486168159894,47.36848774000055],[8.538097638360524,47.36892788409938]]},"properties":{"layer":"LKZ1113-MLU1","infraType":"sewage","geomType":"pipe","source":"order_55301/NIS_ZH_ABWASSER.dxf","_dedupKey":"2683044.3,1247035.5|2683074.3,1246987"}},{"type":"Feature","geometry":{"type":"LineString","coordinates":[[8.537475789377444,47.36938661793752],[8.537977319880184,47.36907735946111]]},"properties":{"layer":"LKZ1113-MLU1","infraType":"sewage","geomType":"pipe","source":"order_55301/NIS_ZH_ABWASSER.dxf","_dedupKey":"2682996.6,1247085.9|2683035,1247052"}},{"type":"Feature","geometry":{"type":"LineString","coordinates":[[8.537833412624423,47.36759488835076],[8.537799109720783,47.36762004144741]]},"properties":{"layer":"LKZ1113-MLU1","infraType":"sewage","geomType":"pipe","source":"order_55301/NIS_ZH_ABWASSER.dxf","_dedupKey":"2683023.8,1246889.8|2683026.4,1246887.1"}},{"type":"Feature","geometry":{"type":"LineString","coordinates":[[8.537966325113652,47.367420646437864],[8.537833412624423,47.36759488835076]]},"properties":{"layer":"LKZ1113-MLU1","infraType":"sewage","geomType":"pipe","source":"order_55301/NIS_ZH_ABWASSER.dxf","_dedupKey":"2683026.4,1246887.1|2683036.7,1246867.8"}},{"type":"Feature","geometry":{"type":"LineString","coordinates":[[8.540806879197898,47.368990844470346],[8.540676733478877,47.36897202714319]]},"properties":{"layer":"LKZ1113-MLU1","infraType":"sewage","geomType":"pipe","source":"order_55301/NIS_ZH_ABWASSER.dxf","_dedupKey":"2683239,1247043.2|2683248.8,1247045.4"}},{"type":"Feature","geometry":{"type":"LineString","coordinates":[[8.540719188554041,47.36928357410387],[8.540814879206122,47.36899994318903]]},"properties":{"layer":"LKZ1113-MLU1","infraType":"sewage","geomType":"pipe","source":"order_55301/NIS_ZH_ABWASSER.dxf","_dedupKey":"2683241.7,1247077.9|2683249.4,1247046.4"}},{"type":"Feature","geometry":{"type":"LineString","coordinates":[[8.541670545992806,47.3691119498701],[8.540821019187852,47.36899592672668]]},"properties":{"layer":"LKZ1113-MLU1","infraType":"sewage","geomType":"pipe","source":"order_55301/NIS_ZH_ABWASSER.dxf","_dedupKey":"2683249.9,1247046|2683313.8,1247059.8"}},{"type":"Feature","geometry":{"type":"LineString","coordinates":[[8.541866128538524,47.369029755076],[8.541670545992806,47.3691119498701]]},"properties":{"layer":"LKZ1113-MLU1","infraType":"sewage","geomType":"pipe","source":"order_55301/NIS_ZH_ABWASSER.dxf","_dedupKey":"2683313.8,1247059.8|2683328.7,1247050.9"}},{"type":"Feature","geometry":{"type":"LineString","coordinates":[[8.538112028386731,47.36754564144749],[8.538115915250268,47.367637804809505]]},"properties":{"layer":"LKZ1111-MLU1","infraType":"sewage","geomType":"pipe","source":"order_55301/NIS_ZH_ABWASSER.dxf","_dedupKey":"2683047.5,1246881.9|2683047.7,1246892.1"}},{"type":"Feature","geometry":{"type":"LineString","coordinates":[[8.538115915250268,47.367637804809505],[8.538161672109387,47.36769295928224]]},"properties":{"layer":"LKZ1111-MLU1","infraType":"sewage","geomType":"pipe","source":"order_55301/NIS_ZH_ABWASSER.dxf","_dedupKey":"2683047.7,1246892.1|2683051,1246898.3"}},{"type":"Feature","geometry":{"type":"LineString","coordinates":[[8.54060383404883,47.36828297393874],[8.540511863828263,47.36858644854838]]},"properties":{"layer":"LKZ1113-MLU1","infraType":"sewage","geomType":"pipe","source":"order_55301/NIS_ZH_ABWASSER.dxf","_dedupKey":"2683227.2,1247000.1|2683234.6,1246966.5"}},{"type":"Feature","geometry":{"type":"LineString","coordinates":[[8.540511863828263,47.36858644854838],[8.540327219874952,47.36860853901068]]},"properties":{"layer":"LKZ1113-MLU1","infraType":"sewage","geomType":"pipe","source":"order_55301/NIS_ZH_ABWASSER.dxf","_dedupKey":"2683213.2,1247002.4|2683227.2,1247000.1"}},{"type":"Feature","geometry":{"type":"LineString","coordinates":[[8.537799109720783,47.36762004144741],[8.537520570662622,47.367994191886304]]},"properties":{"layer":"LKZ1113-MLU1","infraType":"sewage","geomType":"pipe","source":"order_55301/NIS_ZH_ABWASSER.dxf","_dedupKey":"2683002.2,1246931.1|2683023.8,1246889.8"}},{"type":"Feature","geometry":{"type":"LineString","coordinates":[[8.537925831082669,47.36749227351713],[8.53809347009034,47.367525309155404]]},"properties":{"layer":"LKZ1111-MLU1","infraType":"sewage","geomType":"pipe","source":"order_55301/NIS_ZH_ABWASSER.dxf","_dedupKey":"2683033.5,1246875.8|2683046.2,1246879.6"}},{"type":"Feature","geometry":{"type":"LineString","coordinates":[[8.538634799604202,47.36841436328053],[8.539002149299279,47.368006891537874]]},"properties":{"layer":"LKZ1111-MLU1","infraType":"sewage","geomType":"pipe","source":"order_55301/NIS_ZH_ABWASSER.dxf","_dedupKey":"2683085.7,1246979|2683114,1246934.1"}},{"type":"Feature","geometry":{"type":"LineString","coordinates":[[8.540327219874952,47.36860853901068],[8.54023446253802,47.368912470614895]]},"properties":{"layer":"LKZ1113-MLU1","infraType":"sewage","geomType":"pipe","source":"order_55301/NIS_ZH_ABWASSER.dxf","_dedupKey":"2683205.7,1247036.1|2683213.2,1247002.4"}},{"type":"Feature","geometry":{"type":"LineString","coordinates":[[8.541338524372703,47.369242401758754],[8.541321379147025,47.36906644024879]]},"properties":{"layer":"LKZ1113-MLU1","infraType":"sewage","geomType":"pipe","source":"order_55301/NIS_ZH_ABWASSER.dxf","_dedupKey":"2683287.5,1247054.4|2683288.6,1247073.9"}},{"type":"Feature","geometry":{"type":"LineString","coordinates":[[8.53808243199624,47.36906367576759],[8.538499441051023,47.369317146750944]]},"properties":{"layer":"LKZ1113-MLU1","infraType":"sewage","geomType":"pipe","source":"order_55301/NIS_ZH_ABWASSER.dxf","_dedupKey":"2683042.9,1247050.6|2683074,1247079.2"}},{"type":"Feature","geometry":{"type":"LineString","coordinates":[[8.538860401808353,47.36807372666567],[8.538486168159894,47.36848774000055]]},"properties":{"layer":"LKZ1113-MLU1","infraType":"sewage","geomType":"pipe","source":"order_55301/NIS_ZH_ABWASSER.dxf","_dedupKey":"2683074.3,1246987|2683103.2,1246941.4"}},{"type":"Feature","geometry":{"type":"LineString","coordinates":[[8.539957066023193,47.36793149549548],[8.539953324671265,47.367949071732276]]},"properties":{"layer":"LKZ1113-MLU1","infraType":"sewage","geomType":"pipe","source":"order_55301/NIS_ZH_ABWASSER.dxf","_dedupKey":"2683186,1246928.7|2683186.3,1246926.7"}},{"type":"Feature","geometry":{"type":"LineString","coordinates":[[8.53971608266379,47.36892451982895],[8.53954211634129,47.36886105324178]]},"properties":{"layer":"LKZ1111-MLU1","infraType":"sewage","geomType":"pipe","source":"order_55301/NIS_ZH_ABWASSER.dxf","_dedupKey":"2683153.5,1247029.6|2683166.5,1247036.9"}},{"type":"Feature","geometry":{"type":"LineString","coordinates":[[8.539002149299279,47.368006891537874],[8.539154038867354,47.36783489614296]]},"properties":{"layer":"LKZ1111-MLU1","infraType":"sewage","geomType":"pipe","source":"order_55301/NIS_ZH_ABWASSER.dxf","_dedupKey":"2683114,1246934.1|2683125.8,1246915.2"}},{"type":"Feature","geometry":{"type":"LineString","coordinates":[[8.540946040456152,47.36854281682143],[8.540820639498065,47.36898396678991]]},"properties":{"layer":"LKZ1113-MLU1","infraType":"sewage","geomType":"pipe","source":"order_55301/NIS_ZH_ABWASSER.dxf","_dedupKey":"2683249.9,1247044.7|2683260,1246995.8"}},{"type":"Feature","geometry":{"type":"LineString","coordinates":[[8.537520570662622,47.367994191886304],[8.537210548691306,47.36840848956518]]},"properties":{"layer":"LKZ1113-MLU1","infraType":"sewage","geomType":"pipe","source":"order_55301/NIS_ZH_ABWASSER.dxf","_dedupKey":"2682978.1,1246976.9|2683002.2,1246931.1"}},{"type":"Feature","geometry":{"type":"LineString","coordinates":[[8.537532787633959,47.368747419826974],[8.537603776810636,47.3687869527201]]},"properties":{"layer":"LKZ1113-MLU1","infraType":"sewage","geomType":"pipe","source":"order_55301/NIS_ZH_ABWASSER.dxf","_dedupKey":"2683001.9,1247014.9|2683007.2,1247019.4"}},{"type":"Feature","geometry":{"type":"LineString","coordinates":[[8.537239241472303,47.368586500588435],[8.537284728112573,47.368609275410556],[8.537532787633959,47.368747419826974]]},"properties":{"layer":"LKZ1113-MLU1","infraType":"sewage","geomType":"pipe","source":"order_55301/NIS_ZH_ABWASSER.dxf","_dedupKey":"2682980,1246996.7|2683001.9,1247014.9"}},{"type":"Feature","geometry":{"type":"LineString","coordinates":[[8.541803137450843,47.36811006185704],[8.541103478230914,47.36806313140187]]},"properties":{"layer":"LKZ1113-MLU1","infraType":"sewage","geomType":"pipe","source":"order_55301/NIS_ZH_ABWASSER.dxf","_dedupKey":"2683272.7,1246942.6|2683325.4,1246948.6"}},{"type":"Feature","geometry":{"type":"LineString","coordinates":[[8.541078781831187,47.368059769074065],[8.540035935185331,47.36791662100507]]},"properties":{"layer":"LKZ1113-MLU1","infraType":"sewage","geomType":"pipe","source":"order_55301/NIS_ZH_ABWASSER.dxf","_dedupKey":"2683192.3,1246925.2|2683270.8,1246942.2"}},{"type":"Feature","geometry":{"type":"LineString","coordinates":[[8.541837592482917,47.36862335646208],[8.541803137450843,47.36811006185704]]},"properties":{"layer":"LKZ1113-MLU1","infraType":"sewage","geomType":"pipe","source":"order_55301/NIS_ZH_ABWASSER.dxf","_dedupKey":"2683325.4,1246948.6|2683327.2,1247005.7"}},{"type":"Feature","geometry":{"type":"LineString","coordinates":[[8.54185195328197,47.368811847802824],[8.541866128538524,47.369029755076]]},"properties":{"layer":"LKZ1113-MLU1","infraType":"sewage","geomType":"pipe","source":"order_55301/NIS_ZH_ABWASSER.dxf","_dedupKey":"2683328,1247026.6|2683328.7,1247050.9"}},{"type":"Feature","geometry":{"type":"LineString","coordinates":[[8.540946040456152,47.36854281682143],[8.541097120123139,47.36806939875397]]},"properties":{"layer":"LKZ1113-MLU1","infraType":"sewage","geomType":"pipe","source":"order_55301/NIS_ZH_ABWASSER.dxf","_dedupKey":"2683260,1246995.8|2683272.2,1246943.3"}},{"type":"Feature","geometry":{"type":"LineString","coordinates":[[8.539829077691472,47.36804902327393],[8.539836856314432,47.36804741993184]]},"properties":{"layer":"LKZ1111-MLU1","infraType":"sewage","geomType":"pipe","source":"order_55301/NIS_ZH_ABWASSER.dxf","_dedupKey":"2683176.4,1246939.7|2683177,1246939.5"}},{"type":"Feature","geometry":{"type":"LineString","coordinates":[[8.539814725984478,47.368187505649686],[8.539786023011004,47.36818247216523]]},"properties":{"layer":"LKZ1111-MLU1","infraType":"sewage","geomType":"pipe","source":"order_55301/NIS_ZH_ABWASSER.dxf","_dedupKey":"2683173,1246954.5|2683175.1,1246955.1"}},{"type":"Feature","geometry":{"type":"LineString","coordinates":[[8.539804732387518,47.368113930582105],[8.53981187700431,47.3681136825604]]},"properties":{"layer":"LKZ1111-MLU1","infraType":"sewage","geomType":"pipe","source":"order_55301/NIS_ZH_ABWASSER.dxf","_dedupKey":"2683174.5,1246946.9|2683175,1246946.8"}},{"type":"Feature","geometry":{"type":"LineString","coordinates":[[8.538760525219406,47.36913655618159],[8.538740002061122,47.369104459058825]]},"properties":{"layer":"LKZ1113-MLU1","infraType":"sewage","geomType":"pipe","source":"order_55301/NIS_ZH_ABWASSER.dxf","_dedupKey":"2683092.5,1247055.9|2683094,1247059.4"}},{"type":"Feature","geometry":{"type":"LineString","coordinates":[[8.540175700180106,47.368958546558474],[8.540186604275656,47.36892237198262],[8.540177547216784,47.36891337325428],[8.540180025672644,47.36890516402346]]},"properties":{"layer":"LKZ1113-MLU1","infraType":"sewage","geomType":"pipe","source":"order_55301/NIS_ZH_ABWASSER.dxf","_dedupKey":"2683201.2,1247041.2|2683201.6,1247035.2"}},{"type":"Feature","geometry":{"type":"LineString","coordinates":[[8.537514680984263,47.36767635911701],[8.537516414842644,47.36767697228121],[8.537517246172774,47.367678763402765],[8.537515185634323,47.367681571506104],[8.537516294692498,47.36768398964624],[8.537525761947,47.367687227777736],[8.53753948450731,47.367684938375454],[8.537699240344738,47.36774017767801],[8.537701760315104,47.36774681011357],[8.53770402924311,47.36774768803789]]},"properties":{"layer":"LKZ1113-MLU1","infraType":"sewage","geomType":"pipe","source":"order_55301/NIS_ZH_ABWASSER.dxf","_dedupKey":"2683002.2,1246895.8|2683016.4,1246903.9"}},{"type":"Feature","geometry":{"type":"LineString","coordinates":[[8.53737847104239,47.367857738018664],[8.537402073975915,47.367865878970434],[8.537453742902676,47.36785459322261],[8.537581333262803,47.36789736558258],[8.537585164008604,47.367903355887336],[8.537587563463434,47.36790414262048]]},"properties":{"layer":"LKZ1113-MLU1","infraType":"sewage","geomType":"pipe","source":"order_55301/NIS_ZH_ABWASSER.dxf","_dedupKey":"2682991.6,1246915.8|2683007.4,1246921.2"}},{"type":"Feature","geometry":{"type":"LineString","coordinates":[[8.541508180016281,47.368162981827446],[8.54150849401496,47.368101361973594],[8.541490414533575,47.36809784659673],[8.541482593436095,47.36809099500455],[8.54148294033003,47.36808856299855]]},"properties":{"layer":"LKZ1113-MLU0","infraType":"sewage","geomType":"pipe","source":"order_55301/NIS_ZH_ABWASSER.dxf","_dedupKey":"2683301.3,1246945.8|2683303.1,1246954.1"}},{"type":"Feature","geometry":{"type":"LineString","coordinates":[[8.541265439422189,47.36814793883592],[8.541253349989018,47.36807555325365],[8.541253698753499,47.36807321118215]]},"properties":{"layer":"LKZ1111-MLU1","infraType":"sewage","geomType":"pipe","source":"order_55301/NIS_ZH_ABWASSER.dxf","_dedupKey":"2683284,1246943.9|2683284.8,1246952.2"}},{"type":"Feature","geometry":{"type":"LineString","coordinates":[[8.539763061593579,47.36796824649369],[8.539766119248979,47.367968847003446],[8.539799376507384,47.367880287414835],[8.53979838347602,47.36787067206213]]},"properties":{"layer":"LKZ1111-MLU1","infraType":"sewage","geomType":"pipe","source":"order_55301/NIS_ZH_ABWASSER.dxf","_dedupKey":"2683171.6,1246930.6|2683174.4,1246919.8"}},{"type":"Feature","geometry":{"type":"LineString","coordinates":[[8.541733333143412,47.36856939184341],[8.541772265187948,47.36856964966379],[8.541827934977185,47.36855976297035],[8.54183336059694,47.368559621194876]]},"properties":{"layer":"LKZ1114-MLU0","infraType":"sewage","geomType":"pipe","source":"order_55301/NIS_ZH_ABWASSER.dxf","_dedupKey":"2683319.4,1246999.5|2683327,1246998.6"}},{"type":"Feature","geometry":{"type":"LineString","coordinates":[[8.541729197172216,47.36853587939641],[8.541823105184754,47.36853111454005],[8.54183144124569,47.368530855013475]]},"properties":{"layer":"LKZ1111-MLU1","infraType":"sewage","geomType":"pipe","source":"order_55301/NIS_ZH_ABWASSER.dxf","_dedupKey":"2683319.2,1246995.8|2683326.9,1246995.4"}},{"type":"Feature","geometry":{"type":"LineString","coordinates":[[8.541069470822952,47.36908206787401],[8.541079035669338,47.369045186380205],[8.541070133136467,47.369037265664616],[8.541072238503029,47.36903022934539]]},"properties":{"layer":"LKZ1113-MLU1","infraType":"sewage","geomType":"pipe","source":"order_55301/NIS_ZH_ABWASSER.dxf","_dedupKey":"2683268.5,1247055.8|2683268.8,1247050.1"}},{"type":"Feature","geometry":{"type":"LineString","coordinates":[[8.540900220394258,47.36910590128643],[8.540790461073755,47.36908050296304],[8.540787806057992,47.36908016849245]]},"properties":{"layer":"LKZ1111-MLU1","infraType":"sewage","geomType":"pipe","source":"order_55301/NIS_ZH_ABWASSER.dxf","_dedupKey":"2683247.2,1247055.3|2683255.7,1247058.3"}},{"type":"Feature","geometry":{"type":"LineString","coordinates":[[8.539066298272935,47.36804217103385],[8.539051476400727,47.36803610559444],[8.5390423721358,47.36803763156211],[8.539006445454842,47.36802259213307],[8.53901697844214,47.36799406708297],[8.53901444101672,47.367993011839125]]},"properties":{"layer":"LKZ1111-MLU1","infraType":"sewage","geomType":"pipe","source":"order_55301/NIS_ZH_ABWASSER.dxf","_dedupKey":"2683115,1246932.6|2683118.8,1246938.1"}},{"type":"Feature","geometry":{"type":"LineString","coordinates":[[8.540649093088613,47.36788477612647],[8.540617904303206,47.367983660671705],[8.540617005176578,47.367991405088425],[8.540615515194492,47.36799618673975]]},"properties":{"layer":"LKZ1113-MLU1","infraType":"sewage","geomType":"pipe","source":"order_55301/NIS_ZH_ABWASSER.dxf","_dedupKey":"2683235.9,1246934.6|2683238.6,1246922.3"}},{"type":"Feature","geometry":{"type":"LineString","coordinates":[[8.540202798297315,47.36802090266408],[8.540205494146445,47.367939920514445]]},"properties":{"layer":"LKZ1113-MLU1","infraType":"sewage","geomType":"pipe","source":"order_55301/NIS_ZH_ABWASSER.dxf","_dedupKey":"2683204.7,1246936.9|2683205,1246927.9"}},{"type":"Feature","geometry":{"type":"LineString","coordinates":[[8.540274192917012,47.367836540535734],[8.540234193737724,47.36793838745962],[8.540232713015019,47.36794361877539]]},"properties":{"layer":"LKZ1113-MLU1","infraType":"sewage","geomType":"pipe","source":"order_55301/NIS_ZH_ABWASSER.dxf","_dedupKey":"2683207.1,1246928.4|2683210.4,1246916.5"}},{"type":"Feature","geometry":{"type":"LineString","coordinates":[[8.541812816830179,47.36798277781138],[8.54180799870339,47.367993078317355],[8.541796295151146,47.36800335463775]]},"properties":{"layer":"LKZ1113-MLU1","infraType":"sewage","geomType":"pipe","source":"order_55301/NIS_ZH_ABWASSER.dxf","_dedupKey":"2683325.1,1246936.7|2683326.4,1246934.4"}},{"type":"Feature","geometry":{"type":"LineString","coordinates":[[8.540582792767509,47.36811055757898],[8.540575246799282,47.36799531162193],[8.540576609985868,47.367990801035766]]},"properties":{"layer":"LKZ1113-MLU1","infraType":"sewage","geomType":"pipe","source":"order_55301/NIS_ZH_ABWASSER.dxf","_dedupKey":"2683233,1246934|2683233.3,1246947.3"}},{"type":"Feature","geometry":{"type":"LineString","coordinates":[[8.540318467263527,47.36807610909117],[8.540333322762248,47.36796847522864],[8.540333979480955,47.36796181254595],[8.54033521960412,47.36795775289463]]},"properties":{"layer":"LKZ1111-MLU1","infraType":"sewage","geomType":"pipe","source":"order_55301/NIS_ZH_ABWASSER.dxf","_dedupKey":"2683213.3,1246943.2|2683214.8,1246930.1"}},{"type":"Feature","geometry":{"type":"LineString","coordinates":[[8.540315679924362,47.36807577587226],[8.540330134168652,47.367974352498],[8.540330397476627,47.367967873471216],[8.540328712729304,47.36795682549494]]},"properties":{"layer":"LKZ1111-MLU1","infraType":"sewage","geomType":"pipe","source":"order_55301/NIS_ZH_ABWASSER.dxf","_dedupKey":"2683213.1,1246943.2|2683214.3,1246930"}},{"type":"Feature","geometry":{"type":"LineString","coordinates":[[8.538939260098934,47.36896277628453],[8.538799380403688,47.36896626761056]]},"properties":{"layer":"LKZ1113-MLU1","infraType":"sewage","geomType":"pipe","source":"order_55301/NIS_ZH_ABWASSER.dxf","_dedupKey":"2683097.2,1247040.6|2683107.8,1247040.3"}},{"type":"Feature","geometry":{"type":"LineString","coordinates":[[8.540016591616105,47.3681787445055],[8.539925509952612,47.36816648009688],[8.539920727671745,47.3681657161328]]},"properties":{"layer":"LKZ1113-MLU1","infraType":"sewage","geomType":"pipe","source":"order_55301/NIS_ZH_ABWASSER.dxf","_dedupKey":"2683183.2,1246952.7|2683190.4,1246954.3"}},{"type":"Feature","geometry":{"type":"LineString","coordinates":[[8.539913121829242,47.36845768154417],[8.53982520419777,47.36846400686037],[8.539816698128902,47.36846885539341],[8.539812038911048,47.36846764049341]]},"properties":{"layer":"LKZ1113-MLU1","infraType":"sewage","geomType":"pipe","source":"order_55301/NIS_ZH_ABWASSER.dxf","_dedupKey":"2683174.5,1246986.2|2683182.1,1246985.2"}},{"type":"Feature","geometry":{"type":"LineString","coordinates":[[8.53995492001128,47.36834673249288],[8.539859802184136,47.368350607850275],[8.539855150406957,47.368349752687465]]},"properties":{"layer":"LKZ1111-MLU1","infraType":"sewage","geomType":"pipe","source":"order_55301/NIS_ZH_ABWASSER.dxf","_dedupKey":"2683177.9,1246973.1|2683185.5,1246972.9"}},{"type":"Feature","geometry":{"type":"LineString","coordinates":[[8.5416781923718,47.36783699271552],[8.541775848482825,47.367834260976025],[8.541784077874132,47.36784164835887],[8.541785798759534,47.36784163192195]]},"properties":{"layer":"LKZ1113-MLU1","infraType":"sewage","geomType":"pipe","source":"order_55301/NIS_ZH_ABWASSER.dxf","_dedupKey":"2683316.4,1246918.1|2683324.5,1246918.7"}},{"type":"Feature","geometry":{"type":"LineString","coordinates":[[8.541685012236547,47.3678914382663],[8.541768828045509,47.36790449029821],[8.54178728551759,47.36791987563518],[8.541790857808357,47.367919751562994]]},"properties":{"layer":"LKZ1113-MLU1","infraType":"sewage","geomType":"pipe","source":"order_55301/NIS_ZH_ABWASSER.dxf","_dedupKey":"2683316.8,1246924.1|2683324.8,1246927.4"}},{"type":"Feature","geometry":{"type":"LineString","coordinates":[[8.539607599403801,47.367903074420866],[8.539625829558918,47.36783696612337],[8.539626055304687,47.36783507498799]]},"properties":{"layer":"LKZ1111-MLU1","infraType":"sewage","geomType":"pipe","source":"order_55301/NIS_ZH_ABWASSER.dxf","_dedupKey":"2683159.9,1246923.2|2683161.4,1246915.7"}},{"type":"Feature","geometry":{"type":"LineString","coordinates":[[8.53965322788952,47.36788141088047],[8.539678582998016,47.36782692835855],[8.539679836170592,47.367823498251276]]},"properties":{"layer":"LKZ1113-MLU0","infraType":"sewage","geomType":"pipe","source":"order_55301/NIS_ZH_ABWASSER.dxf","_dedupKey":"2683163.4,1246920.9|2683165.5,1246914.4"}},{"type":"Feature","geometry":{"type":"LineString","coordinates":[[8.537378117514427,47.36816177762466],[8.537384420012543,47.368172062095596],[8.537386688953436,47.368172940026064]]},"properties":{"layer":"LKZ1113-MLU1","infraType":"sewage","geomType":"pipe","source":"order_55301/NIS_ZH_ABWASSER.dxf","_dedupKey":"2682991.1,1246949.6|2682991.8,1246950.9"}},{"type":"Feature","geometry":{"type":"LineString","coordinates":[[8.537441815470611,47.36818806714944],[8.53739721159351,47.36817598822513],[8.537385094104359,47.36817907190342],[8.537382567824338,47.36817855622727]]},"properties":{"layer":"LKZ1113-MLU1","infraType":"sewage","geomType":"pipe","source":"order_55301/NIS_ZH_ABWASSER.dxf","_dedupKey":"2682991.4,1246951.5|2682995.9,1246952.6"}},{"type":"Feature","geometry":{"type":"LineString","coordinates":[[8.537530846227977,47.36806875390849],[8.537493116736153,47.3680561598571],[8.53747297251548,47.36806165865301],[8.537470701724105,47.3680606907903]]},"properties":{"layer":"LKZ1113-MLU1","infraType":"sewage","geomType":"pipe","source":"order_55301/NIS_ZH_ABWASSER.dxf","_dedupKey":"2682998.3,1246938.5|2683002.8,1246939.4"}},{"type":"Feature","geometry":{"type":"LineString","coordinates":[[8.537449883065879,47.36804631670596],[8.537471910553265,47.368055102293326],[8.537474310013259,47.368055889028774]]},"properties":{"layer":"LKZ1111-MLU1","infraType":"sewage","geomType":"pipe","source":"order_55301/NIS_ZH_ABWASSER.dxf","_dedupKey":"2682996.7,1246936.9|2682998.6,1246937.9"}},{"type":"Feature","geometry":{"type":"LineString","coordinates":[[8.54127012091477,47.36787498094723],[8.541149172123841,47.36787820446501],[8.541144923074906,47.36787761536473]]},"properties":{"layer":"LKZ1113-MLU1","infraType":"sewage","geomType":"pipe","source":"order_55301/NIS_ZH_ABWASSER.dxf","_dedupKey":"2683276.1,1246922|2683285.5,1246921.9"}},{"type":"Feature","geometry":{"type":"LineString","coordinates":[[8.540534907143103,47.369009450891205],[8.540546418986809,47.368970661885896],[8.540530776780342,47.36895695857664],[8.54053214185428,47.3689525379261]]},"properties":{"layer":"LKZ1113-MLU1","infraType":"sewage","geomType":"pipe","source":"order_55301/NIS_ZH_ABWASSER.dxf","_dedupKey":"2683228.1,1247040.9|2683228.2,1247047.2"}},{"type":"Feature","geometry":{"type":"LineString","coordinates":[[8.540383768931854,47.36887821413839],[8.5403726022682,47.36888245843028],[8.540355988891742,47.368924264483105],[8.54035422480961,47.36892859898594]]},"properties":{"layer":"LKZ1113-MLU1","infraType":"sewage","geomType":"pipe","source":"order_55301/NIS_ZH_ABWASSER.dxf","_dedupKey":"2683214.7,1247038|2683217,1247032.4"}},{"type":"Feature","geometry":{"type":"LineString","coordinates":[[8.540111564330706,47.368949623356244],[8.540114415776404,47.36894024119951],[8.540122133974034,47.36889726069367]]},"properties":{"layer":"LKZ1113-MLU1","infraType":"sewage","geomType":"pipe","source":"order_55301/NIS_ZH_ABWASSER.dxf","_dedupKey":"2683196.4,1247040.1|2683197.2,1247034.3"}},{"type":"Feature","geometry":{"type":"LineString","coordinates":[[8.540106379332075,47.36883966203319],[8.540105254824862,47.36884291101386],[8.540067617161542,47.368860450696744],[8.540059329424588,47.36888868457293]]},"properties":{"layer":"LKZ1113-MLU1","infraType":"sewage","geomType":"pipe","source":"order_55301/NIS_ZH_ABWASSER.dxf","_dedupKey":"2683192.5,1247033.3|2683196.1,1247027.9"}},{"type":"Feature","geometry":{"type":"LineString","coordinates":[[8.539972295956968,47.368905795750315],[8.53995416983294,47.36887439559065]]},"properties":{"layer":"LKZ1113-MLU1","infraType":"sewage","geomType":"pipe","source":"order_55301/NIS_ZH_ABWASSER.dxf","_dedupKey":"2683184.6,1247031.6|2683185.9,1247035.1"}},{"type":"Feature","geometry":{"type":"LineString","coordinates":[[8.539856014529114,47.36861591116723],[8.539768189583253,47.36860109693384],[8.53976353778567,47.36860024176739]]},"properties":{"layer":"LKZ1113-MLU1","infraType":"sewage","geomType":"pipe","source":"order_55301/NIS_ZH_ABWASSER.dxf","_dedupKey":"2683170.6,1247000.9|2683177.6,1247002.7"}},{"type":"Feature","geometry":{"type":"LineString","coordinates":[[8.539130365288536,47.36797085865474],[8.53911754392399,47.367965493774804],[8.539110662219622,47.36796564929706],[8.539010308952152,47.367914703381786]]},"properties":{"layer":"LKZ1114-MLU1","infraType":"sewage","geomType":"pipe","source":"order_55301/NIS_ZH_ABWASSER.dxf","_dedupKey":"2683114.8,1246923.9|2683123.8,1246930.2"}},{"type":"Feature","geometry":{"type":"LineString","coordinates":[[8.538395792173473,47.36846476342916],[8.538409799416314,47.36846984724222],[8.538472973669531,47.368502797605544]]},"properties":{"layer":"LKZ1113-MLU1","infraType":"sewage","geomType":"pipe","source":"order_55301/NIS_ZH_ABWASSER.dxf","_dedupKey":"2683067.5,1246984.4|2683073.3,1246988.7"}},{"type":"Feature","geometry":{"type":"LineString","coordinates":[[8.538481167713288,47.36841222831067],[8.538533029260169,47.36843593140628]]},"properties":{"layer":"LKZ1113-MLU1","infraType":"sewage","geomType":"pipe","source":"order_55301/NIS_ZH_ABWASSER.dxf","_dedupKey":"2683074.1,1246978.6|2683077.9,1246981.3"}},{"type":"Feature","geometry":{"type":"LineString","coordinates":[[8.538184276096402,47.368743917999346],[8.538232454695498,47.36877521222099]]},"properties":{"layer":"LKZ1113-MLU1","infraType":"sewage","geomType":"pipe","source":"order_55301/NIS_ZH_ABWASSER.dxf","_dedupKey":"2683051.1,1247015.2|2683054.7,1247018.7"}},{"type":"Feature","geometry":{"type":"LineString","coordinates":[[8.53823205418169,47.368646675275315],[8.538306762114726,47.36868032548581],[8.538310212561568,47.368687128951244]]},"properties":{"layer":"LKZ1113-MLU1","infraType":"sewage","geomType":"pipe","source":"order_55301/NIS_ZH_ABWASSER.dxf","_dedupKey":"2683054.9,1247004.4|2683060.7,1247009"}},{"type":"Feature","geometry":{"type":"LineString","coordinates":[[8.53863109118586,47.36843355828184],[8.5385424812668,47.36842558691543]]},"properties":{"layer":"LKZ1113-MLU1","infraType":"sewage","geomType":"pipe","source":"order_55301/NIS_ZH_ABWASSER.dxf","_dedupKey":"2683078.7,1246980.2|2683085.3,1246981.2"}},{"type":"Feature","geometry":{"type":"LineString","coordinates":[[8.537785207164255,47.36895568441983],[8.537843575593284,47.36891608997244]]},"properties":{"layer":"LKZ1113-MLU1","infraType":"sewage","geomType":"pipe","source":"order_55301/NIS_ZH_ABWASSER.dxf","_dedupKey":"2683020.6,1247038.3|2683025.1,1247034"}},{"type":"Feature","geometry":{"type":"LineString","coordinates":[[8.537661652908506,47.36887761286759],[8.537673413075408,47.3688700349858],[8.53770458982575,47.36884734038382],[8.537711274371794,47.36884403851904],[8.53771912065459,47.368839286374175]]},"properties":{"layer":"LKZ1114-MLU1","infraType":"sewage","geomType":"pipe","source":"order_55301/NIS_ZH_ABWASSER.dxf","_dedupKey":"2683011.4,1247029.5|2683015.8,1247025.3"}},{"type":"Feature","geometry":{"type":"LineString","coordinates":[[8.538943803855355,47.36785506942325],[8.538945756776641,47.36786629476568],[8.538804053196555,47.36802505992106],[8.53880541162759,47.368033142622856],[8.538873875685038,47.36805938596351]]},"properties":{"layer":"LKZ1113-MLU1","infraType":"sewage","geomType":"pipe","source":"order_55301/NIS_ZH_ABWASSER.dxf","_dedupKey":"2683104.3,1246939.8|2683109.9,1246917.2"}},{"type":"Feature","geometry":{"type":"LineString","coordinates":[[8.5388973913068,47.368230069933716],[8.53877341218766,47.36816990396464]]},"properties":{"layer":"LKZ1113-MLU1","infraType":"sewage","geomType":"pipe","source":"order_55301/NIS_ZH_ABWASSER.dxf","_dedupKey":"2683096.5,1246952|2683105.8,1246958.8"}},{"type":"Feature","geometry":{"type":"LineString","coordinates":[[8.53840255979663,47.36869011757736],[8.538321469710926,47.36867442855276]]},"properties":{"layer":"LKZ1113-MLU1","infraType":"sewage","geomType":"pipe","source":"order_55301/NIS_ZH_ABWASSER.dxf","_dedupKey":"2683061.6,1247007.6|2683067.7,1247009.4"}},{"type":"Feature","geometry":{"type":"LineString","coordinates":[[8.538599383463273,47.367711819017835],[8.538641945889376,47.3676249701828],[8.53865352625529,47.36762153167956]]},"properties":{"layer":"LKZ1113-MLU1","infraType":"sewage","geomType":"pipe","source":"order_55301/NIS_ZH_ABWASSER.dxf","_dedupKey":"2683084.1,1246900.9|2683088.3,1246890.9"}},{"type":"Feature","geometry":{"type":"LineString","coordinates":[[8.540693042682673,47.368127765810556],[8.540699793108557,47.36801238344378],[8.54070115814427,47.368007962789946]]},"properties":{"layer":"LKZ1111-MLU1","infraType":"sewage","geomType":"pipe","source":"order_55301/NIS_ZH_ABWASSER.dxf","_dedupKey":"2683241.6,1246949.3|2683242.4,1246936"}},{"type":"Feature","geometry":{"type":"LineString","coordinates":[[8.539393483071631,47.36897922701342],[8.539608037187996,47.369001289023366],[8.539615743016263,47.3690025648418]]},"properties":{"layer":"LKZ1114-MLU0","infraType":"sewage","geomType":"pipe","source":"order_55301/NIS_ZH_ABWASSER.dxf","_dedupKey":"2683142.1,1247042.6|2683158.8,1247045.5"}},{"type":"Feature","geometry":{"type":"LineString","coordinates":[[8.539695514296485,47.3690376950732],[8.539616543218965,47.36902207670237],[8.53960883738785,47.36902080088398]]},"properties":{"layer":"LKZ1114-MLU1","infraType":"sewage","geomType":"pipe","source":"order_55301/NIS_ZH_ABWASSER.dxf","_dedupKey":"2683158.3,1247047.5|2683164.8,1247049.4"}},{"type":"Feature","geometry":{"type":"LineString","coordinates":[[8.53978718444122,47.368879675753334],[8.539778221303875,47.368862400554654]]},"properties":{"layer":"LKZ1113-MLU1","infraType":"sewage","geomType":"pipe","source":"order_55301/NIS_ZH_ABWASSER.dxf","_dedupKey":"2683171.3,1247030|2683172,1247032"}},{"type":"Feature","geometry":{"type":"LineString","coordinates":[[8.540904058628836,47.368292612342344],[8.541022221020828,47.368289055879984],[8.541026869091816,47.368289731128066]]},"properties":{"layer":"LKZ1111-MLU1","infraType":"sewage","geomType":"pipe","source":"order_55301/NIS_ZH_ABWASSER.dxf","_dedupKey":"2683257.2,1246967.9|2683266.5,1246967.7"}},{"type":"Feature","geometry":{"type":"LineString","coordinates":[[8.540801499956778,47.368628211015945],[8.540879441876703,47.36863889105986],[8.540899899415155,47.36862934085731],[8.540920742234752,47.36863202039033]]},"properties":{"layer":"LKZ1113-MLU1","infraType":"sewage","geomType":"pipe","source":"order_55301/NIS_ZH_ABWASSER.dxf","_dedupKey":"2683249,1247005.1|2683258,1247005.6"}},{"type":"Feature","geometry":{"type":"LineString","coordinates":[[8.540832524789817,47.368527798828296],[8.540938057725237,47.36856016371455],[8.540940977471248,47.368560495654954]]},"properties":{"layer":"LKZ1113-MLU1","infraType":"sewage","geomType":"pipe","source":"order_55301/NIS_ZH_ABWASSER.dxf","_dedupKey":"2683251.5,1246994|2683259.6,1246997.7"}},{"type":"Feature","geometry":{"type":"LineString","coordinates":[[8.540752499931122,47.3687878029572],[8.540854115106736,47.36880356426329],[8.540862901926115,47.36881229566399],[8.540869140439131,47.368813045692285]]},"properties":{"layer":"LKZ1114-MLU1","infraType":"sewage","geomType":"pipe","source":"order_55301/NIS_ZH_ABWASSER.dxf","_dedupKey":"2683245,1247022.8|2683253.8,1247025.7"}},{"type":"Feature","geometry":{"type":"LineString","coordinates":[[8.541069875501881,47.3685318301448],[8.541038793148605,47.36852699958422],[8.540966164549841,47.36849153224882],[8.540962579200878,47.36849102675853]]},"properties":{"layer":"LKZ1113-MLU1","infraType":"sewage","geomType":"pipe","source":"order_55301/NIS_ZH_ABWASSER.dxf","_dedupKey":"2683261.3,1246990|2683269.4,1246994.7"}},{"type":"Feature","geometry":{"type":"LineString","coordinates":[[8.541140022514629,47.368306461465224],[8.541031590686218,47.36827475409542]]},"properties":{"layer":"LKZ1111-MLU0","infraType":"sewage","geomType":"pipe","source":"order_55301/NIS_ZH_ABWASSER.dxf","_dedupKey":"2683266.9,1246966|2683275,1246969.7"}},{"type":"Feature","geometry":{"type":"LineString","coordinates":[[8.540125493148311,47.36855361363911],[8.540327219874952,47.36860853901068]]},"properties":{"layer":"LKZ1113-MLU1","infraType":"sewage","geomType":"pipe","source":"order_55301/NIS_ZH_ABWASSER.dxf","_dedupKey":"2683198,1246996.1|2683213.2,1247002.4"}},{"type":"Feature","geometry":{"type":"LineString","coordinates":[[8.540033966177973,47.36868644545193],[8.540241626007248,47.3687145088259],[8.540246865372383,47.36871176030592],[8.540288685249092,47.368717208275164],[8.540293120632407,47.368720404225826]]},"properties":{"layer":"LKZ1113-MLU1","infraType":"sewage","geomType":"pipe","source":"order_55301/NIS_ZH_ABWASSER.dxf","_dedupKey":"2683190.9,1247010.8|2683210.4,1247014.8"}},{"type":"Feature","geometry":{"type":"LineString","coordinates":[[8.5406525468027,47.368442533039854],[8.540598408578436,47.36843684292785],[8.540564551977198,47.36843230856431],[8.540557479822873,47.36843606405292]]},"properties":{"layer":"LKZ1113-MLU1","infraType":"sewage","geomType":"pipe","source":"order_55301/NIS_ZH_ABWASSER.dxf","_dedupKey":"2683230.8,1246983.5|2683238,1246984.3"}},{"type":"Feature","geometry":{"type":"LineString","coordinates":[[8.540655844432164,47.36826259838701],[8.540651633649128,47.36827667101344],[8.54060383404883,47.36828297393874]]},"properties":{"layer":"LKZ1111-MLU1","infraType":"sewage","geomType":"pipe","source":"order_55301/NIS_ZH_ABWASSER.dxf","_dedupKey":"2683234.6,1246966.5|2683238.5,1246964.3"}},{"type":"Feature","geometry":{"type":"LineString","coordinates":[[8.540585621096842,47.368266596615705],[8.540582650406654,47.36827660958598],[8.540587900482127,47.36828078722021],[8.54060383404883,47.36828297393874]]},"properties":{"layer":"LKZ1113-MLU1","infraType":"sewage","geomType":"pipe","source":"order_55301/NIS_ZH_ABWASSER.dxf","_dedupKey":"2683233.2,1246964.7|2683234.6,1246966.5"}},{"type":"Feature","geometry":{"type":"LineString","coordinates":[[8.54034978453352,47.368220452525996],[8.540341485893777,47.368248146824705],[8.540271719875086,47.36849851789808],[8.540327219874952,47.36860853901068]]},"properties":{"layer":"LKZ1113-MLU1","infraType":"sewage","geomType":"pipe","source":"order_55301/NIS_ZH_ABWASSER.dxf","_dedupKey":"2683213.2,1247002.4|2683215.5,1246959.3"}},{"type":"Feature","geometry":{"type":"LineString","coordinates":[[8.538684596435564,47.36905020628436],[8.538734436496455,47.369065742954454]]},"properties":{"layer":"LKZ1113-MLU1","infraType":"sewage","geomType":"pipe","source":"order_55301/NIS_ZH_ABWASSER.dxf","_dedupKey":"2683088.4,1247049.8|2683092.2,1247051.5"}},{"type":"Feature","geometry":{"type":"LineString","coordinates":[[8.538166860576903,47.369074295895345],[8.538155010550552,47.36910319319621],[8.538151486401405,47.369105655436535]]},"properties":{"layer":"LKZ1113-MLU1","infraType":"sewage","geomType":"pipe","source":"order_55301/NIS_ZH_ABWASSER.dxf","_dedupKey":"2683048.1,1247055.4|2683049.3,1247051.9"}},{"type":"Feature","geometry":{"type":"LineString","coordinates":[[8.538129965343776,47.36899306108429],[8.538115629485679,47.36899130857203],[8.538113373482288,47.368991060193274],[8.538089944299363,47.36899137317437],[8.538087425393465,47.36899121724924]]},"properties":{"layer":"LKZ1113-MLU1","infraType":"sewage","geomType":"pipe","source":"order_55301/NIS_ZH_ABWASSER.dxf","_dedupKey":"2683043.4,1247042.6|2683046.6,1247042.8"}},{"type":"Feature","geometry":{"type":"LineString","coordinates":[[8.541410089234873,47.36815753188798],[8.541400574288561,47.36808800018951],[8.541401268083852,47.36808313617797]]},"properties":{"layer":"LKZ1111-MLU1","infraType":"sewage","geomType":"pipe","source":"order_55301/NIS_ZH_ABWASSER.dxf","_dedupKey":"2683295.1,1246945.1|2683295.7,1246953.4"}},{"type":"Feature","geometry":{"type":"LineString","coordinates":[[8.540709639949904,47.36813003613279],[8.540703825381827,47.36802169993457],[8.54070766317255,47.36800880023481]]},"properties":{"layer":"LKZ1114-MLU1","infraType":"sewage","geomType":"pipe","source":"order_55301/NIS_ZH_ABWASSER.dxf","_dedupKey":"2683242.8,1246936.1|2683242.8,1246949.6"}},{"type":"Feature","geometry":{"type":"LineString","coordinates":[[8.541149767594142,47.36827830354021],[8.541042250309307,47.368265207432394],[8.541037773673406,47.36826641953229],[8.54103445495248,47.36826600145103]]},"properties":{"layer":"LKZ1114-MLU1","infraType":"sewage","geomType":"pipe","source":"order_55301/NIS_ZH_ABWASSER.dxf","_dedupKey":"2683267.1,1246965.1|2683275.8,1246966.6"}},{"type":"Feature","geometry":{"type":"LineString","coordinates":[[8.53999646813009,47.368236505418324],[8.539894232804697,47.368254750979375],[8.539889318139485,47.36825398827621]]},"properties":{"layer":"LKZ1113-MLU1","infraType":"sewage","geomType":"pipe","source":"order_55301/NIS_ZH_ABWASSER.dxf","_dedupKey":"2683180.7,1246962.5|2683188.8,1246960.7"}},{"type":"Feature","geometry":{"type":"LineString","coordinates":[[8.537937907041265,47.36757707286188],[8.537844449411963,47.36758434892843],[8.53784204811334,47.36758347226665]]},"properties":{"layer":"LKZ1113-MLU0","infraType":"sewage","geomType":"pipe","source":"order_55301/NIS_ZH_ABWASSER.dxf","_dedupKey":"2683027.1,1246885.8|2683034.3,1246885.2"}},{"type":"Feature","geometry":{"type":"LineString","coordinates":[[8.538984225760922,47.3680750656906],[8.538958340536496,47.368065417626084],[8.538957707077772,47.36806038637282],[8.538955035417661,47.36805924245489]]},"properties":{"layer":"LKZ1111-MLU1","infraType":"sewage","geomType":"pipe","source":"order_55301/NIS_ZH_ABWASSER.dxf","_dedupKey":"2683110.4,1246939.9|2683112.6,1246941.7"}},{"type":"Feature","geometry":{"type":"LineString","coordinates":[[8.53767253108136,47.36789604804209],[8.537631268315584,47.36788546659218],[8.537601815209957,47.3678889851034],[8.537599413901592,47.367888108436645]]},"properties":{"layer":"LKZ1113-MLU1","infraType":"sewage","geomType":"pipe","source":"order_55301/NIS_ZH_ABWASSER.dxf","_dedupKey":"2683008.3,1246919.4|2683013.8,1246920.4"}},{"type":"Feature","geometry":{"type":"LineString","coordinates":[[8.537454635625263,47.36818695571419],[8.53739861289309,47.36816688978781],[8.537393213252848,47.36816829042962],[8.537390942458382,47.368167322565384]]},"properties":{"layer":"LKZ1113-MLU1","infraType":"sewage","geomType":"pipe","source":"order_55301/NIS_ZH_ABWASSER.dxf","_dedupKey":"2682992.1,1246950.2|2682996.9,1246952.5"}},{"type":"Feature","geometry":{"type":"LineString","coordinates":[[8.537469512607872,47.36804154242311],[8.537475263358091,47.36805075272013],[8.53747727310388,47.368051902969505]]},"properties":{"layer":"LKZ1113-MLU1","infraType":"sewage","geomType":"pipe","source":"order_55301/NIS_ZH_ABWASSER.dxf","_dedupKey":"2682998.2,1246936.3|2682998.8,1246937.5"}},{"type":"Feature","geometry":{"type":"LineString","coordinates":[[8.537757590313799,47.36765479807593],[8.537762697737517,47.36766491399774],[8.537764966663044,47.36766579192089]]},"properties":{"layer":"LKZ1113-MLU1","infraType":"sewage","geomType":"pipe","source":"order_55301/NIS_ZH_ABWASSER.dxf","_dedupKey":"2683020.6,1246893.7|2683021.1,1246894.9"}},{"type":"Feature","geometry":{"type":"LineString","coordinates":[[8.53755399110801,47.367913367262204],[8.537566613546968,47.36792835902363],[8.5375690111487,47.367929055823204]]},"properties":{"layer":"LKZ1113-MLU1","infraType":"sewage","geomType":"pipe","source":"order_55301/NIS_ZH_ABWASSER.dxf","_dedupKey":"2683004.8,1246922.2|2683005.9,1246923.9"}},{"type":"Feature","geometry":{"type":"LineString","coordinates":[[8.538682156416696,47.36818768405955],[8.538736003486239,47.36821136815331]]},"properties":{"layer":"LKZ1113-MLU1","infraType":"sewage","geomType":"pipe","source":"order_55301/NIS_ZH_ABWASSER.dxf","_dedupKey":"2683089.6,1246953.9|2683093.6,1246956.6"}},{"type":"Feature","geometry":{"type":"LineString","coordinates":[[8.538083183227554,47.36885615042183],[8.538129336559717,47.36889196154167]]},"properties":{"layer":"LKZ1113-MLU1","infraType":"sewage","geomType":"pipe","source":"order_55301/NIS_ZH_ABWASSER.dxf","_dedupKey":"2683043.3,1247027.6|2683046.7,1247031.6"}},{"type":"Feature","geometry":{"type":"LineString","coordinates":[[8.538533788034226,47.368568962531945],[8.538467458230707,47.368543508229465],[8.538431443453259,47.36854987793063]]},"properties":{"layer":"LKZ1113-MLU1","infraType":"sewage","geomType":"pipe","source":"order_55301/NIS_ZH_ABWASSER.dxf","_dedupKey":"2683070.1,1246993.9|2683077.8,1246996.1"}},{"type":"Feature","geometry":{"type":"LineString","coordinates":[[8.540574166578411,47.36890383298984],[8.54056984789789,47.36891268944784],[8.540567894911916,47.36892710033307],[8.540555416318721,47.36895114650614],[8.540554181766314,47.36895547596013]]},"properties":{"layer":"LKZ1113-MLU1","infraType":"sewage","geomType":"pipe","source":"order_55301/NIS_ZH_ABWASSER.dxf","_dedupKey":"2683229.8,1247041.2|2683231.4,1247035.5"}},{"type":"Feature","geometry":{"type":"LineString","coordinates":[[8.540138778133281,47.36884412048413],[8.540124125225883,47.368897511558096]]},"properties":{"layer":"LKZ1113-MLU1","infraType":"sewage","geomType":"pipe","source":"order_55301/NIS_ZH_ABWASSER.dxf","_dedupKey":"2683197.4,1247034.3|2683198.6,1247028.4"}},{"type":"Feature","geometry":{"type":"LineString","coordinates":[[8.539998961961354,47.36882503481778],[8.539997225724743,47.36883071832309],[8.539968794146162,47.36885806485888],[8.53996058205401,47.36887073638475],[8.539959216934736,47.36887515702862]]},"properties":{"layer":"LKZ1111-MLU1","infraType":"sewage","geomType":"pipe","source":"order_55301/NIS_ZH_ABWASSER.dxf","_dedupKey":"2683185,1247031.7|2683188,1247026.1"}},{"type":"Feature","geometry":{"type":"LineString","coordinates":[[8.538770297929418,47.36896852356182],[8.538773403286761,47.36897784894384],[8.538787572776053,47.36898437039121]]},"properties":{"layer":"LKZ1113-MLU1","infraType":"sewage","geomType":"pipe","source":"order_55301/NIS_ZH_ABWASSER.dxf","_dedupKey":"2683095,1247040.8|2683096.3,1247042.6"}},{"type":"Feature","geometry":{"type":"LineString","coordinates":[[8.538930533741432,47.36909167003348],[8.538879592737864,47.369125437381896]]},"properties":{"layer":"LKZ1111-MLU1","infraType":"sewage","geomType":"pipe","source":"order_55301/NIS_ZH_ABWASSER.dxf","_dedupKey":"2683103,1247058.3|2683106.9,1247054.6"}},{"type":"Feature","geometry":{"type":"LineString","coordinates":[[8.540909815465797,47.367924295529946],[8.540906982810455,47.367934577047784],[8.540915627821038,47.36794286004088],[8.541024095234095,47.36795711656361],[8.541076765158897,47.36793664456882],[8.541111845453877,47.36792353658322],[8.541129904391488,47.36792606274704]]},"properties":{"layer":"LKZ1113-MLU1","infraType":"sewage","geomType":"pipe","source":"order_55301/NIS_ZH_ABWASSER.dxf","_dedupKey":"2683258.2,1246927|2683274.9,1246927.4"}},{"type":"Feature","geometry":{"type":"LineString","coordinates":[[8.539679321625243,47.36908066638081],[8.539613161021926,47.369069873220475],[8.539596268027553,47.36907893945407],[8.539587631821426,47.369077492599686]]},"properties":{"layer":"LKZ1113-MLU1","infraType":"sewage","geomType":"pipe","source":"order_55301/NIS_ZH_ABWASSER.dxf","_dedupKey":"2683156.6,1247053.8|2683163.5,1247054.2"}},{"type":"Feature","geometry":{"type":"LineString","coordinates":[[8.541707724890497,47.368227640400775],[8.541792148241138,47.36821244180967],[8.541804110297448,47.36822105286112],[8.541810594896702,47.368220900971465]]},"properties":{"layer":"LKZ1111-MLU1","infraType":"sewage","geomType":"pipe","source":"order_55301/NIS_ZH_ABWASSER.dxf","_dedupKey":"2683318,1246961.5|2683325.8,1246960.9"}},{"type":"Feature","geometry":{"type":"LineString","coordinates":[[8.541483897992013,47.369139638304034],[8.541496658537056,47.36909723921234],[8.541494754995236,47.36909482869583],[8.541487451827223,47.369093819012264],[8.54148500946725,47.369090963882634],[8.541486245807745,47.36908672435271]]},"properties":{"layer":"LKZ1113-MLU1","infraType":"sewage","geomType":"pipe","source":"order_55301/NIS_ZH_ABWASSER.dxf","_dedupKey":"2683299.7,1247062.7|2683300,1247056.8"}},{"type":"Feature","geometry":{"type":"LineString","coordinates":[[8.541202788463764,47.36910058462715],[8.541208858360353,47.369080377528206],[8.541237729341713,47.36905509537558],[8.541238346591312,47.36905293064499]]},"properties":{"layer":"LKZ1111-MLU1","infraType":"sewage","geomType":"pipe","source":"order_55301/NIS_ZH_ABWASSER.dxf","_dedupKey":"2683278.5,1247058|2683281.3,1247052.8"}},{"type":"Feature","geometry":{"type":"LineString","coordinates":[[8.53883727887577,47.36907681686511],[8.538778649307893,47.36910373113823],[8.53876815795786,47.36910221194165],[8.538758064998659,47.36910716546063]]},"properties":{"layer":"LKZ1113-MLU1","infraType":"sewage","geomType":"pipe","source":"order_55301/NIS_ZH_ABWASSER.dxf","_dedupKey":"2683093.9,1247056.2|2683099.9,1247052.9"}},{"type":"Feature","geometry":{"type":"LineString","coordinates":[[8.538371593099352,47.368979696604185],[8.538375778474906,47.36898361462023],[8.538380829009327,47.36904230488601],[8.538293851364605,47.369107088572264],[8.538283065090639,47.369181131428796],[8.53827980570069,47.36918359115228]]},"properties":{"layer":"LKZ1113-MLU1","infraType":"sewage","geomType":"pipe","source":"order_55301/NIS_ZH_ABWASSER.dxf","_dedupKey":"2683057.6,1247064.2|2683064.9,1247041.6"}},{"type":"Feature","geometry":{"type":"LineString","coordinates":[[8.541568410573612,47.368136770461405],[8.541530407374896,47.36809179775305]]},"properties":{"layer":"LKZ1113-MLU1","infraType":"sewage","geomType":"pipe","source":"order_55301/NIS_ZH_ABWASSER.dxf","_dedupKey":"2683304.9,1246946.2|2683307.7,1246951.3"}},{"type":"Feature","geometry":{"type":"LineString","coordinates":[[8.537628635284543,47.36793757359852],[8.537595835296477,47.36792646185105],[8.53756846421324,47.367934638023705],[8.537565402876673,47.367933857587886]]},"properties":{"layer":"LKZ1113-MLU1","infraType":"sewage","geomType":"pipe","source":"order_55301/NIS_ZH_ABWASSER.dxf","_dedupKey":"2683005.6,1246924.5|2683010.4,1246925"}},{"type":"Feature","geometry":{"type":"LineString","coordinates":[[8.542022221180334,47.36859415754664],[8.541913399068276,47.368601223869184],[8.541836258239526,47.36860366980473]]},"properties":{"layer":"LKZ1113-MLU1","infraType":"sewage","geomType":"pipe","source":"order_55301/NIS_ZH_ABWASSER.dxf","_dedupKey":"2683327.2,1247003.5|2683341.2,1247002.6"}},{"type":"Feature","geometry":{"type":"LineString","coordinates":[[8.541716016489433,47.36831481427499],[8.541816332416799,47.36830621025172]]},"properties":{"layer":"LKZ1114-MLU1","infraType":"sewage","geomType":"pipe","source":"order_55301/NIS_ZH_ABWASSER.dxf","_dedupKey":"2683318.5,1246971.2|2683326.1,1246970.4"}},{"type":"Feature","geometry":{"type":"LineString","coordinates":[[8.539659062908752,47.3687088198381],[8.539707519222034,47.36872787739147],[8.539704410390229,47.36873762179816],[8.539707753278826,47.36873920905783],[8.539712535608128,47.368739973030614]]},"properties":{"layer":"LKZ1113-MLU1","infraType":"sewage","geomType":"pipe","source":"order_55301/NIS_ZH_ABWASSER.dxf","_dedupKey":"2683162.6,1247012.8|2683166.5,1247016.4"}},{"type":"Feature","geometry":{"type":"LineString","coordinates":[[8.539480652109035,47.36906483966214],[8.539484503581908,47.36907181917411],[8.539472353708872,47.36910539695579],[8.539478547146988,47.36911037521203],[8.539520974780443,47.36911959563365],[8.539559705101922,47.36912930104016],[8.539552422731402,47.36914853013609],[8.539558400221862,47.36914946262652],[8.53956101994352,47.36914808838225]]},"properties":{"layer":"LKZ1113-MLU1","infraType":"sewage","geomType":"pipe","source":"order_55301/NIS_ZH_ABWASSER.dxf","_dedupKey":"2683148.5,1247052.2|2683154.5,1247061.6"}},{"type":"Feature","geometry":{"type":"LineString","coordinates":[[8.538098530016827,47.36915086546561],[8.53809796340245,47.36914907182873],[8.538100192270695,47.36914158463446],[8.538098389726947,47.3691376439259],[8.538084716410005,47.36912949854391],[8.538080250763318,47.369131250132035],[8.538074627776481,47.36912824530557],[8.538009075300353,47.36908272414844],[8.538005707167523,47.36907349120009],[8.538012302003429,47.36907225905734],[8.538012371321107,47.36906920004543]]},"properties":{"layer":"LKZ1113-MLU1","infraType":"sewage","geomType":"pipe","source":"order_55301/NIS_ZH_ABWASSER.dxf","_dedupKey":"2683037.6,1247051.2|2683044,1247060.3"}},{"type":"Feature","geometry":{"type":"LineString","coordinates":[[8.53863253858867,47.3676952220127],[8.53864460825545,47.36766416371521],[8.538645490345177,47.367661996476066]]},"properties":{"layer":"LKZ1111-MLU1","infraType":"sewage","geomType":"pipe","source":"order_55301/NIS_ZH_ABWASSER.dxf","_dedupKey":"2683086.6,1246899.1|2683087.6,1246895.4"}},{"type":"Feature","geometry":{"type":"LineString","coordinates":[[8.538789321273132,47.368292806169684],[8.53876272769378,47.36828091601949],[8.53876263860663,47.3682765991929],[8.538759968795835,47.36827554520444]]},"properties":{"layer":"LKZ1111-MLU1","infraType":"sewage","geomType":"pipe","source":"order_55301/NIS_ZH_ABWASSER.dxf","_dedupKey":"2683095.3,1246963.7|2683097.5,1246965.7"}},{"type":"Feature","geometry":{"type":"LineString","coordinates":[[8.538879413090713,47.36907182797218],[8.53876293187446,47.36902220484567]]},"properties":{"layer":"LKZ1113-MLU1","infraType":"sewage","geomType":"pipe","source":"order_55301/NIS_ZH_ABWASSER.dxf","_dedupKey":"2683094.4,1247046.7|2683103.1,1247052.4"}},{"type":"Feature","geometry":{"type":"LineString","coordinates":[[8.53785045632466,47.3690764080689],[8.537935420410879,47.36910015619266],[8.53793757371293,47.36910184477692]]},"properties":{"layer":"LKZ1113-MLU1","infraType":"sewage","geomType":"pipe","source":"order_55301/NIS_ZH_ABWASSER.dxf","_dedupKey":"2683025.4,1247051.8|2683031.9,1247054.7"}},{"type":"Feature","geometry":{"type":"LineString","coordinates":[[8.540486022888146,47.36872629993208],[8.540327871828021,47.36870415132217],[8.540296212628233,47.368709850398595]]},"properties":{"layer":"LKZ1113-MLU1","infraType":"sewage","geomType":"pipe","source":"order_55301/NIS_ZH_ABWASSER.dxf","_dedupKey":"2683210.7,1247013.6|2683225,1247015.7"}},{"type":"Feature","geometry":{"type":"LineString","coordinates":[[8.537895681618656,47.36899016388477],[8.537922789842384,47.368969217025814],[8.537925918711613,47.36896684850604]]},"properties":{"layer":"LKZ1113-MLU1","infraType":"sewage","geomType":"pipe","source":"order_55301/NIS_ZH_ABWASSER.dxf","_dedupKey":"2683028.9,1247042.3|2683031.3,1247039.7"}},{"type":"Feature","geometry":{"type":"LineString","coordinates":[[8.540692226512643,47.3683124442299],[8.540626117991234,47.36828492016115],[8.54060383404883,47.36828297393874]]},"properties":{"layer":"LKZ1113-MLU1","infraType":"sewage","geomType":"pipe","source":"order_55301/NIS_ZH_ABWASSER.dxf","_dedupKey":"2683234.6,1246966.5|2683241.2,1246969.9"}},{"type":"Feature","geometry":{"type":"LineString","coordinates":[[8.54061111305323,47.369000178432344],[8.540621650572547,47.36897830961137],[8.54061677749101,47.36896675235266],[8.540612603106737,47.36896337402092],[8.54059959096111,47.36896160918688]]},"properties":{"layer":"LKZ1113-MLU1","infraType":"sewage","geomType":"pipe","source":"order_55301/NIS_ZH_ABWASSER.dxf","_dedupKey":"2683233.2,1247041.9|2683234,1247046.2"}},{"type":"Feature","geometry":{"type":"LineString","coordinates":[[8.54004001152449,47.36891495474747],[8.540061252441202,47.368904857517],[8.540065704030095,47.36888961324993]]},"properties":{"layer":"LKZ1113-MLU1","infraType":"sewage","geomType":"pipe","source":"order_55301/NIS_ZH_ABWASSER.dxf","_dedupKey":"2683191,1247036.2|2683193,1247033.4"}},{"type":"Feature","geometry":{"type":"LineString","coordinates":[[8.538000124029985,47.368944014134144],[8.538003483573274,47.368946410847954],[8.53802824001675,47.368965514782225],[8.537993581844605,47.368992740185675],[8.537988140637829,47.3689985488751],[8.53798479152463,47.369003078329676]]},"properties":{"layer":"LKZ1113-MLU1","infraType":"sewage","geomType":"pipe","source":"order_55301/NIS_ZH_ABWASSER.dxf","_dedupKey":"2683035.6,1247043.8|2683036.9,1247037.2"}},{"type":"Feature","geometry":{"type":"LineString","coordinates":[[8.537817271365766,47.367685353344235],[8.537772863966723,47.36766994448862],[8.537763114538835,47.36767228605969],[8.537760845613054,47.36767140813645]]},"properties":{"layer":"LKZ1113-MLU1","infraType":"sewage","geomType":"pipe","source":"order_55301/NIS_ZH_ABWASSER.dxf","_dedupKey":"2683020.8,1246895.5|2683025,1246897.1"}},{"type":"Feature","geometry":{"type":"LineString","coordinates":[[8.537951431146679,47.36751379813249],[8.537989126514258,47.36751191015491],[8.537992035751131,47.36750531599805]]},"properties":{"layer":"LKZ1111-MLU1","infraType":"sewage","geomType":"pipe","source":"order_55301/NIS_ZH_ABWASSER.dxf","_dedupKey":"2683035.4,1246878.2|2683038.5,1246877.3"}},{"type":"Feature","geometry":{"type":"LineString","coordinates":[[8.53998173781738,47.36804262030569],[8.539961556722897,47.36807195706175],[8.539952534688771,47.36807105362434]]},"properties":{"layer":"LKZ1113-MLU1","infraType":"sewage","geomType":"pipe","source":"order_55301/NIS_ZH_ABWASSER.dxf","_dedupKey":"2683185.7,1246942.3|2683188,1246939.1"}},{"type":"Feature","geometry":{"type":"LineString","coordinates":[[8.537534396646775,47.36808041382966],[8.537493193842643,47.36806632364882],[8.537462923365648,47.36807515704154],[8.537460523904963,47.36807437030587]]},"properties":{"layer":"LKZ1113-MLU1","infraType":"sewage","geomType":"pipe","source":"order_55301/NIS_ZH_ABWASSER.dxf","_dedupKey":"2682997.5,1246940|2683003.1,1246940.7"}},{"type":"Feature","geometry":{"type":"LineString","coordinates":[[8.53780501014047,47.36759156059754],[8.537810793562091,47.36760877625796],[8.537812805152802,47.36761001643552]]},"properties":{"layer":"LKZ1113-MLU1","infraType":"sewage","geomType":"pipe","source":"order_55301/NIS_ZH_ABWASSER.dxf","_dedupKey":"2683024.3,1246886.7|2683024.8,1246888.7"}},{"type":"Feature","geometry":{"type":"LineString","coordinates":[[8.53860821277487,47.36848621793203],[8.538606272892059,47.36847562212323],[8.538654773114603,47.3684198399988],[8.53865078693997,47.36839990871745],[8.538648650345836,47.368399029551085]]},"properties":{"layer":"LKZ1111-MLU1","infraType":"sewage","geomType":"pipe","source":"order_55301/NIS_ZH_ABWASSER.dxf","_dedupKey":"2683083.5,1246987|2683086.7,1246977.3"}},{"type":"Feature","geometry":{"type":"LineString","coordinates":[[8.53900299488356,47.36782976882151],[8.539066022082604,47.367855614088896]]},"properties":{"layer":"LKZ1113-MLU1","infraType":"sewage","geomType":"pipe","source":"order_55301/NIS_ZH_ABWASSER.dxf","_dedupKey":"2683114.4,1246914.4|2683119.1,1246917.4"}},{"type":"Feature","geometry":{"type":"LineString","coordinates":[[8.540870434522382,47.36840177466974],[8.540989242307072,47.36839740251997],[8.540992296281429,47.36839782312947]]},"properties":{"layer":"LKZ1111-MLU1","infraType":"sewage","geomType":"pipe","source":"order_55301/NIS_ZH_ABWASSER.dxf","_dedupKey":"2683254.5,1246980|2683263.7,1246979.7"}},{"type":"Feature","geometry":{"type":"LineString","coordinates":[[8.541173302819805,47.368199910928794],[8.541056832102495,47.36819562561116]]},"properties":{"layer":"LKZ1111-MLU1","infraType":"sewage","geomType":"pipe","source":"order_55301/NIS_ZH_ABWASSER.dxf","_dedupKey":"2683268.9,1246957.3|2683277.7,1246957.9"}},{"type":"Feature","geometry":{"type":"LineString","coordinates":[[8.539732472973958,47.3685129250953],[8.539788326517819,47.36851832940465],[8.53979324120598,47.36851909211203]]},"properties":{"layer":"LKZ1113-MLU1","infraType":"sewage","geomType":"pipe","source":"order_55301/NIS_ZH_ABWASSER.dxf","_dedupKey":"2683168.4,1246991.1|2683173,1246991.9"}},{"type":"Feature","geometry":{"type":"LineString","coordinates":[[8.539471668027028,47.3678796334272],[8.539472162244671,47.367877919636406],[8.539429776464738,47.367870677738814],[8.539427876774461,47.367868447055116],[8.539444346215497,47.36781323971132],[8.539428902528684,47.36779629610445],[8.539429661498406,47.367794579790505]]},"properties":{"layer":"LKZ1111-MLU1","infraType":"sewage","geomType":"pipe","source":"order_55301/NIS_ZH_ABWASSER.dxf","_dedupKey":"2683146.7,1246911|2683149.7,1246920.5"}},{"type":"Feature","geometry":{"type":"LineString","coordinates":[[8.537870363598962,47.3676146858255],[8.537833412624423,47.36759488835076]]},"properties":{"layer":"LKZ1113-MLU0","infraType":"sewage","geomType":"pipe","source":"order_55301/NIS_ZH_ABWASSER.dxf","_dedupKey":"2683026.4,1246887.1|2683029.2,1246889.3"}},{"type":"Feature","geometry":{"type":"LineString","coordinates":[[8.540372222748507,47.3689858164088],[8.540376689125022,47.36897129160086],[8.54037357750213,47.36896808302601],[8.540381022078128,47.36894390499028],[8.540369721982268,47.3689352874795],[8.540371087069014,47.36893086683088]]},"properties":{"layer":"LKZ1113-MLU1","infraType":"sewage","geomType":"pipe","source":"order_55301/NIS_ZH_ABWASSER.dxf","_dedupKey":"2683216,1247038.3|2683216,1247044.4"}},{"type":"Feature","geometry":{"type":"LineString","coordinates":[[8.539892580877694,47.368918249552145],[8.539909955908223,47.36886843061744]]},"properties":{"layer":"LKZ1113-MLU1","infraType":"sewage","geomType":"pipe","source":"order_55301/NIS_ZH_ABWASSER.dxf","_dedupKey":"2683179.9,1247036.4|2683181.3,1247030.9"}},{"type":"Feature","geometry":{"type":"LineString","coordinates":[[8.540422011018231,47.368883516286125],[8.540407334219724,47.368935738255516]]},"properties":{"layer":"LKZ1113-MLU1","infraType":"sewage","geomType":"pipe","source":"order_55301/NIS_ZH_ABWASSER.dxf","_dedupKey":"2683218.7,1247038.9|2683219.9,1247033.1"}},{"type":"Feature","geometry":{"type":"LineString","coordinates":[[8.53813834027278,47.369013940066345],[8.538083250091663,47.36903272465227],[8.538080598804983,47.369032569987134]]},"properties":{"layer":"LKZ1111-MLU1","infraType":"sewage","geomType":"pipe","source":"order_55301/NIS_ZH_ABWASSER.dxf","_dedupKey":"2683042.8,1247047.2|2683047.2,1247045.2"}},{"type":"Feature","geometry":{"type":"LineString","coordinates":[[8.5422272249117,47.367854325728445],[8.542178212346267,47.367853174916654],[8.541838009264893,47.36783096869069],[8.541811724180619,47.36783400826049],[8.541785440954417,47.36783713775816]]},"properties":{"layer":"LKZ1113-MLU1","infraType":"sewage","geomType":"pipe","source":"order_55301/NIS_ZH_ABWASSER.dxf","_dedupKey":"2683324.5,1246918.2|2683357.9,1246920.6"}},{"type":"Feature","geometry":{"type":"LineString","coordinates":[[8.539133859611796,47.36796695744138],[8.539120372653874,47.367961419000665],[8.539114018598125,47.36796147954397],[8.539067303214397,47.36793691811188],[8.539064900023277,47.367935951541746]]},"properties":{"layer":"LKZ1111-MLU1","infraType":"sewage","geomType":"pipe","source":"order_55301/NIS_ZH_ABWASSER.dxf","_dedupKey":"2683118.9,1246926.3|2683124,1246929.8"}},{"type":"Feature","geometry":{"type":"LineString","coordinates":[[8.538736587786882,47.368085700245864],[8.538819497030357,47.368119002153584]]},"properties":{"layer":"LKZ1113-MLU1","infraType":"sewage","geomType":"pipe","source":"order_55301/NIS_ZH_ABWASSER.dxf","_dedupKey":"2683093.9,1246942.6|2683100.1,1246946.4"}},{"type":"Feature","geometry":{"type":"LineString","coordinates":[[8.538862315328474,47.3682690832484],[8.538800727180163,47.36824241459754],[8.538799782579426,47.36823513751836],[8.538797379379707,47.368234170942735]]},"properties":{"layer":"LKZ1111-MLU1","infraType":"sewage","geomType":"pipe","source":"order_55301/NIS_ZH_ABWASSER.dxf","_dedupKey":"2683098.2,1246959.2|2683103.1,1246963.1"}},{"type":"Feature","geometry":{"type":"LineString","coordinates":[[8.538715760476833,47.36902049530792],[8.53874945340862,47.36904275222844]]},"properties":{"layer":"LKZ1113-MLU1","infraType":"sewage","geomType":"pipe","source":"order_55301/NIS_ZH_ABWASSER.dxf","_dedupKey":"2683090.8,1247046.5|2683093.3,1247049"}},{"type":"Feature","geometry":{"type":"LineString","coordinates":[[8.54171484060399,47.36834756789223],[8.541807142098868,47.36831637261458],[8.54181693427304,47.368316099180575]]},"properties":{"layer":"LKZ1111-MLU1","infraType":"sewage","geomType":"pipe","source":"order_55301/NIS_ZH_ABWASSER.dxf","_dedupKey":"2683318.4,1246974.9|2683326.1,1246971.5"}},{"type":"Feature","geometry":{"type":"LineString","coordinates":[[8.537900385591245,47.36883945029373],[8.537895778311741,47.36884075346531],[8.53786671812158,47.36884408839566],[8.53783079080202,47.368816185538705],[8.537788306520474,47.368784926912625],[8.537757840259493,47.36879070388832],[8.537752473942772,47.368793723356724],[8.537748299029873,47.36879673148708],[8.537743462225116,47.368799745916036],[8.53771202817943,47.3688228027838],[8.537705619518086,47.368826641732625],[8.537702358268948,47.36882901150618]]},"properties":{"layer":"LKZ1113-MLU1","infraType":"sewage","geomType":"pipe","source":"order_55301/NIS_ZH_ABWASSER.dxf","_dedupKey":"2683014.6,1247024.1|2683029.5,1247025.5"}},{"type":"Feature","geometry":{"type":"LineString","coordinates":[[8.537843774565802,47.367667200746276],[8.537787515297609,47.367648486534],[8.537778703628033,47.36765135889137],[8.537776436557182,47.36765057090238]]},"properties":{"layer":"LKZ1113-MLU1","infraType":"sewage","geomType":"pipe","source":"order_55301/NIS_ZH_ABWASSER.dxf","_dedupKey":"2683022,1246893.2|2683027.1,1246895.1"}},{"type":"Feature","geometry":{"type":"LineString","coordinates":[[8.540335592682455,47.36896241860156],[8.540344304887638,47.368941916491366],[8.54034431872354,47.368929772897],[8.540341212681033,47.36892683412277],[8.54032820055332,47.36892506925812]]},"properties":{"layer":"LKZ1113-MLU1","infraType":"sewage","geomType":"pipe","source":"order_55301/NIS_ZH_ABWASSER.dxf","_dedupKey":"2683212.8,1247037.6|2683213.3,1247041.8"}},{"type":"Feature","geometry":{"type":"LineString","coordinates":[[8.537938230700606,47.36914654443407],[8.53793096889667,47.36910901381135],[8.5379286832155,47.369107326486926]]},"properties":{"layer":"LKZ1113-MLU1","infraType":"sewage","geomType":"pipe","source":"order_55301/NIS_ZH_ABWASSER.dxf","_dedupKey":"2683031.2,1247055.3|2683031.9,1247059.7"}},{"type":"Feature","geometry":{"type":"LineString","coordinates":[[8.537355153322657,47.36815893773239],[8.537371421911569,47.36816453986739],[8.537371148521048,47.36818981885276],[8.53737354798562,47.36819060559023]]},"properties":{"layer":"LKZ1113-MLU1","infraType":"sewage","geomType":"pipe","source":"order_55301/NIS_ZH_ABWASSER.dxf","_dedupKey":"2682989.4,1246949.3|2682990.7,1246952.8"}},{"type":"Feature","geometry":{"type":"LineString","coordinates":[[8.537672847167306,47.368829742083996],[8.537660747315865,47.36880799899827],[8.537664137235565,47.368805448098435]]},"properties":{"layer":"LKZ1113-MLU0","infraType":"sewage","geomType":"pipe","source":"order_55301/NIS_ZH_ABWASSER.dxf","_dedupKey":"2683011.7,1247021.5|2683012.4,1247024.2"}},{"type":"Feature","geometry":{"type":"LineString","coordinates":[[8.541778968448435,47.369002342788896],[8.541844759025429,47.36899523787819],[8.541854755123984,47.368979220965045],[8.541862826497642,47.36897896396515]]},"properties":{"layer":"LKZ1113-MLU1","infraType":"sewage","geomType":"pipe","source":"order_55301/NIS_ZH_ABWASSER.dxf","_dedupKey":"2683322.2,1247047.7|2683328.6,1247045.2"}},{"type":"Feature","geometry":{"type":"LineString","coordinates":[[8.541745600245749,47.36884227779361],[8.541760154413105,47.36884177898077],[8.54177176486097,47.368833392541276],[8.541819146973628,47.368832490220335],[8.541852950192323,47.3688280295686]]},"properties":{"layer":"LKZ1113-MLU1","infraType":"sewage","geomType":"pipe","source":"order_55301/NIS_ZH_ABWASSER.dxf","_dedupKey":"2683319.9,1247029.9|2683328.1,1247028.4"}},{"type":"Feature","geometry":{"type":"LineString","coordinates":[[8.53988598376544,47.36798362559488],[8.539861552231777,47.36798026048212]]},"properties":{"layer":"LKZ1111-MLU1","infraType":"sewage","geomType":"pipe","source":"order_55301/NIS_ZH_ABWASSER.dxf","_dedupKey":"2683179,1246932.1|2683180.8,1246932.5"}},{"type":"Feature","geometry":{"type":"LineString","coordinates":[[8.538661903189746,47.368803865231165],[8.538699606895179,47.36882158638917],[8.538644700225788,47.36887491089464],[8.538800744960785,47.36894898391539],[8.538799380403688,47.36896626761056]]},"properties":{"layer":"LKZ1113-MLU1","infraType":"sewage","geomType":"pipe","source":"order_55301/NIS_ZH_ABWASSER.dxf","_dedupKey":"2683087.1,1247022.4|2683097.2,1247040.6"}},{"type":"Feature","geometry":{"type":"LineString","coordinates":[[8.539060995565615,47.36869607950653],[8.539036157341034,47.36869226833416],[8.53901421214777,47.368758052099615],[8.538987571431853,47.36876954985398],[8.538867719262361,47.368947896183094],[8.538799380403688,47.36896626761056]]},"properties":{"layer":"LKZ1113-MLU1","infraType":"sewage","geomType":"pipe","source":"order_55301/NIS_ZH_ABWASSER.dxf","_dedupKey":"2683097.2,1247040.6|2683117.4,1247010.8"}},{"type":"Feature","geometry":{"type":"LineString","coordinates":[[8.541625075740466,47.36816861190473],[8.541607882677804,47.368099153546666],[8.541608102771974,47.368096992606034]]},"properties":{"layer":"LKZ1111-MLU0","infraType":"sewage","geomType":"pipe","source":"order_55301/NIS_ZH_ABWASSER.dxf","_dedupKey":"2683310.7,1246946.9|2683311.9,1246954.9"}},{"type":"Feature","geometry":{"type":"LineString","coordinates":[[8.541516117010746,47.36899459854745],[8.541509422559791,47.369016610659855],[8.541490035175599,47.36902669045996],[8.541471352944646,47.369070855175465],[8.541472780648782,47.36908226539464],[8.541472038471811,47.369084791125765]]},"properties":{"layer":"LKZ1113-MLU1","infraType":"sewage","geomType":"pipe","source":"order_55301/NIS_ZH_ABWASSER.dxf","_dedupKey":"2683298.9,1247056.6|2683302.4,1247046.6"}},{"type":"Feature","geometry":{"type":"LineString","coordinates":[[8.541270069644188,47.3689606972761],[8.541263507474461,47.36898270811066],[8.541241604861266,47.36899281188094],[8.541222249073998,47.36904282983784],[8.541225127617592,47.36904756979222],[8.54122413741322,47.36905090745371]]},"properties":{"layer":"LKZ1111-MLU1","infraType":"sewage","geomType":"pipe","source":"order_55301/NIS_ZH_ABWASSER.dxf","_dedupKey":"2683280.2,1247052.5|2683283.8,1247042.6"}},{"type":"Feature","geometry":{"type":"LineString","coordinates":[[8.540924023461313,47.36839370730206],[8.540989185844166,47.36840747763792]]},"properties":{"layer":"LKZ1113-MLU1","infraType":"sewage","geomType":"pipe","source":"order_55301/NIS_ZH_ABWASSER.dxf","_dedupKey":"2683258.6,1246979.2|2683263.5,1246980.8"}},{"type":"Feature","geometry":{"type":"LineString","coordinates":[[8.541034586944292,47.36849006962573],[8.540968798233962,47.368471627809654]]},"properties":{"layer":"LKZ1113-MLU1","infraType":"sewage","geomType":"pipe","source":"order_55301/NIS_ZH_ABWASSER.dxf","_dedupKey":"2683261.8,1246987.9|2683266.8,1246990"}},{"type":"Feature","geometry":{"type":"LineString","coordinates":[[8.540706829214077,47.36908283017414],[8.540790554763625,47.36907222652395]]},"properties":{"layer":"LKZ1113-MLU1","infraType":"sewage","geomType":"pipe","source":"order_55301/NIS_ZH_ABWASSER.dxf","_dedupKey":"2683241.1,1247055.5|2683247.4,1247054.4"}},{"type":"Feature","geometry":{"type":"LineString","coordinates":[[8.541104357701522,47.36825930746091],[8.541043898130145,47.36823604738462]]},"properties":{"layer":"LKZ1113-MLU1","infraType":"sewage","geomType":"pipe","source":"order_55301/NIS_ZH_ABWASSER.dxf","_dedupKey":"2683267.9,1246961.8|2683272.4,1246964.4"}},{"type":"Feature","geometry":{"type":"LineString","coordinates":[[8.540976968551952,47.36822004515754],[8.541047008547483,47.36822639287425]]},"properties":{"layer":"LKZ1113-MLU1","infraType":"sewage","geomType":"pipe","source":"order_55301/NIS_ZH_ABWASSER.dxf","_dedupKey":"2683262.9,1246959.9|2683268.1,1246960.7"}},{"type":"Feature","geometry":{"type":"LineString","coordinates":[[8.540969665891236,47.36870567357299],[8.540903087902786,47.36869389566901]]},"properties":{"layer":"LKZ1113-MLU1","infraType":"sewage","geomType":"pipe","source":"order_55301/NIS_ZH_ABWASSER.dxf","_dedupKey":"2683256.5,1247012.5|2683261.5,1247013.9"}},{"type":"Feature","geometry":{"type":"LineString","coordinates":[[8.540844021212045,47.368661177277225],[8.540911848884967,47.36866295866183]]},"properties":{"layer":"LKZ1113-MLU1","infraType":"sewage","geomType":"pipe","source":"order_55301/NIS_ZH_ABWASSER.dxf","_dedupKey":"2683252.1,1247008.8|2683257.2,1247009.1"}},{"type":"Feature","geometry":{"type":"LineString","coordinates":[[8.539609274774705,47.368721437911994],[8.539596919039361,47.36871939685376],[8.539593930569175,47.368715737326475]]},"properties":{"layer":"LKZ1111-MLU1","infraType":"sewage","geomType":"pipe","source":"order_55301/NIS_ZH_ABWASSER.dxf","_dedupKey":"2683157.6,1247013.5|2683158.8,1247014.2"}},{"type":"Feature","geometry":{"type":"LineString","coordinates":[[8.539674166324744,47.368549011820015],[8.539654492708758,47.368545241497955]]},"properties":{"layer":"LKZ1111-MLU1","infraType":"sewage","geomType":"pipe","source":"order_55301/NIS_ZH_ABWASSER.dxf","_dedupKey":"2683162.5,1246994.7|2683163.9,1246995.1"}},{"type":"Feature","geometry":{"type":"LineString","coordinates":[[8.539734535225396,47.36838841245246],[8.539711298625608,47.368385215817796]]},"properties":{"layer":"LKZ1111-MLU1","infraType":"sewage","geomType":"pipe","source":"order_55301/NIS_ZH_ABWASSER.dxf","_dedupKey":"2683167,1246976.9|2683168.8,1246977.3"}},{"type":"Feature","geometry":{"type":"LineString","coordinates":[[8.539644109103444,47.36828610003991],[8.539655802855282,47.36828814740307],[8.539664826778653,47.368289140797515],[8.539672687665572,47.368285107990005],[8.53969535903157,47.36826735130231],[8.539699477576221,47.368268031651766],[8.53970438852487,47.368268614495264],[8.53987127862793,47.36829086052655],[8.539876193296287,47.368291623230434]]},"properties":{"layer":"LKZ1113-MLU1","infraType":"sewage","geomType":"pipe","source":"order_55301/NIS_ZH_ABWASSER.dxf","_dedupKey":"2683162.1,1246965.8|2683179.6,1246966.7"}},{"type":"Feature","geometry":{"type":"LineString","coordinates":[[8.539642734685538,47.3682900710115],[8.539665855580303,47.36829407832687],[8.539699916941078,47.36827648291182],[8.539745246953379,47.368285225820266],[8.539747240038226,47.36828556662513]]},"properties":{"layer":"LKZ1111-MLU1","infraType":"sewage","geomType":"pipe","source":"order_55301/NIS_ZH_ABWASSER.dxf","_dedupKey":"2683162,1246966.3|2683169.9,1246965.9"}},{"type":"Feature","geometry":{"type":"LineString","coordinates":[[8.54127799909379,47.36900478780442],[8.541265566100304,47.36905662866107]]},"properties":{"layer":"LKZ1113-MLU1","infraType":"sewage","geomType":"pipe","source":"order_55301/NIS_ZH_ABWASSER.dxf","_dedupKey":"2683283.3,1247053.2|2683284.4,1247047.5"}},{"type":"Feature","geometry":{"type":"LineString","coordinates":[[8.541262972515957,47.36909767134367],[8.541251358780402,47.36905469540697]]},"properties":{"layer":"LKZ1113-MLU1","infraType":"sewage","geomType":"pipe","source":"order_55301/NIS_ZH_ABWASSER.dxf","_dedupKey":"2683282.3,1247053|2683283.1,1247057.8"}},{"type":"Feature","geometry":{"type":"LineString","coordinates":[[8.541038391558653,47.368974962332906],[8.541031979938376,47.369004257794515],[8.541024172321078,47.36902367190575]]},"properties":{"layer":"LKZ1113-MLU1","infraType":"sewage","geomType":"pipe","source":"order_55301/NIS_ZH_ABWASSER.dxf","_dedupKey":"2683265.2,1247049.3|2683266.3,1247043.9"}},{"type":"Feature","geometry":{"type":"LineString","coordinates":[[8.540993979996344,47.369036283442874],[8.541009963158912,47.36902164868807]]},"properties":{"layer":"LKZ1113-MLU1","infraType":"sewage","geomType":"pipe","source":"order_55301/NIS_ZH_ABWASSER.dxf","_dedupKey":"2683262.9,1247050.7|2683264.1,1247049.1"}},{"type":"Feature","geometry":{"type":"LineString","coordinates":[[8.54187205687142,47.36884277902869],[8.541854699963134,47.368854998335074]]},"properties":{"layer":"LKZ1113-MLU1","infraType":"sewage","geomType":"pipe","source":"order_55301/NIS_ZH_ABWASSER.dxf","_dedupKey":"2683328.2,1247031.4|2683329.5,1247030.1"}},{"type":"Feature","geometry":{"type":"LineString","coordinates":[[8.541885526564746,47.36903298794657],[8.541865178151536,47.36901582165673]]},"properties":{"layer":"LKZ1113-MLU1","infraType":"sewage","geomType":"pipe","source":"order_55301/NIS_ZH_ABWASSER.dxf","_dedupKey":"2683328.7,1247049.3|2683330.2,1247051.2"}},{"type":"Feature","geometry":{"type":"LineString","coordinates":[[8.540850020873785,47.36910503108287],[8.540784809328512,47.369088922391796]]},"properties":{"layer":"LKZ1113-MLU1","infraType":"sewage","geomType":"pipe","source":"order_55301/NIS_ZH_ABWASSER.dxf","_dedupKey":"2683247,1247056.3|2683251.9,1247058.2"}},{"type":"Feature","geometry":{"type":"LineString","coordinates":[[8.540483949535927,47.36791495634908],[8.540466272627969,47.36797575236792]]},"properties":{"layer":"LKZ1113-MLU1","infraType":"sewage","geomType":"pipe","source":"order_55301/NIS_ZH_ABWASSER.dxf","_dedupKey":"2683224.7,1246932.2|2683226.1,1246925.5"}},{"type":"Feature","geometry":{"type":"LineString","coordinates":[[8.541667742267013,47.36905323825764],[8.541653683620778,47.36910968221516]]},"properties":{"layer":"LKZ1113-MLU1","infraType":"sewage","geomType":"pipe","source":"order_55301/NIS_ZH_ABWASSER.dxf","_dedupKey":"2683312.6,1247059.5|2683313.7,1247053.3"}},{"type":"Feature","geometry":{"type":"LineString","coordinates":[[8.540224642342883,47.36787983011738],[8.540197659798489,47.367938825865274]]},"properties":{"layer":"LKZ1113-MLU1","infraType":"sewage","geomType":"pipe","source":"order_55301/NIS_ZH_ABWASSER.dxf","_dedupKey":"2683204.4,1246927.8|2683206.6,1246921.3"}},{"type":"Feature","geometry":{"type":"LineString","coordinates":[[8.541926581400299,47.3690142456541],[8.541921733644221,47.36901672065504],[8.541872802140555,47.36901314023649],[8.541864952710535,47.36901132623035]]},"properties":{"layer":"LKZ1114-MLU0","infraType":"sewage","geomType":"pipe","source":"order_55301/NIS_ZH_ABWASSER.dxf","_dedupKey":"2683328.7,1247048.8|2683333.3,1247049.2"}},{"type":"Feature","geometry":{"type":"LineString","coordinates":[[8.541736692094076,47.36859094814781],[8.54174979003857,47.368590463243756],[8.54175487646453,47.36858672664739],[8.541824924714566,47.36858704706027],[8.541831649918347,47.36858572350081],[8.541835091737191,47.36858569062554]]},"properties":{"layer":"LKZ1113-MLU1","infraType":"sewage","geomType":"pipe","source":"order_55301/NIS_ZH_ABWASSER.dxf","_dedupKey":"2683319.7,1247001.9|2683327.1,1247001.5"}},{"type":"Feature","geometry":{"type":"LineString","coordinates":[[8.54098423782391,47.36882768875121],[8.540971354357923,47.36882574282789],[8.54096549471767,47.36881770311056],[8.540871740004595,47.36880429557996]]},"properties":{"layer":"LKZ1113-MLU1","infraType":"sewage","geomType":"pipe","source":"order_55301/NIS_ZH_ABWASSER.dxf","_dedupKey":"2683254,1247024.7|2683262.5,1247027.5"}},{"type":"Feature","geometry":{"type":"LineString","coordinates":[[8.54104371003511,47.36863030703499],[8.540926167033106,47.36861262902493]]},"properties":{"layer":"LKZ1113-MLU1","infraType":"sewage","geomType":"pipe","source":"order_55301/NIS_ZH_ABWASSER.dxf","_dedupKey":"2683258.4,1247003.5|2683267.3,1247005.6"}},{"type":"Feature","geometry":{"type":"LineString","coordinates":[[8.539544643846915,47.36889368156711],[8.539524580406573,47.36889027474417],[8.539521446552326,47.36888598694],[8.539533055687109,47.36885187459498],[8.539537897967252,47.36884912989263],[8.539545872243197,47.368850583059896]]},"properties":{"layer":"LKZ1111-MLU1","infraType":"sewage","geomType":"pipe","source":"order_55301/NIS_ZH_ABWASSER.dxf","_dedupKey":"2683153.6,1247033.3|2683153.8,1247028.5"}},{"type":"Feature","geometry":{"type":"LineString","coordinates":[[8.540445645423517,47.36804755062294],[8.540453258869613,47.36797389758299]]},"properties":{"layer":"LKZ1113-MLU1","infraType":"sewage","geomType":"pipe","source":"order_55301/NIS_ZH_ABWASSER.dxf","_dedupKey":"2683223,1246940.2|2683223.7,1246932"}},{"type":"Feature","geometry":{"type":"LineString","coordinates":[[8.540741017103088,47.3679634162101],[8.540753073437326,47.36801502333681]]},"properties":{"layer":"LKZ1113-MLU1","infraType":"sewage","geomType":"pipe","source":"order_55301/NIS_ZH_ABWASSER.dxf","_dedupKey":"2683245.4,1246931.1|2683246.3,1246936.9"}},{"type":"Feature","geometry":{"type":"LineString","coordinates":[[8.540735783539056,47.36809452563805],[8.540744045821482,47.368013850159656]]},"properties":{"layer":"LKZ1113-MLU1","infraType":"sewage","geomType":"pipe","source":"order_55301/NIS_ZH_ABWASSER.dxf","_dedupKey":"2683244.8,1246945.7|2683245.6,1246936.7"}},{"type":"Feature","geometry":{"type":"LineString","coordinates":[[8.541072629175494,47.36901070612298],[8.541069781614604,47.36902026817079],[8.54106545589359,47.36902237834624],[8.541053107472166,47.36902069717939],[8.541048778030717,47.36902262748653],[8.541047541656894,47.36902686701192]]},"properties":{"layer":"LKZ1110-MLU1","infraType":"sewage","geomType":"pipe","source":"order_55301/NIS_ZH_ABWASSER.dxf","_dedupKey":"2683266.9,1247049.7|2683268.8,1247047.9"}},{"type":"Feature","geometry":{"type":"LineString","coordinates":[[8.539711823146158,47.36835291820063],[8.539719260901206,47.36834763010189],[8.53972907449834,47.36833557298405]]},"properties":{"layer":"LKZ1111-MLU1","infraType":"sewage","geomType":"pipe","source":"order_55301/NIS_ZH_ABWASSER.dxf","_dedupKey":"2683167.1,1246973.3|2683168.4,1246971.4"}},{"type":"Feature","geometry":{"type":"LineString","coordinates":[[8.539810511075236,47.368303943184976],[8.539864024352116,47.36831143865503],[8.53986867426824,47.3683122038836]]},"properties":{"layer":"LKZ1113-MLU1","infraType":"sewage","geomType":"pipe","source":"order_55301/NIS_ZH_ABWASSER.dxf","_dedupKey":"2683174.6,1246968|2683179,1246969"}},{"type":"Feature","geometry":{"type":"LineString","coordinates":[[8.541825287107981,47.36816310164986],[8.541825766128364,47.36816705494558],[8.541822518130928,47.36817005437292],[8.541807169887983,47.36817056078018]]},"properties":{"layer":"LKZ1113-MLU1","infraType":"sewage","geomType":"pipe","source":"order_55301/NIS_ZH_ABWASSER.dxf","_dedupKey":"2683325.6,1246955.3|2683327,1246954.5"}},{"type":"Feature","geometry":{"type":"LineString","coordinates":[[8.541834952899146,47.368303873555675],[8.541835314433918,47.368308547586345],[8.541832057122566,47.36831109734463],[8.541816708839072,47.36831160375316]]},"properties":{"layer":"LKZ1113-MLU1","infraType":"sewage","geomType":"pipe","source":"order_55301/NIS_ZH_ABWASSER.dxf","_dedupKey":"2683326.1,1246971|2683327.5,1246970.1"}},{"type":"Feature","geometry":{"type":"LineString","coordinates":[[8.541855337146705,47.36861068369489],[8.541836632804738,47.36860897337173]]},"properties":{"layer":"LKZ1113-MLU1","infraType":"sewage","geomType":"pipe","source":"order_55301/NIS_ZH_ABWASSER.dxf","_dedupKey":"2683327.2,1247004.1|2683328.6,1247004.3"}},{"type":"Feature","geometry":{"type":"LineString","coordinates":[[8.539911416715972,47.36967618167223],[8.539528356970274,47.36962451326191]]},"properties":{"layer":"LKZ1113-MLU1","infraType":"sewage","geomType":"pipe","source":"order_55302/NIS_ZH_ABWASSER.dxf","_dedupKey":"2683151.3,1247114.5|2683180.1,1247120.7"}},{"type":"Feature","geometry":{"type":"LineString","coordinates":[[8.541669157580204,47.36951836438708],[8.541377841055246,47.36953005133482]]},"properties":{"layer":"LKZ1113-MLU1","infraType":"sewage","geomType":"pipe","source":"order_55302/NIS_ZH_ABWASSER.dxf","_dedupKey":"2683291.1,1247106|2683313.1,1247105"}},{"type":"Feature","geometry":{"type":"LineString","coordinates":[[8.537529351515474,47.370032319972694],[8.53770079839349,47.37006343101891]]},"properties":{"layer":"LKZ1113-MLU1","infraType":"sewage","geomType":"pipe","source":"order_55302/NIS_ZH_ABWASSER.dxf","_dedupKey":"2682999.6,1247157.7|2683012.5,1247161.4"}},{"type":"Feature","geometry":{"type":"LineString","coordinates":[[8.539368611117558,47.36971760644296],[8.53933760855414,47.36984491346413],[8.539302459854369,47.369963804537825],[8.5392105876877,47.37022122174563]]},"properties":{"layer":"LKZ1113-MLU1","infraType":"sewage","geomType":"pipe","source":"order_55302/NIS_ZH_ABWASSER.dxf","_dedupKey":"2683126.3,1247180.5|2683139,1247124.7"}},{"type":"Feature","geometry":{"type":"LineString","coordinates":[[8.540572246398618,47.369765317458096],[8.539932528372324,47.36967903872608]]},"properties":{"layer":"LKZ1113-MLU1","infraType":"sewage","geomType":"pipe","source":"order_55302/NIS_ZH_ABWASSER.dxf","_dedupKey":"2683181.7,1247121|2683229.9,1247131.3"}},{"type":"Feature","geometry":{"type":"LineString","coordinates":[[8.540532795223802,47.370252421659245],[8.54037195967921,47.37009420200676]]},"properties":{"layer":"LKZ1113-MLU1","infraType":"sewage","geomType":"pipe","source":"order_55302/NIS_ZH_ABWASSER.dxf","_dedupKey":"2683214.2,1247167.6|2683226.1,1247185.4"}},{"type":"Feature","geometry":{"type":"LineString","coordinates":[[8.538503962499323,47.36926034427638],[8.538499441051023,47.369317146750944]]},"properties":{"layer":"LKZ1113-MLU1","infraType":"sewage","geomType":"pipe","source":"order_55302/NIS_ZH_ABWASSER.dxf","_dedupKey":"2683074,1247079.2|2683074.5,1247072.9"}},{"type":"Feature","geometry":{"type":"LineString","coordinates":[[8.537589672868004,47.370254376003416],[8.537076465753856,47.370627339298814]]},"properties":{"layer":"LKZ1113-MLU1","infraType":"sewage","geomType":"pipe","source":"order_55302/NIS_ZH_ABWASSER.dxf","_dedupKey":"2682964.5,1247223.4|2683003.9,1247182.5"}},{"type":"Feature","geometry":{"type":"LineString","coordinates":[[8.541196960940603,47.37027198955614],[8.541015847876064,47.3699464745547]]},"properties":{"layer":"LKZ1113-MLU1","infraType":"sewage","geomType":"pipe","source":"order_55302/NIS_ZH_ABWASSER.dxf","_dedupKey":"2683263.1,1247151.9|2683276.3,1247188.3"}},{"type":"Feature","geometry":{"type":"LineString","coordinates":[[8.541875266148224,47.37023259025797],[8.541874375355734,47.370323899601196]]},"properties":{"layer":"LKZ1113-MLU1","infraType":"sewage","geomType":"pipe","source":"order_55302/NIS_ZH_ABWASSER.dxf","_dedupKey":"2683327.3,1247194.7|2683327.6,1247184.6"}},{"type":"Feature","geometry":{"type":"LineString","coordinates":[[8.540059226314952,47.37022941343474],[8.540020789145489,47.370227531178635]]},"properties":{"layer":"LKZ1113-MLU1","infraType":"sewage","geomType":"pipe","source":"order_55302/NIS_ZH_ABWASSER.dxf","_dedupKey":"2683187.5,1247182.1|2683190.4,1247182.3"}},{"type":"Feature","geometry":{"type":"LineString","coordinates":[[8.541504478720764,47.370435194131694],[8.541508031906694,47.37031894279794]]},"properties":{"layer":"LKZ1113-MLU1","infraType":"sewage","geomType":"pipe","source":"order_55302/NIS_ZH_ABWASSER.dxf","_dedupKey":"2683299.2,1247206.7|2683299.7,1247193.8"}},{"type":"Feature","geometry":{"type":"LineString","coordinates":[[8.539504764907042,47.36962977541483],[8.539389184204964,47.369694382782946]]},"properties":{"layer":"LKZ1113-MLU1","infraType":"sewage","geomType":"pipe","source":"order_55302/NIS_ZH_ABWASSER.dxf","_dedupKey":"2683140.6,1247122.1|2683149.5,1247115.1"}},{"type":"Feature","geometry":{"type":"LineString","coordinates":[[8.539391850429668,47.37021463702389],[8.539236968252505,47.370229155958654]]},"properties":{"layer":"LKZ1113-MLU1","infraType":"sewage","geomType":"pipe","source":"order_55302/NIS_ZH_ABWASSER.dxf","_dedupKey":"2683128.3,1247181.4|2683140,1247180"}},{"type":"Feature","geometry":{"type":"LineString","coordinates":[[8.539551286002897,47.37026672855933],[8.539409759109317,47.37021626537851]]},"properties":{"layer":"LKZ1113-MLU1","infraType":"sewage","geomType":"pipe","source":"order_55302/NIS_ZH_ABWASSER.dxf","_dedupKey":"2683141.4,1247180.2|2683152,1247185.9"}},{"type":"Feature","geometry":{"type":"LineString","coordinates":[[8.53996976068455,47.369654666645076],[8.539932614764513,47.369670402553865]]},"properties":{"layer":"LKZ1113-MLU1","infraType":"sewage","geomType":"pipe","source":"order_55302/NIS_ZH_ABWASSER.dxf","_dedupKey":"2683181.7,1247120|2683184.5,1247118.3"}},{"type":"Feature","geometry":{"type":"LineString","coordinates":[[8.54100276141765,47.36993472585073],[8.540572246398618,47.369765317458096]]},"properties":{"layer":"LKZ1113-MLU1","infraType":"sewage","geomType":"pipe","source":"order_55302/NIS_ZH_ABWASSER.dxf","_dedupKey":"2683229.9,1247131.3|2683262.1,1247150.6"}},{"type":"Feature","geometry":{"type":"LineString","coordinates":[[8.540059126752913,47.370506555047],[8.539551286002897,47.37026672855933]]},"properties":{"layer":"LKZ1113-MLU1","infraType":"sewage","geomType":"pipe","source":"order_55302/NIS_ZH_ABWASSER.dxf","_dedupKey":"2683152,1247185.9|2683190,1247213.1"}},{"type":"Feature","geometry":{"type":"LineString","coordinates":[[8.539705787979983,47.3700799556486],[8.539639273069422,47.37007771126778]]},"properties":{"layer":"LKZ1113-MLU1","infraType":"sewage","geomType":"pipe","source":"order_55302/NIS_ZH_ABWASSER.dxf","_dedupKey":"2683158.9,1247165|2683163.9,1247165.3"}},{"type":"Feature","geometry":{"type":"LineString","coordinates":[[8.54136197219824,47.36953101240738],[8.541040521242998,47.36954532494646]]},"properties":{"layer":"LKZ1113-MLU1","infraType":"sewage","geomType":"pipe","source":"order_55302/NIS_ZH_ABWASSER.dxf","_dedupKey":"2683265.6,1247107.3|2683289.9,1247106.1"}},{"type":"Feature","geometry":{"type":"LineString","coordinates":[[8.540382165289643,47.37042782486222],[8.540044832136074,47.37028253215002]]},"properties":{"layer":"LKZ1113-MLU1","infraType":"sewage","geomType":"pipe","source":"order_55302/NIS_ZH_ABWASSER.dxf","_dedupKey":"2683189.2,1247188.2|2683214.5,1247204.7"}},{"type":"Feature","geometry":{"type":"LineString","coordinates":[[8.541235698851036,47.37018598588373],[8.541332014930815,47.369900639556946]]},"properties":{"layer":"LKZ1111-MLU1","infraType":"sewage","geomType":"pipe","source":"order_55302/NIS_ZH_ABWASSER.dxf","_dedupKey":"2683279.3,1247178.7|2683287,1247147.1"}},{"type":"Feature","geometry":{"type":"LineString","coordinates":[[8.54181107077405,47.36986898952823],[8.541916710008401,47.36988714017355]]},"properties":{"layer":"LKZ1111-MLU1","infraType":"sewage","geomType":"pipe","source":"order_55302/NIS_ZH_ABWASSER.dxf","_dedupKey":"2683323.3,1247144.1|2683331.2,1247146.2"}},{"type":"Feature","geometry":{"type":"LineString","coordinates":[[8.540553016263635,47.37006485968119],[8.54095375288308,47.369927457757505]]},"properties":{"layer":"LKZ1111-MLU1","infraType":"sewage","geomType":"pipe","source":"order_55302/NIS_ZH_ABWASSER.dxf","_dedupKey":"2683228,1247164.5|2683258.4,1247149.7"}},{"type":"Feature","geometry":{"type":"LineString","coordinates":[[8.54095375288308,47.369927457757505],[8.541332014930815,47.369900639556946]]},"properties":{"layer":"LKZ1111-MLU1","infraType":"sewage","geomType":"pipe","source":"order_55302/NIS_ZH_ABWASSER.dxf","_dedupKey":"2683258.4,1247149.7|2683287,1247147.1"}},{"type":"Feature","geometry":{"type":"LineString","coordinates":[[8.538927098595924,47.37038781433506],[8.53881983977267,47.370682527719424]]},"properties":{"layer":"LKZ1113-MLU1","infraType":"sewage","geomType":"pipe","source":"order_55302/NIS_ZH_ABWASSER.dxf","_dedupKey":"2683096.1,1247231.4|2683104.7,1247198.7"}},{"type":"Feature","geometry":{"type":"LineString","coordinates":[[8.53770079839349,47.37006343101891],[8.53822656323964,47.36968350892307]]},"properties":{"layer":"LKZ1113-MLU1","infraType":"sewage","geomType":"pipe","source":"order_55302/NIS_ZH_ABWASSER.dxf","_dedupKey":"2683012.5,1247161.4|2683052.8,1247119.7"}},{"type":"Feature","geometry":{"type":"LineString","coordinates":[[8.538499441051023,47.369317146750944],[8.539091616878865,47.36967913805782]]},"properties":{"layer":"LKZ1113-MLU1","infraType":"sewage","geomType":"pipe","source":"order_55302/NIS_ZH_ABWASSER.dxf","_dedupKey":"2683074,1247079.2|2683118.2,1247120.1"}},{"type":"Feature","geometry":{"type":"LineString","coordinates":[[8.539201498116192,47.37024271681869],[8.53896877667304,47.370861011968366]]},"properties":{"layer":"LKZ1113-MLU1","infraType":"sewage","geomType":"pipe","source":"order_55302/NIS_ZH_ABWASSER.dxf","_dedupKey":"2683107.1,1247251.4|2683125.6,1247182.9"}},{"type":"Feature","geometry":{"type":"LineString","coordinates":[[8.54134323373387,47.369290840698696],[8.541338524372703,47.369242401758754]]},"properties":{"layer":"LKZ1113-MLU1","infraType":"sewage","geomType":"pipe","source":"order_55302/NIS_ZH_ABWASSER.dxf","_dedupKey":"2683288.6,1247073.9|2683288.8,1247079.3"}},{"type":"Feature","geometry":{"type":"LineString","coordinates":[[8.541363924002091,47.369497351884014],[8.54134323373387,47.369290840698696]]},"properties":{"layer":"LKZ1113-MLU1","infraType":"sewage","geomType":"pipe","source":"order_55302/NIS_ZH_ABWASSER.dxf","_dedupKey":"2683288.8,1247079.3|2683290.1,1247102.3"}},{"type":"Feature","geometry":{"type":"LineString","coordinates":[[8.540678628694122,47.370011579278945],[8.54037195967921,47.37009420200676]]},"properties":{"layer":"LKZ1113-MLU1","infraType":"sewage","geomType":"pipe","source":"order_55302/NIS_ZH_ABWASSER.dxf","_dedupKey":"2683214.2,1247167.6|2683237.5,1247158.8"}},{"type":"Feature","geometry":{"type":"LineString","coordinates":[[8.541770522670811,47.36988026094797],[8.541407641364584,47.36990810310863]]},"properties":{"layer":"LKZ1113-MLU1","infraType":"sewage","geomType":"pipe","source":"order_55302/NIS_ZH_ABWASSER.dxf","_dedupKey":"2683292.7,1247148|2683320.2,1247145.3"}},{"type":"Feature","geometry":{"type":"LineString","coordinates":[[8.54118244472944,47.37055601520587],[8.541200420540703,47.3702920157268]]},"properties":{"layer":"LKZ1113-MLU1","infraType":"sewage","geomType":"pipe","source":"order_55302/NIS_ZH_ABWASSER.dxf","_dedupKey":"2683274.7,1247219.8|2683276.5,1247190.5"}},{"type":"Feature","geometry":{"type":"LineString","coordinates":[[8.541234775364488,47.3703141756607],[8.541212961477912,47.37029018693184]]},"properties":{"layer":"LKZ1113-MLU1","infraType":"sewage","geomType":"pipe","source":"order_55302/NIS_ZH_ABWASSER.dxf","_dedupKey":"2683277.4,1247190.3|2683279.1,1247193"}},{"type":"Feature","geometry":{"type":"LineString","coordinates":[[8.541596748504322,47.37022310680168],[8.541555650892743,47.37021423424029]]},"properties":{"layer":"LKZ1113-MLU1","infraType":"sewage","geomType":"pipe","source":"order_55302/NIS_ZH_ABWASSER.dxf","_dedupKey":"2683303.4,1247182.2|2683306.5,1247183.2"}},{"type":"Feature","geometry":{"type":"LineString","coordinates":[[8.541741495695023,47.3702243330614],[8.541596748504322,47.37022310680168]]},"properties":{"layer":"LKZ1113-MLU1","infraType":"sewage","geomType":"pipe","source":"order_55302/NIS_ZH_ABWASSER.dxf","_dedupKey":"2683306.5,1247183.2|2683317.5,1247183.5"}},{"type":"Feature","geometry":{"type":"LineString","coordinates":[[8.536985858064273,47.369693605012486],[8.537475789377444,47.36938661793752]]},"properties":{"layer":"LKZ1113-MLU1","infraType":"sewage","geomType":"pipe","source":"order_55302/NIS_ZH_ABWASSER.dxf","_dedupKey":"2682959.1,1247119.5|2682996.6,1247085.9"}},{"type":"Feature","geometry":{"type":"LineString","coordinates":[[8.541332014930815,47.369900639556946],[8.54181107077405,47.36986898952823]]},"properties":{"layer":"LKZ1111-MLU1","infraType":"sewage","geomType":"pipe","source":"order_55302/NIS_ZH_ABWASSER.dxf","_dedupKey":"2683287,1247147.1|2683323.3,1247144.1"}},{"type":"Feature","geometry":{"type":"LineString","coordinates":[[8.540963657103456,47.370246331435375],[8.541235698851036,47.37018598588373]]},"properties":{"layer":"LKZ1111-MLU1","infraType":"sewage","geomType":"pipe","source":"order_55302/NIS_ZH_ABWASSER.dxf","_dedupKey":"2683258.7,1247185.2|2683279.3,1247178.7"}},{"type":"Feature","geometry":{"type":"LineString","coordinates":[[8.541089847602056,47.37026581587556],[8.540648057466067,47.370146798289284]]},"properties":{"layer":"LKZ1113-MLU1","infraType":"sewage","geomType":"pipe","source":"order_55302/NIS_ZH_ABWASSER.dxf","_dedupKey":"2683235,1247173.8|2683268.2,1247187.5"}},{"type":"Feature","geometry":{"type":"LineString","coordinates":[[8.537563475130124,47.37002407957829],[8.537282903659083,47.36986987331145]]},"properties":{"layer":"LKZ1111-MLU1","infraType":"sewage","geomType":"pipe","source":"order_55302/NIS_ZH_ABWASSER.dxf","_dedupKey":"2682981.3,1247139.4|2683002.2,1247156.8"}},{"type":"Feature","geometry":{"type":"LineString","coordinates":[[8.53922209522127,47.36996412058989],[8.539278735709193,47.370007567154865]]},"properties":{"layer":"LKZ1113-MLU1","infraType":"sewage","geomType":"pipe","source":"order_55302/NIS_ZH_ABWASSER.dxf","_dedupKey":"2683127.6,1247151.9|2683131.8,1247156.8"}},{"type":"Feature","geometry":{"type":"LineString","coordinates":[[8.541040521242998,47.36954532494646],[8.540793527588598,47.369555417990505]]},"properties":{"layer":"LKZ1113-MLU1","infraType":"sewage","geomType":"pipe","source":"order_55302/NIS_ZH_ABWASSER.dxf","_dedupKey":"2683246.9,1247108.2|2683265.6,1247107.3"}},{"type":"Feature","geometry":{"type":"LineString","coordinates":[[8.540640548266296,47.369559396342815],[8.540719188554041,47.36928357410387]]},"properties":{"layer":"LKZ1113-MLU1","infraType":"sewage","geomType":"pipe","source":"order_55302/NIS_ZH_ABWASSER.dxf","_dedupKey":"2683235.4,1247108.4|2683241.7,1247077.9"}},{"type":"Feature","geometry":{"type":"LineString","coordinates":[[8.540640548266296,47.369559396342815],[8.540575300448113,47.36976573807843]]},"properties":{"layer":"LKZ1113-MLU1","infraType":"sewage","geomType":"pipe","source":"order_55302/NIS_ZH_ABWASSER.dxf","_dedupKey":"2683230.1,1247131.3|2683235.4,1247108.4"}},{"type":"Feature","geometry":{"type":"LineString","coordinates":[[8.539490623902196,47.3693361284518],[8.53942625527065,47.369501892986705],[8.539403272944451,47.36957515267382],[8.539376429253924,47.36969225555281]]},"properties":{"layer":"LKZ1113-MLU1","infraType":"sewage","geomType":"pipe","source":"order_55302/NIS_ZH_ABWASSER.dxf","_dedupKey":"2683139.7,1247121.9|2683148.9,1247082.4"}},{"type":"Feature","geometry":{"type":"LineString","coordinates":[[8.537668385084423,47.36928763781667],[8.537338139146245,47.36949191138085]]},"properties":{"layer":"LKZ1111-MLU1","infraType":"sewage","geomType":"pipe","source":"order_55302/NIS_ZH_ABWASSER.dxf","_dedupKey":"2682986,1247097.4|2683011.3,1247075.1"}},{"type":"Feature","geometry":{"type":"LineString","coordinates":[[8.54037195967921,47.37009420200676],[8.540235642694975,47.37011646093282]]},"properties":{"layer":"LKZ1113-MLU1","infraType":"sewage","geomType":"pipe","source":"order_55302/NIS_ZH_ABWASSER.dxf","_dedupKey":"2683203.9,1247169.9|2683214.2,1247167.6"}},{"type":"Feature","geometry":{"type":"LineString","coordinates":[[8.541874375355734,47.370323899601196],[8.541508031906694,47.37031894279794]]},"properties":{"layer":"LKZ1113-MLU1","infraType":"sewage","geomType":"pipe","source":"order_55302/NIS_ZH_ABWASSER.dxf","_dedupKey":"2683299.7,1247193.8|2683327.3,1247194.7"}},{"type":"Feature","geometry":{"type":"LineString","coordinates":[[8.539639273069422,47.37007771126778],[8.53941067702042,47.370209420314616]]},"properties":{"layer":"LKZ1113-MLU1","infraType":"sewage","geomType":"pipe","source":"order_55302/NIS_ZH_ABWASSER.dxf","_dedupKey":"2683141.5,1247179.4|2683158.9,1247165"}},{"type":"Feature","geometry":{"type":"LineString","coordinates":[[8.540044832136074,47.37028253215002],[8.540020789145489,47.370227531178635]]},"properties":{"layer":"LKZ1113-MLU1","infraType":"sewage","geomType":"pipe","source":"order_55302/NIS_ZH_ABWASSER.dxf","_dedupKey":"2683187.5,1247182.1|2683189.2,1247188.2"}},{"type":"Feature","geometry":{"type":"LineString","coordinates":[[8.540648057466067,47.370146798289284],[8.54037195967921,47.37009420200676]]},"properties":{"layer":"LKZ1113-MLU1","infraType":"sewage","geomType":"pipe","source":"order_55302/NIS_ZH_ABWASSER.dxf","_dedupKey":"2683214.2,1247167.6|2683235,1247173.8"}},{"type":"Feature","geometry":{"type":"LineString","coordinates":[[8.541407641364584,47.36990810310863],[8.541023097547386,47.36993848962381]]},"properties":{"layer":"LKZ1113-MLU1","infraType":"sewage","geomType":"pipe","source":"order_55302/NIS_ZH_ABWASSER.dxf","_dedupKey":"2683263.7,1247151|2683292.7,1247148"}},{"type":"Feature","geometry":{"type":"LineString","coordinates":[[8.541555650892743,47.37021423424029],[8.541407641364584,47.36990810310863]]},"properties":{"layer":"LKZ1113-MLU1","infraType":"sewage","geomType":"pipe","source":"order_55302/NIS_ZH_ABWASSER.dxf","_dedupKey":"2683292.7,1247148|2683303.4,1247182.2"}},{"type":"Feature","geometry":{"type":"LineString","coordinates":[[8.540235642694975,47.37011646093282],[8.540059226314952,47.37022941343474]]},"properties":{"layer":"LKZ1113-MLU1","infraType":"sewage","geomType":"pipe","source":"order_55302/NIS_ZH_ABWASSER.dxf","_dedupKey":"2683190.4,1247182.3|2683203.9,1247169.9"}},{"type":"Feature","geometry":{"type":"LineString","coordinates":[[8.540020789145489,47.370227531178635],[8.539705787979983,47.3700799556486]]},"properties":{"layer":"LKZ1113-MLU1","infraType":"sewage","geomType":"pipe","source":"order_55302/NIS_ZH_ABWASSER.dxf","_dedupKey":"2683163.9,1247165.3|2683187.5,1247182.1"}},{"type":"Feature","geometry":{"type":"LineString","coordinates":[[8.541508031906694,47.37031894279794],[8.541234775364488,47.3703141756607]]},"properties":{"layer":"LKZ1113-MLU1","infraType":"sewage","geomType":"pipe","source":"order_55302/NIS_ZH_ABWASSER.dxf","_dedupKey":"2683279.1,1247193|2683299.7,1247193.8"}},{"type":"Feature","geometry":{"type":"LineString","coordinates":[[8.539091616878865,47.36967913805782],[8.539274527182663,47.36979091402371],[8.539325970970038,47.369858427146404]]},"properties":{"layer":"LKZ1113-MLU1","infraType":"sewage","geomType":"pipe","source":"order_55302/NIS_ZH_ABWASSER.dxf","_dedupKey":"2683118.2,1247120.1|2683135.6,1247140.3"}},{"type":"Feature","geometry":{"type":"LineString","coordinates":[[8.539034184294772,47.37009760003877],[8.538927098595924,47.37038781433506]]},"properties":{"layer":"LKZ1113-MLU1","infraType":"sewage","geomType":"pipe","source":"order_55302/NIS_ZH_ABWASSER.dxf","_dedupKey":"2683104.7,1247198.7|2683113.2,1247166.6"}},{"type":"Feature","geometry":{"type":"LineString","coordinates":[[8.537301872879908,47.369903694540206],[8.537529351515474,47.370032319972694]]},"properties":{"layer":"LKZ1113-MLU1","infraType":"sewage","geomType":"pipe","source":"order_55302/NIS_ZH_ABWASSER.dxf","_dedupKey":"2682982.7,1247143.2|2682999.6,1247157.7"}},{"type":"Feature","geometry":{"type":"LineString","coordinates":[[8.540793527588598,47.369555417990505],[8.540640548266296,47.369559396342815]]},"properties":{"layer":"LKZ1113-MLU1","infraType":"sewage","geomType":"pipe","source":"order_55302/NIS_ZH_ABWASSER.dxf","_dedupKey":"2683235.4,1247108.4|2683246.9,1247108.2"}},{"type":"Feature","geometry":{"type":"LineString","coordinates":[[8.538224682086325,47.36968217755934],[8.538589335098242,47.369785118048696]]},"properties":{"layer":"LKZ1113-MLU1","infraType":"sewage","geomType":"pipe","source":"order_55302/NIS_ZH_ABWASSER.dxf","_dedupKey":"2683052.7,1247119.5|2683080.1,1247131.4"}},{"type":"Feature","geometry":{"type":"LineString","coordinates":[[8.538589335098242,47.369785118048696],[8.53922209522127,47.36996412058989]]},"properties":{"layer":"LKZ1113-MLU1","infraType":"sewage","geomType":"pipe","source":"order_55302/NIS_ZH_ABWASSER.dxf","_dedupKey":"2683080.1,1247131.4|2683127.6,1247151.9"}},{"type":"Feature","geometry":{"type":"LineString","coordinates":[[8.541694635194442,47.36954024915819],[8.54184086160739,47.36952347083267],[8.541871458363165,47.36951760158211]]},"properties":{"layer":"LKZ1111-MLU1","infraType":"sewage","geomType":"pipe","source":"order_55302/NIS_ZH_ABWASSER.dxf","_dedupKey":"2683315,1247107.4|2683328.4,1247105.1"}},{"type":"Feature","geometry":{"type":"LineString","coordinates":[[8.542301124370363,47.36992088738472],[8.541859201329638,47.36987221782358],[8.541822343147748,47.36988264445235],[8.541793845898287,47.36988120755726],[8.541775146936539,47.36987338046242],[8.541774841230119,47.36987140444766]]},"properties":{"layer":"LKZ1111-MLU1","infraType":"sewage","geomType":"pipe","source":"order_55302/NIS_ZH_ABWASSER.dxf","_dedupKey":"2683320.5,1247144.3|2683360.2,1247150.4"}},{"type":"Feature","geometry":{"type":"LineString","coordinates":[[8.540589275190856,47.3693272707955],[8.540597508748757,47.369328451562396],[8.540703797597335,47.369307648079776],[8.540709844288871,47.369305521497246],[8.54071289831309,47.36930594211398]]},"properties":{"layer":"LKZ1113-MLU1","infraType":"sewage","geomType":"pipe","source":"order_55302/NIS_ZH_ABWASSER.dxf","_dedupKey":"2683231.8,1247082.6|2683241.2,1247080.3"}},{"type":"Feature","geometry":{"type":"LineString","coordinates":[[8.540601939104508,47.36926094561707],[8.54071417151992,47.369277865075475],[8.54071941463472,47.369275296402186],[8.540721937280397,47.36927563213748]]},"properties":{"layer":"LKZ1113-MLU1","infraType":"sewage","geomType":"pipe","source":"order_55302/NIS_ZH_ABWASSER.dxf","_dedupKey":"2683232.9,1247075.2|2683241.9,1247077"}},{"type":"Feature","geometry":{"type":"LineString","coordinates":[[8.541275555353801,47.3691106841498],[8.541323924790419,47.36909349137212]]},"properties":{"layer":"LKZ1111-MLU1","infraType":"sewage","geomType":"pipe","source":"order_55302/NIS_ZH_ABWASSER.dxf","_dedupKey":"2683284,1247059.2|2683287.7,1247057.4"}},{"type":"Feature","geometry":{"type":"LineString","coordinates":[[8.540810312908041,47.36963720368848],[8.54074639619562,47.36956207439151],[8.54074988306736,47.36955781339586],[8.54074985703601,47.36955655432237]]},"properties":{"layer":"LKZ1111-MLU1","infraType":"sewage","geomType":"pipe","source":"order_55302/NIS_ZH_ABWASSER.dxf","_dedupKey":"2683243.6,1247108.2|2683248.1,1247117.3"}},{"type":"Feature","geometry":{"type":"LineString","coordinates":[[8.540960903856186,47.369530523219986],[8.540951884258325,47.36954895942215]]},"properties":{"layer":"LKZ1111-MLU1","infraType":"sewage","geomType":"pipe","source":"order_55302/NIS_ZH_ABWASSER.dxf","_dedupKey":"2683258.9,1247107.6|2683259.6,1247105.6"}},{"type":"Feature","geometry":{"type":"LineString","coordinates":[[8.540987544220735,47.3695958436536],[8.540983975354898,47.36956412481273],[8.540961145283497,47.369548601180725]]},"properties":{"layer":"LKZ1111-MLU1","infraType":"sewage","geomType":"pipe","source":"order_55302/NIS_ZH_ABWASSER.dxf","_dedupKey":"2683259.6,1247107.6|2683261.5,1247112.9"}},{"type":"Feature","geometry":{"type":"LineString","coordinates":[[8.541152216873266,47.369497843783776],[8.541108251469009,47.369542339722855]]},"properties":{"layer":"LKZ1111-MLU1","infraType":"sewage","geomType":"pipe","source":"order_55302/NIS_ZH_ABWASSER.dxf","_dedupKey":"2683270.7,1247107|2683274.1,1247102.1"}},{"type":"Feature","geometry":{"type":"LineString","coordinates":[[8.541140866820964,47.36958925296989],[8.541100314246354,47.36954268534019]]},"properties":{"layer":"LKZ1111-MLU1","infraType":"sewage","geomType":"pipe","source":"order_55302/NIS_ZH_ABWASSER.dxf","_dedupKey":"2683270.1,1247107.1|2683273.1,1247112.3"}},{"type":"Feature","geometry":{"type":"LineString","coordinates":[[8.541055335116802,47.36953816732959],[8.541048855606583,47.369544975542695]]},"properties":{"layer":"LKZ1114-MLU1","infraType":"sewage","geomType":"pipe","source":"order_55302/NIS_ZH_ABWASSER.dxf","_dedupKey":"2683266.2,1247107.3|2683266.7,1247106.5"}},{"type":"Feature","geometry":{"type":"LineString","coordinates":[[8.541592494629318,47.3693839892305],[8.541604448950212,47.36940501369379],[8.541616640387442,47.3694183000555],[8.541669157580204,47.36951836438708]]},"properties":{"layer":"LKZ1113-MLU1","infraType":"sewage","geomType":"pipe","source":"order_55302/NIS_ZH_ABWASSER.dxf","_dedupKey":"2683307.5,1247090|2683313.1,1247105"}},{"type":"Feature","geometry":{"type":"LineString","coordinates":[[8.537443165125172,47.36997503126382],[8.537486078813416,47.37000781510296]]},"properties":{"layer":"LKZ1113-MLU0","infraType":"sewage","geomType":"pipe","source":"order_55302/NIS_ZH_ABWASSER.dxf","_dedupKey":"2682993.2,1247151.3|2682996.4,1247155"}},{"type":"Feature","geometry":{"type":"LineString","coordinates":[[8.537624017154887,47.37003204893053],[8.537615292225217,47.37003914816466],[8.537617790044584,47.37004470139113],[8.537624112091748,47.37004949861816]]},"properties":{"layer":"LKZ1113-MLU1","infraType":"sewage","geomType":"pipe","source":"order_55302/NIS_ZH_ABWASSER.dxf","_dedupKey":"2683006.8,1247157.8|2683006.8,1247159.7"}},{"type":"Feature","geometry":{"type":"LineString","coordinates":[[8.537553557682703,47.369992600960664],[8.5375357514587,47.370008781741284]]},"properties":{"layer":"LKZ1111-MLU1","infraType":"sewage","geomType":"pipe","source":"order_55302/NIS_ZH_ABWASSER.dxf","_dedupKey":"2683000.2,1247155.1|2683001.5,1247153.3"}},{"type":"Feature","geometry":{"type":"LineString","coordinates":[[8.53750381877516,47.37034811273207],[8.537428628236414,47.37037464413826],[8.537426083313854,47.37037322912485]]},"properties":{"layer":"LKZ1113-MLU1","infraType":"sewage","geomType":"pipe","source":"order_55302/NIS_ZH_ABWASSER.dxf","_dedupKey":"2682991.3,1247195.5|2682997.2,1247192.8"}},{"type":"Feature","geometry":{"type":"LineString","coordinates":[[8.540608450268177,47.370286870926826],[8.540598754783502,47.370285434252885],[8.540595152584956,47.37028411934725],[8.540593359113686,47.370280628348105],[8.54058445086914,47.3702724377966],[8.540566513161025,47.370256597557315],[8.54054315857572,47.37024773526233],[8.540527390268124,47.37024716608231]]},"properties":{"layer":"LKZ1113-MLU1","infraType":"sewage","geomType":"pipe","source":"order_55302/NIS_ZH_ABWASSER.dxf","_dedupKey":"2683225.7,1247184.8|2683231.8,1247189.3"}},{"type":"Feature","geometry":{"type":"LineString","coordinates":[[8.540223626877204,47.36968237942618],[8.54022225060799,47.36968626046909],[8.540221765690182,47.369688423931244],[8.540221042030392,47.36969184899211],[8.54021375610477,47.369710898258866],[8.540210483762232,47.369712728499735],[8.540208837154863,47.36971634226612]]},"properties":{"layer":"LKZ1113-MLU1","infraType":"sewage","geomType":"pipe","source":"order_55302/NIS_ZH_ABWASSER.dxf","_dedupKey":"2683202.5,1247125.4|2683203.7,1247121.7"}},{"type":"Feature","geometry":{"type":"LineString","coordinates":[[8.53908289073264,47.37001968773232],[8.539086981556093,47.37001901909572],[8.539101370269561,47.370016903070564],[8.539097961093226,47.36994155617452],[8.539098494330773,47.36994173099703],[8.539114083735775,47.36994005328775],[8.539120065020672,47.36994116566831],[8.539125597176284,47.369939763685096],[8.539133128044375,47.369938972318515]]},"properties":{"layer":"LKZ1113-MLU1","infraType":"sewage","geomType":"pipe","source":"order_55302/NIS_ZH_ABWASSER.dxf","_dedupKey":"2683117,1247158|2683120.9,1247149"}},{"type":"Feature","geometry":{"type":"LineString","coordinates":[[8.539285988471452,47.36987787788761],[8.539282711121093,47.36982816592198],[8.5392840948901,47.36982464462575],[8.539286811751314,47.36982156038355],[8.539289694417652,47.369820093688844],[8.539311470395006,47.36981664791848],[8.539317375534292,47.36981407300157],[8.53932300237759,47.369817257634544],[8.539320333800113,47.36982268015732],[8.539316943895,47.36982523110503],[8.539314389127629,47.36982975302775]]},"properties":{"layer":"LKZ1113-MLU1","infraType":"sewage","geomType":"pipe","source":"order_55302/NIS_ZH_ABWASSER.dxf","_dedupKey":"2683132.6,1247142.4|2683134.8,1247137.1"}},{"type":"Feature","geometry":{"type":"LineString","coordinates":[[8.539176856369949,47.36974821822636],[8.539180579737415,47.36974899231201],[8.53919896338023,47.36975439413669],[8.539200421423766,47.36975447019501],[8.53921177032925,47.36975903953394],[8.539222671960871,47.3697611844424],[8.539224508578386,47.36976035737772]]},"properties":{"layer":"LKZ1111-MLU1","infraType":"sewage","geomType":"pipe","source":"order_55302/NIS_ZH_ABWASSER.dxf","_dedupKey":"2683124.5,1247127.9|2683128.1,1247129.3"}},{"type":"Feature","geometry":{"type":"LineString","coordinates":[[8.54028615289369,47.370369372654814],[8.540284983758143,47.370370463224376],[8.54028394514604,47.37037146259751],[8.540280411718319,47.37037347523294],[8.540263537432292,47.37037705433579],[8.5402633957572,47.37037660592935]]},"properties":{"layer":"LKZ1114-MLU1","infraType":"sewage","geomType":"pipe","source":"order_55302/NIS_ZH_ABWASSER.dxf","_dedupKey":"2683205.6,1247198.9|2683207.3,1247198.1"}},{"type":"Feature","geometry":{"type":"LineString","coordinates":[[8.540278006957168,47.37036603219207],[8.540276977638085,47.37036748123413],[8.540272014027517,47.37037076683171],[8.540257254138712,47.37037414586376],[8.5402567153173,47.37037370124527]]},"properties":{"layer":"LKZ1111-MLU1","infraType":"sewage","geomType":"pipe","source":"order_55302/NIS_ZH_ABWASSER.dxf","_dedupKey":"2683205.1,1247198.6|2683206.7,1247197.7"}},{"type":"Feature","geometry":{"type":"LineString","coordinates":[[8.540219793991636,47.370342660300196],[8.540217196530355,47.3703451137646],[8.540190192448643,47.37034546126158],[8.540189784151679,47.37034492544638]]},"properties":{"layer":"LKZ1114-MLU1","infraType":"sewage","geomType":"pipe","source":"order_55302/NIS_ZH_ABWASSER.dxf","_dedupKey":"2683200.1,1247195.3|2683202.4,1247195.1"}},{"type":"Feature","geometry":{"type":"LineString","coordinates":[[8.54020772749657,47.370303376611176],[8.540212077087663,47.37030882217124],[8.540182181194313,47.37033582290043],[8.540172951620423,47.37033770995399],[8.540172284134917,47.370337446465214]]},"properties":{"layer":"LKZ1114-MLU1","infraType":"sewage","geomType":"pipe","source":"order_55302/NIS_ZH_ABWASSER.dxf","_dedupKey":"2683198.8,1247194.4|2683201.5,1247190.7"}},{"type":"Feature","geometry":{"type":"LineString","coordinates":[[8.540135515815566,47.370333029687856],[8.540135775004511,47.370332757361474],[8.54013493982816,47.37033078639258],[8.540124631194256,47.37032530770734],[8.540114850232133,47.370319734037516],[8.540111949418593,47.37031391485153],[8.540113099973107,47.37031192494557]]},"properties":{"layer":"LKZ1111-MLU1","infraType":"sewage","geomType":"pipe","source":"order_55302/NIS_ZH_ABWASSER.dxf","_dedupKey":"2683194.3,1247191.5|2683196,1247193.9"}},{"type":"Feature","geometry":{"type":"LineString","coordinates":[[8.540074023498182,47.37027910547643],[8.540071774864169,47.37027921687129],[8.540063778061004,47.370276684535256],[8.540056780850106,47.37027126421755],[8.540040267460967,47.370260267698335],[8.54003357218224,47.370256643530674],[8.54003356660765,47.37025637372927]]},"properties":{"layer":"LKZ1114-MLU1","infraType":"sewage","geomType":"pipe","source":"order_55302/NIS_ZH_ABWASSER.dxf","_dedupKey":"2683188.4,1247185.3|2683191.4,1247187.9"}},{"type":"Feature","geometry":{"type":"LineString","coordinates":[[8.540355511944291,47.37004794390102],[8.540356324819543,47.37004883566272],[8.540365786270735,47.3700645768844],[8.540370538169446,47.3700766750155],[8.540350299309923,47.3700968373099],[8.540349394944553,47.37009792535476]]},"properties":{"layer":"LKZ1114-MLU1","infraType":"sewage","geomType":"pipe","source":"order_55302/NIS_ZH_ABWASSER.dxf","_dedupKey":"2683212.5,1247168|2683213.1,1247162.5"}},{"type":"Feature","geometry":{"type":"LineString","coordinates":[[8.540151984269965,47.37015602791537],[8.540153332245017,47.370157184429885],[8.54015764836735,47.37016101118352],[8.540157452365062,47.37016434125966],[8.540158281964416,47.37016604242705]]},"properties":{"layer":"LKZ1113-MLU1","infraType":"sewage","geomType":"pipe","source":"order_55302/NIS_ZH_ABWASSER.dxf","_dedupKey":"2683197.5,1247174.3|2683198,1247175.4"}},{"type":"Feature","geometry":{"type":"LineString","coordinates":[[8.539085111274346,47.3697039367129],[8.539092612404277,47.36970170640742],[8.53914016744811,47.36971555559807],[8.539152191239618,47.369720748173094],[8.539155581145977,47.369718197230135]]},"properties":{"layer":"LKZ1113-MLU1","infraType":"sewage","geomType":"pipe","source":"order_55302/NIS_ZH_ABWASSER.dxf","_dedupKey":"2683117.7,1247122.9|2683123,1247124.5"}},{"type":"Feature","geometry":{"type":"LineString","coordinates":[[8.539101707714986,47.36963559532355],[8.539074219586569,47.369631719452606],[8.539069683381502,47.369630053592616],[8.539064224227655,47.36962857642891],[8.539061762841348,47.369631208474324],[8.539055878287096,47.369654022277246],[8.539054604609529,47.36965646310356]]},"properties":{"layer":"LKZ1113-MLU1","infraType":"sewage","geomType":"pipe","source":"order_55302/NIS_ZH_ABWASSER.dxf","_dedupKey":"2683115.4,1247117.6|2683119,1247115.3"}},{"type":"Feature","geometry":{"type":"LineString","coordinates":[[8.538862858155445,47.36945652851005],[8.538863262719866,47.36945688446233],[8.538826354790258,47.3694777449847],[8.538799550400913,47.36950057814161]]},"properties":{"layer":"LKZ1111-MLU1","infraType":"sewage","geomType":"pipe","source":"order_55302/NIS_ZH_ABWASSER.dxf","_dedupKey":"2683096.4,1247100|2683101.3,1247095.1"}},{"type":"Feature","geometry":{"type":"LineString","coordinates":[[8.538445207734181,47.369249120116976],[8.538441944636611,47.36925139997725],[8.538436979161375,47.369254595563156],[8.538431171167263,47.36925546043148],[8.538425839452808,47.369266575239195],[8.538421804342075,47.369269941868446]]},"properties":{"layer":"LKZ1113-MLU1","infraType":"sewage","geomType":"pipe","source":"order_55302/NIS_ZH_ABWASSER.dxf","_dedupKey":"2683068.2,1247073.9|2683070,1247071.6"}},{"type":"Feature","geometry":{"type":"LineString","coordinates":[[8.538198559848398,47.369295184936185],[8.538208095551095,47.369288887499515],[8.538223591370869,47.36928909978168],[8.538343596784237,47.36922714999476],[8.538346850607967,47.369224420467894]]},"properties":{"layer":"LKZ1114-MLU1","infraType":"sewage","geomType":"pipe","source":"order_55302/NIS_ZH_ABWASSER.dxf","_dedupKey":"2683051.3,1247076.5|2683062.6,1247068.8"}},{"type":"Feature","geometry":{"type":"LineString","coordinates":[[8.539681269665367,47.37005320391982],[8.539681082921662,47.370056983664334],[8.539678645694728,47.37006078486224],[8.53967702690435,47.37006574762809],[8.539663472861106,47.370076221260874],[8.539661004053478,47.37007849358338]]},"properties":{"layer":"LKZ1113-MLU1","infraType":"sewage","geomType":"pipe","source":"order_55302/NIS_ZH_ABWASSER.dxf","_dedupKey":"2683160.6,1247165.1|2683162.1,1247162.3"}},{"type":"Feature","geometry":{"type":"LineString","coordinates":[[8.539410158509646,47.37007530753184],[8.539436976219775,47.3700723533981],[8.539455073469988,47.37007029193547],[8.53945865333929,47.37007052767085],[8.539462518400908,47.37007175015477],[8.539506130605943,47.37010623567582],[8.539509356051502,47.370108543672856],[8.539510567915292,47.370109521589065],[8.539531866803785,47.37012784859545],[8.5395335352482,47.370131700608354],[8.539534226873522,47.3701331332406],[8.539535323072945,47.37013492182269],[8.539536426701856,47.370137070140075]]},"properties":{"layer":"LKZ1113-MLU1","infraType":"sewage","geomType":"pipe","source":"order_55302/NIS_ZH_ABWASSER.dxf","_dedupKey":"2683141.6,1247164.5|2683151.1,1247171.5"}},{"type":"Feature","geometry":{"type":"LineString","coordinates":[[8.53849081240407,47.36974602784964],[8.538569004161262,47.369768760586275],[8.538563364981751,47.36977780944146]]},"properties":{"layer":"LKZ1113-MLU0","infraType":"sewage","geomType":"pipe","source":"order_55302/NIS_ZH_ABWASSER.dxf","_dedupKey":"2683072.7,1247126.9|2683078.1,1247130.5"}},{"type":"Feature","geometry":{"type":"LineString","coordinates":[[8.538921466130219,47.36993532190855],[8.538931882121272,47.369926767239626],[8.538927941555675,47.3699154708867],[8.538928365851904,47.369903953049686],[8.538929320945897,47.36989890666577],[8.538930856266347,47.36988989688736],[8.538933597283599,47.36988798179346],[8.538944689438482,47.36988652685228],[8.538946136347192,47.36988606331076]]},"properties":{"layer":"LKZ1111-MLU1","infraType":"sewage","geomType":"pipe","source":"order_55302/NIS_ZH_ABWASSER.dxf","_dedupKey":"2683104.9,1247148.4|2683106.9,1247143"}},{"type":"Feature","geometry":{"type":"LineString","coordinates":[[8.5400711793298,47.37026321117761],[8.540067536264177,47.37025991771162],[8.54006533824976,47.370256070756234],[8.540063544814155,47.370252579748794],[8.540048003147461,47.370237346242234],[8.540039630095727,47.37022942040045],[8.540039609655457,47.37022843112851]]},"properties":{"layer":"LKZ1113-MLU1","infraType":"sewage","geomType":"pipe","source":"order_55302/NIS_ZH_ABWASSER.dxf","_dedupKey":"2683188.9,1247182.2|2683191.3,1247186.1"}},{"type":"Feature","geometry":{"type":"LineString","coordinates":[[8.539845277425393,47.37019844125118],[8.539845540330921,47.37019834879307],[8.539849161555944,47.37019417649711],[8.539850711120643,47.37019227274107],[8.539854984963771,47.37018764446502],[8.539870903757542,47.37016986218941],[8.539865027884352,47.370154626451836],[8.539862885626071,47.37015347750696]]},"properties":{"layer":"LKZ1111-MLU1","infraType":"sewage","geomType":"pipe","source":"order_55302/NIS_ZH_ABWASSER.dxf","_dedupKey":"2683174.3,1247178.6|2683175.7,1247173.7"}},{"type":"Feature","geometry":{"type":"LineString","coordinates":[[8.5402306004122,47.3696225850849],[8.54023060598772,47.36962285488638],[8.540210156241727,47.36970328671067],[8.540208893766723,47.369706267152615],[8.540204603266764,47.36971008603799],[8.540202464306383,47.36971550353107]]},"properties":{"layer":"LKZ1114-MLU1","infraType":"sewage","geomType":"pipe","source":"order_55302/NIS_ZH_ABWASSER.dxf","_dedupKey":"2683202,1247125.3|2683204.3,1247115"}},{"type":"Feature","geometry":{"type":"LineString","coordinates":[[8.540094803744083,47.36960588987468],[8.540094550133295,47.369606432002556],[8.540093580288726,47.36961075892587],[8.540086901896895,47.36963358035614],[8.540068575071095,47.369695012131416],[8.540067694863847,47.36969726931394]]},"properties":{"layer":"LKZ1111-MLU1","infraType":"sewage","geomType":"pipe","source":"order_55302/NIS_ZH_ABWASSER.dxf","_dedupKey":"2683191.9,1247123.2|2683194.1,1247113"}},{"type":"Feature","geometry":{"type":"LineString","coordinates":[[8.540205814130163,47.369781496019385],[8.54019801869312,47.36972463103699],[8.540197709329147,47.36972247515034],[8.5401972508586,47.36971951112183],[8.540196704610496,47.36971870676755],[8.540198347501848,47.3697149131337]]},"properties":{"layer":"LKZ1113-MLU1","infraType":"sewage","geomType":"pipe","source":"order_55302/NIS_ZH_ABWASSER.dxf","_dedupKey":"2683201.7,1247125.3|2683202.2,1247132.7"}},{"type":"Feature","geometry":{"type":"LineString","coordinates":[[8.540103732798675,47.36976888688095],[8.540103667758226,47.369765739197085],[8.540095702532742,47.36973909954786],[8.540089010060411,47.36972279218844],[8.54007226596727,47.369707030441546],[8.540074865707247,47.3696982803496]]},"properties":{"layer":"LKZ1114-MLU1","infraType":"sewage","geomType":"pipe","source":"order_55302/NIS_ZH_ABWASSER.dxf","_dedupKey":"2683192.4,1247123.3|2683194.5,1247131.2"}},{"type":"Feature","geometry":{"type":"LineString","coordinates":[[8.53994669730359,47.36974960553869],[8.53996560212009,47.36969050701423],[8.539964230006134,47.36968818135759],[8.539964925811473,47.369683407290836]]},"properties":{"layer":"LKZ1113-MLU1","infraType":"sewage","geomType":"pipe","source":"order_55302/NIS_ZH_ABWASSER.dxf","_dedupKey":"2683182.7,1247128.9|2683184.1,1247121.5"}},{"type":"Feature","geometry":{"type":"LineString","coordinates":[[8.539859864110094,47.36963547539988],[8.539848546256787,47.369664457754766],[8.539847552238962,47.36966761553614]]},"properties":{"layer":"LKZ1113-MLU1","infraType":"sewage","geomType":"pipe","source":"order_55302/NIS_ZH_ABWASSER.dxf","_dedupKey":"2683175.3,1247119.6|2683176.3,1247116.1"}},{"type":"Feature","geometry":{"type":"LineString","coordinates":[[8.539857284381595,47.36957469275015],[8.53985312438932,47.3695784204266],[8.539854651170215,47.369581824028494],[8.53984920916235,47.36960040593341],[8.539835971068069,47.36965180453054],[8.539835271535903,47.36965639872886],[8.53983201218856,47.369658858495846],[8.53982984532485,47.36966292697462],[8.539828830869808,47.36966509548367]]},"properties":{"layer":"LKZ1114-MLU1","infraType":"sewage","geomType":"pipe","source":"order_55302/NIS_ZH_ABWASSER.dxf","_dedupKey":"2683173.9,1247119.3|2683176.2,1247109.3"}},{"type":"Feature","geometry":{"type":"LineString","coordinates":[[8.539725608454958,47.36955876738254],[8.539722865625478,47.369560592561584],[8.539722769911219,47.36956877906477],[8.539717930315105,47.36958447677071],[8.53971609693869,47.36959187027536],[8.539713706176386,47.36959791982051],[8.539700219031799,47.369637267268224],[8.539698434438987,47.36964061248794],[8.539695961937827,47.36964270494384],[8.539694007812184,47.36964425274873],[8.539692734164095,47.369646693582084]]},"properties":{"layer":"LKZ1111-MLU1","infraType":"sewage","geomType":"pipe","source":"order_55302/NIS_ZH_ABWASSER.dxf","_dedupKey":"2683163.6,1247117.1|2683166.3,1247107.4"}},{"type":"Feature","geometry":{"type":"LineString","coordinates":[[8.540470608830558,47.37026102059671],[8.540471132781127,47.370260745743835],[8.540481677250826,47.37025200980544],[8.540498791008558,47.37023439594525],[8.54050180829832,47.370226631328194],[8.540504951998644,47.370224982209905]]},"properties":{"layer":"LKZ1111-MLU1","infraType":"sewage","geomType":"pipe","source":"order_55302/NIS_ZH_ABWASSER.dxf","_dedupKey":"2683221.4,1247186.3|2683224.1,1247182.3"}},{"type":"Feature","geometry":{"type":"LineString","coordinates":[[8.539706363749355,47.3701334713208],[8.539707137604566,47.3701324744768],[8.53971064317325,47.370129112851494],[8.539712321407235,47.37012702796762],[8.539715030828457,47.37012358398034],[8.539733560125619,47.37010397780674],[8.539733887163727,47.37009416997203],[8.539734398112653,47.3700932655857]]},"properties":{"layer":"LKZ1111-MLU1","infraType":"sewage","geomType":"pipe","source":"order_55302/NIS_ZH_ABWASSER.dxf","_dedupKey":"2683163.9,1247171.3|2683166.1,1247166.8"}},{"type":"Feature","geometry":{"type":"LineString","coordinates":[[8.53972252035796,47.37012720059456],[8.539728242486552,47.37012858526898],[8.53973504595999,47.370131039052815],[8.539737126910758,47.37012922018392],[8.5397541289287,47.37011259696755],[8.539755678977572,47.37010430664935],[8.539755925163284,47.37010340478701]]},"properties":{"layer":"LKZ1113-MLU1","infraType":"sewage","geomType":"pipe","source":"order_55302/NIS_ZH_ABWASSER.dxf","_dedupKey":"2683165.1,1247170.6|2683167.7,1247168"}},{"type":"Feature","geometry":{"type":"LineString","coordinates":[[8.541040664349557,47.37031413954106],[8.54104053196759,47.37031414080456],[8.541039700477853,47.37031234970982],[8.541045652743206,47.37029924992377],[8.541065474463652,47.37026532890151],[8.541064318692154,47.37026066245254],[8.54106521374599,47.370259124733145]]},"properties":{"layer":"LKZ1111-MLU1","infraType":"sewage","geomType":"pipe","source":"order_55302/NIS_ZH_ABWASSER.dxf","_dedupKey":"2683264.4,1247192.8|2683266.3,1247186.7"}},{"type":"Feature","geometry":{"type":"LineString","coordinates":[[8.540901749390633,47.37027480723784],[8.540904197698076,47.37027154561719],[8.540928261636777,47.37023146742858],[8.540923183120924,47.370222790595605],[8.540922346057469,47.37022072969857]]},"properties":{"layer":"LKZ1114-MLU1","infraType":"sewage","geomType":"pipe","source":"order_55302/NIS_ZH_ABWASSER.dxf","_dedupKey":"2683254,1247188.3|2683255.6,1247182.3"}},{"type":"Feature","geometry":{"type":"LineString","coordinates":[[8.540802889813897,47.370245167120885],[8.540803152717992,47.37024507466058],[8.54081237295593,47.37024273788757],[8.540914245701615,47.37027082006419],[8.540989987726846,47.370251837035106],[8.540993198701742,47.37024703895711],[8.540990148676116,47.37024041165237]]},"properties":{"layer":"LKZ1111-MLU1","infraType":"sewage","geomType":"pipe","source":"order_55302/NIS_ZH_ABWASSER.dxf","_dedupKey":"2683246.5,1247184.9|2683260.7,1247184.5"}},{"type":"Feature","geometry":{"type":"LineString","coordinates":[[8.539376940120041,47.36942203625537],[8.539388198500202,47.369415812254246],[8.539448018257746,47.369427295640925],[8.539454797485217,47.36942858030185]]},"properties":{"layer":"LKZ1113-MLU1","infraType":"sewage","geomType":"pipe","source":"order_55302/NIS_ZH_ABWASSER.dxf","_dedupKey":"2683140.1,1247091.8|2683146,1247092.6"}},{"type":"Feature","geometry":{"type":"LineString","coordinates":[[8.539628628603333,47.36921616690994],[8.539620601762069,47.369218582165864],[8.539539435711085,47.369205683210836]]},"properties":{"layer":"LKZ1114-MLU1","infraType":"sewage","geomType":"pipe","source":"order_55302/NIS_ZH_ABWASSER.dxf","_dedupKey":"2683152.7,1247068|2683159.5,1247069.2"}},{"type":"Feature","geometry":{"type":"LineString","coordinates":[[8.539245664254715,47.36939980992371],[8.539449010734996,47.369443297556835]]},"properties":{"layer":"LKZ1113-MLU1","infraType":"sewage","geomType":"pipe","source":"order_55302/NIS_ZH_ABWASSER.dxf","_dedupKey":"2683130.3,1247089.2|2683145.5,1247094.3"}},{"type":"Feature","geometry":{"type":"LineString","coordinates":[[8.53929594066832,47.37008413185384],[8.539280502481107,47.370061071476854],[8.539275945266326,47.37006480291651],[8.53926754210456,47.37006182464047]]},"properties":{"layer":"LKZ1113-MLU1","infraType":"sewage","geomType":"pipe","source":"order_55302/NIS_ZH_ABWASSER.dxf","_dedupKey":"2683130.9,1247162.8|2683133,1247165.4"}},{"type":"Feature","geometry":{"type":"LineString","coordinates":[[8.538209416852812,47.369686730511546],[8.538240833027855,47.36969488686448],[8.538249959860996,47.36969444016707],[8.53825890236842,47.36969147658132],[8.53826130747931,47.36969253310157]]},"properties":{"layer":"LKZ1113-MLU1","infraType":"sewage","geomType":"pipe","source":"order_55302/NIS_ZH_ABWASSER.dxf","_dedupKey":"2683051.5,1247120|2683055.5,1247120.7"}},{"type":"Feature","geometry":{"type":"LineString","coordinates":[[8.538114223983738,47.36989893282612],[8.538098027128736,47.369896838219105],[8.538012784867671,47.36984682701472],[8.538021489310223,47.36983873847767],[8.53801730203875,47.36983473051597]]},"properties":{"layer":"LKZ1113-MLU1","infraType":"sewage","geomType":"pipe","source":"order_55302/NIS_ZH_ABWASSER.dxf","_dedupKey":"2683036.8,1247136.3|2683044,1247143.5"}},{"type":"Feature","geometry":{"type":"LineString","coordinates":[[8.537956595355231,47.369799507630425],[8.537966124217304,47.36980571354104],[8.537970360862285,47.36981853628281],[8.537991010878148,47.36983111284835],[8.538023694105808,47.36983008214626]]},"properties":{"layer":"LKZ1114-MLU1","infraType":"sewage","geomType":"pipe","source":"order_55302/NIS_ZH_ABWASSER.dxf","_dedupKey":"2683032.3,1247132.3|2683037.3,1247135.8"}},{"type":"Feature","geometry":{"type":"LineString","coordinates":[[8.538056904725147,47.369796843773265],[8.538068170758217,47.369790979637074],[8.538073530908047,47.36979407691732]]},"properties":{"layer":"LKZ1113-MLU1","infraType":"sewage","geomType":"pipe","source":"order_55302/NIS_ZH_ABWASSER.dxf","_dedupKey":"2683039.9,1247132.1|2683041.1,1247131.8"}},{"type":"Feature","geometry":{"type":"LineString","coordinates":[[8.538381184528612,47.369617901348654],[8.538379472213517,47.36962475396843],[8.538334009347635,47.36964812447673],[8.538323956406185,47.36966144306604],[8.538320254665432,47.36966813472318],[8.538322265580996,47.36969501108174],[8.538322123269031,47.369700949237064],[8.538323093804598,47.369709485390864],[8.538323770549553,47.36971019855969]]},"properties":{"layer":"LKZ1113-MLU1","infraType":"sewage","geomType":"pipe","source":"order_55302/NIS_ZH_ABWASSER.dxf","_dedupKey":"2683060.1,1247122.8|2683064.6,1247112.6"}},{"type":"Feature","geometry":{"type":"LineString","coordinates":[[8.541768437657447,47.37033615538869],[8.5417643954748,47.37033277583566],[8.541759821903623,47.37032931140612],[8.541751659130911,47.370325161643315],[8.5417479114916,47.37032321850158],[8.5417473614917,47.370322234287286]]},"properties":{"layer":"LKZ1113-MLU1","infraType":"sewage","geomType":"pipe","source":"order_55302/NIS_ZH_ABWASSER.dxf","_dedupKey":"2683317.8,1247194.4|2683319.3,1247196"}},{"type":"Feature","geometry":{"type":"LineString","coordinates":[[8.539815792618432,47.370411997432996],[8.539811761224453,47.37041554397732],[8.539806547678761,47.37041955154951],[8.539800931889788,47.370416906543596],[8.539795636177164,47.37039770740538],[8.539795798762519,47.370392758521454],[8.5397940968506,47.37038728770404],[8.539793353196693,47.370383336926714],[8.539794912057882,47.370381882840604]]},"properties":{"layer":"LKZ1113-MLU1","infraType":"sewage","geomType":"pipe","source":"order_55302/NIS_ZH_ABWASSER.dxf","_dedupKey":"2683170.2,1247199|2683171.7,1247202.4"}},{"type":"Feature","geometry":{"type":"LineString","coordinates":[[8.541553998802828,47.37012798647108],[8.541549246094531,47.370128661515615],[8.5415464363113,47.37012724912117],[8.541524240102325,47.37010398371242],[8.541510818762937,47.369896863467865],[8.541512877315729,47.36989396536126],[8.541514428672919,47.369892151516524],[8.541514126697427,47.36989035536868],[8.54151395896353,47.369888647890534]]},"properties":{"layer":"LKZ1111-MLU1","infraType":"sewage","geomType":"pipe","source":"order_55302/NIS_ZH_ABWASSER.dxf","_dedupKey":"2683300.8,1247146|2683303.5,1247172.6"}},{"type":"Feature","geometry":{"type":"LineString","coordinates":[[8.541716453464964,47.37021710624818],[8.541715271334796,47.370217567295775],[8.541707587363627,47.370223757386626],[8.541706798656358,47.37022403477372]]},"properties":{"layer":"LKZ1114-MLU1","infraType":"sewage","geomType":"pipe","source":"order_55302/NIS_ZH_ABWASSER.dxf","_dedupKey":"2683314.8,1247183.5|2683315.6,1247182.7"}},{"type":"Feature","geometry":{"type":"LineString","coordinates":[[8.53968365373741,47.36955323053882],[8.539672739883382,47.36958895539102],[8.539670136367562,47.36959752560659],[8.539666477524127,47.36960628578528],[8.539662370396233,47.36962539466475],[8.53965934744552,47.36963288945974],[8.539657197287543,47.36963776733985],[8.539655291456913,47.36964165342385]]},"properties":{"layer":"LKZ1113-MLU1","infraType":"sewage","geomType":"pipe","source":"order_55302/NIS_ZH_ABWASSER.dxf","_dedupKey":"2683160.8,1247116.5|2683163.1,1247106.7"}},{"type":"Feature","geometry":{"type":"LineString","coordinates":[[8.540330272212332,47.36964034433122],[8.540322140008126,47.36965688303428],[8.540319090711638,47.369669505337136],[8.540304296501722,47.36971606145014],[8.540292012576156,47.36972391445018],[8.540291026017966,47.369727431970595]]},"properties":{"layer":"LKZ1114-MLU1","infraType":"sewage","geomType":"pipe","source":"order_55302/NIS_ZH_ABWASSER.dxf","_dedupKey":"2683208.7,1247126.8|2683211.8,1247117.1"}},{"type":"Feature","geometry":{"type":"LineString","coordinates":[[8.540287584839286,47.36963139653537],[8.540283972560031,47.36964240507922],[8.540263710010564,47.36971267060249],[8.540258213221097,47.36971578138297],[8.540252183191882,47.369718717346046],[8.540250926294503,47.3697219675899]]},"properties":{"layer":"LKZ1111-MLU1","infraType":"sewage","geomType":"pipe","source":"order_55302/NIS_ZH_ABWASSER.dxf","_dedupKey":"2683205.7,1247126.1|2683208.6,1247116.1"}},{"type":"Feature","geometry":{"type":"LineString","coordinates":[[8.538584307593238,47.369162881239745],[8.53858813668714,47.369168781575034],[8.53856333351114,47.36918592867432],[8.538569724806987,47.36920691646798],[8.53857173647572,47.369208156631686]]},"properties":{"layer":"LKZ1113-MLU1","infraType":"sewage","geomType":"pipe","source":"order_55302/NIS_ZH_ABWASSER.dxf","_dedupKey":"2683079.7,1247067.2|2683080.7,1247062.2"}},{"type":"Feature","geometry":{"type":"LineString","coordinates":[[8.538579921772167,47.369149250373916],[8.538601268818352,47.369182778902186],[8.538603276775422,47.369183839197646]]},"properties":{"layer":"LKZ1111-MLU1","infraType":"sewage","geomType":"pipe","source":"order_55302/NIS_ZH_ABWASSER.dxf","_dedupKey":"2683080.4,1247060.7|2683082.1,1247064.5"}},{"type":"Feature","geometry":{"type":"LineString","coordinates":[[8.537595525556293,47.36935651433951],[8.53757320012366,47.3693397259237],[8.537573124854049,47.369329652069844],[8.537570839174746,47.36932796473843]]},"properties":{"layer":"LKZ1111-MLU1","infraType":"sewage","geomType":"pipe","source":"order_55302/NIS_ZH_ABWASSER.dxf","_dedupKey":"2683003.9,1247079.5|2683005.7,1247082.7"}},{"type":"Feature","geometry":{"type":"LineString","coordinates":[[8.541711349634037,47.370232806563166],[8.54169980289616,47.37022509105247],[8.541699513939589,47.37022392444182]]},"properties":{"layer":"LKZ1114-MLU1","infraType":"sewage","geomType":"pipe","source":"order_55302/NIS_ZH_ABWASSER.dxf","_dedupKey":"2683314.3,1247183.4|2683315.2,1247184.4"}},{"type":"Feature","geometry":{"type":"LineString","coordinates":[[8.541670938350507,47.37021871029751],[8.541670953238192,47.3702194297678],[8.541666273100374,47.3702236122348]]},"properties":{"layer":"LKZ1114-MLU1","infraType":"sewage","geomType":"pipe","source":"order_55302/NIS_ZH_ABWASSER.dxf","_dedupKey":"2683311.8,1247183.4|2683312.1,1247182.8"}},{"type":"Feature","geometry":{"type":"LineString","coordinates":[[8.541495951988338,47.36948547698714],[8.541525111965214,47.36950615726299],[8.54152893207291,47.36955640371621],[8.541543387281532,47.36956391156779],[8.541694718437059,47.36955706930829],[8.541715504712778,47.36953780105574]]},"properties":{"layer":"LKZ1111-MLU1","infraType":"sewage","geomType":"pipe","source":"order_55302/NIS_ZH_ABWASSER.dxf","_dedupKey":"2683300.1,1247101.1|2683316.6,1247107.2"}},{"type":"Feature","geometry":{"type":"LineString","coordinates":[[8.539604704832774,47.370314433395144],[8.539600032456043,47.37031258895058],[8.539595196120848,47.37030921689278],[8.539599164367372,47.37030261260607],[8.539598351500922,47.370301720839116],[8.539592835185159,47.37029106918935],[8.539593318276536,47.37028881579641],[8.539594877140422,47.370287361712926]]},"properties":{"layer":"LKZ1113-MLU1","infraType":"sewage","geomType":"pipe","source":"order_55302/NIS_ZH_ABWASSER.dxf","_dedupKey":"2683155.2,1247188.3|2683155.9,1247191.3"}},{"type":"Feature","geometry":{"type":"LineString","coordinates":[[8.539728011915505,47.37031613640364],[8.539727493533604,47.37031668105459],[8.539723667459334,47.37031734718977],[8.53971419403078,47.37031383943973],[8.539701926599125,47.37032250177989],[8.53969437847612,47.37032887034212],[8.539689901636116,47.37033008238899],[8.539688342773575,47.37033153647377]]},"properties":{"layer":"LKZ1111-MLU1","infraType":"sewage","geomType":"pipe","source":"order_55302/NIS_ZH_ABWASSER.dxf","_dedupKey":"2683162.2,1247193.3|2683165.3,1247191.6"}},{"type":"Feature","geometry":{"type":"LineString","coordinates":[[8.53957868685021,47.37024712780325],[8.539578162895168,47.37024740265212],[8.539573270339659,47.370247719141794],[8.539564069126655,47.370244568590955],[8.539554859470728,47.37025383143025],[8.539547382428308,47.370257230905125],[8.539538439897608,47.37026019459026],[8.539537147654073,47.3702617360832]]},"properties":{"layer":"LKZ1111-MLU1","infraType":"sewage","geomType":"pipe","source":"order_55302/NIS_ZH_ABWASSER.dxf","_dedupKey":"2683150.9,1247185.4|2683154.1,1247183.8"}},{"type":"Feature","geometry":{"type":"LineString","coordinates":[[8.539480444980754,47.37026659420483],[8.539480694886405,47.37026587221074],[8.539489481409843,47.37025535408912],[8.539492440757419,47.37025118811316],[8.539492504419766,47.370247859299994],[8.539493794806967,47.37024622787371]]},"properties":{"layer":"LKZ1111-MLU1","infraType":"sewage","geomType":"pipe","source":"order_55302/NIS_ZH_ABWASSER.dxf","_dedupKey":"2683146.6,1247185.8|2683147.7,1247183.6"}},{"type":"Feature","geometry":{"type":"LineString","coordinates":[[8.541654635260455,47.369929941570085],[8.541657262665268,47.36992254044996],[8.541650685836423,47.369892649386124],[8.541648528662877,47.369890781003974],[8.541647314903908,47.36988971317639]]},"properties":{"layer":"LKZ1111-MLU1","infraType":"sewage","geomType":"pipe","source":"order_55302/NIS_ZH_ABWASSER.dxf","_dedupKey":"2683310.9,1247146.2|2683311.4,1247150.7"}},{"type":"Feature","geometry":{"type":"LineString","coordinates":[[8.54169944839246,47.36994561492985],[8.541705085445367,47.36993008942445],[8.541699351760405,47.36988975592884],[8.541695855888472,47.36988718072002],[8.541695304033048,47.369886106571535]]},"properties":{"layer":"LKZ1113-MLU1","infraType":"sewage","geomType":"pipe","source":"order_55302/NIS_ZH_ABWASSER.dxf","_dedupKey":"2683314.5,1247145.9|2683314.7,1247152.5"}},{"type":"Feature","geometry":{"type":"LineString","coordinates":[[8.541506406408436,47.36983079119855],[8.541506579723915,47.36983276847812],[8.541513421997223,47.36988829321161],[8.541499258554113,47.36990129152725],[8.54149780050328,47.369901215498004]]},"properties":{"layer":"LKZ1113-MLU1","infraType":"sewage","geomType":"pipe","source":"order_55302/NIS_ZH_ABWASSER.dxf","_dedupKey":"2683299.6,1247147.4|2683300.3,1247139.5"}},{"type":"Feature","geometry":{"type":"LineString","coordinates":[[8.541464827514988,47.36992024026368],[8.541464281245686,47.369919435915556],[8.541456653943634,47.369909164312986],[8.541451560207985,47.36990615459577],[8.541449548445845,47.36990491448251]]},"properties":{"layer":"LKZ1113-MLU1","infraType":"sewage","geomType":"pipe","source":"order_55302/NIS_ZH_ABWASSER.dxf","_dedupKey":"2683295.9,1247147.7|2683297,1247149.4"}},{"type":"Feature","geometry":{"type":"LineString","coordinates":[[8.538628707819601,47.36934470020189],[8.538618423031513,47.369385276342065],[8.538614496178662,47.36938747257702]]},"properties":{"layer":"LKZ1111-MLU1","infraType":"sewage","geomType":"pipe","source":"order_55302/NIS_ZH_ABWASSER.dxf","_dedupKey":"2683082.6,1247087.2|2683083.7,1247082.4"}},{"type":"Feature","geometry":{"type":"LineString","coordinates":[[8.53911967022745,47.36912674821039],[8.539090242130566,47.36915716236902]]},"properties":{"layer":"LKZ1111-MLU1","infraType":"sewage","geomType":"pipe","source":"order_55302/NIS_ZH_ABWASSER.dxf","_dedupKey":"2683118.9,1247062.1|2683121.2,1247058.7"}},{"type":"Feature","geometry":{"type":"LineString","coordinates":[[8.541853752382716,47.37030628617619],[8.541853890348456,47.37030655471306],[8.541852599800347,47.37031457272869],[8.541850919782966,47.37031656770979],[8.541839379985069,47.37032198507427],[8.54183861547325,47.37032343160141]]},"properties":{"layer":"LKZ1111-MLU1","infraType":"sewage","geomType":"pipe","source":"order_55302/NIS_ZH_ABWASSER.dxf","_dedupKey":"2683324.6,1247194.7|2683325.8,1247192.8"}},{"type":"Feature","geometry":{"type":"LineString","coordinates":[[8.541795277702134,47.37033427991259],[8.541795273979785,47.37033410004502],[8.541794541345228,47.370330688883264],[8.541792113801433,47.370328553231445],[8.541783270504936,47.370323510454995],[8.541781795691778,47.370322625025324]]},"properties":{"layer":"LKZ1111-MLU1","infraType":"sewage","geomType":"pipe","source":"order_55302/NIS_ZH_ABWASSER.dxf","_dedupKey":"2683320.4,1247194.5|2683321.4,1247195.8"}},{"type":"Feature","geometry":{"type":"LineString","coordinates":[[8.541671759715642,47.370335189721],[8.54167175227178,47.37033482998582],[8.541671444705578,47.37033276403731],[8.541670309350124,47.37032908686615],[8.541657832201679,47.37032120033361],[8.541656767563133,47.370320940646096]]},"properties":{"layer":"LKZ1111-MLU1","infraType":"sewage","geomType":"pipe","source":"order_55302/NIS_ZH_ABWASSER.dxf","_dedupKey":"2683310.9,1247194.2|2683312,1247195.8"}},{"type":"Feature","geometry":{"type":"LineString","coordinates":[[8.541581235938297,47.37030529075573],[8.541580984200124,47.370305922820535],[8.541578729721143,47.370312151006374],[8.541563895233823,47.37031831941709],[8.54156312885379,47.37031967600866]]},"properties":{"layer":"LKZ1111-MLU1","infraType":"sewage","geomType":"pipe","source":"order_55302/NIS_ZH_ABWASSER.dxf","_dedupKey":"2683303.8,1247193.9|2683305.2,1247192.4"}},{"type":"Feature","geometry":{"type":"LineString","coordinates":[[8.541390648747385,47.3703091794435],[8.541390658049837,47.37030962911248],[8.541388849354332,47.370311805218336],[8.541387152575306,47.37031299078862],[8.541379681222956,47.37031666018351],[8.54137835740335,47.3703166728226]]},"properties":{"layer":"LKZ1111-MLU1","infraType":"sewage","geomType":"pipe","source":"order_55302/NIS_ZH_ABWASSER.dxf","_dedupKey":"2683289.9,1247193.4|2683290.8,1247192.6"}},{"type":"Feature","geometry":{"type":"LineString","coordinates":[[8.541378596409249,47.37030902465878],[8.541378749256365,47.37031001266654],[8.541373614267465,47.37031141096583],[8.541364446134759,47.370316265929794],[8.541363787945853,47.37031645211685]]},"properties":{"layer":"LKZ1114-MLU1","infraType":"sewage","geomType":"pipe","source":"order_55302/NIS_ZH_ABWASSER.dxf","_dedupKey":"2683288.8,1247193.4|2683289.9,1247192.6"}},{"type":"Feature","geometry":{"type":"LineString","coordinates":[[8.540782164966796,47.36982556100041],[8.540780980977782,47.369825932104675],[8.540774809286987,47.369828419689135],[8.540756361512818,47.36983273349378],[8.540751394262857,47.369835839244814]]},"properties":{"layer":"LKZ1111-MLU1","infraType":"sewage","geomType":"pipe","source":"order_55302/NIS_ZH_ABWASSER.dxf","_dedupKey":"2683243.3,1247139.3|2683245.6,1247138.2"}},{"type":"Feature","geometry":{"type":"LineString","coordinates":[[8.540757865275436,47.369815808252135],[8.540753707550246,47.369813239330675],[8.54074978855542,47.369809408809274],[8.54074271251258,47.36981298444012],[8.540733736288539,47.36982071597356],[8.540728481964614,47.36982274504419],[8.540724696844023,47.369825389756585]]},"properties":{"layer":"LKZ1113-MLU1","infraType":"sewage","geomType":"pipe","source":"order_55302/NIS_ZH_ABWASSER.dxf","_dedupKey":"2683241.3,1247138.1|2683243.8,1247137.1"}},{"type":"Feature","geometry":{"type":"LineString","coordinates":[[8.540637635681339,47.36981560616809],[8.540638144753041,47.369814611843886],[8.540643050653673,47.36980853828177],[8.540645446897523,47.36980275851925],[8.540645232711402,47.36979880269443],[8.540647136616213,47.36979482666052]]},"properties":{"layer":"LKZ1113-MLU1","infraType":"sewage","geomType":"pipe","source":"order_55302/NIS_ZH_ABWASSER.dxf","_dedupKey":"2683234.7,1247136.9|2683235.5,1247134.6"}},{"type":"Feature","geometry":{"type":"LineString","coordinates":[[8.5415340976745,47.370196449738835],[8.541534075345758,47.37019537053334],[8.541534774738471,47.3701907763255],[8.541529936431148,47.37018731441483],[8.541383580588999,47.37017872722183],[8.541266265033444,47.3701658147938],[8.5412474017393,47.370162846566636],[8.541243682033354,47.37016225241533]]},"properties":{"layer":"LKZ1111-MLU1","infraType":"sewage","geomType":"pipe","source":"order_55302/NIS_ZH_ABWASSER.dxf","_dedupKey":"2683280,1247176.1|2683301.8,1247180.2"}},{"type":"Feature","geometry":{"type":"LineString","coordinates":[[8.53957086844076,47.36966341687733],[8.539571277231541,47.36965756613057],[8.539572746922442,47.369651795222964],[8.539573450696986,47.36964099432959],[8.539571659171727,47.36963759324773],[8.539573195728368,47.36963505995821],[8.539574562756547,47.369630729253764]]},"properties":{"layer":"LKZ1113-MLU1","infraType":"sewage","geomType":"pipe","source":"order_55302/NIS_ZH_ABWASSER.dxf","_dedupKey":"2683154.4,1247118.9|2683154.7,1247115.2"}},{"type":"Feature","geometry":{"type":"LineString","coordinates":[[8.539658242961846,47.369714036279525],[8.53967649224935,47.36964882734868],[8.539677730604305,47.36964467777263]]},"properties":{"layer":"LKZ1113-MLU1","infraType":"sewage","geomType":"pipe","source":"order_55302/NIS_ZH_ABWASSER.dxf","_dedupKey":"2683160.9,1247124.6|2683162.5,1247116.9"}},{"type":"Feature","geometry":{"type":"LineString","coordinates":[[8.538898072797409,47.37037360864393],[8.538904451272982,47.37037471725231],[8.538912593996322,47.37037149138143],[8.538926810864261,47.370373874591806],[8.538931235165789,47.37037653099027]]},"properties":{"layer":"LKZ1113-MLU1","infraType":"sewage","geomType":"pipe","source":"order_55302/NIS_ZH_ABWASSER.dxf","_dedupKey":"2683102.5,1247197.1|2683105,1247197.5"}},{"type":"Feature","geometry":{"type":"LineString","coordinates":[[8.538899704663727,47.37036927542626],[8.53890222920604,47.37036970113511],[8.538913523111848,47.37036518592482],[8.53892986551783,47.370367908692735],[8.538933491813406,47.37037039279007]]},"properties":{"layer":"LKZ1113-MLU1","infraType":"sewage","geomType":"pipe","source":"order_55302/NIS_ZH_ABWASSER.dxf","_dedupKey":"2683102.6,1247196.6|2683105.2,1247196.8"}},{"type":"Feature","geometry":{"type":"LineString","coordinates":[[8.539992918331178,47.369596337125344],[8.539977506092272,47.36965144448523],[8.53996976068455,47.369654666645076]]},"properties":{"layer":"LKZ1111-MLU1","infraType":"sewage","geomType":"pipe","source":"order_55302/NIS_ZH_ABWASSER.dxf","_dedupKey":"2683184.5,1247118.3|2683186.4,1247111.9"}},{"type":"Feature","geometry":{"type":"LineString","coordinates":[[8.539227071688456,47.36917906609704],[8.539211249316466,47.369182275220375],[8.539194118554974,47.369179829861295],[8.539183348117719,47.369171207189304]]},"properties":{"layer":"LKZ1111-MLU1","infraType":"sewage","geomType":"pipe","source":"order_55302/NIS_ZH_ABWASSER.dxf","_dedupKey":"2683125.9,1247063.7|2683129.2,1247064.7"}},{"type":"Feature","geometry":{"type":"LineString","coordinates":[[8.54056060407135,47.369400674959856],[8.540587967628712,47.36939852491059],[8.540678117832375,47.36937202857578],[8.540687257604619,47.3693722112224],[8.54069376279929,47.36937304866766]]},"properties":{"layer":"LKZ1113-MLU1","infraType":"sewage","geomType":"pipe","source":"order_55302/NIS_ZH_ABWASSER.dxf","_dedupKey":"2683229.6,1247090.7|2683239.7,1247087.8"}},{"type":"Feature","geometry":{"type":"LineString","coordinates":[[8.537470919318672,47.36946510199046],[8.537408297397295,47.36943970175594],[8.537407354819264,47.36943251460188],[8.537405333900505,47.369430824748534]]},"properties":{"layer":"LKZ1113-MLU1","infraType":"sewage","geomType":"pipe","source":"order_55302/NIS_ZH_ABWASSER.dxf","_dedupKey":"2682991.2,1247090.7|2682996.1,1247094.6"}},{"type":"Feature","geometry":{"type":"LineString","coordinates":[[8.540631540117827,47.36916207627111],[8.54063990603024,47.36916325577195],[8.540748681116037,47.36915385237171],[8.540754658628032,47.369154784800195],[8.540756014028345,47.36915630104333],[8.540755137577877,47.36915873809914],[8.540756358739827,47.36916016567167],[8.540760607886769,47.36916075478607]]},"properties":{"layer":"LKZ1111-MLU1","infraType":"sewage","geomType":"pipe","source":"order_55302/NIS_ZH_ABWASSER.dxf","_dedupKey":"2683235.3,1247064.3|2683245,1247064.3"}},{"type":"Feature","geometry":{"type":"LineString","coordinates":[[8.540801012606487,47.36953960504052],[8.540796160672972,47.36954828669065],[8.540772906407541,47.36955066743094],[8.540769514729893,47.369553128487695],[8.540769708470682,47.36955609504055]]},"properties":{"layer":"LKZ1111-MLU1","infraType":"sewage","geomType":"pipe","source":"order_55302/NIS_ZH_ABWASSER.dxf","_dedupKey":"2683245.1,1247108.2|2683247.5,1247106.4"}},{"type":"Feature","geometry":{"type":"LineString","coordinates":[[8.54111508321227,47.36950134654771],[8.541093700824046,47.36954301832107]]},"properties":{"layer":"LKZ1111-MLU1","infraType":"sewage","geomType":"pipe","source":"order_55302/NIS_ZH_ABWASSER.dxf","_dedupKey":"2683269.6,1247107.1|2683271.3,1247102.5"}},{"type":"Feature","geometry":{"type":"LineString","coordinates":[[8.539599122489284,47.36960180060674],[8.539589333627232,47.369627889911264],[8.539586778892442,47.36963241184029]]},"properties":{"layer":"LKZ1113-MLU1","infraType":"sewage","geomType":"pipe","source":"order_55302/NIS_ZH_ABWASSER.dxf","_dedupKey":"2683155.7,1247115.4|2683156.6,1247112.1"}},{"type":"Feature","geometry":{"type":"LineString","coordinates":[[8.539576670362592,47.36959814670572],[8.53958231020047,47.36960196086316],[8.53957363102724,47.36962408172084],[8.539570349381073,47.36962546227442],[8.539568986067469,47.369629972846504]]},"properties":{"layer":"LKZ1111-MLU1","infraType":"sewage","geomType":"pipe","source":"order_55302/NIS_ZH_ABWASSER.dxf","_dedupKey":"2683154.3,1247115.2|2683154.9,1247111.6"}},{"type":"Feature","geometry":{"type":"LineString","coordinates":[[8.53760027194674,47.37003632268069],[8.537563475130124,47.37002407957829]]},"properties":{"layer":"LKZ1111-MLU1","infraType":"sewage","geomType":"pipe","source":"order_55302/NIS_ZH_ABWASSER.dxf","_dedupKey":"2683002.2,1247156.8|2683005,1247158.2"}},{"type":"Feature","geometry":{"type":"LineString","coordinates":[[8.541756366056275,47.37030307855706],[8.541756906750596,47.37030361310234],[8.541757842729579,47.37030405392086],[8.541758003028162,47.37030540166325],[8.541754456389286,47.37031317137029],[8.541741225394201,47.37032004410196],[8.541740738671242,47.37032211763629]]},"properties":{"layer":"LKZ1114-MLU1","infraType":"sewage","geomType":"pipe","source":"order_55302/NIS_ZH_ABWASSER.dxf","_dedupKey":"2683317.3,1247194.4|2683318.5,1247192.3"}},{"type":"Feature","geometry":{"type":"LineString","coordinates":[[8.53752989405442,47.36915942535508],[8.537532901696737,47.369157597708906],[8.53753857360771,47.36915655427754],[8.53766932838659,47.36925632571121],[8.537682564473748,47.369256109810806],[8.537684585394672,47.36925779965941]]},"properties":{"layer":"LKZ1113-MLU1","infraType":"sewage","geomType":"pipe","source":"order_55302/NIS_ZH_ABWASSER.dxf","_dedupKey":"2683001,1247060.7|2683012.6,1247071.8"}},{"type":"Feature","geometry":{"type":"LineString","coordinates":[[8.5415208123283,47.37034148855391],[8.54151531023744,47.3703379430294],[8.541507949217214,47.370334145400136],[8.54150853669961,47.37033054172837],[8.541507731243522,47.37033000971001]]},"properties":{"layer":"LKZ1113-MLU1","infraType":"sewage","geomType":"pipe","source":"order_55302/NIS_ZH_ABWASSER.dxf","_dedupKey":"2683299.6,1247195|2683300.6,1247196.3"}},{"type":"Feature","geometry":{"type":"LineString","coordinates":[[8.539334225651789,47.36962978163035],[8.539353826427247,47.36961718152346],[8.539362930953216,47.369615655531966],[8.53937872506041,47.36961748394496],[8.539381277427022,47.36961925865102],[8.539391859893867,47.36962518454976]]},"properties":{"layer":"LKZ1113-MLU1","infraType":"sewage","geomType":"pipe","source":"order_55302/NIS_ZH_ABWASSER.dxf","_dedupKey":"2683136.6,1247114.9|2683140.9,1247114.4"}},{"type":"Feature","geometry":{"type":"LineString","coordinates":[[8.53962523268037,47.369224834630714],[8.539537803932438,47.36921001643902]]},"properties":{"layer":"LKZ1114-MLU1","infraType":"sewage","geomType":"pipe","source":"order_55302/NIS_ZH_ABWASSER.dxf","_dedupKey":"2683152.6,1247068.4|2683159.2,1247070.2"}},{"type":"Feature","geometry":{"type":"LineString","coordinates":[[8.539572652130852,47.36936512055152],[8.539490540123488,47.36935771762191],[8.539482830532364,47.36935626192761]]},"properties":{"layer":"LKZ1113-MLU1","infraType":"sewage","geomType":"pipe","source":"order_55302/NIS_ZH_ABWASSER.dxf","_dedupKey":"2683148.2,1247084.6|2683155,1247085.7"}},{"type":"Feature","geometry":{"type":"LineString","coordinates":[[8.539413355148556,47.36992874602519],[8.539360559783896,47.36992403199074],[8.539322467471873,47.36992601413351],[8.539315028136071,47.36992482570665]]},"properties":{"layer":"LKZ1113-MLU1","infraType":"sewage","geomType":"pipe","source":"order_55302/NIS_ZH_ABWASSER.dxf","_dedupKey":"2683134.7,1247147.7|2683142.1,1247148.2"}},{"type":"Feature","geometry":{"type":"LineString","coordinates":[[8.539143842027176,47.37029759690338],[8.53914473843737,47.37030253569572],[8.5391361709268,47.370323665982355],[8.539160786003174,47.37032945819814],[8.539168359630832,47.37033073530731]]},"properties":{"layer":"LKZ1113-MLU1","infraType":"sewage","geomType":"pipe","source":"order_55302/NIS_ZH_ABWASSER.dxf","_dedupKey":"2683121.2,1247188.9|2683123,1247192.6"}},{"type":"Feature","geometry":{"type":"LineString","coordinates":[[8.538318240685019,47.369743803126624],[8.538326451993413,47.369743904849116],[8.538335795357316,47.36974111734389],[8.538347982446018,47.369734974555776],[8.538348622084941,47.369733889047325],[8.538362519635948,47.36972080370472],[8.538362793673839,47.3697212508531]]},"properties":{"layer":"LKZ1113-MLU1","infraType":"sewage","geomType":"pipe","source":"order_55302/NIS_ZH_ABWASSER.dxf","_dedupKey":"2683059.7,1247126.5|2683063.1,1247124"}},{"type":"Feature","geometry":{"type":"LineString","coordinates":[[8.538447049892403,47.36980689199312],[8.538445942603273,47.3698045637974],[8.538440641232631,47.369791481355854],[8.53846266409756,47.36978074732206],[8.538467685923989,47.36977386318712],[8.538471156291997,47.36976879285585],[8.538483739293463,47.369756169773815],[8.538486252669992,47.36975605588869]]},"properties":{"layer":"LKZ1111-MLU1","infraType":"sewage","geomType":"pipe","source":"order_55302/NIS_ZH_ABWASSER.dxf","_dedupKey":"2683069.3,1247133.6|2683072.3,1247128"}},{"type":"Feature","geometry":{"type":"LineString","coordinates":[[8.53787415095258,47.3699943177005],[8.53783691130964,47.369973443554784],[8.537836061388171,47.36997075309821],[8.537832304644269,47.36996836015978]]},"properties":{"layer":"LKZ1113-MLU1","infraType":"sewage","geomType":"pipe","source":"order_55302/NIS_ZH_ABWASSER.dxf","_dedupKey":"2683022.6,1247150.9|2683025.7,1247153.9"}},{"type":"Feature","geometry":{"type":"LineString","coordinates":[[8.538220001739186,47.36984683339288],[8.538223957947979,47.36981396342605],[8.538160436585855,47.36977067180636],[8.538158180549248,47.36977042342853],[8.538127283911741,47.369768198907295],[8.538128082584015,47.369761984649855],[8.53812336578796,47.369757981732626]]},"properties":{"layer":"LKZ1114-MLU1","infraType":"sewage","geomType":"pipe","source":"order_55302/NIS_ZH_ABWASSER.dxf","_dedupKey":"2683044.9,1247127.9|2683052.1,1247137.8"}},{"type":"Feature","geometry":{"type":"LineString","coordinates":[[8.53974971025896,47.37008457421451],[8.539744271474405,47.370084086355256],[8.539734881681891,47.37008462562863],[8.5397323720079,47.37008491940858],[8.539726052995311,47.37008668872819],[8.539723302707994,47.37008815417169]]},"properties":{"layer":"LKZ1113-MLU1","infraType":"sewage","geomType":"pipe","source":"order_55302/NIS_ZH_ABWASSER.dxf","_dedupKey":"2683165.3,1247166.3|2683167.3,1247165.9"}},{"type":"Feature","geometry":{"type":"LineString","coordinates":[[8.54121637297974,47.370147851009854],[8.541243624670756,47.370153077904384],[8.54124667874778,47.37015349850691]]},"properties":{"layer":"LKZ1111-MLU1","infraType":"sewage","geomType":"pipe","source":"order_55302/NIS_ZH_ABWASSER.dxf","_dedupKey":"2683277.9,1247174.5|2683280.2,1247175.1"}},{"type":"Feature","geometry":{"type":"LineString","coordinates":[[8.541483190623774,47.37014863184401],[8.541483321144675,47.37014854064618],[8.541506799740624,47.3701377921283],[8.541512645267277,47.37013233921801],[8.541515537192618,47.37013132213676]]},"properties":{"layer":"LKZ1111-MLU1","infraType":"sewage","geomType":"pipe","source":"order_55302/NIS_ZH_ABWASSER.dxf","_dedupKey":"2683298.1,1247174.8|2683300.5,1247173"}},{"type":"Feature","geometry":{"type":"LineString","coordinates":[[8.541546454797192,47.36977616798713],[8.541546590899273,47.36977634659061],[8.54155907906816,47.369784772739315],[8.541563855931843,47.36983006271515],[8.541554201173534,47.36983699122872],[8.541547056333728,47.36983723935824],[8.541543137011253,47.36983979542771],[8.541545108623259,47.36986469318503],[8.541552447252279,47.36986741160691],[8.541571125445133,47.369880636029876],[8.541571874806223,47.36988485659772]]},"properties":{"layer":"LKZ1111-MLU0","infraType":"sewage","geomType":"pipe","source":"order_55302/NIS_ZH_ABWASSER.dxf","_dedupKey":"2683303.4,1247133.5|2683305.2,1247145.6"}},{"type":"Feature","geometry":{"type":"LineString","coordinates":[[8.538971223364378,47.36953627267125],[8.538975650987338,47.36958399475508],[8.538975532881542,47.36959110205144],[8.538977026895076,47.36960574991821],[8.53897481727132,47.36960774990253]]},"properties":{"layer":"LKZ1113-MLU1","infraType":"sewage","geomType":"pipe","source":"order_55302/NIS_ZH_ABWASSER.dxf","_dedupKey":"2683109.3,1247104.1|2683109.5,1247112.1"}},{"type":"Feature","geometry":{"type":"LineString","coordinates":[[8.538970474259362,47.3696346867855],[8.538960764544136,47.36960689431178],[8.538966341222167,47.369607650748435],[8.538972805578101,47.369606509745964]]},"properties":{"layer":"LKZ1113-MLU1","infraType":"sewage","geomType":"pipe","source":"order_55302/NIS_ZH_ABWASSER.dxf","_dedupKey":"2683109.1,1247115|2683109.3,1247111.9"}},{"type":"Feature","geometry":{"type":"LineString","coordinates":[[8.538571463919673,47.36957354235245],[8.538670311035727,47.36951287314633],[8.538738367279771,47.36947435535391],[8.538747210751115,47.36947301180038],[8.538752481820087,47.369471792224424]]},"properties":{"layer":"LKZ1113-MLU1","infraType":"sewage","geomType":"pipe","source":"order_55302/NIS_ZH_ABWASSER.dxf","_dedupKey":"2683079.1,1247107.8|2683092.9,1247096.7"}},{"type":"Feature","geometry":{"type":"LineString","coordinates":[[8.539615154648235,47.37006390873373],[8.539614936322579,47.37006615960313],[8.539613155425009,47.37006968468875],[8.539606106131153,47.370087382383815],[8.539605893377427,47.37008990305464],[8.539606252871275,47.370094487155924],[8.539607086166884,47.37009636819496]]},"properties":{"layer":"LKZ1113-MLU1","infraType":"sewage","geomType":"pipe","source":"order_55302/NIS_ZH_ABWASSER.dxf","_dedupKey":"2683156.5,1247167|2683157.1,1247163.4"}},{"type":"Feature","geometry":{"type":"LineString","coordinates":[[8.538996357891664,47.37010605604855],[8.538999736117537,47.370109352070884],[8.539003854222434,47.37011641900815],[8.539005603029041,47.370117751620185],[8.539020299948357,47.37013056462146],[8.53902164604171,47.370131631215386]]},"properties":{"layer":"LKZ1111-MLU1","infraType":"sewage","geomType":"pipe","source":"order_55302/NIS_ZH_ABWASSER.dxf","_dedupKey":"2683110.3,1247167.5|2683112.2,1247170.3"}},{"type":"Feature","geometry":{"type":"LineString","coordinates":[[8.539164377603711,47.36916302245711],[8.53915149226641,47.36916098639698],[8.539141908425155,47.36916494563157]]},"properties":{"layer":"LKZ1113-MLU1","infraType":"sewage","geomType":"pipe","source":"order_55302/NIS_ZH_ABWASSER.dxf","_dedupKey":"2683122.8,1247063|2683124.5,1247062.8"}},{"type":"Feature","geometry":{"type":"LineString","coordinates":[[8.537492357108103,47.36945167516214],[8.537430750070412,47.369436969514275],[8.537428477367403,47.36943591171725]]},"properties":{"layer":"LKZ1111-MLU1","infraType":"sewage","geomType":"pipe","source":"order_55302/NIS_ZH_ABWASSER.dxf","_dedupKey":"2682993,1247091.3|2682997.8,1247093.1"}},{"type":"Feature","geometry":{"type":"LineString","coordinates":[[8.541223149714302,47.369816134920924],[8.541206992449297,47.36984156554954],[8.541202021504478,47.36984449145242],[8.541200284433174,47.36986933466555],[8.541200879061996,47.36987247729388],[8.541210406454892,47.36987859300272],[8.541213612433685,47.36989916130563],[8.541229443892512,47.36990278814127],[8.541232537019468,47.369905097354085],[8.541232855727436,47.369907702906886]]},"properties":{"layer":"LKZ1111-MLU1","infraType":"sewage","geomType":"pipe","source":"order_55302/NIS_ZH_ABWASSER.dxf","_dedupKey":"2683279,1247137.6|2683279.5,1247147.8"}},{"type":"Feature","geometry":{"type":"LineString","coordinates":[[8.541239816400887,47.3702890310552],[8.541236025691868,47.37029140598256],[8.541234463152216,47.37029268022065],[8.541234656921592,47.37029564677207],[8.541219610028433,47.370297949249235],[8.541218500747704,47.37029553114668],[8.541217702735837,47.37029535886147]]},"properties":{"layer":"LKZ1113-MLU1","infraType":"sewage","geomType":"pipe","source":"order_55302/NIS_ZH_ABWASSER.dxf","_dedupKey":"2683277.8,1247190.9|2683279.5,1247190.2"}},{"type":"Feature","geometry":{"type":"LineString","coordinates":[[8.541628157345173,47.370294858060504],[8.54162581727136,47.370296949293106],[8.5416122053446,47.370317408332596],[8.541608263659622,47.370318885198515],[8.541607234377638,47.37032033425246]]},"properties":{"layer":"LKZ1114-MLU1","infraType":"sewage","geomType":"pipe","source":"order_55302/NIS_ZH_ABWASSER.dxf","_dedupKey":"2683307.2,1247194.1|2683308.8,1247191.3"}},{"type":"Feature","geometry":{"type":"LineString","coordinates":[[8.541563338327075,47.37030420234088],[8.541562954206771,47.370304835669764],[8.541562366728343,47.37030843934185],[8.541563097486943,47.37031176057132],[8.541549195253916,47.37031818993267],[8.541548162248823,47.37031945911851]]},"properties":{"layer":"LKZ1114-MLU1","infraType":"sewage","geomType":"pipe","source":"order_55302/NIS_ZH_ABWASSER.dxf","_dedupKey":"2683302.7,1247193.9|2683303.9,1247192.2"}},{"type":"Feature","geometry":{"type":"LineString","coordinates":[[8.541426105510023,47.37033339768605],[8.54142609806782,47.37033303795092],[8.541424002565499,47.370327750816884],[8.54142120794289,47.37032067132684],[8.541417581534688,47.37031818730766],[8.541416770498094,47.3703173854873]]},"properties":{"layer":"LKZ1114-MLU1","infraType":"sewage","geomType":"pipe","source":"order_55302/NIS_ZH_ABWASSER.dxf","_dedupKey":"2683292.8,1247193.5|2683293.5,1247195.3"}},{"type":"Feature","geometry":{"type":"LineString","coordinates":[[8.54086712714328,47.36921514846634],[8.540792732523766,47.36917115247541],[8.540781635350228,47.36916595122783],[8.540768086195474,47.36916383173047],[8.540765339703261,47.369165477066836],[8.540764094006597,47.36916926691985],[8.540761198400359,47.36917010411482],[8.540757613007667,47.36916959861833]]},"properties":{"layer":"LKZ1111-MLU1","infraType":"sewage","geomType":"pipe","source":"order_55302/NIS_ZH_ABWASSER.dxf","_dedupKey":"2683244.8,1247065.2|2683253,1247070.4"}},{"type":"Feature","geometry":{"type":"LineString","coordinates":[[8.540454395929043,47.369707253637245],[8.540454138603657,47.369707615898264],[8.540447805847325,47.36972152884906],[8.540441306846583,47.36974021081764],[8.540431959875342,47.36974281862565],[8.54043044008608,47.36974616133093]]},"properties":{"layer":"LKZ1111-MLU1","infraType":"sewage","geomType":"pipe","source":"order_55302/NIS_ZH_ABWASSER.dxf","_dedupKey":"2683219.2,1247129|2683221.1,1247124.7"}},{"type":"Feature","geometry":{"type":"LineString","coordinates":[[8.540498618114894,47.370014645974265],[8.540496421544104,47.37001727552411],[8.540515305484591,47.37004686933398],[8.540508887190239,47.37005664533142],[8.540508902062177,47.37005736480187]]},"properties":{"layer":"LKZ1111-MLU1","infraType":"sewage","geomType":"pipe","source":"order_55302/NIS_ZH_ABWASSER.dxf","_dedupKey":"2683223.9,1247158.9|2683224.6,1247163.7"}},{"type":"Feature","geometry":{"type":"LineString","coordinates":[[8.540178896456359,47.37018968298377],[8.540179810118978,47.370189044609305],[8.540186425917177,47.37018241505142],[8.5401716613664,47.37017275114486],[8.540147487562507,47.370175500331655],[8.540144427917754,47.370174809898614]]},"properties":{"layer":"LKZ1111-MLU1","infraType":"sewage","geomType":"pipe","source":"order_55302/NIS_ZH_ABWASSER.dxf","_dedupKey":"2683196.9,1247176.3|2683199.5,1247178"}},{"type":"Feature","geometry":{"type":"LineString","coordinates":[[8.540127515098668,47.370170113808506],[8.540129124120094,47.37017108793068],[8.540127296794227,47.37017236467881],[8.540121773054036,47.37018698950543],[8.540122604510948,47.370188780606874]]},"properties":{"layer":"LKZ1113-MLU1","infraType":"sewage","geomType":"pipe","source":"order_55302/NIS_ZH_ABWASSER.dxf","_dedupKey":"2683195.3,1247177.9|2683195.7,1247175.8"}},{"type":"Feature","geometry":{"type":"LineString","coordinates":[[8.539983567535304,47.37020117050207],[8.539976885274559,47.37019817586773],[8.53997302948243,47.37019740307018],[8.539954380844863,47.370192003894104],[8.539952152652917,47.37019310455858],[8.539947787773322,47.37019332608126]]},"properties":{"layer":"LKZ1113-MLU1","infraType":"sewage","geomType":"pipe","source":"order_55302/NIS_ZH_ABWASSER.dxf","_dedupKey":"2683182,1247178.2|2683184.7,1247179.1"}},{"type":"Feature","geometry":{"type":"LineString","coordinates":[[8.539893813194775,47.37022127593797],[8.539897066999778,47.370218546368235],[8.539922739764007,47.37019221564047],[8.539918096184346,47.37017894708955],[8.539915163350038,47.37017798558675]]},"properties":{"layer":"LKZ1114-MLU1","infraType":"sewage","geomType":"pipe","source":"order_55302/NIS_ZH_ABWASSER.dxf","_dedupKey":"2683177.9,1247181.2|2683179.6,1247176.4"}},{"type":"Feature","geometry":{"type":"LineString","coordinates":[[8.53991678391901,47.3695834804026],[8.539907155465567,47.36961091747949],[8.53988969611622,47.3696630759444],[8.53988842619251,47.36966569664756],[8.539887009024863,47.369667599142204],[8.539885155699498,47.36966761681302],[8.53988247232337,47.369672319878354]]},"properties":{"layer":"LKZ1111-MLU1","infraType":"sewage","geomType":"pipe","source":"order_55302/NIS_ZH_ABWASSER.dxf","_dedupKey":"2683177.9,1247120.2|2683180.7,1247110.4"}},{"type":"Feature","geometry":{"type":"LineString","coordinates":[[8.539851693631196,47.3696886247123],[8.539849596452646,47.36968324761482],[8.539847806766195,47.36967993647112],[8.539846466241299,47.369679139688174],[8.539849356787906,47.36967164615053],[8.539850339658495,47.36966794876614]]},"properties":{"layer":"LKZ1113-MLU1","infraType":"sewage","geomType":"pipe","source":"order_55302/NIS_ZH_ABWASSER.dxf","_dedupKey":"2683175.5,1247119.7|2683175.6,1247122"}},{"type":"Feature","geometry":{"type":"LineString","coordinates":[[8.540503825677852,47.36977334623827],[8.54050098062066,47.369770225075655],[8.540498105820374,47.36976566497191],[8.54049644289456,47.36976208277395],[8.540496409433253,47.369760463965186],[8.54049430660992,47.369754817078096]]},"properties":{"layer":"LKZ1113-MLU1","infraType":"sewage","geomType":"pipe","source":"order_55302/NIS_ZH_ABWASSER.dxf","_dedupKey":"2683224,1247130|2683224.7,1247132.1"}},{"type":"Feature","geometry":{"type":"LineString","coordinates":[[8.539141633480737,47.36990201115159],[8.539108704595607,47.369897557467446],[8.539075271781696,47.36992000408155],[8.539083147242774,47.369923077350656],[8.539089176796493,47.3699265280126]]},"properties":{"layer":"LKZ1113-MLU1","infraType":"sewage","geomType":"pipe","source":"order_55302/NIS_ZH_ABWASSER.dxf","_dedupKey":"2683117.6,1247147.6|2683121.6,1247144.9"}},{"type":"Feature","geometry":{"type":"LineString","coordinates":[[8.537779242188408,47.37023323259198],[8.537751196097933,47.370215149377884],[8.537741149916116,47.37021596458937],[8.537692228042246,47.37025142124932],[8.537619942332547,47.37023258958928],[8.537589672868004,47.370254376003416]]},"properties":{"layer":"LKZ1113-MLU1","infraType":"sewage","geomType":"pipe","source":"order_55302/NIS_ZH_ABWASSER.dxf","_dedupKey":"2683003.9,1247182.5|2683018.2,1247180.3"}},{"type":"Feature","geometry":{"type":"LineString","coordinates":[[8.539421775798342,47.36969533149104],[8.539395830310152,47.36972769146335],[8.539390836464442,47.369735924646335],[8.539381819201415,47.36974167753038],[8.53937002008691,47.36974736697368],[8.539361782777364,47.36974600625168]]},"properties":{"layer":"LKZ1113-MLU1","infraType":"sewage","geomType":"pipe","source":"order_55302/NIS_ZH_ABWASSER.dxf","_dedupKey":"2683138.5,1247127.8|2683143.1,1247122.3"}},{"type":"Feature","geometry":{"type":"LineString","coordinates":[[8.539181450298212,47.370182370471966],[8.539217624132952,47.370202894538615],[8.53922091270386,47.37020826029383],[8.5392185688257,47.37021017161003],[8.53921372083495,47.37021264649636]]},"properties":{"layer":"LKZ1113-MLU1","infraType":"sewage","geomType":"pipe","source":"order_55302/NIS_ZH_ABWASSER.dxf","_dedupKey":"2683124.2,1247176.2|2683126.6,1247179.6"}},{"type":"Feature","geometry":{"type":"LineString","coordinates":[[8.540790545516764,47.36946882309015],[8.540780093085491,47.369469192686935],[8.540727656594232,47.369552268582154],[8.540725702501888,47.36955381640454],[8.540710626047208,47.36955467987472],[8.540708670094968,47.36955613776302],[8.540708832224055,47.369557575441036]]},"properties":{"layer":"LKZ1111-MLU1","infraType":"sewage","geomType":"pipe","source":"order_55302/NIS_ZH_ABWASSER.dxf","_dedupKey":"2683240.5,1247108.3|2683246.8,1247098.5"}},{"type":"Feature","geometry":{"type":"LineString","coordinates":[[8.537705440618137,47.37005097353805],[8.537718932393974,47.37005030544482]]},"properties":{"layer":"LKZ1113-MLU1","infraType":"sewage","geomType":"pipe","source":"order_55302/NIS_ZH_ABWASSER.dxf","_dedupKey":"2683012.9,1247160|2683013.9,1247159.9"}},{"type":"Feature","geometry":{"type":"LineString","coordinates":[[8.537437503698754,47.37027849151357],[8.537500375045774,47.3703159428619],[8.537502008124594,47.370318086160786]]},"properties":{"layer":"LKZ1113-MLU1","infraType":"sewage","geomType":"pipe","source":"order_55302/NIS_ZH_ABWASSER.dxf","_dedupKey":"2682992.3,1247185|2682997.1,1247189.5"}},{"type":"Feature","geometry":{"type":"LineString","coordinates":[[8.537583770833002,47.36936436201389],[8.537572336866772,47.36935565555595],[8.53756332021771,47.36935502173373],[8.537561701997898,47.36935359790611]]},"properties":{"layer":"LKZ1111-MLU1","infraType":"sewage","geomType":"pipe","source":"order_55302/NIS_ZH_ABWASSER.dxf","_dedupKey":"2683003.1,1247082.3|2683004.8,1247083.5"}},{"type":"Feature","geometry":{"type":"LineString","coordinates":[[8.5375560060441,47.369257134120986],[8.537609085747278,47.36929494842805],[8.53761889295561,47.36929539482138],[8.5376209157301,47.369297174604895]]},"properties":{"layer":"LKZ1113-MLU1","infraType":"sewage","geomType":"pipe","source":"order_55302/NIS_ZH_ABWASSER.dxf","_dedupKey":"2683002.9,1247071.6|2683007.7,1247076.1"}},{"type":"Feature","geometry":{"type":"LineString","coordinates":[[8.541697056127624,47.3702331229736],[8.541696689008885,47.37022817914391],[8.541692001679333,47.370225615313664],[8.541691703417955,47.370223999034074]]},"properties":{"layer":"LKZ1114-MLU1","infraType":"sewage","geomType":"pipe","source":"order_55302/NIS_ZH_ABWASSER.dxf","_dedupKey":"2683313.7,1247183.4|2683314.1,1247184.5"}},{"type":"Feature","geometry":{"type":"LineString","coordinates":[[8.541651884688811,47.37021934201644],[8.541652072898382,47.370222038765846],[8.541638066488808,47.370223431845965]]},"properties":{"layer":"LKZ1114-MLU1","infraType":"sewage","geomType":"pipe","source":"order_55302/NIS_ZH_ABWASSER.dxf","_dedupKey":"2683309.7,1247183.3|2683310.7,1247182.9"}},{"type":"Feature","geometry":{"type":"LineString","coordinates":[[8.54155679631438,47.37033358901771],[8.54155467820241,47.37033360924357],[8.5415514058677,47.37033543952209],[8.541541789531628,47.370401825642496],[8.54153839225308,47.37040401691988],[8.541517186915978,47.37040305003394],[8.541511611979159,47.37040238365453],[8.541505526394031,47.37039623510609],[8.541505656915497,47.370396143908295]]},"properties":{"layer":"LKZ1111-MLU1","infraType":"sewage","geomType":"pipe","source":"order_55302/NIS_ZH_ABWASSER.dxf","_dedupKey":"2683299.4,1247202.4|2683303.3,1247195.5"}},{"type":"Feature","geometry":{"type":"LineString","coordinates":[[8.540418696314523,47.37023498010609],[8.540418961078082,47.37023497758046],[8.540426635906325,47.370228337906404],[8.540428828771535,47.370225528490415],[8.540460913622422,47.37019553841221],[8.54046222854308,47.37018868955141],[8.540466030432844,47.37018685425222]]},"properties":{"layer":"LKZ1111-MLU1","infraType":"sewage","geomType":"pipe","source":"order_55302/NIS_ZH_ABWASSER.dxf","_dedupKey":"2683217.5,1247183.3|2683221.2,1247178"}},{"type":"Feature","geometry":{"type":"LineString","coordinates":[[8.54138343274762,47.37019078214186],[8.541378710087574,47.37018650955679],[8.541241065720648,47.37017019312822]]},"properties":{"layer":"LKZ1111-MLU1","infraType":"sewage","geomType":"pipe","source":"order_55302/NIS_ZH_ABWASSER.dxf","_dedupKey":"2683279.8,1247177|2683290.5,1247179.4"}},{"type":"Feature","geometry":{"type":"LineString","coordinates":[[8.539210158300005,47.369988791101086],[8.539192332297432,47.369959097052075],[8.539200385264628,47.369957940900115]]},"properties":{"layer":"LKZ1113-MLU1","infraType":"sewage","geomType":"pipe","source":"order_55302/NIS_ZH_ABWASSER.dxf","_dedupKey":"2683126,1247151.2|2683126.7,1247154.7"}},{"type":"Feature","geometry":{"type":"LineString","coordinates":[[8.539444501399347,47.36982122695391],[8.539391939329356,47.36981498153504],[8.539365679655102,47.369812893055744],[8.539342493387055,47.369824987623545]]},"properties":{"layer":"LKZ1113-MLU1","infraType":"sewage","geomType":"pipe","source":"order_55302/NIS_ZH_ABWASSER.dxf","_dedupKey":"2683136.9,1247136.6|2683144.6,1247136.3"}},{"type":"Feature","geometry":{"type":"LineString","coordinates":[[8.538361220409023,47.3697540981375],[8.538365298233604,47.36975279998949],[8.538387906282168,47.369744758943575],[8.538403410947556,47.3697325578088],[8.538401947339477,47.369732211938896]]},"properties":{"layer":"LKZ1111-MLU1","infraType":"sewage","geomType":"pipe","source":"order_55302/NIS_ZH_ABWASSER.dxf","_dedupKey":"2683062.9,1247127.7|2683066,1247125.3"}},{"type":"Feature","geometry":{"type":"LineString","coordinates":[[8.541764142275072,47.37022456652802],[8.541741495695023,47.3702243330614]]},"properties":{"layer":"LKZ1113-MLU1","infraType":"sewage","geomType":"pipe","source":"order_55302/NIS_ZH_ABWASSER.dxf","_dedupKey":"2683317.5,1247183.5|2683319.2,1247183.6"}},{"type":"Feature","geometry":{"type":"LineString","coordinates":[[8.54032632988163,47.36979554836174],[8.54030329939883,47.369738288993865],[8.540302460508343,47.369736138158196],[8.54030161975929,47.3697338973887],[8.540301338270533,47.369733090509605],[8.540302975578976,47.3697290270728]]},"properties":{"layer":"LKZ1113-MLU1","infraType":"sewage","geomType":"pipe","source":"order_55302/NIS_ZH_ABWASSER.dxf","_dedupKey":"2683209.6,1247126.9|2683211.3,1247134.4"}},{"type":"Feature","geometry":{"type":"LineString","coordinates":[[8.540413955794882,47.369807035876434],[8.540396058314688,47.36974828833663],[8.540391755220167,47.36974509112814],[8.540393129619758,47.36974112014942]]},"properties":{"layer":"LKZ1113-MLU1","infraType":"sewage","geomType":"pipe","source":"order_55302/NIS_ZH_ABWASSER.dxf","_dedupKey":"2683216.4,1247128.4|2683217.9,1247135.7"}},{"type":"Feature","geometry":{"type":"LineString","coordinates":[[8.540139927165315,47.37033505650334],[8.540140316877899,47.370334692980634],[8.540141607247367,47.37033306154714],[8.540134246763508,47.370322877267306],[8.540134742840861,47.370321253408775]]},"properties":{"layer":"LKZ1114-MLU1","infraType":"sewage","geomType":"pipe","source":"order_55302/NIS_ZH_ABWASSER.dxf","_dedupKey":"2683196,1247192.6|2683196.3,1247194.1"}},{"type":"Feature","geometry":{"type":"LineString","coordinates":[[8.540137104622605,47.370166424294695],[8.540140445755393,47.37016792160728],[8.540143676807311,47.370170499388045],[8.54013864772662,47.370177023859824],[8.540139201412039,47.370178187949435]]},"properties":{"layer":"LKZ1111-MLU1","infraType":"sewage","geomType":"pipe","source":"order_55302/NIS_ZH_ABWASSER.dxf","_dedupKey":"2683196.4,1247175.4|2683196.5,1247176.7"}},{"type":"Feature","geometry":{"type":"LineString","coordinates":[[8.539819465027687,47.37009623255408],[8.53981699436796,47.370098414946106],[8.539796466376334,47.37011741052786],[8.539791439594774,47.37011763835507],[8.539788549495032,47.3701187453269]]},"properties":{"layer":"LKZ1113-MLU1","infraType":"sewage","geomType":"pipe","source":"order_55302/NIS_ZH_ABWASSER.dxf","_dedupKey":"2683170.1,1247169.7|2683172.5,1247167.3"}},{"type":"Feature","geometry":{"type":"LineString","coordinates":[[8.540845015130964,47.36926636202618],[8.540731820349384,47.36925412935943],[8.540729295845324,47.369253703690504]]},"properties":{"layer":"LKZ1111-MLU1","infraType":"sewage","geomType":"pipe","source":"order_55302/NIS_ZH_ABWASSER.dxf","_dedupKey":"2683242.5,1247074.6|2683251.3,1247076.1"}},{"type":"Feature","geometry":{"type":"LineString","coordinates":[[8.541660949704363,47.369947151968276],[8.541659333217964,47.36994581813216],[8.54164088438525,47.36993088245319],[8.541632956100136,47.369893268459805],[8.541628287411893,47.36989160396472],[8.541627088540304,47.369891255607335]]},"properties":{"layer":"LKZ1111-MLU1","infraType":"sewage","geomType":"pipe","source":"order_55302/NIS_ZH_ABWASSER.dxf","_dedupKey":"2683309.3,1247146.4|2683311.8,1247152.6"}},{"type":"Feature","geometry":{"type":"LineString","coordinates":[[8.541554925183393,47.37022395593833],[8.541555029653642,47.37022260566737],[8.541547321741684,47.37022124004513],[8.541539927511222,47.37020943704642],[8.541544630255334,47.3701999472268],[8.541548184092054,47.3701989238243]]},"properties":{"layer":"LKZ1114-MLU1","infraType":"sewage","geomType":"pipe","source":"order_55302/NIS_ZH_ABWASSER.dxf","_dedupKey":"2683302.9,1247180.5|2683303.4,1247183.3"}},{"type":"Feature","geometry":{"type":"LineString","coordinates":[[8.538807497057268,47.36917991516709],[8.538817567544768,47.369116133548815]]},"properties":{"layer":"LKZ1111-MLU1","infraType":"sewage","geomType":"pipe","source":"order_55302/NIS_ZH_ABWASSER.dxf","_dedupKey":"2683097.5,1247064.3|2683098.4,1247057.2"}},{"type":"Feature","geometry":{"type":"LineString","coordinates":[[8.539907875393835,47.37014567252393],[8.539891238972945,47.370160763101275],[8.539885949282425,47.370161083390855],[8.539883476764478,47.370163175850436]]},"properties":{"layer":"LKZ1111-MLU1","infraType":"sewage","geomType":"pipe","source":"order_55302/NIS_ZH_ABWASSER.dxf","_dedupKey":"2683177.2,1247174.8|2683179.1,1247172.8"}},{"type":"Feature","geometry":{"type":"LineString","coordinates":[[8.54065504428125,47.37020295134202],[8.540653444545454,47.37020242689615],[8.540653291712102,47.3702014388874],[8.540656137176436,47.37019817348262],[8.540659301322075,47.37019751363193],[8.540914818345986,47.370266496924984],[8.540985447689447,47.370249991383105],[8.540987495125625,47.37024655368341],[8.540985008104311,47.37024154013304]]},"properties":{"layer":"LKZ1111-MLU1","infraType":"sewage","geomType":"pipe","source":"order_55302/NIS_ZH_ABWASSER.dxf","_dedupKey":"2683235.4,1247180|2683260.3,1247184.6"}},{"type":"Feature","geometry":{"type":"LineString","coordinates":[[8.54020820813161,47.37036507877881],[8.540208170961687,47.37036328010266],[8.540198887918057,47.370356172515045],[8.540199108078701,47.37035401157854],[8.540197711777243,47.37035051678562],[8.540198737381198,47.37034888787662]]},"properties":{"layer":"LKZ1111-MLU1","infraType":"sewage","geomType":"pipe","source":"order_55302/NIS_ZH_ABWASSER.dxf","_dedupKey":"2683200.8,1247195.7|2683201.4,1247197.6"}},{"type":"Feature","geometry":{"type":"LineString","coordinates":[[8.540182688852987,47.370328352081614],[8.540181254952179,47.370329445175244],[8.540176822725808,47.37033281565237],[8.54017524343365,47.37033328047185],[8.540166280482456,47.370335254933615],[8.540166271190333,47.37033480526458]]},"properties":{"layer":"LKZ1111-MLU1","infraType":"sewage","geomType":"pipe","source":"order_55302/NIS_ZH_ABWASSER.dxf","_dedupKey":"2683198.3,1247194.1|2683199.6,1247193.4"}},{"type":"Feature","geometry":{"type":"LineString","coordinates":[[8.540275008075103,47.370150446963116],[8.540275269121048,47.3701502645702],[8.540279179654561,47.370140872311616],[8.540272053775247,47.37013563313702],[8.540266876870318,47.3701221897828],[8.540253491893353,47.37011521127453],[8.540252138341497,47.370113784959734]]},"properties":{"layer":"LKZ1111-MLU1","infraType":"sewage","geomType":"pipe","source":"order_55302/NIS_ZH_ABWASSER.dxf","_dedupKey":"2683205.2,1247169.7|2683206.8,1247173.8"}},{"type":"Feature","geometry":{"type":"LineString","coordinates":[[8.539968443087817,47.370244581405636],[8.53997451035414,47.37024344413414],[8.53999526778987,47.370222737254345],[8.539994850659626,47.3702153652062],[8.539992443632626,47.37021421878842]]},"properties":{"layer":"LKZ1111-MLU1","infraType":"sewage","geomType":"pipe","source":"order_55302/NIS_ZH_ABWASSER.dxf","_dedupKey":"2683183.5,1247183.9|2683185.4,1247180.6"}},{"type":"Feature","geometry":{"type":"LineString","coordinates":[[8.540123940035299,47.36974719575276],[8.540124193646452,47.36974665362485],[8.540126118907462,47.369730893743316],[8.540126934948294,47.36971271574823],[8.540125691490545,47.36971020896333],[8.540124612005028,47.36970922979108],[8.540126116945752,47.369705167619195]]},"properties":{"layer":"LKZ1111-MLU1","infraType":"sewage","geomType":"pipe","source":"order_55302/NIS_ZH_ABWASSER.dxf","_dedupKey":"2683196,1247128.8|2683196.3,1247124.1"}},{"type":"Feature","geometry":{"type":"LineString","coordinates":[[8.539003034380105,47.370089531314235],[8.539011935497362,47.37009097568956],[8.539021316729986,47.3701028498664],[8.53903154723435,47.37010455142957]]},"properties":{"layer":"LKZ1114-MLU1","infraType":"sewage","geomType":"pipe","source":"order_55302/NIS_ZH_ABWASSER.dxf","_dedupKey":"2683110.9,1247165.6|2683113,1247167.3"}},{"type":"Feature","geometry":{"type":"LineString","coordinates":[[8.540626529814867,47.370175068567974],[8.540650833740383,47.37017861464719],[8.540659584317813,47.37017277425713],[8.540661971279972,47.37016654482591],[8.540666254720827,47.370155979625544],[8.540663005051945,47.370152502521364],[8.540663903834059,47.37015114467268]]},"properties":{"layer":"LKZ1113-MLU1","infraType":"sewage","geomType":"pipe","source":"order_55302/NIS_ZH_ABWASSER.dxf","_dedupKey":"2683233.3,1247176.9|2683236.2,1247174.3"}},{"type":"Feature","geometry":{"type":"LineString","coordinates":[[8.53900144473581,47.36949937448093],[8.53896118326173,47.36959510667196],[8.538958054401645,47.36959747521931]]},"properties":{"layer":"LKZ1114-MLU1","infraType":"sewage","geomType":"pipe","source":"order_55302/NIS_ZH_ABWASSER.dxf","_dedupKey":"2683108.2,1247110.9|2683111.7,1247100"}},{"type":"Feature","geometry":{"type":"LineString","coordinates":[[8.54019598566331,47.36973517475798],[8.540193936767862,47.36973213594622],[8.540188664278938,47.36972687909004],[8.540181609516283,47.36971867083038],[8.54017737005593,47.3697121447998]]},"properties":{"layer":"LKZ1113-MLU1","infraType":"sewage","geomType":"pipe","source":"order_55302/NIS_ZH_ABWASSER.dxf","_dedupKey":"2683200.1,1247124.9|2683201.5,1247127.5"}},{"type":"Feature","geometry":{"type":"LineString","coordinates":[[8.541677156568932,47.370218471010105],[8.541670759191254,47.37022284978022],[8.54167011403128,47.3702236655055]]},"properties":{"layer":"LKZ1114-MLU1","infraType":"sewage","geomType":"pipe","source":"order_55302/NIS_ZH_ABWASSER.dxf","_dedupKey":"2683312.1,1247183.4|2683312.6,1247182.8"}},{"type":"Feature","geometry":{"type":"LineString","coordinates":[[8.53949250247257,47.37031829136098],[8.539518445820738,47.37029222800193],[8.53953466109696,47.37027597212459],[8.539528919547442,47.370260825042465],[8.539530077551985,47.37025919487756]]},"properties":{"layer":"LKZ1111-MLU1","infraType":"sewage","geomType":"pipe","source":"order_55302/NIS_ZH_ABWASSER.dxf","_dedupKey":"2683147.5,1247191.6|2683150.4,1247185.1"}},{"type":"Feature","geometry":{"type":"LineString","coordinates":[[8.538995696410717,47.36981102135232],[8.53898961317138,47.369824212229624],[8.538968078045988,47.36986498552796],[8.538963569091898,47.36987105523536],[8.538944703013296,47.36988076982535],[8.538951442723269,47.369886552468785],[8.538955859560087,47.369888849131314]]},"properties":{"layer":"LKZ1113-MLU1","infraType":"sewage","geomType":"pipe","source":"order_55302/NIS_ZH_ABWASSER.dxf","_dedupKey":"2683107.6,1247143.3|2683110.7,1247134.7"}},{"type":"Feature","geometry":{"type":"LineString","coordinates":[[8.539656326122834,47.37007637933948],[8.539639273069422,47.37007771126778]]},"properties":{"layer":"LKZ1113-MLU1","infraType":"sewage","geomType":"pipe","source":"order_55302/NIS_ZH_ABWASSER.dxf","_dedupKey":"2683158.9,1247165|2683160.2,1247164.9"}},{"type":"Feature","geometry":{"type":"LineString","coordinates":[[8.539534309703978,47.36925880348624],[8.539526541528222,47.36926733297548],[8.539516842543712,47.369265716342504]]},"properties":{"layer":"LKZ1114-MLU1","infraType":"sewage","geomType":"pipe","source":"order_55302/NIS_ZH_ABWASSER.dxf","_dedupKey":"2683150.9,1247074.6|2683152.3,1247073.9"}},{"type":"Feature","geometry":{"type":"LineString","coordinates":[[8.538399774715542,47.36975526021525],[8.538407713842847,47.36975500471753],[8.538412556263069,47.36975226006321],[8.538426330699897,47.36973962564271],[8.538430048489444,47.36974012995108]]},"properties":{"layer":"LKZ1113-MLU1","infraType":"sewage","geomType":"pipe","source":"order_55302/NIS_ZH_ABWASSER.dxf","_dedupKey":"2683065.8,1247127.8|2683068.1,1247126.2"}},{"type":"Feature","geometry":{"type":"LineString","coordinates":[[8.540849324426285,47.369833375565854],[8.540848942160443,47.369834098826196],[8.540835041117917,47.36985339116399],[8.540860781908876,47.36990081984558],[8.54089199011517,47.369937312205934],[8.540900689724229,47.36994181671178],[8.540902871049111,47.36994485424739]]},"properties":{"layer":"LKZ1111-MLU1","infraType":"sewage","geomType":"pipe","source":"order_55302/NIS_ZH_ABWASSER.dxf","_dedupKey":"2683250.7,1247139.1|2683254.6,1247151.6"}},{"type":"Feature","geometry":{"type":"LineString","coordinates":[[8.541703106856247,47.370224789644034],[8.541701348673586,47.37022300740398],[8.541698382306535,47.370220427138364],[8.541679889808002,47.37022258267918],[8.541679252092072,47.370223758139716]]},"properties":{"layer":"LKZ1113-MLU1","infraType":"sewage","geomType":"pipe","source":"order_55302/NIS_ZH_ABWASSER.dxf","_dedupKey":"2683312.8,1247183.4|2683314.6,1247183.5"}},{"type":"Feature","geometry":{"type":"LineString","coordinates":[[8.54160808122855,47.370220479937096],[8.54160648148284,47.37021995550447],[8.54159562272308,47.370213492735445],[8.541570678874278,47.37021741894453]]},"properties":{"layer":"LKZ1111-MLU1","infraType":"sewage","geomType":"pipe","source":"order_55302/NIS_ZH_ABWASSER.dxf","_dedupKey":"2683304.6,1247182.6|2683307.4,1247183"}},{"type":"Feature","geometry":{"type":"LineString","coordinates":[[8.539582125408492,47.37026616475058],[8.539581075640632,47.370266624514485],[8.539570995538336,47.37027220763951],[8.539567020366718,47.37027206562696],[8.53956546150252,47.370273519710096]]},"properties":{"layer":"LKZ1113-MLU1","infraType":"sewage","geomType":"pipe","source":"order_55302/NIS_ZH_ABWASSER.dxf","_dedupKey":"2683153,1247186.7|2683154.3,1247185.9"}},{"type":"Feature","geometry":{"type":"LineString","coordinates":[[8.537460941610085,47.369282955145586],[8.537583852796658,47.36931695678393],[8.537585614519712,47.369318918955]]},"properties":{"layer":"LKZ1113-MLU1","infraType":"sewage","geomType":"pipe","source":"order_55302/NIS_ZH_ABWASSER.dxf","_dedupKey":"2682995.6,1247074.3|2683005,1247078.5"}},{"type":"Feature","geometry":{"type":"LineString","coordinates":[[8.5391110374951,47.36923450246523],[8.539111675255866,47.369233327018584],[8.539151457003687,47.36922341310673],[8.539141540437361,47.36917277492248],[8.539132876936616,47.36916359246104]]},"properties":{"layer":"LKZ1113-MLU1","infraType":"sewage","geomType":"pipe","source":"order_55302/NIS_ZH_ABWASSER.dxf","_dedupKey":"2683120.3,1247070.7|2683122.1,1247062.8"}},{"type":"Feature","geometry":{"type":"LineString","coordinates":[[8.540625421840907,47.37002539976652],[8.540647678248448,47.37003238354009]]},"properties":{"layer":"LKZ1111-MLU1","infraType":"sewage","geomType":"pipe","source":"order_55302/NIS_ZH_ABWASSER.dxf","_dedupKey":"2683233.5,1247160.2|2683235.2,1247161"}},{"type":"Feature","geometry":{"type":"LineString","coordinates":[[8.540977701676024,47.36994584916338],[8.540977683078221,47.369944949825346],[8.540978884479536,47.3699326149959],[8.540977232674859,47.36992957240791],[8.540980201186896,47.369925856062416]]},"properties":{"layer":"LKZ1113-MLU1","infraType":"sewage","geomType":"pipe","source":"order_55302/NIS_ZH_ABWASSER.dxf","_dedupKey":"2683260.2,1247151.8|2683260.4,1247149.5"}},{"type":"Feature","geometry":{"type":"LineString","coordinates":[[8.54124504565442,47.37030499251125],[8.54124479019177,47.370305444707725],[8.541240684491513,47.37030539395036],[8.541234037491323,47.37030410813102],[8.541230297313247,47.37030252470757],[8.541222846721071,47.37030079680106],[8.54122244585489,47.37030062072465]]},"properties":{"layer":"LKZ1111-MLU1","infraType":"sewage","geomType":"pipe","source":"order_55302/NIS_ZH_ABWASSER.dxf","_dedupKey":"2683278.1,1247191.5|2683279.8,1247192"}},{"type":"Feature","geometry":{"type":"LineString","coordinates":[[8.537711293522978,47.369313765212354],[8.537668385084423,47.36928763781667]]},"properties":{"layer":"LKZ1111-MLU1","infraType":"sewage","geomType":"pipe","source":"order_55302/NIS_ZH_ABWASSER.dxf","_dedupKey":"2683011.3,1247075.1|2683014.5,1247078"}},{"type":"Feature","geometry":{"type":"LineString","coordinates":[[8.537257384747857,47.369376911942936],[8.537265684965359,47.3693813305672],[8.537318515430599,47.369413480431234],[8.537437296103132,47.3694076729971],[8.537439318875814,47.36940945278372]]},"properties":{"layer":"LKZ1113-MLU0","infraType":"sewage","geomType":"pipe","source":"order_55302/NIS_ZH_ABWASSER.dxf","_dedupKey":"2682980.1,1247084.6|2682993.8,1247088.4"}},{"type":"Feature","geometry":{"type":"LineString","coordinates":[[8.539608432390898,47.36966791619801],[8.539608154627908,47.369667289184925],[8.539612869813682,47.36964556591695],[8.53961368874294,47.369640340921215],[8.539615590861615,47.369636274970254]]},"properties":{"layer":"LKZ1113-MLU1","infraType":"sewage","geomType":"pipe","source":"order_55302/NIS_ZH_ABWASSER.dxf","_dedupKey":"2683157.2,1247119.4|2683157.8,1247115.9"}},{"type":"Feature","geometry":{"type":"LineString","coordinates":[[8.5401232949995,47.37001714648764],[8.540219697871393,47.370107347998456],[8.540221992960591,47.370109484946056],[8.540221905183367,47.37011164462018],[8.54022200325717,47.370122797675634],[8.540223360525472,47.37012440385841]]},"properties":{"layer":"LKZ1113-MLU1","infraType":"sewage","geomType":"pipe","source":"order_55302/NIS_ZH_ABWASSER.dxf","_dedupKey":"2683195.6,1247158.8|2683203,1247170.8"}},{"type":"Feature","geometry":{"type":"LineString","coordinates":[[8.538512485637547,47.36919855635872],[8.538524516006154,47.36922974492969],[8.53851917195593,47.36923384363969],[8.538524630423447,47.36924170739438],[8.53852625052122,47.369243221142426]]},"properties":{"layer":"LKZ1111-MLU1","infraType":"sewage","geomType":"pipe","source":"order_55302/NIS_ZH_ABWASSER.dxf","_dedupKey":"2683075.2,1247066.1|2683076.2,1247071.1"}},{"type":"Feature","geometry":{"type":"LineString","coordinates":[[8.538905720079343,47.36920452575116],[8.538900180173085,47.369128569470874]]},"properties":{"layer":"LKZ1111-MLU1","infraType":"sewage","geomType":"pipe","source":"order_55302/NIS_ZH_ABWASSER.dxf","_dedupKey":"2683104.6,1247058.7|2683104.9,1247067.2"}},{"type":"Feature","geometry":{"type":"LineString","coordinates":[[8.540236302831447,47.37028295493179],[8.540236149580052,47.370288353485556],[8.540236040933602,47.37029591045071],[8.540205773932495,47.37032417404718],[8.540189926257144,47.37033898728996],[8.540178979433236,47.370341070624704],[8.540179231188212,47.370340438563]]},"properties":{"layer":"LKZ1113-MLU1","infraType":"sewage","geomType":"pipe","source":"order_55302/NIS_ZH_ABWASSER.dxf","_dedupKey":"2683199.3,1247194.8|2683203.7,1247188.5"}},{"type":"Feature","geometry":{"type":"LineString","coordinates":[[8.540916691460527,47.37028024163552],[8.540916950645219,47.37027996930734],[8.540932223598203,47.37026938917],[8.540995055431987,47.37025358769918],[8.54099980105312,47.370246166379246],[8.540996344582277,47.370239093196105]]},"properties":{"layer":"LKZ1111-MLU1","infraType":"sewage","geomType":"pipe","source":"order_55302/NIS_ZH_ABWASSER.dxf","_dedupKey":"2683255.1,1247188.9|2683261.2,1247184.4"}},{"type":"Feature","geometry":{"type":"LineString","coordinates":[[8.541713830517525,47.370301505860816],[8.541713834239598,47.3703016857284],[8.541713080890865,47.37030367185742],[8.541710917617952,47.37031430680129],[8.541698587236564,47.370319911604994],[8.541697826442965,47.370321537998755]]},"properties":{"layer":"LKZ1111-MLU1","infraType":"sewage","geomType":"pipe","source":"order_55302/NIS_ZH_ABWASSER.dxf","_dedupKey":"2683314,1247194.3|2683315.3,1247192.1"}},{"type":"Feature","geometry":{"type":"LineString","coordinates":[[8.541824080669778,47.370344079384324],[8.54182419816201,47.370343358649684],[8.541824353348952,47.37033166346478],[8.54181228449021,47.370324312758356],[8.541810934613709,47.37032306632951]]},"properties":{"layer":"LKZ1111-MLU1","infraType":"sewage","geomType":"pipe","source":"order_55302/NIS_ZH_ABWASSER.dxf","_dedupKey":"2683322.6,1247194.6|2683323.5,1247196.9"}},{"type":"Feature","geometry":{"type":"LineString","coordinates":[[8.538649602691534,47.36917665163258],[8.538636333841003,47.369168862269106],[8.538625489883453,47.36916950525468],[8.538623480070703,47.369168355025735]]},"properties":{"layer":"LKZ1113-MLU1","infraType":"sewage","geomType":"pipe","source":"order_55302/NIS_ZH_ABWASSER.dxf","_dedupKey":"2683083.6,1247062.8|2683085.6,1247063.8"}},{"type":"Feature","geometry":{"type":"LineString","coordinates":[[8.539273472186117,47.369258860717466],[8.539175511752951,47.36917002253731]]},"properties":{"layer":"LKZ1111-MLU1","infraType":"sewage","geomType":"pipe","source":"order_55302/NIS_ZH_ABWASSER.dxf","_dedupKey":"2683125.3,1247063.6|2683132.6,1247073.6"}},{"type":"Feature","geometry":{"type":"LineString","coordinates":[[8.538963528469072,47.37019623037163],[8.538973453385161,47.370195955917914],[8.53898263970347,47.37019838704526],[8.538994432241081,47.370205200967206],[8.538994310997984,47.37020574183137]]},"properties":{"layer":"LKZ1111-MLU1","infraType":"sewage","geomType":"pipe","source":"order_55302/NIS_ZH_ABWASSER.dxf","_dedupKey":"2683107.7,1247177.5|2683110,1247178.6"}},{"type":"Feature","geometry":{"type":"LineString","coordinates":[[8.538177464069603,47.36963972020233],[8.538210297288861,47.369665223716666],[8.538230827907412,47.36967843103716],[8.538231036348348,47.36968211706501],[8.538235736449495,47.36968531057326]]},"properties":{"layer":"LKZ1114-MLU1","infraType":"sewage","geomType":"pipe","source":"order_55302/NIS_ZH_ABWASSER.dxf","_dedupKey":"2683049.2,1247114.8|2683053.5,1247119.9"}},{"type":"Feature","geometry":{"type":"LineString","coordinates":[[8.538825909735502,47.369732042201484],[8.538793841607102,47.369775704295954],[8.538781613127098,47.369786255150444],[8.538770492546629,47.369792747632324],[8.538754730610398,47.36980531107334],[8.538736834475564,47.36981069871782],[8.538732491894066,47.369811999400646],[8.538727140377526,47.369815738384155],[8.538726386317736,47.36982411105793],[8.538726115988215,47.36982384377812]]},"properties":{"layer":"LKZ1113-MLU1","infraType":"sewage","geomType":"pipe","source":"order_55302/NIS_ZH_ABWASSER.dxf","_dedupKey":"2683090.4,1247135.8|2683098,1247125.7"}},{"type":"Feature","geometry":{"type":"LineString","coordinates":[[8.53955397417619,47.37017891024768],[8.539500610535086,47.370165926151415],[8.539492428875889,47.37016726345367],[8.53948964700429,47.3701672000165],[8.539486578082183,47.37016605989692],[8.539485785649664,47.37016615740117]]},"properties":{"layer":"LKZ1113-MLU1","infraType":"sewage","geomType":"pipe","source":"order_55302/NIS_ZH_ABWASSER.dxf","_dedupKey":"2683147.2,1247174.7|2683152.3,1247176.2"}},{"type":"Feature","geometry":{"type":"LineString","coordinates":[[8.539498616425083,47.36938975334674],[8.539442225500999,47.36933272182379],[8.539479620507612,47.36934828683517],[8.539485469354094,47.36934940045875]]},"properties":{"layer":"LKZ1113-MLU1","infraType":"sewage","geomType":"pipe","source":"order_55302/NIS_ZH_ABWASSER.dxf","_dedupKey":"2683148.4,1247083.9|2683149.4,1247088.4"}},{"type":"Feature","geometry":{"type":"LineString","coordinates":[[8.541533990908189,47.369634523327875],[8.541532840961544,47.36962374011983],[8.54153002562328,47.36962205792333],[8.541526057937737,47.36962227571345],[8.541523242599764,47.36962059351682],[8.541487493665697,47.3695502329352],[8.541490082276953,47.36953455664359],[8.541489366693908,47.369525568318856]]},"properties":{"layer":"LKZ1113-MLU1","infraType":"sewage","geomType":"pipe","source":"order_55302/NIS_ZH_ABWASSER.dxf","_dedupKey":"2683299.5,1247105.6|2683302.7,1247117.7"}},{"type":"Feature","geometry":{"type":"LineString","coordinates":[[8.541645899058237,47.36911740244314],[8.541648504093603,47.369108922115636]]},"properties":{"layer":"LKZ1113-MLU1","infraType":"sewage","geomType":"pipe","source":"order_55302/NIS_ZH_ABWASSER.dxf","_dedupKey":"2683312,1247060.4|2683312.2,1247059.4"}},{"type":"Feature","geometry":{"type":"LineString","coordinates":[[8.541693028252789,47.36929622586371],[8.5416836301671,47.36932195182017],[8.541704198692063,47.369528913875754],[8.54175186802977,47.36954186138863],[8.54176270271988,47.36954076844038],[8.54176722063254,47.36953514829206],[8.54176649359407,47.36953200693069]]},"properties":{"layer":"LKZ1111-MLU0","infraType":"sewage","geomType":"pipe","source":"order_55302/NIS_ZH_ABWASSER.dxf","_dedupKey":"2683315.3,1247080.3|2683320.4,1247106.6"}},{"type":"Feature","geometry":{"type":"LineString","coordinates":[[8.541155762313942,47.370232624241424],[8.541143109784123,47.37022905700251],[8.541141795583938,47.37022313274479],[8.541147169609117,47.37021408629214],[8.541153287384704,47.37020899060802],[8.54115121237526,47.37020469274059]]},"properties":{"layer":"LKZ1111-MLU0","infraType":"sewage","geomType":"pipe","source":"order_55302/NIS_ZH_ABWASSER.dxf","_dedupKey":"2683272.9,1247180.7|2683273.2,1247183.8"}},{"type":"Feature","geometry":{"type":"LineString","coordinates":[[8.538808029745462,47.369564992622095],[8.538861330600872,47.369542896534064],[8.538864588129751,47.36954034686055]]},"properties":{"layer":"LKZ1113-MLU1","infraType":"sewage","geomType":"pipe","source":"order_55302/NIS_ZH_ABWASSER.dxf","_dedupKey":"2683096.9,1247107.1|2683101.3,1247104.4"}},{"type":"Feature","geometry":{"type":"LineString","coordinates":[[8.538396972588362,47.36929212648844],[8.538405939865003,47.36926469583738],[8.538409066874676,47.36926223737087]]},"properties":{"layer":"LKZ1113-MLU1","infraType":"sewage","geomType":"pipe","source":"order_55302/NIS_ZH_ABWASSER.dxf","_dedupKey":"2683066.3,1247076.4|2683067.3,1247073"}},{"type":"Feature","geometry":{"type":"LineString","coordinates":[[8.54053437588893,47.369496183892444],[8.540583080229169,47.36946954332372],[8.540658127352238,47.369455424512424],[8.54066082514815,47.369457827463926],[8.54065823109383,47.369466847371214],[8.54066080208814,47.36946952138728],[8.540665979777058,47.36947019159731]]},"properties":{"layer":"LKZ1111-MLU0","infraType":"sewage","geomType":"pipe","source":"order_55302/NIS_ZH_ABWASSER.dxf","_dedupKey":"2683227.4,1247101.3|2683237.4,1247098.6"}},{"type":"Feature","geometry":{"type":"LineString","coordinates":[[8.540931668328879,47.369531791706976],[8.540932570128959,47.3695433868525],[8.540922576193415,47.36954672048799],[8.54092291162114,47.36955013544626]]},"properties":{"layer":"LKZ1113-MLU1","infraType":"sewage","geomType":"pipe","source":"order_55302/NIS_ZH_ABWASSER.dxf","_dedupKey":"2683256.7,1247107.7|2683257.4,1247105.7"}},{"type":"Feature","geometry":{"type":"LineString","coordinates":[[8.539041904047695,47.370279138606385],[8.539036493815225,47.37029286278105],[8.539030860799231,47.37029579489611],[8.538964094456432,47.37028779562257]]},"properties":{"layer":"LKZ1113-MLU1","infraType":"sewage","geomType":"pipe","source":"order_55302/NIS_ZH_ABWASSER.dxf","_dedupKey":"2683107.6,1247187.6|2683113.5,1247186.8"}},{"type":"Feature","geometry":{"type":"LineString","coordinates":[[8.539234872531452,47.37018536953792],[8.539231503789257,47.37020177281521],[8.53922887657993,47.37020278731622],[8.53921784990323,47.37020100340542]]},"properties":{"layer":"LKZ1113-MLU1","infraType":"sewage","geomType":"pipe","source":"order_55302/NIS_ZH_ABWASSER.dxf","_dedupKey":"2683126.9,1247178.3|2683128.2,1247176.5"}},{"type":"Feature","geometry":{"type":"LineString","coordinates":[[8.539101518752778,47.37008823321353],[8.539094968544346,47.370110873454145],[8.539085910340862,47.37011464777009],[8.53903130103637,47.37010545329033]]},"properties":{"layer":"LKZ1113-MLU1","infraType":"sewage","geomType":"pipe","source":"order_55302/NIS_ZH_ABWASSER.dxf","_dedupKey":"2683113,1247167.4|2683118.3,1247165.6"}},{"type":"Feature","geometry":{"type":"LineString","coordinates":[[8.540406955585615,47.37002568491312],[8.540415060179742,47.37003343338673],[8.540420774880879,47.37003445829163],[8.540487034025409,47.37001151822897],[8.540491799749454,47.37001147276491],[8.540537407586273,47.370046388622434],[8.540545857292969,47.3700516151513],[8.540553016263635,47.37006485968119]]},"properties":{"layer":"LKZ1111-MLU1","infraType":"sewage","geomType":"pipe","source":"order_55302/NIS_ZH_ABWASSER.dxf","_dedupKey":"2683217,1247160|2683228,1247164.5"}},{"type":"Feature","geometry":{"type":"LineString","coordinates":[[8.540400640320085,47.370027634137294],[8.540410618698663,47.37003635420406],[8.540420582613196,47.37003796823594],[8.540487222175276,47.37001421498047],[8.540491587037945,47.37001399343739],[8.540535572838326,47.3700473056418],[8.54054388272745,47.37005217369844],[8.540550074128829,47.37006344852542],[8.540553016263635,47.37006485968119]]},"properties":{"layer":"LKZ1111-MLU1","infraType":"sewage","geomType":"pipe","source":"order_55302/NIS_ZH_ABWASSER.dxf","_dedupKey":"2683216.5,1247160.2|2683228,1247164.5"}},{"type":"Feature","geometry":{"type":"LineString","coordinates":[[8.5410364239831,47.370249954608326],[8.541050011606963,47.37023471306005],[8.541111299424577,47.37022108509933],[8.541114135561779,47.3702173700143],[8.541112198516931,47.37021334068397]]},"properties":{"layer":"LKZ1111-MLU1","infraType":"sewage","geomType":"pipe","source":"order_55302/NIS_ZH_ABWASSER.dxf","_dedupKey":"2683264.2,1247185.6|2683270,1247181.6"}},{"type":"Feature","geometry":{"type":"LineString","coordinates":[[8.541262043569704,47.3700513467632],[8.54126603330947,47.370058594751264],[8.541274613610636,47.3700637300291],[8.54127687153448,47.370064068279795]]},"properties":{"layer":"LKZ1111-MLU1","infraType":"sewage","geomType":"pipe","source":"order_55302/NIS_ZH_ABWASSER.dxf","_dedupKey":"2683281.5,1247163.8|2683282.6,1247165.2"}},{"type":"Feature","geometry":{"type":"LineString","coordinates":[[8.54127493618027,47.36994490094018],[8.541302963456205,47.36994922090026],[8.541314915253816,47.36994451926768],[8.541317173172862,47.3699448575176]]},"properties":{"layer":"LKZ1111-MLU1","infraType":"sewage","geomType":"pipe","source":"order_55302/NIS_ZH_ABWASSER.dxf","_dedupKey":"2683282.7,1247152|2683285.9,1247152"}},{"type":"Feature","geometry":{"type":"LineString","coordinates":[[8.540616852844195,47.369956758539594],[8.540624046386185,47.36998448493512],[8.540628138668236,47.36999029274133],[8.540635154114687,47.37000299892655],[8.540654646115646,47.37002997831793]]},"properties":{"layer":"LKZ1111-MLU1","infraType":"sewage","geomType":"pipe","source":"order_55302/NIS_ZH_ABWASSER.dxf","_dedupKey":"2683232.9,1247152.6|2683235.7,1247160.8"}},{"type":"Feature","geometry":{"type":"LineString","coordinates":[[8.54075813175634,47.369982395986675],[8.540769039435862,47.36997842398676],[8.540772494361407,47.369979020679814],[8.54077889106271,47.36998741508642]]},"properties":{"layer":"LKZ1111-MLU1","infraType":"sewage","geomType":"pipe","source":"order_55302/NIS_ZH_ABWASSER.dxf","_dedupKey":"2683243.6,1247155.6|2683245.1,1247156.2"}},{"type":"Feature","geometry":{"type":"LineString","coordinates":[[8.541234719610346,47.369920997944725],[8.541242111232414,47.36990707484152]]},"properties":{"layer":"LKZ1111-MLU1","infraType":"sewage","geomType":"pipe","source":"order_55302/NIS_ZH_ABWASSER.dxf","_dedupKey":"2683279.7,1247149.3|2683280.2,1247147.7"}},{"type":"Feature","geometry":{"type":"LineString","coordinates":[[8.540614464620315,47.37007821591536],[8.540597378890189,47.37006515604979],[8.540595572794622,47.37005464895033],[8.54058514184848,47.37003684811079]]},"properties":{"layer":"LKZ1113-MLU1","infraType":"sewage","geomType":"pipe","source":"order_55302/NIS_ZH_ABWASSER.dxf","_dedupKey":"2683230.4,1247161.5|2683232.6,1247166.1"}},{"type":"Feature","geometry":{"type":"LineString","coordinates":[[8.541686009006913,47.369801640865525],[8.541770522670811,47.36988026094797]]},"properties":{"layer":"LKZ1114-MLU1","infraType":"sewage","geomType":"pipe","source":"order_55302/NIS_ZH_ABWASSER.dxf","_dedupKey":"2683313.9,1247136.5|2683320.2,1247145.3"}},{"type":"Feature","geometry":{"type":"LineString","coordinates":[[8.541747715846661,47.369929862183874],[8.541732660127737,47.36987414605158]]},"properties":{"layer":"LKZ1111-MLU1","infraType":"sewage","geomType":"pipe","source":"order_55302/NIS_ZH_ABWASSER.dxf","_dedupKey":"2683317.3,1247144.6|2683318.4,1247150.8"}},{"type":"Feature","geometry":{"type":"LineString","coordinates":[[8.541523313312352,47.36993119561029],[8.541521812735992,47.36992266454024],[8.541517487231523,47.369918388168315],[8.541515315720467,47.36990302718578],[8.541527351762243,47.369889599424525],[8.54152704978633,47.369887803276754]]},"properties":{"layer":"LKZ1111-MLU1","infraType":"sewage","geomType":"pipe","source":"order_55302/NIS_ZH_ABWASSER.dxf","_dedupKey":"2683301.4,1247150.7|2683301.8,1247145.9"}},{"type":"Feature","geometry":{"type":"LineString","coordinates":[[8.54148683039209,47.37010056295738],[8.54151087039612,47.37008495169349],[8.541505288923078,47.37001997000997],[8.541499198954915,47.36994320952561],[8.54150947657045,47.36993438608675],[8.541506921762402,47.36990049874166],[8.541501367619455,47.36989443506965],[8.541500735759426,47.36988949376692]]},"properties":{"layer":"LKZ1111-MLU1","infraType":"sewage","geomType":"pipe","source":"order_55302/NIS_ZH_ABWASSER.dxf","_dedupKey":"2683298.4,1247169.5|2683299.8,1247146.1"}},{"type":"Feature","geometry":{"type":"LineString","coordinates":[[8.540471028243033,47.36999305094969],[8.540491080215538,47.37000869113117],[8.540538837754072,47.37004511565669],[8.540547427278248,47.370050700657686],[8.540552921451194,47.37006027305689],[8.540553016263635,47.37006485968119]]},"properties":{"layer":"LKZ1111-MLU1","infraType":"sewage","geomType":"pipe","source":"order_55302/NIS_ZH_ABWASSER.dxf","_dedupKey":"2683221.9,1247156.5|2683228,1247164.5"}},{"type":"Feature","geometry":{"type":"LineString","coordinates":[[8.54144957269186,47.36952208036997],[8.541442801583655,47.36954679175327],[8.541423886121201,47.36954769197218],[8.541376525274586,47.369517650580214]]},"properties":{"layer":"LKZ1113-MLU1","infraType":"sewage","geomType":"pipe","source":"order_55302/NIS_ZH_ABWASSER.dxf","_dedupKey":"2683291,1247104.6|2683296.5,1247105.2"}},{"type":"Feature","geometry":{"type":"LineString","coordinates":[[8.54170572482351,47.369647455479445],[8.54170209375155,47.36957435952584],[8.541723430764556,47.369536915793304]]},"properties":{"layer":"LKZ1111-MLU0","infraType":"sewage","geomType":"pipe","source":"order_55302/NIS_ZH_ABWASSER.dxf","_dedupKey":"2683315.7,1247119.4|2683317.2,1247107.1"}},{"type":"Feature","geometry":{"type":"LineString","coordinates":[[8.540672954960472,47.36969230539929],[8.540602518181478,47.369679664617266]]},"properties":{"layer":"LKZ1113-MLU1","infraType":"sewage","geomType":"pipe","source":"order_55302/NIS_ZH_ABWASSER.dxf","_dedupKey":"2683232.3,1247121.8|2683237.6,1247123.3"}},{"type":"Feature","geometry":{"type":"LineString","coordinates":[[8.540717428368957,47.369544270538384],[8.540648455392303,47.36953197562433]]},"properties":{"layer":"LKZ1113-MLU1","infraType":"sewage","geomType":"pipe","source":"order_55302/NIS_ZH_ABWASSER.dxf","_dedupKey":"2683236,1247105.4|2683241.2,1247106.8"}},{"type":"Feature","geometry":{"type":"LineString","coordinates":[[8.540587865971423,47.36947687369231],[8.540663266357747,47.36947984230449]]},"properties":{"layer":"LKZ1113-MLU1","infraType":"sewage","geomType":"pipe","source":"order_55302/NIS_ZH_ABWASSER.dxf","_dedupKey":"2683231.5,1247099.2|2683237.2,1247099.6"}},{"type":"Feature","geometry":{"type":"LineString","coordinates":[[8.54081145083864,47.369660220429296],[8.540796372495777,47.369660993976865],[8.540791424217693,47.36965861250375],[8.540784264701669,47.36955568628464]]},"properties":{"layer":"LKZ1114-MLU1","infraType":"sewage","geomType":"pipe","source":"order_55302/NIS_ZH_ABWASSER.dxf","_dedupKey":"2683246.2,1247108.2|2683248.1,1247119.8"}},{"type":"Feature","geometry":{"type":"LineString","coordinates":[[8.541372089884199,47.3695528639926],[8.541371467631802,47.36954198579323]]},"properties":{"layer":"LKZ1110-MLU0","infraType":"sewage","geomType":"pipe","source":"order_55302/NIS_ZH_ABWASSER.dxf","_dedupKey":"2683290.6,1247107.3|2683290.6,1247108.5"}},{"type":"Feature","geometry":{"type":"LineString","coordinates":[[8.537891580304143,47.367468582442584],[8.537925831082669,47.36749227351713]]},"properties":{"layer":"LKZ1111-MLU1","infraType":"sewage","geomType":"pipe","source":"order_55333/NIS_ZH_ABWASSER.dxf","_dedupKey":"2683031,1246873.1|2683033.5,1246875.8"}},{"type":"Feature","geometry":{"type":"LineString","coordinates":[[8.537433821583246,47.36727351574253],[8.537068643709926,47.36776101874595]]},"properties":{"layer":"LKZ1113-MLU1","infraType":"sewage","geomType":"pipe","source":"order_55333/NIS_ZH_ABWASSER.dxf","_dedupKey":"2682968.4,1246904.7|2682996.7,1246850.9"}},{"type":"Feature","geometry":{"type":"LineString","coordinates":[[8.537199018778274,47.368619985339635],[8.537213085810567,47.368653673315315]]},"properties":{"layer":"LKZ1110-MLU1","infraType":"sewage","geomType":"pipe","source":"order_55333/NIS_ZH_ABWASSER.dxf","_dedupKey":"2682976.9,1247000.4|2682977.9,1247004.1"}},{"type":"Feature","geometry":{"type":"LineString","coordinates":[[8.537138993626211,47.368637017386334],[8.537014000166227,47.36868821918402]]},"properties":{"layer":"LKZ1110-MLU1","infraType":"sewage","geomType":"pipe","source":"order_55333/NIS_ZH_ABWASSER.dxf","_dedupKey":"2682962.8,1247007.8|2682972.3,1247002.2"}},{"type":"Feature","geometry":{"type":"LineString","coordinates":[[8.537005050118701,47.36867795987242],[8.537153560233804,47.368566446792904]]},"properties":{"layer":"LKZ1113-MLU1","infraType":"sewage","geomType":"pipe","source":"order_55333/NIS_ZH_ABWASSER.dxf","_dedupKey":"2682962.2,1247006.6|2682973.5,1246994.4"}},{"type":"Feature","geometry":{"type":"LineString","coordinates":[[8.537210548691306,47.36840848956518],[8.53714616510458,47.36849671473918]]},"properties":{"layer":"LKZ1113-MLU1","infraType":"sewage","geomType":"pipe","source":"order_55333/NIS_ZH_ABWASSER.dxf","_dedupKey":"2682973.1,1246986.6|2682978.1,1246976.9"}},{"type":"Feature","geometry":{"type":"LineString","coordinates":[[8.537338139146245,47.36949191138085],[8.536966655095506,47.36972554050052]]},"properties":{"layer":"LKZ1111-MLU1","infraType":"sewage","geomType":"pipe","source":"order_55333/NIS_ZH_ABWASSER.dxf","_dedupKey":"2682957.6,1247123|2682986,1247097.4"}},{"type":"Feature","geometry":{"type":"LineString","coordinates":[[8.537158082842648,47.367507314264515],[8.53727704374753,47.367349846898335]]},"properties":{"layer":"LKZ1111-MLU1","infraType":"sewage","geomType":"pipe","source":"order_55333/NIS_ZH_ABWASSER.dxf","_dedupKey":"2682975.5,1246876.6|2682984.8,1246859.2"}},{"type":"Feature","geometry":{"type":"LineString","coordinates":[[8.537435540829705,47.36731838522007],[8.537891580304143,47.367468582442584]]},"properties":{"layer":"LKZ1111-MLU1","infraType":"sewage","geomType":"pipe","source":"order_55333/NIS_ZH_ABWASSER.dxf","_dedupKey":"2682996.8,1246855.9|2683031,1246873.1"}},{"type":"Feature","geometry":{"type":"LineString","coordinates":[[8.536870059846544,47.36789045851681],[8.537136670102011,47.367534773250455]]},"properties":{"layer":"LKZ1111-MLU1","infraType":"sewage","geomType":"pipe","source":"order_55333/NIS_ZH_ABWASSER.dxf","_dedupKey":"2682953.2,1246918.9|2682973.9,1246879.7"}},{"type":"Feature","geometry":{"type":"LineString","coordinates":[[8.537136670102011,47.367534773250455],[8.537158082842648,47.367507314264515]]},"properties":{"layer":"LKZ1111-MLU1","infraType":"sewage","geomType":"pipe","source":"order_55333/NIS_ZH_ABWASSER.dxf","_dedupKey":"2682973.9,1246879.7|2682975.5,1246876.6"}},{"type":"Feature","geometry":{"type":"LineString","coordinates":[[8.536764015200466,47.36828941243774],[8.537053262673709,47.36843463223396],[8.537158050222757,47.36853375168137]]},"properties":{"layer":"LKZ1113-MLU1","infraType":"sewage","geomType":"pipe","source":"order_55333/NIS_ZH_ABWASSER.dxf","_dedupKey":"2682944.6,1246963.2|2682973.9,1246990.7"}},{"type":"Feature","geometry":{"type":"LineString","coordinates":[[8.53734802908991,47.368314351822214],[8.537291289070023,47.368304457191314],[8.537289021978596,47.368303669192926]]},"properties":{"layer":"LKZ1113-MLU1","infraType":"sewage","geomType":"pipe","source":"order_55333/NIS_ZH_ABWASSER.dxf","_dedupKey":"2682984.2,1246965.3|2682988.6,1246966.5"}},{"type":"Feature","geometry":{"type":"LineString","coordinates":[[8.53717823617565,47.368388917617466],[8.53721343212632,47.36840063635499],[8.537215833451437,47.36840151302964]]},"properties":{"layer":"LKZ1113-MLU1","infraType":"sewage","geomType":"pipe","source":"order_55333/NIS_ZH_ABWASSER.dxf","_dedupKey":"2682975.7,1246974.7|2682978.5,1246976.1"}},{"type":"Feature","geometry":{"type":"LineString","coordinates":[[8.537280347817665,47.36829394698656],[8.537283657537845,47.368306778573874],[8.537285926482816,47.36830765650628]]},"properties":{"layer":"LKZ1113-MLU1","infraType":"sewage","geomType":"pipe","source":"order_55333/NIS_ZH_ABWASSER.dxf","_dedupKey":"2682983.5,1246964.2|2682983.9,1246965.7"}},{"type":"Feature","geometry":{"type":"LineString","coordinates":[[8.537171778761927,47.369431247336685],[8.53727768996676,47.36950768819875],[8.537279712737906,47.36950946798815]]},"properties":{"layer":"LKZ1113-MLU1","infraType":"sewage","geomType":"pipe","source":"order_55333/NIS_ZH_ABWASSER.dxf","_dedupKey":"2682973.6,1247090.5|2682981.6,1247099.3"}},{"type":"Feature","geometry":{"type":"LineString","coordinates":[[8.537974633219813,47.36731631347843],[8.537987204169989,47.36734165011809],[8.537901131257685,47.36745661793067],[8.53788924162166,47.36745790046424],[8.537886151783374,47.36746215759646],[8.537883449797127,47.36746596127927]]},"properties":{"layer":"LKZ1111-MLU1","infraType":"sewage","geomType":"pipe","source":"order_55333/NIS_ZH_ABWASSER.dxf","_dedupKey":"2683030.4,1246872.8|2683037.5,1246856.3"}},{"type":"Feature","geometry":{"type":"LineString","coordinates":[[8.537263905900293,47.36766318321321],[8.537197098369363,47.36764016142636],[8.537192668821664,47.36763723515743],[8.537187868094488,47.367635571740685],[8.53717719201934,47.36763792207601],[8.537164257088836,47.36763345757688]]},"properties":{"layer":"LKZ1113-MLU1","infraType":"sewage","geomType":"pipe","source":"order_55333/NIS_ZH_ABWASSER.dxf","_dedupKey":"2682975.8,1246890.7|2682983.3,1246894.1"}},{"type":"Feature","geometry":{"type":"LineString","coordinates":[[8.536971181698165,47.36742615646607],[8.536972982247661,47.36743000726034],[8.537108427658536,47.3674749542242],[8.537127209797852,47.36750616868118],[8.537225828216622,47.36754372993509],[8.537230362333002,47.36754530593466]]},"properties":{"layer":"LKZ1113-MLU1","infraType":"sewage","geomType":"pipe","source":"order_55333/NIS_ZH_ABWASSER.dxf","_dedupKey":"2682961.5,1246867.4|2682980.9,1246880.9"}},{"type":"Feature","geometry":{"type":"LineString","coordinates":[[8.537366090807325,47.36953113419745],[8.537310624493918,47.36949316258],[8.537307947236593,47.36949174882285]]},"properties":{"layer":"LKZ1113-MLU1","infraType":"sewage","geomType":"pipe","source":"order_55333/NIS_ZH_ABWASSER.dxf","_dedupKey":"2682983.8,1247097.4|2682988.1,1247101.8"}},{"type":"Feature","geometry":{"type":"LineString","coordinates":[[8.537310464179075,47.36821981028928],[8.537315130732345,47.368221385026004],[8.537331642153056,47.36823876850897],[8.53733404161925,47.368239555247264],[8.537336308708618,47.368240343244814]]},"properties":{"layer":"LKZ1113-MLU1","infraType":"sewage","geomType":"pipe","source":"order_55333/NIS_ZH_ABWASSER.dxf","_dedupKey":"2682985.9,1246956|2682987.9,1246958.3"}},{"type":"Feature","geometry":{"type":"LineString","coordinates":[[8.537226165358158,47.36763718639918],[8.537175094130797,47.36762606842444],[8.53717082846647,47.3676246697724]]},"properties":{"layer":"LKZ1113-MLU1","infraType":"sewage","geomType":"pipe","source":"order_55333/NIS_ZH_ABWASSER.dxf","_dedupKey":"2682976.3,1246889.7|2682980.5,1246891.1"}},{"type":"Feature","geometry":{"type":"LineString","coordinates":[[8.537189135954055,47.36757502228197],[8.537197096212088,47.367582232642825],[8.537201496102295,47.367583719968735]]},"properties":{"layer":"LKZ1113-MLU1","infraType":"sewage","geomType":"pipe","source":"order_55333/NIS_ZH_ABWASSER.dxf","_dedupKey":"2682977.8,1246884.2|2682978.7,1246885.2"}},{"type":"Feature","geometry":{"type":"LineString","coordinates":[[8.537527254359347,47.36745774713465],[8.537570860642907,47.36737007920657],[8.537574979835675,47.36736437306333]]},"properties":{"layer":"LKZ1111-MLU1","infraType":"sewage","geomType":"pipe","source":"order_55333/NIS_ZH_ABWASSER.dxf","_dedupKey":"2683003.5,1246871.5|2683007.2,1246861.2"}},{"type":"Feature","geometry":{"type":"LineString","coordinates":[[8.537143193427683,47.36949619434709],[8.537149989288064,47.36949828854827],[8.537240994244351,47.36952602754681],[8.537248017803218,47.36952632054627],[8.537250562680587,47.36952773556399]]},"properties":{"layer":"LKZ1113-MLU1","infraType":"sewage","geomType":"pipe","source":"order_55333/NIS_ZH_ABWASSER.dxf","_dedupKey":"2682971.3,1247097.7|2682979.4,1247101.3"}},{"type":"Feature","geometry":{"type":"LineString","coordinates":[[8.537131549663302,47.36783885821116],[8.536966019396079,47.36777323866039],[8.536964338240724,47.36776875707008],[8.536961938801197,47.36776797032396]]},"properties":{"layer":"LKZ1111-MLU1","infraType":"sewage","geomType":"pipe","source":"order_55333/NIS_ZH_ABWASSER.dxf","_dedupKey":"2682960.3,1246905.4|2682973,1246913.5"}},{"type":"Feature","geometry":{"type":"LineString","coordinates":[[8.537232681917862,47.369392528620004],[8.537365140017911,47.36945288542798],[8.53736729331614,47.36945457402273]]},"properties":{"layer":"LKZ1113-MLU1","infraType":"sewage","geomType":"pipe","source":"order_55333/NIS_ZH_ABWASSER.dxf","_dedupKey":"2682978.2,1247086.3|2682988.3,1247093.3"}},{"type":"Feature","geometry":{"type":"LineString","coordinates":[[8.537359294163775,47.36953542657351],[8.537317155903,47.36950812235277],[8.53731473969768,47.369506526209555]]},"properties":{"layer":"LKZ1111-MLU1","infraType":"sewage","geomType":"pipe","source":"order_55333/NIS_ZH_ABWASSER.dxf","_dedupKey":"2682984.3,1247099|2682987.6,1247102.3"}},{"type":"Feature","geometry":{"type":"LineString","coordinates":[[8.53722860089667,47.369586412937984],[8.537216626299418,47.369577171878696],[8.537208012317961,47.36957680405302],[8.537205987693254,47.3695749343285]]},"properties":{"layer":"LKZ1111-MLU1","infraType":"sewage","geomType":"pipe","source":"order_55333/NIS_ZH_ABWASSER.dxf","_dedupKey":"2682975.9,1247106.5|2682977.6,1247107.8"}},{"type":"Feature","geometry":{"type":"LineString","coordinates":[[8.537387500734921,47.36749928510036],[8.53728976364717,47.36746594332356]]},"properties":{"layer":"LKZ1113-MLU1","infraType":"sewage","geomType":"pipe","source":"order_55333/NIS_ZH_ABWASSER.dxf","_dedupKey":"2682985.5,1246872.2|2682992.9,1246876"}},{"type":"Feature","geometry":{"type":"LineString","coordinates":[[8.537318673760298,47.368431837929656],[8.53733093635733,47.36841651946948],[8.537242327945647,47.368382910904145],[8.537231631335716,47.368384271971],[8.53722897452359,47.36838384748454]]},"properties":{"layer":"LKZ1111-MLU1","infraType":"sewage","geomType":"pipe","source":"order_55333/NIS_ZH_ABWASSER.dxf","_dedupKey":"2682979.5,1246974.1|2682986.2,1246979.6"}},{"type":"Feature","geometry":{"type":"LineString","coordinates":[[8.537156603686787,47.367467659694576],[8.537180027706517,47.3674735536035],[8.537182827967568,47.36747451643569]]},"properties":{"layer":"LKZ1111-MLU1","infraType":"sewage","geomType":"pipe","source":"order_55333/NIS_ZH_ABWASSER.dxf","_dedupKey":"2682975.5,1246872.2|2682977.5,1246873"}},{"type":"Feature","geometry":{"type":"LineString","coordinates":[[8.537084963616607,47.36750567096667],[8.53709856594431,47.36751039898161],[8.537110138676896,47.36753871360715],[8.537128940710868,47.36754519119542]]},"properties":{"layer":"LKZ1111-MLU1","infraType":"sewage","geomType":"pipe","source":"order_55333/NIS_ZH_ABWASSER.dxf","_dedupKey":"2682970,1246876.4|2682973.3,1246880.8"}},{"type":"Feature","geometry":{"type":"LineString","coordinates":[[8.537076465753856,47.370627339298814],[8.53652266073803,47.37102245435495]]},"properties":{"layer":"LKZ1113-MLU1","infraType":"sewage","geomType":"pipe","source":"order_55334/NIS_ZH_ABWASSER.dxf","_dedupKey":"2682922.1,1247266.7|2682964.5,1247223.4"}},{"type":"Feature","geometry":{"type":"LineString","coordinates":[[8.537658647518448,47.37090253977875],[8.537076465753856,47.370627339298814]]},"properties":{"layer":"LKZ1113-MLU1","infraType":"sewage","geomType":"pipe","source":"order_55334/NIS_ZH_ABWASSER.dxf","_dedupKey":"2682964.5,1247223.4|2683008.1,1247254.6"}},{"type":"Feature","geometry":{"type":"LineString","coordinates":[[8.536645436583402,47.369963368015505],[8.536949432468683,47.369770050362945]]},"properties":{"layer":"LKZ1111-MLU1","infraType":"sewage","geomType":"pipe","source":"order_55334/NIS_ZH_ABWASSER.dxf","_dedupKey":"2682933,1247149.1|2682956.3,1247128"}},{"type":"Feature","geometry":{"type":"LineString","coordinates":[[8.536392078498633,47.36877724714212],[8.536720201244687,47.36874633300385]]},"properties":{"layer":"LKZ1113-MLU1","infraType":"sewage","geomType":"pipe","source":"order_55334/NIS_ZH_ABWASSER.dxf","_dedupKey":"2682915.7,1247017|2682940.5,1247013.9"}},{"type":"Feature","geometry":{"type":"LineString","coordinates":[[8.537282903659083,47.36986987331145],[8.537058390574662,47.3697437378383]]},"properties":{"layer":"LKZ1111-MLU1","infraType":"sewage","geomType":"pipe","source":"order_55334/NIS_ZH_ABWASSER.dxf","_dedupKey":"2682964.5,1247125.1|2682981.3,1247139.4"}},{"type":"Feature","geometry":{"type":"LineString","coordinates":[[8.536949432468683,47.369770050362945],[8.536966655095506,47.36972554050052]]},"properties":{"layer":"LKZ1111-MLU1","infraType":"sewage","geomType":"pipe","source":"order_55334/NIS_ZH_ABWASSER.dxf","_dedupKey":"2682956.3,1247128|2682957.6,1247123"}},{"type":"Feature","geometry":{"type":"LineString","coordinates":[[8.538857583334186,47.37072777360852],[8.538966015149605,47.37075930312937]]},"properties":{"layer":"LKZ1113-MLU1","infraType":"sewage","geomType":"pipe","source":"order_55334/NIS_ZH_ABWASSER.dxf","_dedupKey":"2683098.9,1247236.4|2683107,1247240.1"}},{"type":"Feature","geometry":{"type":"LineString","coordinates":[[8.540061768453432,47.370538282744164],[8.540059126752913,47.370506555047]]},"properties":{"layer":"LKZ1113-MLU1","infraType":"sewage","geomType":"pipe","source":"order_55334/NIS_ZH_ABWASSER.dxf","_dedupKey":"2683190,1247213.1|2683190.1,1247216.7"}},{"type":"Feature","geometry":{"type":"LineString","coordinates":[[8.536722502698257,47.36875521632359],[8.5363933245766,47.368786320401675]]},"properties":{"layer":"LKZ1110-MLU1","infraType":"sewage","geomType":"pipe","source":"order_55334/NIS_ZH_ABWASSER.dxf","_dedupKey":"2682915.8,1247018|2682940.7,1247014.9"}},{"type":"Feature","geometry":{"type":"LineString","coordinates":[[8.538808539692507,47.37071240930141],[8.538837976387446,47.37072085420515]]},"properties":{"layer":"LKZ1113-MLU1","infraType":"sewage","geomType":"pipe","source":"order_55334/NIS_ZH_ABWASSER.dxf","_dedupKey":"2683095.2,1247234.7|2683097.4,1247235.7"}},{"type":"Feature","geometry":{"type":"LineString","coordinates":[[8.536966655095506,47.36972554050052],[8.536446047315563,47.36944336479416]]},"properties":{"layer":"LKZ1111-MLU1","infraType":"sewage","geomType":"pipe","source":"order_55334/NIS_ZH_ABWASSER.dxf","_dedupKey":"2682918.7,1247091.1|2682957.6,1247123"}},{"type":"Feature","geometry":{"type":"LineString","coordinates":[[8.536734192573942,47.3687442210487],[8.536993786056975,47.36868391384074]]},"properties":{"layer":"LKZ1113-MLU1","infraType":"sewage","geomType":"pipe","source":"order_55334/NIS_ZH_ABWASSER.dxf","_dedupKey":"2682941.6,1247013.7|2682961.3,1247007.3"}},{"type":"Feature","geometry":{"type":"LineString","coordinates":[[8.537058390574662,47.3697437378383],[8.536966655095506,47.36972554050052]]},"properties":{"layer":"LKZ1111-MLU1","infraType":"sewage","geomType":"pipe","source":"order_55334/NIS_ZH_ABWASSER.dxf","_dedupKey":"2682957.6,1247123|2682964.5,1247125.1"}},{"type":"Feature","geometry":{"type":"LineString","coordinates":[[8.536874564715506,47.369741528033536],[8.536573981857645,47.369926987266396]]},"properties":{"layer":"LKZ1113-MLU1","infraType":"sewage","geomType":"pipe","source":"order_55334/NIS_ZH_ABWASSER.dxf","_dedupKey":"2682927.7,1247145|2682950.6,1247124.7"}},{"type":"Feature","geometry":{"type":"LineString","coordinates":[[8.53881983977267,47.370682527719424],[8.538845789434411,47.37071448317762]]},"properties":{"layer":"LKZ1113-MLU1","infraType":"sewage","geomType":"pipe","source":"order_55334/NIS_ZH_ABWASSER.dxf","_dedupKey":"2683096.1,1247231.4|2683098,1247235"}},{"type":"Feature","geometry":{"type":"LineString","coordinates":[[8.536999260920126,47.36869258707408],[8.53673807515765,47.36875272952947]]},"properties":{"layer":"LKZ1110-MLU1","infraType":"sewage","geomType":"pipe","source":"order_55334/NIS_ZH_ABWASSER.dxf","_dedupKey":"2682941.9,1247014.6|2682961.7,1247008.2"}},{"type":"Feature","geometry":{"type":"LineString","coordinates":[[8.540427943657933,47.37063112840004],[8.540059126752913,47.370506555047]]},"properties":{"layer":"LKZ1113-MLU1","infraType":"sewage","geomType":"pipe","source":"order_55334/NIS_ZH_ABWASSER.dxf","_dedupKey":"2683190,1247213.1|2683217.6,1247227.4"}},{"type":"Feature","geometry":{"type":"LineString","coordinates":[[8.536487351698652,47.369443062145244],[8.536959081992997,47.369692150558166]]},"properties":{"layer":"LKZ1113-MLU1","infraType":"sewage","geomType":"pipe","source":"order_55334/NIS_ZH_ABWASSER.dxf","_dedupKey":"2682921.9,1247091.1|2682957.1,1247119.3"}},{"type":"Feature","geometry":{"type":"LineString","coordinates":[[8.53859641082305,47.37060927635802],[8.538788692779198,47.3707195246094],[8.538808539692507,47.37071240930141]]},"properties":{"layer":"LKZ1113-MLU1","infraType":"sewage","geomType":"pipe","source":"order_55334/NIS_ZH_ABWASSER.dxf","_dedupKey":"2683079.3,1247223|2683095.2,1247234.7"}},{"type":"Feature","geometry":{"type":"LineString","coordinates":[[8.538711246192038,47.37107943857176],[8.538841842152777,47.37073493976775]]},"properties":{"layer":"LKZ1113-MLU1","infraType":"sewage","geomType":"pipe","source":"order_55334/NIS_ZH_ABWASSER.dxf","_dedupKey":"2683087.3,1247275.4|2683097.7,1247237.2"}},{"type":"Feature","geometry":{"type":"LineString","coordinates":[[8.53995367475149,47.370702575487094],[8.540061768453432,47.370538282744164]]},"properties":{"layer":"LKZ1113-MLU1","infraType":"sewage","geomType":"pipe","source":"order_55334/NIS_ZH_ABWASSER.dxf","_dedupKey":"2683181.7,1247234.8|2683190.1,1247216.7"}},{"type":"Feature","geometry":{"type":"LineString","coordinates":[[8.538966015149605,47.37075930312937],[8.538994709577509,47.37077027370669]]},"properties":{"layer":"LKZ1113-MLU1","infraType":"sewage","geomType":"pipe","source":"order_55334/NIS_ZH_ABWASSER.dxf","_dedupKey":"2683107,1247240.1|2683109.2,1247241.3"}},{"type":"Feature","geometry":{"type":"LineString","coordinates":[[8.537400444076347,47.36990662478269],[8.53739249335349,47.36992559023301],[8.537386427921941,47.36992681730271]]},"properties":{"layer":"LKZ1111-MLU1","infraType":"sewage","geomType":"pipe","source":"order_55334/NIS_ZH_ABWASSER.dxf","_dedupKey":"2682989,1247145.8|2682990.1,1247143.6"}},{"type":"Feature","geometry":{"type":"LineString","coordinates":[[8.536778620733038,47.370746658609534],[8.536815808332864,47.37080999067994],[8.536818094051853,47.370811678025525]]},"properties":{"layer":"LKZ1113-MLU1","infraType":"sewage","geomType":"pipe","source":"order_55334/NIS_ZH_ABWASSER.dxf","_dedupKey":"2682941.8,1247236.3|2682944.7,1247243.6"}},{"type":"Feature","geometry":{"type":"LineString","coordinates":[[8.537371876188653,47.37049275060991],[8.537360335584028,47.37048530446717],[8.537345378217925,47.370485536701295],[8.537310920323277,47.370464725877774],[8.53730443729161,47.37046496744838],[8.5373021515721,47.370463280112254]]},"properties":{"layer":"LKZ1113-MLU1","infraType":"sewage","geomType":"pipe","source":"order_55334/NIS_ZH_ABWASSER.dxf","_dedupKey":"2682981.8,1247205.4|2682987,1247208.7"}},{"type":"Feature","geometry":{"type":"LineString","coordinates":[[8.537359699884867,47.37083989924228],[8.537404512754247,47.37079134891019],[8.537404360744537,47.370783974335225],[8.537405395711152,47.37078279512049]]},"properties":{"layer":"LKZ1113-MLU1","infraType":"sewage","geomType":"pipe","source":"order_55334/NIS_ZH_ABWASSER.dxf","_dedupKey":"2682985.6,1247247.3|2682989.1,1247241"}},{"type":"Feature","geometry":{"type":"LineString","coordinates":[[8.537169426696524,47.36979899145591],[8.537151356191812,47.36979592507059]]},"properties":{"layer":"LKZ1111-MLU1","infraType":"sewage","geomType":"pipe","source":"order_55334/NIS_ZH_ABWASSER.dxf","_dedupKey":"2682971.5,1247131|2682972.8,1247131.4"}},{"type":"Feature","geometry":{"type":"LineString","coordinates":[[8.53665167816335,47.369983547764015],[8.536573981857645,47.369926987266396]]},"properties":{"layer":"LKZ1114-MLU1","infraType":"sewage","geomType":"pipe","source":"order_55334/NIS_ZH_ABWASSER.dxf","_dedupKey":"2682927.7,1247145|2682933.4,1247151.4"}},{"type":"Feature","geometry":{"type":"LineString","coordinates":[[8.536830392820269,47.37088163328119],[8.536780993897974,47.37084900081433],[8.536771182705179,47.370848374482314],[8.53676876830813,47.37084686826217]]},"properties":{"layer":"LKZ1113-MLU1","infraType":"sewage","geomType":"pipe","source":"order_55334/NIS_ZH_ABWASSER.dxf","_dedupKey":"2682940.9,1247247.5|2682945.5,1247251.4"}},{"type":"Feature","geometry":{"type":"LineString","coordinates":[[8.53662626187707,47.37068451137833],[8.536627051747729,47.37070357358039],[8.536721376802141,47.37076384386448],[8.536782925746145,47.370833510795364],[8.536785209612365,47.37083510820771]]},"properties":{"layer":"LKZ1113-MLU1","infraType":"sewage","geomType":"pipe","source":"order_55334/NIS_ZH_ABWASSER.dxf","_dedupKey":"2682930.4,1247229.3|2682942.2,1247246.2"}},{"type":"Feature","geometry":{"type":"LineString","coordinates":[[8.536879631630816,47.37061086094787],[8.536927801887414,47.37064170602707],[8.536948128981694,47.37071572270223],[8.53695054337787,47.37071722891869]]},"properties":{"layer":"LKZ1113-MLU1","infraType":"sewage","geomType":"pipe","source":"order_55334/NIS_ZH_ABWASSER.dxf","_dedupKey":"2682949.7,1247221.4|2682954.9,1247233.3"}},{"type":"Feature","geometry":{"type":"LineString","coordinates":[[8.536841533552176,47.37063829858706],[8.536859606561846,47.37066718107088],[8.536916025986697,47.37073851583244],[8.536918440382994,47.37074002204959]]},"properties":{"layer":"LKZ1113-MLU1","infraType":"sewage","geomType":"pipe","source":"order_55334/NIS_ZH_ABWASSER.dxf","_dedupKey":"2682946.8,1247224.4|2682952.4,1247235.8"}},{"type":"Feature","geometry":{"type":"LineString","coordinates":[[8.537070382493795,47.37047349017429],[8.537077092423889,47.37047783398447],[8.537077635415688,47.37050418460374],[8.53716706326126,47.37055811454683],[8.537169218451274,47.37055989307854]]},"properties":{"layer":"LKZ1113-MLU1","infraType":"sewage","geomType":"pipe","source":"order_55334/NIS_ZH_ABWASSER.dxf","_dedupKey":"2682964.3,1247206.3|2682971.6,1247216"}},{"type":"Feature","geometry":{"type":"LineString","coordinates":[[8.539077807901593,47.37048541516344],[8.539098397168774,47.370495023712174],[8.539106103200945,47.37049629956402]]},"properties":{"layer":"LKZ1113-MLU1","infraType":"sewage","geomType":"pipe","source":"order_55334/NIS_ZH_ABWASSER.dxf","_dedupKey":"2683115.9,1247209.7|2683118,1247211"}},{"type":"Feature","geometry":{"type":"LineString","coordinates":[[8.53908779007154,47.37066108530552],[8.539054022589093,47.37066734382134],[8.539050170489489,47.37066675086067],[8.539042462577472,47.370665385071305]]},"properties":{"layer":"LKZ1111-MLU1","infraType":"sewage","geomType":"pipe","source":"order_55334/NIS_ZH_ABWASSER.dxf","_dedupKey":"2683112.9,1247229.7|2683116.4,1247229.3"}},{"type":"Feature","geometry":{"type":"LineString","coordinates":[[8.539042495041986,47.370782411668195],[8.539039571472932,47.37078189981242],[8.539017646563332,47.37077815082527],[8.53900661548867,47.37078257358903],[8.538998909417469,47.370781297730616]]},"properties":{"layer":"LKZ1113-MLU1","infraType":"sewage","geomType":"pipe","source":"order_55334/NIS_ZH_ABWASSER.dxf","_dedupKey":"2683109.5,1247242.5|2683112.8,1247242.7"}},{"type":"Feature","geometry":{"type":"LineString","coordinates":[[8.537385565457821,47.37083569532719],[8.537418770450433,47.37079571085051],[8.537417331682436,47.370790147546074],[8.537418499032112,47.370788967071825]]},"properties":{"layer":"LKZ1113-MLU1","infraType":"sewage","geomType":"pipe","source":"order_55334/NIS_ZH_ABWASSER.dxf","_dedupKey":"2682987.5,1247246.9|2682990.1,1247241.7"}},{"type":"Feature","geometry":{"type":"LineString","coordinates":[[8.537212876739698,47.3706352169832],[8.537140246202801,47.370657496125716]]},"properties":{"layer":"LKZ1113-MLU1","infraType":"sewage","geomType":"pipe","source":"order_55334/NIS_ZH_ABWASSER.dxf","_dedupKey":"2682969.3,1247226.8|2682974.8,1247224.4"}},{"type":"Feature","geometry":{"type":"LineString","coordinates":[[8.540010352759746,47.37044657271985],[8.540009838095791,47.370447297239664],[8.54001002436487,47.370449904057764],[8.540017795448552,47.37045432753204],[8.540005511310506,47.370462180499835],[8.539967086981617,47.37046092776267],[8.539965529980904,47.37046247178493]]},"properties":{"layer":"LKZ1111-MLU1","infraType":"sewage","geomType":"pipe","source":"order_55334/NIS_ZH_ABWASSER.dxf","_dedupKey":"2683183,1247208.1|2683186.4,1247206.4"}},{"type":"Feature","geometry":{"type":"LineString","coordinates":[[8.536594924216244,47.36948449670066],[8.536585268748434,47.36947856173624],[8.536579455142808,47.36947915670971],[8.536587628497069,47.3694838464427],[8.536584220948113,47.36949197446998],[8.536582527792946,47.36949333983765]]},"properties":{"layer":"LKZ1113-MLU1","infraType":"sewage","geomType":"pipe","source":"order_55334/NIS_ZH_ABWASSER.dxf","_dedupKey":"2682929,1247096.8|2682929.9,1247095.8"}},{"type":"Feature","geometry":{"type":"LineString","coordinates":[[8.536639680629461,47.36947822438296],[8.536616642080189,47.369497513115455],[8.536616219999292,47.36950273431476],[8.536620651522878,47.36950575053808],[8.536621032984787,47.36951141385614],[8.536619071364974,47.369512601873495]]},"properties":{"layer":"LKZ1113-MLU1","infraType":"sewage","geomType":"pipe","source":"order_55334/NIS_ZH_ABWASSER.dxf","_dedupKey":"2682931.7,1247099|2682933.3,1247095.2"}},{"type":"Feature","geometry":{"type":"LineString","coordinates":[[8.53692296022048,47.36960982861678],[8.537010995080555,47.36966692022814],[8.537022006748074,47.3696679848791],[8.537023766608948,47.36966985712462]]},"properties":{"layer":"LKZ1111-MLU1","infraType":"sewage","geomType":"pipe","source":"order_55334/NIS_ZH_ABWASSER.dxf","_dedupKey":"2682954.5,1247110.1|2682962,1247116.9"}},{"type":"Feature","geometry":{"type":"LineString","coordinates":[[8.536718703053051,47.36969560550712],[8.536811655693263,47.369644348912765],[8.536813471964061,47.36964253261367]]},"properties":{"layer":"LKZ1111-MLU1","infraType":"sewage","geomType":"pipe","source":"order_55334/NIS_ZH_ABWASSER.dxf","_dedupKey":"2682938.9,1247119.4|2682946.2,1247113.6"}},{"type":"Feature","geometry":{"type":"LineString","coordinates":[[8.536740005854957,47.36974631552105],[8.5367893872302,47.369791001673406],[8.536791542376564,47.369792780212556]]},"properties":{"layer":"LKZ1113-MLU1","infraType":"sewage","geomType":"pipe","source":"order_55334/NIS_ZH_ABWASSER.dxf","_dedupKey":"2682940.5,1247125.1|2682944.3,1247130.3"}},{"type":"Feature","geometry":{"type":"LineString","coordinates":[[8.540085798450512,47.37054138179779],[8.54008703493603,47.37053714228467],[8.540062019245317,47.37052478762386],[8.540060559321212,47.37052462164268]]},"properties":{"layer":"LKZ1111-MLU1","infraType":"sewage","geomType":"pipe","source":"order_55334/NIS_ZH_ABWASSER.dxf","_dedupKey":"2683190,1247215.1|2683191.9,1247217"}},{"type":"Feature","geometry":{"type":"LineString","coordinates":[[8.539977664202445,47.370543492357356],[8.539984773384242,47.37054792214527],[8.539986785592014,47.37054277572132],[8.539982985974353,47.37053831437577],[8.539981873028518,47.370535716393924],[8.53999337263724,47.37052193410922],[8.54000694204733,47.37050579334693],[8.540002057810467,47.37049369646479],[8.54000246098579,47.370487575916584],[8.540004217715541,47.37048288168593],[8.540005776573885,47.370481427597]]},"properties":{"layer":"LKZ1111-MLU1","infraType":"sewage","geomType":"pipe","source":"order_55334/NIS_ZH_ABWASSER.dxf","_dedupKey":"2683183.8,1247217.1|2683186,1247210.3"}},{"type":"Feature","geometry":{"type":"LineString","coordinates":[[8.536728362894465,47.36952820388421],[8.536710663019274,47.369543124206814],[8.536710902848046,47.36954833911364],[8.536717200671173,47.36955196725053],[8.536717145251611,47.369562132296736],[8.536715317864852,47.36956340899105]]},"properties":{"layer":"LKZ1113-MLU1","infraType":"sewage","geomType":"pipe","source":"order_55334/NIS_ZH_ABWASSER.dxf","_dedupKey":"2682938.9,1247104.7|2682939.9,1247100.8"}},{"type":"Feature","geometry":{"type":"LineString","coordinates":[[8.536734796513338,47.3687735395024],[8.536751407624715,47.368770053364855],[8.536757477487033,47.368762619629905],[8.536749730839219,47.3687465020087],[8.536750663887654,47.36874037643417]]},"properties":{"layer":"LKZ1113-MLU1","infraType":"sewage","geomType":"pipe","source":"order_55334/NIS_ZH_ABWASSER.dxf","_dedupKey":"2682941.6,1247016.9|2682942.8,1247013.3"}},{"type":"Feature","geometry":{"type":"LineString","coordinates":[[8.538446897389855,47.37064020421349],[8.538544019907635,47.37069477944585],[8.538552074855842,47.370693713273155],[8.5386241641861,47.37063239944097],[8.538630902718554,47.37063170560559],[8.538632856911317,47.37063015781919]]},"properties":{"layer":"LKZ1113-MLU1","infraType":"sewage","geomType":"pipe","source":"order_55334/NIS_ZH_ABWASSER.dxf","_dedupKey":"2683068,1247226.3|2683082.1,1247225.4"}},{"type":"Feature","geometry":{"type":"LineString","coordinates":[[8.538490563948113,47.3706324123895],[8.538615761591052,47.37062303455567],[8.538617715783934,47.37062148676947]]},"properties":{"layer":"LKZ1113-MLU1","infraType":"sewage","geomType":"pipe","source":"order_55334/NIS_ZH_ABWASSER.dxf","_dedupKey":"2683071.3,1247225.5|2683080.9,1247224.4"}},{"type":"Feature","geometry":{"type":"LineString","coordinates":[[8.53855680184724,47.37055703193207],[8.538568160126328,47.37058130062357],[8.538626179621504,47.370614569849955],[8.538622675189263,47.37062440793805]]},"properties":{"layer":"LKZ1113-MLU1","infraType":"sewage","geomType":"pipe","source":"order_55334/NIS_ZH_ABWASSER.dxf","_dedupKey":"2683076.4,1247217.1|2683081.3,1247224.7"}},{"type":"Feature","geometry":{"type":"LineString","coordinates":[[8.53988902032402,47.37066865056894],[8.53989221795063,47.37066960954785],[8.539907853993627,47.37067018007678],[8.539914174463261,47.370674887243624],[8.539963750237227,47.370683949403535],[8.539965614746515,47.37068447133424]]},"properties":{"layer":"LKZ1111-MLU0","infraType":"sewage","geomType":"pipe","source":"order_55334/NIS_ZH_ABWASSER.dxf","_dedupKey":"2683176.9,1247231|2683182.6,1247232.8"}},{"type":"Feature","geometry":{"type":"LineString","coordinates":[[8.540035519574637,47.37074821004797],[8.53999058752692,47.37085496119259],[8.539995071382362,47.37086049543136],[8.539996932181822,47.37086083749399],[8.539998794839468,47.37086126949037]]},"properties":{"layer":"LKZ1113-MLU1","infraType":"sewage","geomType":"pipe","source":"order_55334/NIS_ZH_ABWASSER.dxf","_dedupKey":"2683184.9,1247252.5|2683187.8,1247240"}},{"type":"Feature","geometry":{"type":"LineString","coordinates":[[8.537283264487996,47.370427029416064],[8.537260339692809,47.37049039341401],[8.537263276203472,47.370491534851915]]},"properties":{"layer":"LKZ1113-MLU1","infraType":"sewage","geomType":"pipe","source":"order_55334/NIS_ZH_ABWASSER.dxf","_dedupKey":"2682978.8,1247208.5|2682980.4,1247201.3"}},{"type":"Feature","geometry":{"type":"LineString","coordinates":[[8.538970068778559,47.370737586200555],[8.539005884608345,47.37074075310355],[8.539013590673848,47.370742028961466]]},"properties":{"layer":"LKZ1113-MLU1","infraType":"sewage","geomType":"pipe","source":"order_55334/NIS_ZH_ABWASSER.dxf","_dedupKey":"2683107.4,1247237.7|2683110.6,1247238.2"}},{"type":"Feature","geometry":{"type":"LineString","coordinates":[[8.536590785849627,47.36945071427701],[8.536567611209938,47.36946982439049],[8.536569066524393,47.36947619711273],[8.536578172094273,47.36948114783933],[8.536577125156365,47.36948817400837],[8.536575165388763,47.369489451958906]]},"properties":{"layer":"LKZ1113-MLU1","infraType":"sewage","geomType":"pipe","source":"order_55334/NIS_ZH_ABWASSER.dxf","_dedupKey":"2682928.4,1247096.4|2682929.7,1247092.1"}},{"type":"Feature","geometry":{"type":"LineString","coordinates":[[8.538854554155943,47.37047836694264],[8.538864115390053,47.37047971509025],[8.53887533018253,47.37048419578846],[8.538886014859683,47.37049506809239],[8.538886574089844,47.37049650198943],[8.538887377665995,47.370496944092224]]},"properties":{"layer":"LKZ1111-MLU1","infraType":"sewage","geomType":"pipe","source":"order_55334/NIS_ZH_ABWASSER.dxf","_dedupKey":"2683099,1247208.7|2683101.5,1247210.8"}},{"type":"Feature","geometry":{"type":"LineString","coordinates":[[8.538840554465391,47.37064688951372],[8.538831451604372,47.370648505397334],[8.538832122799512,47.37064894876151]]},"properties":{"layer":"LKZ1111-MLU1","infraType":"sewage","geomType":"pipe","source":"order_55334/NIS_ZH_ABWASSER.dxf","_dedupKey":"2683097.1,1247227.7|2683097.7,1247227.4"}},{"type":"Feature","geometry":{"type":"LineString","coordinates":[[8.537203795655751,47.369796235874375],[8.537190272702226,47.36980823809339],[8.537155375801186,47.36979822557928]]},"properties":{"layer":"LKZ1111-MLU1","infraType":"sewage","geomType":"pipe","source":"order_55334/NIS_ZH_ABWASSER.dxf","_dedupKey":"2682971.8,1247131.3|2682975.4,1247131.1"}},{"type":"Feature","geometry":{"type":"LineString","coordinates":[[8.539792184357621,47.37045494948318],[8.539792960073692,47.37045404257249],[8.539795167844028,47.37045195263924],[8.53981203199108,47.37043506087657],[8.53982513692977,47.370422072867164],[8.539825867147963,47.370406144485365],[8.5398221330533,47.37039844425503],[8.539822768954455,47.370397178871],[8.539824195433052,47.370395726046596]]},"properties":{"layer":"LKZ1111-MLU1","infraType":"sewage","geomType":"pipe","source":"order_55334/NIS_ZH_ABWASSER.dxf","_dedupKey":"2683169.9,1247207.1|2683172.4,1247200.6"}},{"type":"Feature","geometry":{"type":"LineString","coordinates":[[8.537447490716831,47.370743715530025],[8.537407195316488,47.370780169408114],[8.53740218699988,47.37078129646961]]},"properties":{"layer":"LKZ1113-MLU1","infraType":"sewage","geomType":"pipe","source":"order_55334/NIS_ZH_ABWASSER.dxf","_dedupKey":"2682988.9,1247240.9|2682992.4,1247236.7"}},{"type":"Feature","geometry":{"type":"LineString","coordinates":[[8.536876318971029,47.36980096929138],[8.53682285158861,47.36977647116049],[8.53682095935055,47.369774600170636]]},"properties":{"layer":"LKZ1113-MLU1","infraType":"sewage","geomType":"pipe","source":"order_55334/NIS_ZH_ABWASSER.dxf","_dedupKey":"2682946.5,1247128.3|2682950.7,1247131.3"}},{"type":"Feature","geometry":{"type":"LineString","coordinates":[[8.539010604469267,47.37046266803164],[8.539012186204207,47.37045590659927],[8.5390076783508,47.37044920318193],[8.538986536735795,47.370444907018395],[8.538979070641195,47.37042959643719],[8.538971362765317,47.37042823064301],[8.538939190735697,47.37042197066777],[8.538923560344912,47.37042166980904],[8.53891551101423,47.37042300580919],[8.538914446387016,47.3704227460964]]},"properties":{"layer":"LKZ1113-MLU1","infraType":"sewage","geomType":"pipe","source":"order_55334/NIS_ZH_ABWASSER.dxf","_dedupKey":"2683103.6,1247202.6|2683110.8,1247207.1"}},{"type":"Feature","geometry":{"type":"LineString","coordinates":[[8.53887719557869,47.37041419574552],[8.538888535315666,47.370418315446194],[8.538898532668702,47.370421548418165],[8.538907592209124,47.370424250613866],[8.538911509260409,47.37042799126323],[8.538912189734987,47.37042888429611]]},"properties":{"layer":"LKZ1111-MLU1","infraType":"sewage","geomType":"pipe","source":"order_55334/NIS_ZH_ABWASSER.dxf","_dedupKey":"2683100.8,1247201.6|2683103.5,1247203.3"}},{"type":"Feature","geometry":{"type":"LineString","coordinates":[[8.537281356057553,47.36983975428008],[8.537275107426588,47.369844940952646],[8.537276025898224,47.369850958966595],[8.537308031942496,47.3698684649177],[8.537303700264282,47.36990241783675]]},"properties":{"layer":"LKZ1113-MLU1","infraType":"sewage","geomType":"pipe","source":"order_55334/NIS_ZH_ABWASSER.dxf","_dedupKey":"2682981.2,1247136.1|2682982.8,1247143"}},{"type":"Feature","geometry":{"type":"LineString","coordinates":[[8.53701986838156,47.369827669123545],[8.537078885727254,47.36975523661978]]},"properties":{"layer":"LKZ1111-MLU1","infraType":"sewage","geomType":"pipe","source":"order_55334/NIS_ZH_ABWASSER.dxf","_dedupKey":"2682961.5,1247134.4|2682966.1,1247126.4"}},{"type":"Feature","geometry":{"type":"LineString","coordinates":[[8.54002916039631,47.37047247931927],[8.540028640157775,47.37047293403772],[8.54002317858169,47.37047775354865],[8.54001862324147,47.37048157495096],[8.540013887205717,47.370483059336465],[8.540012328347544,47.370484513425495]]},"properties":{"layer":"LKZ1111-MLU1","infraType":"sewage","geomType":"pipe","source":"order_55334/NIS_ZH_ABWASSER.dxf","_dedupKey":"2683186.5,1247210.6|2683187.8,1247209.3"}},{"type":"Feature","geometry":{"type":"LineString","coordinates":[[8.537710262117447,47.37083710368067],[8.537647816911369,47.37089742564711]]},"properties":{"layer":"LKZ1113-MLU1","infraType":"sewage","geomType":"pipe","source":"order_55334/NIS_ZH_ABWASSER.dxf","_dedupKey":"2683007.2,1247254|2683012.1,1247247.4"}},{"type":"Feature","geometry":{"type":"LineString","coordinates":[[8.537489905646936,47.37090000748691],[8.537497058817923,47.37089373278213],[8.537545695144718,47.37085081296284],[8.537546730109506,47.370849633746815]]},"properties":{"layer":"LKZ1111-MLU1","infraType":"sewage","geomType":"pipe","source":"order_55334/NIS_ZH_ABWASSER.dxf","_dedupKey":"2682995.3,1247254.1|2682999.7,1247248.6"}},{"type":"Feature","geometry":{"type":"LineString","coordinates":[[8.537320607053632,47.3698618687912],[8.537297904560305,47.36987818606203]]},"properties":{"layer":"LKZ1111-MLU1","infraType":"sewage","geomType":"pipe","source":"order_55334/NIS_ZH_ABWASSER.dxf","_dedupKey":"2682982.4,1247140.3|2682984.1,1247138.6"}},{"type":"Feature","geometry":{"type":"LineString","coordinates":[[8.536663179513136,47.36997624230629],[8.536645436583402,47.369963368015505]]},"properties":{"layer":"LKZ1111-MLU1","infraType":"sewage","geomType":"pipe","source":"order_55334/NIS_ZH_ABWASSER.dxf","_dedupKey":"2682933,1247149.1|2682934.3,1247150.6"}},{"type":"Feature","geometry":{"type":"LineString","coordinates":[[8.53897297669035,47.37051924619527],[8.538973736290458,47.37051114332316],[8.538962319136711,47.370496859847755],[8.538947578273627,47.37049475148782],[8.538929910146937,47.37049195139974],[8.538918868569796,47.37048944798987],[8.538909857281725,47.370489084074556],[8.538899238841514,47.37048783595312],[8.538889783412689,47.37049161403648],[8.53888925573914,47.370491709014495]]},"properties":{"layer":"LKZ1113-MLU1","infraType":"sewage","geomType":"pipe","source":"order_55334/NIS_ZH_ABWASSER.dxf","_dedupKey":"2683101.6,1247210.2|2683107.9,1247213.4"}},{"type":"Feature","geometry":{"type":"LineString","coordinates":[[8.537014415601169,47.37070043027397],[8.537030621456898,47.37067724858511],[8.537020419514407,47.37067050929031],[8.53701800511837,47.37066900307527]]},"properties":{"layer":"LKZ1113-MLU1","infraType":"sewage","geomType":"pipe","source":"order_55334/NIS_ZH_ABWASSER.dxf","_dedupKey":"2682959.7,1247231.5|2682960,1247228"}},{"type":"Feature","geometry":{"type":"LineString","coordinates":[[8.537370127741331,47.37084474737742],[8.537379272998592,47.370832337029675],[8.537381462341916,47.37082934780444],[8.537407092918071,47.370794472666844],[8.53740650112137,47.37078503339165],[8.537407668471172,47.370783852917505]]},"properties":{"layer":"LKZ1113-MLU1","infraType":"sewage","geomType":"pipe","source":"order_55334/NIS_ZH_ABWASSER.dxf","_dedupKey":"2682986.4,1247247.9|2682989.3,1247241.1"}},{"type":"Feature","geometry":{"type":"LineString","coordinates":[[8.53694842107062,47.36957315614936],[8.536950704887763,47.36957475355905],[8.536950506834167,47.36957799369646],[8.536891040915991,47.36961579907687],[8.536882062708164,47.369649166502214],[8.536880371408486,47.36965062180811]]},"properties":{"layer":"LKZ1113-MLU1","infraType":"sewage","geomType":"pipe","source":"order_55334/NIS_ZH_ABWASSER.dxf","_dedupKey":"2682951.2,1247114.6|2682956.5,1247106.1"}},{"type":"Feature","geometry":{"type":"LineString","coordinates":[[8.536763233074915,47.368720647498414],[8.536765061442527,47.36872584730303],[8.5367685292104,47.36872707365354],[8.536773278148964,47.36872621893777],[8.536778218750209,47.36872824084824],[8.536780707157568,47.368733344425436]]},"properties":{"layer":"LKZ1111-MLU1","infraType":"sewage","geomType":"pipe","source":"order_55334/NIS_ZH_ABWASSER.dxf","_dedupKey":"2682943.8,1247011.1|2682945.1,1247012.5"}},{"type":"Feature","geometry":{"type":"LineString","coordinates":[[8.5400232380976,47.37050626761475],[8.540015515318451,47.37050418241989],[8.540018209873809,47.37050001895548],[8.54002091929422,47.370496574961386],[8.540018546152831,47.37049066079015],[8.540017321263797,47.37048905334279],[8.540018751455905,47.37048778038366]]},"properties":{"layer":"LKZ1113-MLU1","infraType":"sewage","geomType":"pipe","source":"order_55334/NIS_ZH_ABWASSER.dxf","_dedupKey":"2683186.9,1247211|2683187.3,1247213.1"}},{"type":"Feature","geometry":{"type":"LineString","coordinates":[[8.539964332481743,47.3704429637222],[8.539963540045974,47.37044306122976],[8.539934272407422,47.37044280058903],[8.539927910624503,47.370442501441865],[8.53992648414748,47.37044395426755]]},"properties":{"layer":"LKZ1113-MLU1","infraType":"sewage","geomType":"pipe","source":"order_55334/NIS_ZH_ABWASSER.dxf","_dedupKey":"2683180,1247206|2683182.9,1247206"}},{"type":"Feature","geometry":{"type":"LineString","coordinates":[[8.538939968735894,47.37080605618267],[8.538948482103384,47.37080795401498],[8.538963818382888,47.370845317691035],[8.538961817203303,47.37085100369956],[8.538963582740687,47.37085314571626],[8.53896877667304,47.370861011968366]]},"properties":{"layer":"LKZ1113-MLU1","infraType":"sewage","geomType":"pipe","source":"order_55334/NIS_ZH_ABWASSER.dxf","_dedupKey":"2683105,1247245.2|2683107.1,1247251.4"}},{"type":"Feature","geometry":{"type":"LineString","coordinates":[[8.53721297932263,47.370755840935736],[8.537258714446654,47.370713488539536]]},"properties":{"layer":"LKZ1113-MLU1","infraType":"sewage","geomType":"pipe","source":"order_55334/NIS_ZH_ABWASSER.dxf","_dedupKey":"2682974.6,1247237.8|2682978.1,1247233.2"}},{"type":"Feature","geometry":{"type":"LineString","coordinates":[[8.5372713020729,47.37051475594509],[8.537251080619097,47.370503704351336],[8.537248794899611,47.370502017014154]]},"properties":{"layer":"LKZ1113-MLU1","infraType":"sewage","geomType":"pipe","source":"order_55334/NIS_ZH_ABWASSER.dxf","_dedupKey":"2682977.7,1247209.6|2682979.4,1247211.1"}},{"type":"Feature","geometry":{"type":"LineString","coordinates":[[8.539158317954408,47.370472864428116],[8.53912724077028,47.37046191659439],[8.53911953474258,47.37046064074398]]},"properties":{"layer":"LKZ1113-MLU1","infraType":"sewage","geomType":"pipe","source":"order_55334/NIS_ZH_ABWASSER.dxf","_dedupKey":"2683119.1,1247207|2683122,1247208.4"}},{"type":"Feature","geometry":{"type":"LineString","coordinates":[[8.539796371811395,47.37045895737973],[8.539803339772838,47.37045655220931],[8.539802202685895,47.37045278508605],[8.539804274357845,47.37045051654709],[8.539816461915342,47.37043798704249],[8.539831108994344,47.370422735541645],[8.53983057669792,47.370409787597],[8.539829083810597,47.37040161624146],[8.539829320707153,47.37040026471001],[8.53983074718565,47.3703988118855]]},"properties":{"layer":"LKZ1111-MLU1","infraType":"sewage","geomType":"pipe","source":"order_55334/NIS_ZH_ABWASSER.dxf","_dedupKey":"2683170.2,1247207.6|2683172.9,1247200.9"}},{"type":"Feature","geometry":{"type":"LineString","coordinates":[[8.536800019491757,47.369600113460784],[8.536798011071443,47.36963116582352],[8.53679593003977,47.369632984639644]]},"properties":{"layer":"LKZ1111-MLU1","infraType":"sewage","geomType":"pipe","source":"order_55334/NIS_ZH_ABWASSER.dxf","_dedupKey":"2682944.9,1247112.6|2682945.2,1247108.9"}},{"type":"Feature","geometry":{"type":"LineString","coordinates":[[8.538831784530675,47.37083785013311],[8.538820226346376,47.37083598129474],[8.5387943255593,47.370819227169086],[8.538796207365206,47.37081417196108],[8.538809526102092,47.3708115264575],[8.538812714437066,47.37081203579717]]},"properties":{"layer":"LKZ1113-MLU1","infraType":"sewage","geomType":"pipe","source":"order_55334/NIS_ZH_ABWASSER.dxf","_dedupKey":"2683095.4,1247245.8|2683096.8,1247248.7"}},{"type":"Feature","geometry":{"type":"LineString","coordinates":[[8.538962980105406,47.37044549123926],[8.538909685024565,47.37043583442233]]},"properties":{"layer":"LKZ1113-MLU1","infraType":"sewage","geomType":"pipe","source":"order_55334/NIS_ZH_ABWASSER.dxf","_dedupKey":"2683103.3,1247204|2683107.3,1247205.2"}},{"type":"Feature","geometry":{"type":"LineString","coordinates":[[8.536907847211916,47.36982099853726],[8.53683142011411,47.36976820410391]]},"properties":{"layer":"LKZ1113-MLU1","infraType":"sewage","geomType":"pipe","source":"order_55334/NIS_ZH_ABWASSER.dxf","_dedupKey":"2682947.3,1247127.6|2682953,1247133.6"}},{"type":"Feature","geometry":{"type":"LineString","coordinates":[[8.540019010002434,47.37062846210143],[8.540013011898,47.37062654036345],[8.540008941932156,47.370621811742225],[8.540007209807387,47.37062128854981]]},"properties":{"layer":"LKZ1113-MLU1","infraType":"sewage","geomType":"pipe","source":"order_55334/NIS_ZH_ABWASSER.dxf","_dedupKey":"2683185.9,1247225.8|2683186.7,1247226.6"}},{"type":"Feature","geometry":{"type":"LineString","coordinates":[[8.538899944925538,47.370656758154354],[8.53883387778154,47.37064416461507]]},"properties":{"layer":"LKZ1113-MLU1","infraType":"sewage","geomType":"pipe","source":"order_55334/NIS_ZH_ABWASSER.dxf","_dedupKey":"2683097.2,1247227.1|2683102.2,1247228.6"}},{"type":"Feature","geometry":{"type":"LineString","coordinates":[[8.540004141256679,47.370588125698276],[8.540040070336808,47.37057114205896]]},"properties":{"layer":"LKZ1113-MLU0","infraType":"sewage","geomType":"pipe","source":"order_55334/NIS_ZH_ABWASSER.dxf","_dedupKey":"2683185.7,1247222.1|2683188.4,1247220.3"}},{"type":"Feature","geometry":{"type":"LineString","coordinates":[[8.539975671674537,47.370690582094305],[8.53996529749596,47.3706883422746],[8.539963432986546,47.37068782034387]]},"properties":{"layer":"LKZ1111-MLU0","infraType":"sewage","geomType":"pipe","source":"order_55334/NIS_ZH_ABWASSER.dxf","_dedupKey":"2683182.5,1247233.2|2683183.4,1247233.5"}},{"type":"Feature","geometry":{"type":"LineString","coordinates":[[8.539946500911661,47.37058606671949],[8.539951831521575,47.370587724970896],[8.540008512695387,47.37060103703361],[8.540021005433392,47.3705968700894],[8.540022871798383,47.37059748195304]]},"properties":{"layer":"LKZ1111-MLU0","infraType":"sewage","geomType":"pipe","source":"order_55334/NIS_ZH_ABWASSER.dxf","_dedupKey":"2683181.3,1247221.8|2683187.1,1247223.2"}},{"type":"Feature","geometry":{"type":"LineString","coordinates":[[8.541867541254804,47.37080619515548],[8.541347808141348,47.37086252060218]]},"properties":{"layer":"LKZ1113-MLU1","infraType":"sewage","geomType":"pipe","source":"order_55335/NIS_ZH_ABWASSER.dxf","_dedupKey":"2683286.7,1247254.1|2683326.1,1247248.4"}},{"type":"Feature","geometry":{"type":"LineString","coordinates":[[8.541878381423198,47.37097169240741],[8.541867541254804,47.37080619515548]]},"properties":{"layer":"LKZ1113-MLU1","infraType":"sewage","geomType":"pipe","source":"order_55335/NIS_ZH_ABWASSER.dxf","_dedupKey":"2683326.1,1247248.4|2683326.6,1247266.8"}},{"type":"Feature","geometry":{"type":"LineString","coordinates":[[8.541255996294089,47.37073197790675],[8.541184703598283,47.37057560307951]]},"properties":{"layer":"LKZ1113-MLU1","infraType":"sewage","geomType":"pipe","source":"order_55335/NIS_ZH_ABWASSER.dxf","_dedupKey":"2683274.9,1247222|2683280,1247239.5"}},{"type":"Feature","geometry":{"type":"LineString","coordinates":[[8.541859036070857,47.37047201642962],[8.541504478720764,47.370435194131694]]},"properties":{"layer":"LKZ1113-MLU1","infraType":"sewage","geomType":"pipe","source":"order_55335/NIS_ZH_ABWASSER.dxf","_dedupKey":"2683299.2,1247206.7|2683326,1247211.2"}},{"type":"Feature","geometry":{"type":"LineString","coordinates":[[8.541473711248178,47.37045203899706],[8.541481378257378,47.37045142608087],[8.541491579411614,47.370445301922544],[8.54149968663613,47.37044036712734],[8.541504478720764,47.370435194131694]]},"properties":{"layer":"LKZ1113-MLU1","infraType":"sewage","geomType":"pipe","source":"order_55335/NIS_ZH_ABWASSER.dxf","_dedupKey":"2683296.9,1247208.6|2683299.2,1247206.7"}},{"type":"Feature","geometry":{"type":"LineString","coordinates":[[8.54138471342276,47.370444703146546],[8.541458084555522,47.37045191834914]]},"properties":{"layer":"LKZ1113-MLU1","infraType":"sewage","geomType":"pipe","source":"order_55335/NIS_ZH_ABWASSER.dxf","_dedupKey":"2683290.2,1247207.7|2683295.7,1247208.5"}},{"type":"Feature","geometry":{"type":"LineString","coordinates":[[8.541056694435094,47.37062827723072],[8.541173261029787,47.37057292380889]]},"properties":{"layer":"LKZ1113-MLU1","infraType":"sewage","geomType":"pipe","source":"order_55335/NIS_ZH_ABWASSER.dxf","_dedupKey":"2683265.1,1247227.7|2683274,1247221.7"}},{"type":"Feature","geometry":{"type":"LineString","coordinates":[[8.541445049661064,47.3705770754587],[8.541193998904795,47.37056409050271]]},"properties":{"layer":"LKZ1113-MLU1","infraType":"sewage","geomType":"pipe","source":"order_55335/NIS_ZH_ABWASSER.dxf","_dedupKey":"2683275.6,1247220.7|2683294.5,1247222.4"}},{"type":"Feature","geometry":{"type":"LineString","coordinates":[[8.541854712152901,47.370627763868924],[8.541445049661064,47.3705770754587]]},"properties":{"layer":"LKZ1113-MLU1","infraType":"sewage","geomType":"pipe","source":"order_55335/NIS_ZH_ABWASSER.dxf","_dedupKey":"2683294.5,1247222.4|2683325.4,1247228.5"}},{"type":"Feature","geometry":{"type":"LineString","coordinates":[[8.54111931005002,47.3709541136923],[8.541056694435094,47.37062827723072]]},"properties":{"layer":"LKZ1113-MLU1","infraType":"sewage","geomType":"pipe","source":"order_55335/NIS_ZH_ABWASSER.dxf","_dedupKey":"2683265.1,1247227.7|2683269.3,1247264"}},{"type":"Feature","geometry":{"type":"LineString","coordinates":[[8.541500366811949,47.370710035370784],[8.541266472851682,47.37073916396826]]},"properties":{"layer":"LKZ1113-MLU1","infraType":"sewage","geomType":"pipe","source":"order_55335/NIS_ZH_ABWASSER.dxf","_dedupKey":"2683280.8,1247240.3|2683298.5,1247237.3"}},{"type":"Feature","geometry":{"type":"LineString","coordinates":[[8.540507497158368,47.3707388510413],[8.540427943657933,47.37063112840004]]},"properties":{"layer":"LKZ1113-MLU1","infraType":"sewage","geomType":"pipe","source":"order_55335/NIS_ZH_ABWASSER.dxf","_dedupKey":"2683217.6,1247227.4|2683223.5,1247239.4"}},{"type":"Feature","geometry":{"type":"LineString","coordinates":[[8.54064070603927,47.37080315483702],[8.540507497158368,47.3707388510413]]},"properties":{"layer":"LKZ1113-MLU1","infraType":"sewage","geomType":"pipe","source":"order_55335/NIS_ZH_ABWASSER.dxf","_dedupKey":"2683223.5,1247239.4|2683233.4,1247246.7"}},{"type":"Feature","geometry":{"type":"LineString","coordinates":[[8.53896877667304,47.370861011968366],[8.538879839691173,47.371100410552756]]},"properties":{"layer":"LKZ1113-MLU1","infraType":"sewage","geomType":"pipe","source":"order_55335/NIS_ZH_ABWASSER.dxf","_dedupKey":"2683100,1247277.9|2683107.1,1247251.4"}},{"type":"Feature","geometry":{"type":"LineString","coordinates":[[8.541498919985457,47.371056092754785],[8.54134270071195,47.37087165446838]]},"properties":{"layer":"LKZ1113-MLU1","infraType":"sewage","geomType":"pipe","source":"order_55335/NIS_ZH_ABWASSER.dxf","_dedupKey":"2683286.3,1247255.1|2683297.8,1247275.7"}},{"type":"Feature","geometry":{"type":"LineString","coordinates":[[8.540808329580031,47.370495450352045],[8.540382165289643,47.37042782486222]]},"properties":{"layer":"LKZ1113-MLU1","infraType":"sewage","geomType":"pipe","source":"order_55335/NIS_ZH_ABWASSER.dxf","_dedupKey":"2683214.5,1247204.7|2683246.6,1247212.7"}},{"type":"Feature","geometry":{"type":"LineString","coordinates":[[8.541329800583636,47.37085612605848],[8.541261057867484,47.37074623188187]]},"properties":{"layer":"LKZ1113-MLU1","infraType":"sewage","geomType":"pipe","source":"order_55335/NIS_ZH_ABWASSER.dxf","_dedupKey":"2683280.4,1247241|2683285.4,1247253.3"}},{"type":"Feature","geometry":{"type":"LineString","coordinates":[[8.540972160362735,47.37065112217173],[8.540427943657933,47.37063112840004]]},"properties":{"layer":"LKZ1113-MLU1","infraType":"sewage","geomType":"pipe","source":"order_55335/NIS_ZH_ABWASSER.dxf","_dedupKey":"2683217.6,1247227.4|2683258.7,1247230.2"}},{"type":"Feature","geometry":{"type":"LineString","coordinates":[[8.540962761528382,47.370503961204385],[8.540808329580031,47.370495450352045]]},"properties":{"layer":"LKZ1113-MLU1","infraType":"sewage","geomType":"pipe","source":"order_55335/NIS_ZH_ABWASSER.dxf","_dedupKey":"2683246.6,1247212.7|2683258.2,1247213.8"}},{"type":"Feature","geometry":{"type":"LineString","coordinates":[[8.540005357309939,47.37084564530219],[8.539857685000827,47.37119642499142]]},"properties":{"layer":"LKZ1113-MLU1","infraType":"sewage","geomType":"pipe","source":"order_55335/NIS_ZH_ABWASSER.dxf","_dedupKey":"2683173.7,1247289.6|2683185.4,1247250.8"}},{"type":"Feature","geometry":{"type":"LineString","coordinates":[[8.541616645931226,47.37083917486198],[8.541615337245975,47.370833520412056]]},"properties":{"layer":"LKZ1113-MLU1","infraType":"sewage","geomType":"pipe","source":"order_55335/NIS_ZH_ABWASSER.dxf","_dedupKey":"2683307,1247251.1|2683307.1,1247251.8"}},{"type":"Feature","geometry":{"type":"LineString","coordinates":[[8.541164252931255,47.3703934665144],[8.541165580473047,47.370393633745294],[8.541175229489456,47.370392822026844],[8.541176415348453,47.370392540852336],[8.541183222954585,47.37038878785534],[8.541184565377483,47.37038967455639],[8.541187170236972,47.370387580805385],[8.541193923586343,47.37038760629068]]},"properties":{"layer":"LKZ1114-MLU1","infraType":"sewage","geomType":"pipe","source":"order_55335/NIS_ZH_ABWASSER.dxf","_dedupKey":"2683273.6,1247201.7|2683275.9,1247201.1"}},{"type":"Feature","geometry":{"type":"LineString","coordinates":[[8.540356706180821,47.370438861892914],[8.540357593823074,47.37043696444387],[8.540362085937378,47.370430085278855],[8.540361338933762,47.37041956807491],[8.540361592545702,47.37041902594657]]},"properties":{"layer":"LKZ1111-MLU1","infraType":"sewage","geomType":"pipe","source":"order_55335/NIS_ZH_ABWASSER.dxf","_dedupKey":"2683212.5,1247205.9|2683212.9,1247203.7"}},{"type":"Feature","geometry":{"type":"LineString","coordinates":[[8.540301388782368,47.370414652858145],[8.540307253466477,47.370403712784565],[8.540306189250014,47.37039706652181],[8.540307082469363,47.370395438874525]]},"properties":{"layer":"LKZ1114-MLU1","infraType":"sewage","geomType":"pipe","source":"order_55335/NIS_ZH_ABWASSER.dxf","_dedupKey":"2683208.4,1247203.2|2683208.9,1247201"}},{"type":"Feature","geometry":{"type":"LineString","coordinates":[[8.540921483298984,47.37062722895022],[8.540920146110071,47.37063299860996],[8.540918758365123,47.37064272661965],[8.540907734915132,47.370647509300404],[8.540906170497497,47.37064869360009]]},"properties":{"layer":"LKZ1114-MLU1","infraType":"sewage","geomType":"pipe","source":"order_55335/NIS_ZH_ABWASSER.dxf","_dedupKey":"2683253.7,1247229.8|2683254.9,1247227.5"}},{"type":"Feature","geometry":{"type":"LineString","coordinates":[[8.54072055679416,47.370649835159156],[8.540718517130431,47.370647246026586],[8.540707166047115,47.37064258690327],[8.540706610485104,47.37064133288271]]},"properties":{"layer":"LKZ1114-MLU1","infraType":"sewage","geomType":"pipe","source":"order_55335/NIS_ZH_ABWASSER.dxf","_dedupKey":"2683238.7,1247228.8|2683239.7,1247229.8"}},{"type":"Feature","geometry":{"type":"LineString","coordinates":[[8.54089199589296,47.3706547656732],[8.540883514442639,47.37064801029626],[8.540883245957753,47.370647832955385]]},"properties":{"layer":"LKZ1114-MLU1","infraType":"sewage","geomType":"pipe","source":"order_55335/NIS_ZH_ABWASSER.dxf","_dedupKey":"2683252,1247229.7|2683252.6,1247230.5"}},{"type":"Feature","geometry":{"type":"LineString","coordinates":[[8.54057826386712,47.370652092303374],[8.540578502604907,47.37065083070425],[8.540578122573189,47.37064525733504],[8.540562188687337,47.370636684052265],[8.540562175673612,47.37063605451568]]},"properties":{"layer":"LKZ1111-MLU1","infraType":"sewage","geomType":"pipe","source":"order_55335/NIS_ZH_ABWASSER.dxf","_dedupKey":"2683227.8,1247228.1|2683228.9,1247229.9"}},{"type":"Feature","geometry":{"type":"LineString","coordinates":[[8.540598582464542,47.3706101609422],[8.54059782349238,47.370611877262405],[8.540591198013324,47.370624443736375],[8.540570245445462,47.37063570767252],[8.540569331779858,47.37063634604999]]},"properties":{"layer":"LKZ1114-MLU1","infraType":"sewage","geomType":"pipe","source":"order_55335/NIS_ZH_ABWASSER.dxf","_dedupKey":"2683228.3,1247228.1|2683230.5,1247225.2"}},{"type":"Feature","geometry":{"type":"LineString","coordinates":[[8.540710657529319,47.3707858463772],[8.54071012613739,47.370785761495995],[8.54065055372265,47.37078632989594],[8.54061545545614,47.37078585520185],[8.540607516185803,47.37078611085137],[8.540606734901212,47.37078674796606]]},"properties":{"layer":"LKZ1113-MLU1","infraType":"sewage","geomType":"pipe","source":"order_55335/NIS_ZH_ABWASSER.dxf","_dedupKey":"2683230.9,1247244.9|2683238.7,1247244.9"}},{"type":"Feature","geometry":{"type":"LineString","coordinates":[[8.541053247803431,47.370864972616594],[8.541058115900517,47.37086987348699],[8.541088154222649,47.37086257056015],[8.54109801447357,47.370852761679565],[8.54109986411973,47.37085256412176]]},"properties":{"layer":"LKZ1113-MLU1","infraType":"sewage","geomType":"pipe","source":"order_55335/NIS_ZH_ABWASSER.dxf","_dedupKey":"2683264.5,1247254|2683268,1247252.7"}},{"type":"Feature","geometry":{"type":"LineString","coordinates":[[8.541426307607372,47.370906387095886],[8.541423318888787,47.3709027276184],[8.541420645172597,47.37090149382483],[8.541380197244175,47.37090484840406],[8.541373800048783,47.37090284059493],[8.541370253603656,47.37090422372694]]},"properties":{"layer":"LKZ1113-MLU1","infraType":"sewage","geomType":"pipe","source":"order_55335/NIS_ZH_ABWASSER.dxf","_dedupKey":"2683288.4,1247258.7|2683292.6,1247259"}},{"type":"Feature","geometry":{"type":"LineString","coordinates":[[8.541445764072028,47.37086761211872],[8.541444195938693,47.370868616558056],[8.541377548581291,47.37088562406302],[8.541352250625204,47.3708788493689],[8.54134975766669,47.37087995258793]]},"properties":{"layer":"LKZ1111-MLU1","infraType":"sewage","geomType":"pipe","source":"order_55335/NIS_ZH_ABWASSER.dxf","_dedupKey":"2683286.9,1247256|2683294.1,1247254.7"}},{"type":"Feature","geometry":{"type":"LineString","coordinates":[[8.541608272121913,47.37061365635285],[8.541608264678437,47.37061329661769],[8.54160851827861,47.37061275448671],[8.54160804483494,47.3706090709943],[8.541605024485888,47.37060388264705],[8.54159319617008,47.37059536025082],[8.541592400013348,47.370595277902]]},"properties":{"layer":"LKZ1111-MLU1","infraType":"sewage","geomType":"pipe","source":"order_55335/NIS_ZH_ABWASSER.dxf","_dedupKey":"2683305.6,1247224.6|2683306.8,1247226.7"}},{"type":"Feature","geometry":{"type":"LineString","coordinates":[[8.541539291458413,47.37056906942792],[8.541537514392882,47.37057277441024],[8.541534907407547,47.37058116479771],[8.541532407023787,47.37058190828563],[8.541520826200173,47.370585347074694],[8.541519918128985,47.370586255261045]]},"properties":{"layer":"LKZ1111-MLU1","infraType":"sewage","geomType":"pipe","source":"order_55335/NIS_ZH_ABWASSER.dxf","_dedupKey":"2683300.2,1247223.5|2683301.7,1247221.6"}},{"type":"Feature","geometry":{"type":"LineString","coordinates":[[8.541527999863376,47.370567288266194],[8.541526873545696,47.37057044732526],[8.541519359098679,47.37057843481439],[8.54151699481887,47.37057935690548],[8.541505029871809,47.37058342902163],[8.541504254183003,47.37058433594373]]},"properties":{"layer":"LKZ1114-MLU1","infraType":"sewage","geomType":"pipe","source":"order_55335/NIS_ZH_ABWASSER.dxf","_dedupKey":"2683299,1247223.3|2683300.8,1247221.4"}},{"type":"Feature","geometry":{"type":"LineString","coordinates":[[8.541503179962875,47.37059001314841],[8.541501302417021,47.37058886170601],[8.54149304259484,47.37058642193111],[8.541485979799004,47.37058424058073],[8.541475044416254,47.37058047707855],[8.541473987215985,47.37058057712446]]},"properties":{"layer":"LKZ1113-MLU1","infraType":"sewage","geomType":"pipe","source":"order_55335/NIS_ZH_ABWASSER.dxf","_dedupKey":"2683296.7,1247222.9|2683298.9,1247223.9"}},{"type":"Feature","geometry":{"type":"LineString","coordinates":[[8.541380817472929,47.37058920252707],[8.54138053410282,47.3705883057171],[8.54137553175871,47.370583316190015],[8.541372429283822,47.37058055731261],[8.541366481658377,47.370574677294606],[8.541362998780752,47.3705727316127],[8.541361807337378,47.37057274298777]]},"properties":{"layer":"LKZ1111-MLU1","infraType":"sewage","geomType":"pipe","source":"order_55335/NIS_ZH_ABWASSER.dxf","_dedupKey":"2683288.2,1247221.9|2683289.7,1247223.7"}},{"type":"Feature","geometry":{"type":"LineString","coordinates":[[8.541373739671949,47.370547892390874],[8.54137337043138,47.370549245189395],[8.541370705746909,47.37055484762588],[8.54136967459344,47.37055620674388],[8.541367095489372,47.370565946134334],[8.541354891814832,47.37057127983567],[8.541353987461921,47.370572367888265]]},"properties":{"layer":"LKZ1111-MLU1","infraType":"sewage","geomType":"pipe","source":"order_55335/NIS_ZH_ABWASSER.dxf","_dedupKey":"2683287.7,1247221.8|2683289.2,1247219.1"}},{"type":"Feature","geometry":{"type":"LineString","coordinates":[[8.541275503129246,47.37053560737371],[8.541275124584756,47.37053651050291],[8.541271997632572,47.37053896904609],[8.541269620328178,47.370539261595646],[8.541266899824594,47.37054216601624],[8.54126494385132,47.370543623913576],[8.541259312186043,47.37055941919597],[8.541243276848368,47.37056514927004],[8.541240390475021,47.370566436145666]]},"properties":{"layer":"LKZ1114-MLU1","infraType":"sewage","geomType":"pipe","source":"order_55335/NIS_ZH_ABWASSER.dxf","_dedupKey":"2683279.1,1247221|2683281.8,1247217.6"}},{"type":"Feature","geometry":{"type":"LineString","coordinates":[[8.541321708049265,47.370541732730494],[8.541319908644965,47.37054435850409],[8.541313815031604,47.37055062333576],[8.541296505807642,47.37056518083027],[8.541291387534976,47.370567388529885],[8.541290626725411,47.37056901492083]]},"properties":{"layer":"LKZ1114-MLU1","infraType":"sewage","geomType":"pipe","source":"order_55335/NIS_ZH_ABWASSER.dxf","_dedupKey":"2683282.9,1247221.4|2683285.3,1247218.4"}},{"type":"Feature","geometry":{"type":"LineString","coordinates":[[8.541267889142352,47.37079483044982],[8.54126828629181,47.3707948266585],[8.541274224930515,47.37079387045021],[8.541279749676697,47.370792108629054],[8.54128130850926,47.37079065452301],[8.541282315485308,47.37078812626681],[8.541286527561306,47.37078691668597]]},"properties":{"layer":"LKZ1114-MLU1","infraType":"sewage","geomType":"pipe","source":"order_55335/NIS_ZH_ABWASSER.dxf","_dedupKey":"2683280.8,1247246.5|2683282.2,1247245.6"}},{"type":"Feature","geometry":{"type":"LineString","coordinates":[[8.541065137991392,47.370793257709146],[8.541068384331453,47.37079016837175],[8.541064805385217,47.37077077300015],[8.54107167847179,47.37076378113049],[8.541079019709468,47.37075381639129],[8.54108086749228,47.37075352889993]]},"properties":{"layer":"LKZ1114-MLU1","infraType":"sewage","geomType":"pipe","source":"order_55335/NIS_ZH_ABWASSER.dxf","_dedupKey":"2683265.5,1247246.1|2683266.7,1247241.7"}},{"type":"Feature","geometry":{"type":"LineString","coordinates":[[8.541048519528823,47.37075158886205],[8.54104945364989,47.370751939752445],[8.541051720901148,47.37075272767636],[8.541056742157412,47.370752229992945],[8.54106809548042,47.37075059245339],[8.541076506940977,47.37074115720858],[8.541078356583334,47.37074095965109]]},"properties":{"layer":"LKZ1111-MLU1","infraType":"sewage","geomType":"pipe","source":"order_55335/NIS_ZH_ABWASSER.dxf","_dedupKey":"2683264.3,1247241.4|2683266.6,1247240.3"}},{"type":"Feature","geometry":{"type":"LineString","coordinates":[[8.541088955634953,47.37072205861386],[8.541080760910356,47.370722766492015],[8.541078618603011,47.370721617569906],[8.54107788972897,47.37071838627154],[8.54107574742186,47.370717237349425],[8.541073895920338,47.370717344973094]]},"properties":{"layer":"LKZ1111-MLU1","infraType":"sewage","geomType":"pipe","source":"order_55335/NIS_ZH_ABWASSER.dxf","_dedupKey":"2683266.3,1247237.6|2683267.4,1247238.2"}},{"type":"Feature","geometry":{"type":"LineString","coordinates":[[8.541851105512068,47.37090134097375],[8.541851636906966,47.3709014258497],[8.541868984716615,47.370901530006186],[8.541872255213862,47.37089960978519],[8.541873709569915,47.37089950594218]]},"properties":{"layer":"LKZ1114-MLU1","infraType":"sewage","geomType":"pipe","source":"order_55335/NIS_ZH_ABWASSER.dxf","_dedupKey":"2683324.7,1247258.9|2683326.4,1247258.7"}},{"type":"Feature","geometry":{"type":"LineString","coordinates":[[8.541825034620807,47.3708188345648],[8.541825029037081,47.37081856476351],[8.541824717739658,47.37081631894814],[8.541820854431041,47.370815186477365],[8.541810461538466,47.37081204748591],[8.541810073695004,47.37081250094796]]},"properties":{"layer":"LKZ1111-MLU1","infraType":"sewage","geomType":"pipe","source":"order_55335/NIS_ZH_ABWASSER.dxf","_dedupKey":"2683321.7,1247249|2683322.8,1247249.7"}},{"type":"Feature","geometry":{"type":"LineString","coordinates":[[8.541747851248774,47.37082577839259],[8.541747148388257,47.370823806171316],[8.541745246634498,47.37082148559397],[8.54174047711686,47.370821351242334],[8.541737935780606,47.370820116191744],[8.541738204269203,47.37082029353062]]},"properties":{"layer":"LKZ1114-MLU1","infraType":"sewage","geomType":"pipe","source":"order_55335/NIS_ZH_ABWASSER.dxf","_dedupKey":"2683316.3,1247249.8|2683317,1247250.4"}},{"type":"Feature","geometry":{"type":"LineString","coordinates":[[8.54125383974659,47.370755745699995],[8.541256342002681,47.37075509215192],[8.541257969968267,47.37075057903388],[8.54126283837617,47.37074909333372]]},"properties":{"layer":"LKZ1113-MLU1","infraType":"sewage","geomType":"pipe","source":"order_55335/NIS_ZH_ABWASSER.dxf","_dedupKey":"2683279.8,1247242.1|2683280.5,1247241.4"}},{"type":"Feature","geometry":{"type":"LineString","coordinates":[[8.541777849854912,47.37048385590046],[8.541778564119594,47.37047998116176],[8.541775454185267,47.37047686256003],[8.541756753399225,47.37046255896714],[8.541756993969363,47.37046138729939]]},"properties":{"layer":"LKZ1114-MLU1","infraType":"sewage","geomType":"pipe","source":"order_55335/NIS_ZH_ABWASSER.dxf","_dedupKey":"2683318.3,1247209.9|2683319.8,1247212.4"}},{"type":"Feature","geometry":{"type":"LineString","coordinates":[[8.541766505507438,47.370447533869125],[8.54176639359759,47.370448524405035],[8.541758983669224,47.370455161639015],[8.541749806241404,47.370459566964435],[8.541748900037359,47.370460565086375]]},"properties":{"layer":"LKZ1114-MLU1","infraType":"sewage","geomType":"pipe","source":"order_55335/NIS_ZH_ABWASSER.dxf","_dedupKey":"2683317.7,1247209.8|2683319,1247208.4"}},{"type":"Feature","geometry":{"type":"LineString","coordinates":[[8.541643690623095,47.370437642743354],[8.541643065930241,47.37043944774006],[8.541641518283335,47.37044144145387],[8.541625481161411,47.37044708164747],[8.54162483227625,47.37044771750496]]},"properties":{"layer":"LKZ1111-MLU1","infraType":"sewage","geomType":"pipe","source":"order_55335/NIS_ZH_ABWASSER.dxf","_dedupKey":"2683308.3,1247208.2|2683309.7,1247207.1"}},{"type":"Feature","geometry":{"type":"LineString","coordinates":[[8.541588341814162,47.370437541635944],[8.541582535603075,47.37043849659633],[8.541569765234264,47.37044203670154],[8.541565264237164,47.37044207968191],[8.541561684333576,47.370441844011914],[8.541561272300507,47.37044112833402]]},"properties":{"layer":"LKZ1113-MLU1","infraType":"sewage","geomType":"pipe","source":"order_55335/NIS_ZH_ABWASSER.dxf","_dedupKey":"2683303.5,1247207.4|2683305.6,1247207.1"}},{"type":"Feature","geometry":{"type":"LineString","coordinates":[[8.541701813826316,47.370629404084234],[8.541701938764936,47.37062904308485],[8.54170332636649,47.37061931506569],[8.541703731208303,47.370613284445554],[8.541695682168967,47.37060823407712],[8.541694882289859,47.370607971861475]]},"properties":{"layer":"LKZ1114-MLU1","infraType":"sewage","geomType":"pipe","source":"order_55335/NIS_ZH_ABWASSER.dxf","_dedupKey":"2683313.3,1247226.1|2683313.8,1247228.5"}},{"type":"Feature","geometry":{"type":"LineString","coordinates":[[8.541059688668689,47.370523365156245],[8.54105832392526,47.370521399248354],[8.541057777655928,47.37052059489841],[8.541009285085664,47.37051269223942],[8.540967983956465,47.370506789811614],[8.540962761528382,47.370503961204385]]},"properties":{"layer":"LKZ1113-MLU1","infraType":"sewage","geomType":"pipe","source":"order_55335/NIS_ZH_ABWASSER.dxf","_dedupKey":"2683258.2,1247213.8|2683265.5,1247216.1"}},{"type":"Feature","geometry":{"type":"LineString","coordinates":[[8.540950970872444,47.370490850855326],[8.540950325698208,47.37049166657658],[8.540945272509326,47.37049702194355],[8.540937940922074,47.370501049781375],[8.540937044000774,47.37050249756586]]},"properties":{"layer":"LKZ1111-MLU1","infraType":"sewage","geomType":"pipe","source":"order_55335/NIS_ZH_ABWASSER.dxf","_dedupKey":"2683256.3,1247213.6|2683257.3,1247212.3"}},{"type":"Feature","geometry":{"type":"LineString","coordinates":[[8.541709080462105,47.370807798554324],[8.541709087906288,47.37080815828945],[8.541705634278815,47.370820424682286],[8.541703279296673,47.370821796445995],[8.541703325822581,47.37082404479025]]},"properties":{"layer":"LKZ1114-MLU1","infraType":"sewage","geomType":"pipe","source":"order_55335/NIS_ZH_ABWASSER.dxf","_dedupKey":"2683313.6,1247250.2|2683314.1,1247248.4"}},{"type":"Feature","geometry":{"type":"LineString","coordinates":[[8.54165510881243,47.37081667947737],[8.541655118117204,47.370817129146246],[8.541653443659431,47.370819393925494],[8.541650288537925,47.37082689003413],[8.541646619026519,47.37082872410777],[8.541646648801574,47.37083016304806]]},"properties":{"layer":"LKZ1114-MLU1","infraType":"sewage","geomType":"pipe","source":"order_55335/NIS_ZH_ABWASSER.dxf","_dedupKey":"2683309.4,1247250.8|2683310,1247249.3"}},{"type":"Feature","geometry":{"type":"LineString","coordinates":[[8.541636463509427,47.37081146044168],[8.54163647095312,47.37081182017677],[8.541637253571588,47.37082404611287],[8.541630874727048,47.37082932421764],[8.541631191599123,47.37083183983484]]},"properties":{"layer":"LKZ1114-MLU1","infraType":"sewage","geomType":"pipe","source":"order_55335/NIS_ZH_ABWASSER.dxf","_dedupKey":"2683308.2,1247251|2683308.6,1247248.7"}},{"type":"Feature","geometry":{"type":"LineString","coordinates":[[8.541636863350456,47.37083718276447],[8.541636712357956,47.37083628469098],[8.541638539670418,47.370835007919275],[8.541636414094837,47.37083466841155],[8.54162698697103,47.37083340916332],[8.541622866342507,47.3708326389494],[8.541621810998414,47.370832828930446]]},"properties":{"layer":"LKZ1114-MLU1","infraType":"sewage","geomType":"pipe","source":"order_55335/NIS_ZH_ABWASSER.dxf","_dedupKey":"2683307.5,1247251.1|2683308.6,1247251.6"}},{"type":"Feature","geometry":{"type":"LineString","coordinates":[[8.54157603829666,47.37082840864359],[8.541576181844814,47.37082894698209],[8.541576200453033,47.37082984631983],[8.541574893368105,47.370830668365166],[8.54157120710651,47.370831693032414],[8.541565751215643,47.370836782417115],[8.541562734312912,47.37083816049858],[8.541562359492744,47.370839243496214]]},"properties":{"layer":"LKZ1111-MLU1","infraType":"sewage","geomType":"pipe","source":"order_55335/NIS_ZH_ABWASSER.dxf","_dedupKey":"2683303,1247251.7|2683304,1247250.5"}},{"type":"Feature","geometry":{"type":"LineString","coordinates":[[8.541496689954716,47.37083951074726],[8.541492209391453,47.37084054299632],[8.54148839632635,47.37084183872631],[8.54147881607773,47.37084597802046],[8.541476453645998,47.370846990044434],[8.541476354754494,47.37084861011634]]},"properties":{"layer":"LKZ1113-MLU1","infraType":"sewage","geomType":"pipe","source":"order_55335/NIS_ZH_ABWASSER.dxf","_dedupKey":"2683296.5,1247252.7|2683298,1247251.7"}},{"type":"Feature","geometry":{"type":"LineString","coordinates":[[8.539934690173551,47.370853965003484],[8.53993974303682,47.37085499624324],[8.53994226946853,47.37085551186304],[8.539948838467195,47.370853020537076],[8.539950167874705,47.37085327771574],[8.53998965481407,47.37086108678937],[8.539991692592412,47.37086358600085],[8.539995416049678,47.37086436005999],[8.539997409232637,47.370864700860295]]},"properties":{"layer":"LKZ1113-MLU1","infraType":"sewage","geomType":"pipe","source":"order_55335/NIS_ZH_ABWASSER.dxf","_dedupKey":"2683180,1247251.6|2683184.7,1247252.9"}},{"type":"Feature","geometry":{"type":"LineString","coordinates":[[8.539910448694592,47.37091113544774],[8.539915501562819,47.370912166688534],[8.539920552573205,47.37091310799533],[8.539923838005695,47.37091190729993],[8.539956012305002,47.37091825693353],[8.539957779742688,47.37092048886878],[8.53995601370397,47.3709247334291],[8.539963484323225,47.37093383725059],[8.539966010758903,47.37093435286988],[8.539967871560759,47.37093469493295]]},"properties":{"layer":"LKZ1113-MLU1","infraType":"sewage","geomType":"pipe","source":"order_55335/NIS_ZH_ABWASSER.dxf","_dedupKey":"2683178.1,1247257.9|2683182.4,1247260.6"}},{"type":"Feature","geometry":{"type":"LineString","coordinates":[[8.541471164810844,47.370783354852904],[8.541470778825348,47.3707838982476],[8.541466326175778,47.37078627950227],[8.541465608354878,47.37082838367692],[8.541465477832281,47.37082847487471],[8.541465927079779,47.370830989228324],[8.541462957994307,47.37084747870916],[8.541460606725968,47.370849030335464],[8.541460235624903,47.370850293200334]]},"properties":{"layer":"LKZ1111-MLU1","infraType":"sewage","geomType":"pipe","source":"order_55335/NIS_ZH_ABWASSER.dxf","_dedupKey":"2683295.2,1247252.8|2683296.2,1247245.4"}},{"type":"Feature","geometry":{"type":"LineString","coordinates":[[8.54143784779309,47.37081137803931],[8.541438988724547,47.370815325013595],[8.54143985744739,47.370818914780706],[8.541445317808018,47.370839641451134],[8.541447092467562,47.370848619660606],[8.5414439580626,47.37085071847315],[8.541443853588305,47.37085206874374]]},"properties":{"layer":"LKZ1113-MLU1","infraType":"sewage","geomType":"pipe","source":"order_55335/NIS_ZH_ABWASSER.dxf","_dedupKey":"2683293.6,1247248.5|2683294,1247253"}},{"type":"Feature","geometry":{"type":"LineString","coordinates":[[8.541220193125014,47.370927874328345],[8.541228364002786,47.3709196107395],[8.541318262561862,47.37090004260875],[8.541332215205754,47.37089604148828],[8.541343900586014,47.37089125244796],[8.541347760753643,47.37087943194344],[8.541348944762122,47.37087906083345]]},"properties":{"layer":"LKZ1111-MLU1","infraType":"sewage","geomType":"pipe","source":"order_55335/NIS_ZH_ABWASSER.dxf","_dedupKey":"2683277,1247261.2|2683286.8,1247255.9"}},{"type":"Feature","geometry":{"type":"LineString","coordinates":[[8.54109997218142,47.37059530169571],[8.541100637814738,47.37059547524532],[8.541118019004013,47.3705971983228],[8.541119501253919,47.37059844349608]]},"properties":{"layer":"LKZ1111-MLU1","infraType":"sewage","geomType":"pipe","source":"order_55335/NIS_ZH_ABWASSER.dxf","_dedupKey":"2683268.4,1247224.1|2683269.9,1247224.5"}},{"type":"Feature","geometry":{"type":"LineString","coordinates":[[8.541145913911324,47.37060790614618],[8.541147814087491,47.370603750237315],[8.541149598621535,47.37060040499621],[8.54115389130105,47.37059028944809],[8.541153747757805,47.37058975110904],[8.541156621428955,47.37058144813663],[8.541158430143104,47.370579272034576],[8.541158968974122,47.370579716648855]]},"properties":{"layer":"LKZ1113-MLU1","infraType":"sewage","geomType":"pipe","source":"order_55335/NIS_ZH_ABWASSER.dxf","_dedupKey":"2683271.9,1247225.5|2683272.9,1247222.4"}},{"type":"Feature","geometry":{"type":"LineString","coordinates":[[8.541459206603562,47.37071735464831],[8.54145772992426,47.370716379280815],[8.541457442830952,47.370715302603536]]},"properties":{"layer":"LKZ1111-MLU1","infraType":"sewage","geomType":"pipe","source":"order_55335/NIS_ZH_ABWASSER.dxf","_dedupKey":"2683295.2,1247237.8|2683295.4,1247238"}},{"type":"Feature","geometry":{"type":"LineString","coordinates":[[8.541378264514028,47.37072181547548],[8.541375542146573,47.37072462996474],[8.54137556075137,47.37072552930252]]},"properties":{"layer":"LKZ1111-MLU1","infraType":"sewage","geomType":"pipe","source":"order_55335/NIS_ZH_ABWASSER.dxf","_dedupKey":"2683289,1247238.9|2683289.3,1247238.5"}},{"type":"Feature","geometry":{"type":"LineString","coordinates":[[8.541484436203744,47.37070802864526],[8.541484587193304,47.37070892671895],[8.541481210360054,47.37071210726596],[8.541480820653856,47.37071247079317]]},"properties":{"layer":"LKZ1114-MLU1","infraType":"sewage","geomType":"pipe","source":"order_55335/NIS_ZH_ABWASSER.dxf","_dedupKey":"2683297,1247237.5|2683297.3,1247237"}},{"type":"Feature","geometry":{"type":"LineString","coordinates":[[8.541655686067909,47.37041584986495],[8.541655206784512,47.37041828313398],[8.541631763452019,47.37043074042302],[8.541603727667923,47.37044522049646],[8.541602539949158,47.370445411741585]]},"properties":{"layer":"LKZ1114-MLU1","infraType":"sewage","geomType":"pipe","source":"order_55335/NIS_ZH_ABWASSER.dxf","_dedupKey":"2683306.6,1247208|2683310.7,1247204.7"}},{"type":"Feature","geometry":{"type":"LineString","coordinates":[[8.541161002502633,47.37051799047973],[8.541161532032497,47.370517985425074],[8.54116688127462,47.37052054295824],[8.541167425685476,47.3705212573739],[8.541169898169608,47.37051916488704],[8.541179830887431,47.37051286341619],[8.54118539095045,47.37051281034132]]},"properties":{"layer":"LKZ1111-MLU1","infraType":"sewage","geomType":"pipe","source":"order_55335/NIS_ZH_ABWASSER.dxf","_dedupKey":"2683273.2,1247215.6|2683275,1247215"}},{"type":"Feature","geometry":{"type":"LineString","coordinates":[[8.54117376553212,47.370398862754975],[8.541173890473777,47.370398501756114],[8.541175307614909,47.370396599246035],[8.541176211968478,47.37039551119481],[8.54117687945968,47.37039577467779],[8.541178594847384,47.370395488448565],[8.541182329450024,47.370396802072236],[8.541183660712246,47.370397149170515],[8.541186658998317,47.370394871760865],[8.541193412348608,47.370394897246165]]},"properties":{"layer":"LKZ1114-MLU1","infraType":"sewage","geomType":"pipe","source":"order_55335/NIS_ZH_ABWASSER.dxf","_dedupKey":"2683274.3,1247202.3|2683275.8,1247201.9"}},{"type":"Feature","geometry":{"type":"LineString","coordinates":[[8.540949367745613,47.37048375998341],[8.540948858673328,47.37048475430876],[8.540943954605039,47.37049091781646],[8.540938649668888,47.37049690524652],[8.540930385824991,47.37050067212635],[8.540929886050781,47.370502116120605]]},"properties":{"layer":"LKZ1111-MLU1","infraType":"sewage","geomType":"pipe","source":"order_55335/NIS_ZH_ABWASSER.dxf","_dedupKey":"2683255.7,1247213.6|2683257.2,1247211.5"}},{"type":"Feature","geometry":{"type":"LineString","coordinates":[[8.540885248526601,47.37047573655327],[8.540885004217934,47.370476728351676],[8.540878980878732,47.370492797207234],[8.540869684006536,47.370497833262505],[8.540868910167775,47.37049883011422]]},"properties":{"layer":"LKZ1114-MLU1","infraType":"sewage","geomType":"pipe","source":"order_55335/NIS_ZH_ABWASSER.dxf","_dedupKey":"2683251.1,1247213.1|2683252.4,1247210.6"}},{"type":"Feature","geometry":{"type":"LineString","coordinates":[[8.540925407021723,47.3705096248441],[8.54092523744504,47.370507827431695],[8.540925161196867,47.37050414014624],[8.540920473880155,47.37050157628488]]},"properties":{"layer":"LKZ1114-MLU1","infraType":"sewage","geomType":"pipe","source":"order_55335/NIS_ZH_ABWASSER.dxf","_dedupKey":"2683255,1247213.5|2683255.4,1247214.4"}},{"type":"Feature","geometry":{"type":"LineString","coordinates":[[8.540909375727308,47.37050914817691],[8.540913744348163,47.37050910648549],[8.540917279620649,47.37050718376461],[8.540918143067973,47.37050411717198],[8.540912256870962,47.3705012049456]]},"properties":{"layer":"LKZ1111-MLU1","infraType":"sewage","geomType":"pipe","source":"order_55335/NIS_ZH_ABWASSER.dxf","_dedupKey":"2683254.2,1247214.3|2683254.4,1247213.4"}},{"type":"Feature","geometry":{"type":"LineString","coordinates":[[8.540843699411242,47.37047064601174],[8.540843447663535,47.37047127807489],[8.540838975356616,47.370491919655564],[8.540833760021181,47.370495837340286],[8.54083298618178,47.37049683419172]]},"properties":{"layer":"LKZ1114-MLU1","infraType":"sewage","geomType":"pipe","source":"order_55335/NIS_ZH_ABWASSER.dxf","_dedupKey":"2683248.4,1247212.9|2683249.3,1247210"}},{"type":"Feature","geometry":{"type":"LineString","coordinates":[[8.540734986000388,47.370495970306],[8.540732888700875,47.37049059322592],[8.540731253627385,47.37048836003908],[8.540724280492592,47.370484108901536],[8.540724506210564,47.370482217765506]]},"properties":{"layer":"LKZ1111-MLU1","infraType":"sewage","geomType":"pipe","source":"order_55335/NIS_ZH_ABWASSER.dxf","_dedupKey":"2683240.3,1247211.1|2683241,1247212.7"}},{"type":"Feature","geometry":{"type":"LineString","coordinates":[[8.540737301913673,47.37046068720522],[8.540736798415821,47.37046195133104],[8.540729026171988,47.370476687593204],[8.540717570264315,47.370479765303415],[8.540716800141684,47.370480942021686]]},"properties":{"layer":"LKZ1114-MLU1","infraType":"sewage","geomType":"pipe","source":"order_55335/NIS_ZH_ABWASSER.dxf","_dedupKey":"2683239.7,1247211|2683241.3,1247208.7"}},{"type":"Feature","geometry":{"type":"LineString","coordinates":[[8.540608804427297,47.370444912401034],[8.540610137546164,47.37044534943972],[8.540613305045097,47.37045125602064],[8.540602745684222,47.370459272500156],[8.54059776721194,47.37046183864123],[8.540596708153219,47.370461848745386]]},"properties":{"layer":"LKZ1111-MLU1","infraType":"sewage","geomType":"pipe","source":"order_55335/NIS_ZH_ABWASSER.dxf","_dedupKey":"2683230.6,1247208.7|2683231.6,1247206.9"}},{"type":"Feature","geometry":{"type":"LineString","coordinates":[[8.540608364093087,47.37048125702261],[8.54060854705412,47.37047729740947],[8.540608346263161,47.37046758455931],[8.540605762209115,47.3704642810063],[8.540606008382095,47.37046337914231]]},"properties":{"layer":"LKZ1111-MLU1","infraType":"sewage","geomType":"pipe","source":"order_55335/NIS_ZH_ABWASSER.dxf","_dedupKey":"2683231.3,1247208.9|2683231.5,1247210.9"}},{"type":"Feature","geometry":{"type":"LineString","coordinates":[[8.540489740014241,47.37042428003438],[8.540489747450133,47.37042463976956],[8.540495303392202,47.37043079342308],[8.540494574162972,47.370433948683484],[8.540483336145524,47.370441162062406],[8.540482064373517,47.370443692837675]]},"properties":{"layer":"LKZ1111-MLU1","infraType":"sewage","geomType":"pipe","source":"order_55335/NIS_ZH_ABWASSER.dxf","_dedupKey":"2683222,1247206.6|2683222.6,1247204.4"}},{"type":"Feature","geometry":{"type":"LineString","coordinates":[[8.54041632387348,47.37045331511506],[8.540416571908468,47.370452503185234],[8.540420031385517,47.37044050663092],[8.540414055998154,47.37043327755658],[8.540413781939378,47.37043283041318]]},"properties":{"layer":"LKZ1114-MLU1","infraType":"sewage","geomType":"pipe","source":"order_55335/NIS_ZH_ABWASSER.dxf","_dedupKey":"2683216.9,1247205.3|2683217,1247207.6"}},{"type":"Feature","geometry":{"type":"LineString","coordinates":[[8.540401152359118,47.37044959192073],[8.54040166515895,47.37044877746532],[8.540408146720653,47.37044205922425],[8.5404082869432,47.37043603113395],[8.54040541955023,47.370431830764005],[8.540405147350365,47.37043147355439]]},"properties":{"layer":"LKZ1111-MLU1","infraType":"sewage","geomType":"pipe","source":"order_55335/NIS_ZH_ABWASSER.dxf","_dedupKey":"2683215.9,1247207.2|2683216.2,1247205.1"}},{"type":"Feature","geometry":{"type":"LineString","coordinates":[[8.540407589070055,47.37041507908365],[8.540408118598972,47.370415074032486],[8.540405977772155,47.37042040159433],[8.540404230374017,47.370425545500225],[8.540398494778145,47.37042991788553],[8.540397707919825,47.37043028519748]]},"properties":{"layer":"LKZ1111-MLU1","infraType":"sewage","geomType":"pipe","source":"order_55335/NIS_ZH_ABWASSER.dxf","_dedupKey":"2683215.7,1247205|2683216.4,1247203.3"}},{"type":"Feature","geometry":{"type":"LineString","coordinates":[[8.541674287433988,47.37058532085009],[8.541674033834616,47.37058586298127],[8.541668381815526,47.37060066901186],[8.54166628788553,47.370601858378855],[8.54166315536469,47.37060404713127]]},"properties":{"layer":"LKZ1114-MLU1","infraType":"sewage","geomType":"pipe","source":"order_55335/NIS_ZH_ABWASSER.dxf","_dedupKey":"2683311,1247225.7|2683311.8,1247223.6"}},{"type":"Feature","geometry":{"type":"LineString","coordinates":[[8.541605782609915,47.370576530136745],[8.541605394766421,47.37057698359813],[8.541596449910843,47.37059263063352],[8.541595004866858,47.37059318414195],[8.541591603856622,47.3705951955532]]},"properties":{"layer":"LKZ1114-MLU1","infraType":"sewage","geomType":"pipe","source":"order_55335/NIS_ZH_ABWASSER.dxf","_dedupKey":"2683305.6,1247224.6|2683306.7,1247222.5"}},{"type":"Feature","geometry":{"type":"LineString","coordinates":[[8.541864531444162,47.37045604251453],[8.541864292737705,47.37045730411634],[8.541862605271092,47.37045893936245],[8.541856459615424,47.370462686077104],[8.541842292613763,47.37046911800236],[8.541841520654879,47.370470204794344]]},"properties":{"layer":"LKZ1111-MLU1","infraType":"sewage","geomType":"pipe","source":"order_55335/NIS_ZH_ABWASSER.dxf","_dedupKey":"2683324.6,1247211|2683326.4,1247209.4"}},{"type":"Feature","geometry":{"type":"LineString","coordinates":[[8.540600873622871,47.37077223173919],[8.540594500641888,47.370771393026054],[8.540591181768361,47.37077097493234],[8.540580428990332,47.3707696382949],[8.540573550646222,47.37076997377195],[8.540572896167193,47.370770339822]]},"properties":{"layer":"LKZ1113-MLU1","infraType":"sewage","geomType":"pipe","source":"order_55335/NIS_ZH_ABWASSER.dxf","_dedupKey":"2683228.4,1247243|2683230.5,1247243.2"}},{"type":"Feature","geometry":{"type":"LineString","coordinates":[[8.540339852942967,47.37063565669121],[8.540343871307304,47.370631480592124],[8.54036443275963,47.37061410372434],[8.540362741934826,47.37060917251846]]},"properties":{"layer":"LKZ1113-MLU1","infraType":"sewage","geomType":"pipe","source":"order_55335/NIS_ZH_ABWASSER.dxf","_dedupKey":"2683211,1247227.8|2683212.7,1247224.9"}},{"type":"Feature","geometry":{"type":"LineString","coordinates":[[8.540269240707929,47.37060817537006],[8.540284605796158,47.37058922895078],[8.540284790640264,47.37058535927207],[8.540285538470334,47.370583103351144]]},"properties":{"layer":"LKZ1113-MLU1","infraType":"sewage","geomType":"pipe","source":"order_55335/NIS_ZH_ABWASSER.dxf","_dedupKey":"2683205.7,1247224.6|2683206.9,1247221.9"}},{"type":"Feature","geometry":{"type":"LineString","coordinates":[[8.54021866250194,47.370589048331006],[8.540221567913758,47.37058227425654],[8.540229272979637,47.37057068697467],[8.540227155284343,47.37056432061366],[8.540227533846796,47.37056341748786]]},"properties":{"layer":"LKZ1113-MLU1","infraType":"sewage","geomType":"pipe","source":"order_55335/NIS_ZH_ABWASSER.dxf","_dedupKey":"2683201.9,1247222.5|2683202.6,1247219.6"}},{"type":"Feature","geometry":{"type":"LineString","coordinates":[[8.540205344319922,47.37058530743497],[8.540210419893665,47.370581031306095],[8.54021288870114,47.3705787589722],[8.540220977906554,47.37056653836651],[8.540218884373193,47.37056134114478],[8.540218601022795,47.37056044433193]]},"properties":{"layer":"LKZ1111-MLU1","infraType":"sewage","geomType":"pipe","source":"order_55335/NIS_ZH_ABWASSER.dxf","_dedupKey":"2683200.9,1247222|2683201.9,1247219.3"}},{"type":"Feature","geometry":{"type":"LineString","coordinates":[[8.541474854035233,47.37045607590516],[8.541475376121896,47.370455711113955],[8.541476550816865,47.370454890333654],[8.54148039920685,47.37045530334579],[8.541486401341883,47.370451018312515],[8.541486481625773,47.37044849890249],[8.541486479765117,47.37044840896875]]},"properties":{"layer":"LKZ1111-MLU1","infraType":"sewage","geomType":"pipe","source":"order_55335/NIS_ZH_ABWASSER.dxf","_dedupKey":"2683297,1247209|2683297.9,1247208.2"}},{"type":"Feature","geometry":{"type":"LineString","coordinates":[[8.54149459202328,47.370456517100635],[8.541494715102228,47.37045606616767],[8.541493868709644,47.37045355560597],[8.541497396789122,47.37044488656942],[8.541496945682722,47.37044228228183],[8.541497331665486,47.370441738887024]]},"properties":{"layer":"LKZ1111-MLU1","infraType":"sewage","geomType":"pipe","source":"order_55335/NIS_ZH_ABWASSER.dxf","_dedupKey":"2683298.5,1247209.1|2683298.7,1247207.4"}},{"type":"Feature","geometry":{"type":"LineString","coordinates":[[8.539012504027998,47.37086257432523],[8.539007320655074,47.37086163423985],[8.53897861817329,47.37085669049262],[8.53896877667304,47.370861011968366]]},"properties":{"layer":"LKZ1114-MLU1","infraType":"sewage","geomType":"pipe","source":"order_55335/NIS_ZH_ABWASSER.dxf","_dedupKey":"2683107.1,1247251.4|2683110.4,1247251.6"}},{"type":"Feature","geometry":{"type":"LineString","coordinates":[[8.541388511578022,47.37044268794956],[8.541392139853839,47.37044526190333],[8.541392673103958,47.37044543671518]]},"properties":{"layer":"LKZ1114-MLU1","infraType":"sewage","geomType":"pipe","source":"order_55335/NIS_ZH_ABWASSER.dxf","_dedupKey":"2683290.5,1247207.4|2683290.8,1247207.7"}},{"type":"Feature","geometry":{"type":"LineString","coordinates":[[8.541485439658763,47.37039813598303],[8.541488900201529,47.370399002455926],[8.541493410498394,47.370399409147495],[8.541494844374155,47.37039831603758],[8.541504741677969,47.370390305796576],[8.54150591451036,47.3703893950822]]},"properties":{"layer":"LKZ1114-MLU1","infraType":"sewage","geomType":"pipe","source":"order_55335/NIS_ZH_ABWASSER.dxf","_dedupKey":"2683297.9,1247202.6|2683299.4,1247201.6"}},{"type":"Feature","geometry":{"type":"LineString","coordinates":[[8.541025249757263,47.3705035447137],[8.54102462132292,47.37050516983947],[8.541023265549468,47.370510040162685],[8.54102037731391,47.37051123709901],[8.541010016145338,47.370509626909616],[8.540969373211036,47.37050353829727],[8.540962761528382,47.370503961204385]]},"properties":{"layer":"LKZ1113-MLU1","infraType":"sewage","geomType":"pipe","source":"order_55335/NIS_ZH_ABWASSER.dxf","_dedupKey":"2683258.2,1247213.8|2683262.9,1247213.8"}},{"type":"Feature","geometry":{"type":"LineString","coordinates":[[8.540970902624462,47.37049425869205],[8.540970779540995,47.37049470962441],[8.540969220708606,47.37049616372641],[8.540954792884929,47.37049639137451],[8.540945632121193,47.37050160604008],[8.540945395252512,47.37050295757378]]},"properties":{"layer":"LKZ1114-MLU1","infraType":"sewage","geomType":"pipe","source":"order_55335/NIS_ZH_ABWASSER.dxf","_dedupKey":"2683256.9,1247213.7|2683258.8,1247212.7"}},{"type":"Feature","geometry":{"type":"LineString","coordinates":[[8.54041781912275,47.370602530441616],[8.540417297027401,47.37060289522805],[8.540396135836808,47.3706104731098],[8.540379386431026,47.3706136912314],[8.540378075615338,47.370614333395665]]},"properties":{"layer":"LKZ1113-MLU1","infraType":"sewage","geomType":"pipe","source":"order_55335/NIS_ZH_ABWASSER.dxf","_dedupKey":"2683213.9,1247225.4|2683216.9,1247224.2"}},{"type":"Feature","geometry":{"type":"LineString","coordinates":[[8.540330901513457,47.37063178420608],[8.540331294944334,47.37063160055032],[8.540334778201844,47.37062715970101],[8.540336592527288,47.370625253413245],[8.540344234377388,47.37061060837468],[8.540338091282774,47.370601671817354],[8.540338605943752,47.37060094729607]]},"properties":{"layer":"LKZ1111-MLU1","infraType":"sewage","geomType":"pipe","source":"order_55335/NIS_ZH_ABWASSER.dxf","_dedupKey":"2683210.3,1247227.3|2683210.9,1247223.9"}},{"type":"Feature","geometry":{"type":"LineString","coordinates":[[8.541795502238916,47.37081219036297],[8.54178940330662,47.37081179885589],[8.54177581064554,47.37081399756327],[8.541771854039139,47.37081475496434],[8.541772156028566,47.37081655111105]]},"properties":{"layer":"LKZ1113-MLU1","infraType":"sewage","geomType":"pipe","source":"order_55335/NIS_ZH_ABWASSER.dxf","_dedupKey":"2683318.9,1247249.4|2683320.6,1247248.9"}},{"type":"Feature","geometry":{"type":"LineString","coordinates":[[8.540285764381538,47.37040823542254],[8.540287205716847,47.37040750206286],[8.540298270481278,47.37039831142196],[8.540294545612086,47.37039106087587],[8.540294793648641,47.37039024894624]]},"properties":{"layer":"LKZ1111-MLU1","infraType":"sewage","geomType":"pipe","source":"order_55335/NIS_ZH_ABWASSER.dxf","_dedupKey":"2683207.2,1247202.4|2683207.9,1247200.4"}},{"type":"Feature","geometry":{"type":"LineString","coordinates":[[8.541657792582594,47.37047285903276],[8.541657915660195,47.37047240809959],[8.54165504072296,47.37046784802566],[8.54164547781602,47.3704600236128],[8.541632036746469,47.37045034725166],[8.5416313338952,47.37044837502946]]},"properties":{"layer":"LKZ1111-MLU1","infraType":"sewage","geomType":"pipe","source":"order_55335/NIS_ZH_ABWASSER.dxf","_dedupKey":"2683308.8,1247208.3|2683310.8,1247211.1"}},{"type":"Feature","geometry":{"type":"LineString","coordinates":[[8.541775075448511,47.37063131299211],[8.541773026428503,47.370628274209324],[8.541768702707705,47.37062408778148],[8.54175609681512,47.370616382392186],[8.54175568105585,47.370615486847434]]},"properties":{"layer":"LKZ1113-MLU1","infraType":"sewage","geomType":"pipe","source":"order_55335/NIS_ZH_ABWASSER.dxf","_dedupKey":"2683317.9,1247227|2683319.4,1247228.8"}},{"type":"Feature","geometry":{"type":"LineString","coordinates":[[8.540929767767942,47.37065647408832],[8.540927623606793,47.37065523522959],[8.540919790704336,47.37065423056419],[8.540916127102781,47.37064994785373],[8.54091610850577,47.370649048515865]]},"properties":{"layer":"LKZ1114-MLU1","infraType":"sewage","geomType":"pipe","source":"order_55335/NIS_ZH_ABWASSER.dxf","_dedupKey":"2683254.5,1247229.9|2683255.5,1247230.7"}},{"type":"Feature","geometry":{"type":"LineString","coordinates":[[8.54050645446556,47.370624352692964],[8.540500396462205,47.370625939661274],[8.540493540443984,47.370627354339035],[8.540478789792951,47.370631183068156],[8.54047763552728,47.37063299310995]]},"properties":{"layer":"LKZ1113-MLU1","infraType":"sewage","geomType":"pipe","source":"order_55335/NIS_ZH_ABWASSER.dxf","_dedupKey":"2683221.4,1247227.6|2683223.6,1247226.7"}},{"type":"Feature","geometry":{"type":"LineString","coordinates":[[8.541230278932515,47.3706857184645],[8.54122719506146,47.37068385892108],[8.541223031665215,47.370681020215876],[8.541221793713927,47.370678783244934],[8.541221417335134,47.37067338974548],[8.54122244105378,47.370671670893806],[8.541227978810591,47.370670538611485]]},"properties":{"layer":"LKZ1113-MLU1","infraType":"sewage","geomType":"pipe","source":"order_55335/NIS_ZH_ABWASSER.dxf","_dedupKey":"2683278,1247232.6|2683278.1,1247234.3"}},{"type":"Feature","geometry":{"type":"LineString","coordinates":[[8.54118495815899,47.37047908264354],[8.541184648750686,47.37047692676003],[8.541179486150938,47.370470589481165],[8.541178184961701,47.370465294760784],[8.54117710730167,47.37046440553234],[8.541181735102878,47.370464091502065],[8.541188753226603,47.370464114460255]]},"properties":{"layer":"LKZ1113-MLU1","infraType":"sewage","geomType":"pipe","source":"order_55335/NIS_ZH_ABWASSER.dxf","_dedupKey":"2683275,1247211.3|2683275.3,1247209.6"}},{"type":"Feature","geometry":{"type":"LineString","coordinates":[[8.541255563476746,47.37042299848813],[8.541254237794202,47.37042292119202],[8.541252514964981,47.37042284768724],[8.541251314223633,47.370422409392184],[8.54124866099834,47.370422164866106],[8.541235648475283,47.3704204001046],[8.541219995749548,47.37041902035137],[8.54120576946609,47.37041618775457],[8.541199911165648,47.37041462454963],[8.541199368615622,47.37041400006791],[8.541198162294403,47.37041329197097],[8.54119220509517,47.37041334883754]]},"properties":{"layer":"LKZ1111-MLU1","infraType":"sewage","geomType":"pipe","source":"order_55335/NIS_ZH_ABWASSER.dxf","_dedupKey":"2683275.7,1247204|2683280.5,1247205.1"}},{"type":"Feature","geometry":{"type":"LineString","coordinates":[[8.540474968362965,47.370676914899505],[8.54047160674038,47.37067442832511],[8.540467160029966,47.37067069278041],[8.540458812872755,47.37066402604326],[8.54045241574101,47.37066201818289],[8.540451099348267,47.37066239054661]]},"properties":{"layer":"LKZ1113-MLU1","infraType":"sewage","geomType":"pipe","source":"order_55335/NIS_ZH_ABWASSER.dxf","_dedupKey":"2683219.3,1247230.9|2683221.1,1247232.5"}},{"type":"Feature","geometry":{"type":"LineString","coordinates":[[8.541233262180816,47.370413856421706],[8.541227441084198,47.37041409189391],[8.541223728801782,47.37041385747716],[8.541220143320983,47.37041335199518],[8.5412075428291,47.3704123029096],[8.541201151279894,47.37041056489199],[8.54119951990958,47.37040851157932],[8.541198186786799,47.37040807454746],[8.541192623014409,47.37040794775536]]},"properties":{"layer":"LKZ1113-MLU1","infraType":"sewage","geomType":"pipe","source":"order_55335/NIS_ZH_ABWASSER.dxf","_dedupKey":"2683275.7,1247203.4|2683278.8,1247204.1"}},{"type":"Feature","geometry":{"type":"LineString","coordinates":[[8.541429651498929,47.370594403224466],[8.541429642196098,47.370593953555534],[8.541426871746056,47.370588043205366],[8.541424815305346,47.37058464468119],[8.54142136061665,47.370577661445274],[8.541416952919143,47.37057581454654],[8.541416020659291,47.37057555359287]]},"properties":{"layer":"LKZ1114-MLU1","infraType":"sewage","geomType":"pipe","source":"order_55335/NIS_ZH_ABWASSER.dxf","_dedupKey":"2683292.3,1247222.2|2683293.3,1247224.3"}},{"type":"Feature","geometry":{"type":"LineString","coordinates":[[8.541365293355556,47.370587641662176],[8.541363369301415,47.37058424187298],[8.54136163530412,47.3705836287671],[8.541361331469407,47.370581742685474],[8.541358221553564,47.370578624072564],[8.541346162005308,47.37057172298687],[8.541344707657183,47.37057182682326]]},"properties":{"layer":"LKZ1114-MLU1","infraType":"sewage","geomType":"pipe","source":"order_55335/NIS_ZH_ABWASSER.dxf","_dedupKey":"2683287,1247221.7|2683288.5,1247223.5"}},{"type":"Feature","geometry":{"type":"LineString","coordinates":[[8.541479300297581,47.370600585588555],[8.541479296576277,47.370600405721],[8.541479231453522,47.37059725803872],[8.541480592769465,47.370592657511644],[8.541480095146348,47.37058780487958],[8.541468669583825,47.37057954847987],[8.54146788087005,47.37057982586528]]},"properties":{"layer":"LKZ1111-MLU1","infraType":"sewage","geomType":"pipe","source":"order_55335/NIS_ZH_ABWASSER.dxf","_dedupKey":"2683296.2,1247222.8|2683297.1,1247225.1"}},{"type":"Feature","geometry":{"type":"LineString","coordinates":[[8.541433190420994,47.37072066140267],[8.541431993392601,47.370720402977135],[8.541429974157877,47.37071880312869]]},"properties":{"layer":"LKZ1114-MLU1","infraType":"sewage","geomType":"pipe","source":"order_55335/NIS_ZH_ABWASSER.dxf","_dedupKey":"2683293.2,1247238.2|2683293.4,1247238.4"}},{"type":"Feature","geometry":{"type":"LineString","coordinates":[[8.540098967767014,47.370486655635084],[8.540092930208537,47.370489231853895],[8.540087289796755,47.3704918042851],[8.540077766219817,47.37051150453659],[8.540076061972137,47.37051233035231]]},"properties":{"layer":"LKZ1111-MLU1","infraType":"sewage","geomType":"pipe","source":"order_55335/NIS_ZH_ABWASSER.dxf","_dedupKey":"2683191.2,1247213.8|2683193,1247211"}},{"type":"Feature","geometry":{"type":"LineString","coordinates":[[8.540916975318057,47.37047966149749],[8.540915956484264,47.3704944232732],[8.54090481927905,47.370500106555184],[8.540904567531928,47.370500738618496]]},"properties":{"layer":"LKZ1114-MLU1","infraType":"sewage","geomType":"pipe","source":"order_55335/NIS_ZH_ABWASSER.dxf","_dedupKey":"2683253.8,1247213.4|2683254.8,1247211"}},{"type":"Feature","geometry":{"type":"LineString","coordinates":[[8.540861976422825,47.37049008103201],[8.540855515719326,47.370491402007566],[8.540849985411556,47.37049289400726],[8.540844993931012,47.37049483062241],[8.540841192032326,47.37049666593391],[8.54084040889521,47.37049721311642]]},"properties":{"layer":"LKZ1113-MLU1","infraType":"sewage","geomType":"pipe","source":"order_55335/NIS_ZH_ABWASSER.dxf","_dedupKey":"2683249,1247212.9|2683250.6,1247212.1"}},{"type":"Feature","geometry":{"type":"LineString","coordinates":[[8.540584954395678,47.3704569235974],[8.540579237786927,47.37045580876696],[8.540571667825894,47.37045471161804],[8.540567569551197,47.37045502057195],[8.540562691855282,47.37045605657395],[8.540562037380038,47.370456422624045]]},"properties":{"layer":"LKZ1113-MLU1","infraType":"sewage","geomType":"pipe","source":"order_55335/NIS_ZH_ABWASSER.dxf","_dedupKey":"2683228,1247208.1|2683229.8,1247208.2"}},{"type":"Feature","geometry":{"type":"LineString","coordinates":[[8.541796532757639,47.3704781004642],[8.541794368110555,47.37047587234997],[8.541791916364888,47.370472567559126],[8.541783938302503,47.37046454811756],[8.541778898468637,47.37046414649489],[8.541777958764362,47.370463525809036]]},"properties":{"layer":"LKZ1113-MLU1","infraType":"sewage","geomType":"pipe","source":"order_55335/NIS_ZH_ABWASSER.dxf","_dedupKey":"2683319.8,1247210.2|2683321.2,1247211.8"}},{"type":"Feature","geometry":{"type":"LineString","coordinates":[[8.540484159511163,47.37042334380391],[8.540483905900448,47.37042388593248],[8.540480129227204,47.37043975343081],[8.54047683640057,47.37044059440699],[8.540473163157474,47.37044224857593]]},"properties":{"layer":"LKZ1114-MLU1","infraType":"sewage","geomType":"pipe","source":"order_55335/NIS_ZH_ABWASSER.dxf","_dedupKey":"2683221.3,1247206.4|2683222.2,1247204.3"}},{"type":"Feature","geometry":{"type":"LineString","coordinates":[[8.541146936100308,47.370900598688706],[8.541146550110653,47.370901142082296],[8.541145504063982,47.370901781727966],[8.541127395436328,47.370903303852465],[8.541123936726732,47.370902527302626],[8.54112166388786,47.37090146957885],[8.541109635917774,47.370896097343305],[8.541108315803768,47.37089628984688]]},"properties":{"layer":"LKZ1111-MLU1","infraType":"sewage","geomType":"pipe","source":"order_55335/NIS_ZH_ABWASSER.dxf","_dedupKey":"2683268.6,1247257.6|2683271.5,1247258.1"}},{"type":"Feature","geometry":{"type":"LineString","coordinates":[[8.541110845839997,47.370788143954364],[8.541110444970508,47.370787967877575],[8.54110711679176,47.37078710012984],[8.541098909037295,47.37078717847277],[8.541085497744339,47.37077894098949],[8.541085624547483,47.37077866992453]]},"properties":{"layer":"LKZ1111-MLU1","infraType":"sewage","geomType":"pipe","source":"order_55335/NIS_ZH_ABWASSER.dxf","_dedupKey":"2683267.1,1247244.5|2683269,1247245.5"}},{"type":"Feature","geometry":{"type":"LineString","coordinates":[[8.541836004514776,47.37079867059338],[8.541836017543595,47.3707993001298],[8.541835903773036,47.370800200731864],[8.541836189013198,47.37080118747447],[8.54182602319406,47.370809020404195],[8.541825793791325,47.37081073167464]]},"properties":{"layer":"LKZ1111-MLU1","infraType":"sewage","geomType":"pipe","source":"order_55335/NIS_ZH_ABWASSER.dxf","_dedupKey":"2683322.9,1247248.8|2683323.7,1247247.5"}},{"type":"Feature","geometry":{"type":"LineString","coordinates":[[8.541654162753966,47.37083494867518],[8.541653627638139,47.370834683930774],[8.541652699094495,47.37083460284661],[8.541652426884205,47.37083424563999],[8.54165096136382,47.37083380987761],[8.541638849356527,47.37083077723939],[8.541638720695154,47.370830958371165]]},"properties":{"layer":"LKZ1111-MLU1","infraType":"sewage","geomType":"pipe","source":"order_55335/NIS_ZH_ABWASSER.dxf","_dedupKey":"2683308.8,1247250.9|2683309.9,1247251.3"}},{"type":"Feature","geometry":{"type":"LineString","coordinates":[[8.541489422450834,47.370827436682134],[8.54148982704322,47.37082779262511],[8.541490112277119,47.37082877936852],[8.54148827379728,47.37082951653527],[8.541478764532402,47.37083068675089],[8.541473566233874,47.37082902730611],[8.541471970192513,47.37082868273929],[8.541472374784789,47.37082903868231],[8.541471347349898,47.37083057766863],[8.54147114156913,47.37084623120128],[8.541468532977095,47.37084814509089],[8.541468426642783,47.370849405427734]]},"properties":{"layer":"LKZ1111-MLU1","infraType":"sewage","geomType":"pipe","source":"order_55335/NIS_ZH_ABWASSER.dxf","_dedupKey":"2683295.9,1247252.7|2683297.5,1247250.3"}},{"type":"Feature","geometry":{"type":"LineString","coordinates":[[8.541386716558463,47.37072074531329],[8.541383334137137,47.37072365605608],[8.541383485125039,47.37072455412995]]},"properties":{"layer":"LKZ1114-MLU1","infraType":"sewage","geomType":"pipe","source":"order_55335/NIS_ZH_ABWASSER.dxf","_dedupKey":"2683289.6,1247238.8|2683289.9,1247238.3"}},{"type":"Feature","geometry":{"type":"LineString","coordinates":[[8.540708925610453,47.37045870917657],[8.540712807463091,47.37046074102266],[8.540722521576429,47.370463077024894],[8.540720486762911,47.370473530818934],[8.540703489389065,47.37047756091817],[8.540702586883784,47.37047873889946]]},"properties":{"layer":"LKZ1111-MLU1","infraType":"sewage","geomType":"pipe","source":"order_55335/NIS_ZH_ABWASSER.dxf","_dedupKey":"2683238.6,1247210.7|2683239.1,1247208.5"}},{"type":"Feature","geometry":{"type":"LineString","coordinates":[[8.541708020559676,47.37059021588447],[8.541707901204296,47.37059084668518],[8.541705093004092,47.370595910791],[8.541680391165345,47.370605141851854],[8.541680146870888,47.370606133651904]]},"properties":{"layer":"LKZ1111-MLU1","infraType":"sewage","geomType":"pipe","source":"order_55335/NIS_ZH_ABWASSER.dxf","_dedupKey":"2683312.2,1247225.9|2683314.4,1247224.2"}},{"type":"Feature","geometry":{"type":"LineString","coordinates":[[8.54039143884507,47.370408846581114],[8.540390650128202,47.37040912395923],[8.540354632460701,47.370415404323225],[8.540353573402854,47.3704154144251]]},"properties":{"layer":"LKZ1114-MLU1","infraType":"sewage","geomType":"pipe","source":"order_55335/NIS_ZH_ABWASSER.dxf","_dedupKey":"2683212.3,1247203.3|2683215.2,1247202.6"}},{"type":"Feature","geometry":{"type":"LineString","coordinates":[[8.540554788575282,47.370663020498256],[8.540554779279823,47.37066257082932],[8.540548243489845,47.37064104481512],[8.540539266017378,47.370635913273],[8.540538986379314,47.37063519632853]]},"properties":{"layer":"LKZ1111-MLU1","infraType":"sewage","geomType":"pipe","source":"order_55335/NIS_ZH_ABWASSER.dxf","_dedupKey":"2683226,1247227.9|2683227.2,1247231"}},{"type":"Feature","geometry":{"type":"LineString","coordinates":[[8.540292920117963,47.37055586758374],[8.540292931269837,47.37055640718656],[8.540301155300122,47.37056352486763],[8.540294901302385,47.37056844190112],[8.540268560457978,47.37057525959926],[8.540266871080034,47.37057680488821]]},"properties":{"layer":"LKZ1111-MLU1","infraType":"sewage","geomType":"pipe","source":"order_55335/NIS_ZH_ABWASSER.dxf","_dedupKey":"2683205.5,1247221.2|2683207.5,1247218.9"}},{"type":"Feature","geometry":{"type":"LineString","coordinates":[[8.540841044325845,47.37047031154252],[8.540840934258307,47.370471392011325],[8.540834204011212,47.37049169533265],[8.540825285686811,47.37049582825656],[8.540824370167126,47.37049637670225]]},"properties":{"layer":"LKZ1111-MLU1","infraType":"sewage","geomType":"pipe","source":"order_55335/NIS_ZH_ABWASSER.dxf","_dedupKey":"2683247.8,1247212.8|2683249.1,1247209.9"}},{"type":"Feature","geometry":{"type":"LineString","coordinates":[[8.540498384858454,47.370470972362355],[8.54050513753894,47.37045174826612],[8.540503157381174,47.37045203701116],[8.5405014591127,47.37044674607182]]},"properties":{"layer":"LKZ1114-MLU1","infraType":"sewage","geomType":"pipe","source":"order_55335/NIS_ZH_ABWASSER.dxf","_dedupKey":"2683223.2,1247209.6|2683223.5,1247206.9"}},{"type":"Feature","geometry":{"type":"LineString","coordinates":[[8.540894912034172,47.37065491774695],[8.540877667283976,47.37064698667782],[8.540876356473476,47.3706476288477]]},"properties":{"layer":"LKZ1111-MLU1","infraType":"sewage","geomType":"pipe","source":"order_55335/NIS_ZH_ABWASSER.dxf","_dedupKey":"2683251.5,1247229.7|2683252.9,1247230.5"}},{"type":"Feature","geometry":{"type":"LineString","coordinates":[[8.540365090875323,47.37044094075127],[8.540368977250324,47.37043037935105],[8.540367749044327,47.370422205477006],[8.540367736032954,47.37042157594037]]},"properties":{"layer":"LKZ1114-MLU1","infraType":"sewage","geomType":"pipe","source":"order_55335/NIS_ZH_ABWASSER.dxf","_dedupKey":"2683213.2,1247206.2|2683213.4,1247204"}},{"type":"Feature","geometry":{"type":"LineString","coordinates":[[8.540883056969884,47.370625886584236],[8.540880836217543,47.37062734700172],[8.540872630346986,47.37062751526234],[8.540870191319364,47.37063122655098],[8.540869323798347,47.370640499837876],[8.540863610532861,47.37064595145146],[8.54086230902027,47.37064704329012]]},"properties":{"layer":"LKZ1111-MLU1","infraType":"sewage","geomType":"pipe","source":"order_55335/NIS_ZH_ABWASSER.dxf","_dedupKey":"2683250.4,1247229.6|2683252,1247227.3"}},{"type":"Feature","geometry":{"type":"LineString","coordinates":[[8.541730356469468,47.37047945211114],[8.541730483268614,47.370479181045496],[8.541730203615343,47.37047846410386],[8.541725567004736,47.37046555536196],[8.541721899629264,47.37046109280922],[8.541719080518666,47.37045923075024],[8.541719043297665,47.37045743207469]]},"properties":{"layer":"LKZ1114-MLU1","infraType":"sewage","geomType":"pipe","source":"order_55335/NIS_ZH_ABWASSER.dxf","_dedupKey":"2683315.4,1247209.4|2683316.2,1247211.9"}},{"type":"Feature","geometry":{"type":"LineString","coordinates":[[8.541464026085375,47.37085430482787],[8.54146388439891,47.37085385642303],[8.541463349283843,47.37085359167775],[8.541460694175466,47.37085325722283],[8.541455242272436,47.37085213990791],[8.541451779840166,47.37085118350033],[8.541451119784336,47.370851279754056]]},"properties":{"layer":"LKZ1111-MLU1","infraType":"sewage","geomType":"pipe","source":"order_55335/NIS_ZH_ABWASSER.dxf","_dedupKey":"2683294.6,1247252.9|2683295.5,1247253.3"}},{"type":"Feature","geometry":{"type":"LineString","coordinates":[[8.541805034892484,47.37063300578444],[8.541804887620133,47.37063228757864],[8.541804212678064,47.3706316643642],[8.541793840534051,47.37062312808022],[8.541790739896355,47.370620459147936],[8.541790195476123,47.370619744735265]]},"properties":{"layer":"LKZ1111-MLU1","infraType":"sewage","geomType":"pipe","source":"order_55335/NIS_ZH_ABWASSER.dxf","_dedupKey":"2683320.5,1247227.5|2683321.6,1247229"}},{"type":"Feature","geometry":{"type":"LineString","coordinates":[[8.541343704975459,47.370440147332],[8.54135034269314,47.370440983476094],[8.541359752996971,47.370441433342975],[8.541371436125138,47.37044294092816],[8.54137636031589,47.37044415323661]]},"properties":{"layer":"LKZ1113-MLU1","infraType":"sewage","geomType":"pipe","source":"order_55335/NIS_ZH_ABWASSER.dxf","_dedupKey":"2683287.1,1247207.1|2683289.5,1247207.6"}},{"type":"Feature","geometry":{"type":"LineString","coordinates":[[8.540338109671803,47.37040395817807],[8.54033277349213,47.37040203014302],[8.540323971212816,47.37039896579854],[8.540315355218365,47.37039850827108],[8.540314298019524,47.37039860830642]]},"properties":{"layer":"LKZ1113-MLU1","infraType":"sewage","geomType":"pipe","source":"order_55335/NIS_ZH_ABWASSER.dxf","_dedupKey":"2683209.4,1247201.4|2683211.2,1247202"}},{"type":"Feature","geometry":{"type":"LineString","coordinates":[[8.540999575095588,47.37064501367559],[8.540995342566111,47.37064523397435],[8.540966979173513,47.370643885545825],[8.540950011520096,47.37064935462175],[8.540949235820884,47.37065026154012]]},"properties":{"layer":"LKZ1113-MLU1","infraType":"sewage","geomType":"pipe","source":"order_55335/NIS_ZH_ABWASSER.dxf","_dedupKey":"2683257,1247230|2683260.8,1247229.5"}},{"type":"Feature","geometry":{"type":"LineString","coordinates":[[8.541712223305144,47.37058855661913],[8.541712103949813,47.37058918741987],[8.541710724043552,47.37059288861193],[8.541706612488365,47.37059895463227],[8.541704660247099,47.37060059240456],[8.541689016509954,47.37060604894631],[8.54168665223186,47.37060697104087]]},"properties":{"layer":"LKZ1113-MLU1","infraType":"sewage","geomType":"pipe","source":"order_55335/NIS_ZH_ABWASSER.dxf","_dedupKey":"2683312.7,1247226|2683314.7,1247224"}},{"type":"Feature","geometry":{"type":"LineString","coordinates":[[8.5404231968032,47.3707153683104],[8.540446911686791,47.37069040541916],[8.5404523695285,47.37068540602091],[8.540455890756327,47.370669990719406],[8.540456416569917,47.370669805800404]]},"properties":{"layer":"LKZ1113-MLU1","infraType":"sewage","geomType":"pipe","source":"order_55335/NIS_ZH_ABWASSER.dxf","_dedupKey":"2683217.1,1247236.7|2683219.7,1247231.7"}},{"type":"Feature","geometry":{"type":"LineString","coordinates":[[8.541218180258406,47.37052329152329],[8.541213809776428,47.37052324329241],[8.541204660503961,47.37052261101865],[8.541197345984644,47.370521061714435],[8.541194306768265,47.37052136058098],[8.541191388773356,47.370521118580974],[8.541189488914775,47.37051888792805],[8.541184984190568,47.37051875102601]]},"properties":{"layer":"LKZ1113-MLU1","infraType":"sewage","geomType":"pipe","source":"order_55335/NIS_ZH_ABWASSER.dxf","_dedupKey":"2683275,1247215.7|2683277.5,1247216.2"}},{"type":"Feature","geometry":{"type":"LineString","coordinates":[[8.540584194178303,47.37072759500983],[8.540583716702296,47.37073011820796],[8.540545516338126,47.37075252077642],[8.540540644191752,47.37075382657878],[8.540539327797356,47.370754198943416]]},"properties":{"layer":"LKZ1111-MLU1","infraType":"sewage","geomType":"pipe","source":"order_55335/NIS_ZH_ABWASSER.dxf","_dedupKey":"2683225.8,1247241.2|2683229.3,1247238.3"}},{"type":"Feature","geometry":{"type":"LineString","coordinates":[[8.540401503403816,47.370588293832945],[8.540401505262643,47.37058838376671],[8.540397496200196,47.370593009536876],[8.540391594337509,47.37060215093848],[8.540367507712448,47.37060912705946],[8.540365809042445,47.37061022268084]]},"properties":{"layer":"LKZ1111-MLU1","infraType":"sewage","geomType":"pipe","source":"order_55335/NIS_ZH_ABWASSER.dxf","_dedupKey":"2683213,1247225|2683215.7,1247222.6"}},{"type":"Feature","geometry":{"type":"LineString","coordinates":[[8.54125563141688,47.37075914675463],[8.5412581336731,47.37075849320647],[8.541260296751698,47.370754244834615],[8.541265167020168,47.370752849068154]]},"properties":{"layer":"LKZ1111-MLU1","infraType":"sewage","geomType":"pipe","source":"order_55335/NIS_ZH_ABWASSER.dxf","_dedupKey":"2683279.9,1247242.5|2683280.7,1247241.8"}},{"type":"Feature","geometry":{"type":"LineString","coordinates":[[8.540274413387008,47.37040357625634],[8.54028190197535,47.37039432977449],[8.54028239061438,47.37039234618018],[8.540282312552256,47.37038856896035],[8.540279445171775,47.370384368587224],[8.540279430302839,47.37038364911679]]},"properties":{"layer":"LKZ1114-MLU1","infraType":"sewage","geomType":"pipe","source":"order_55335/NIS_ZH_ABWASSER.dxf","_dedupKey":"2683206.4,1247201.9|2683206.8,1247199.7"}},{"type":"Feature","geometry":{"type":"LineString","coordinates":[[8.541068788457885,47.37072647882759],[8.541067682894997,47.37072424059145],[8.54106761407649,47.37072091304144],[8.541066352277356,47.370711120367496],[8.541068190758953,47.37071038320744],[8.541071051104751,47.37070783726325],[8.541071977785338,47.370707828418375]]},"properties":{"layer":"LKZ1113-MLU1","infraType":"sewage","geomType":"pipe","source":"order_55335/NIS_ZH_ABWASSER.dxf","_dedupKey":"2683265.9,1247238.6|2683266.1,1247236.6"}},{"type":"Feature","geometry":{"type":"LineString","coordinates":[[8.541531186348982,47.37056770759704],[8.541529914623743,47.370570238383785],[8.541527057757959,47.370579350769454],[8.541525221147959,47.37058017787064],[8.541512465627026,47.37058443743954],[8.541510759538548,47.37058517334261]]},"properties":{"layer":"LKZ1114-MLU1","infraType":"sewage","geomType":"pipe","source":"order_55335/NIS_ZH_ABWASSER.dxf","_dedupKey":"2683299.5,1247223.4|2683301,1247221.5"}},{"type":"Feature","geometry":{"type":"LineString","coordinates":[[8.541777780334716,47.370448505603534],[8.541776014456671,47.37045275019237],[8.541774739023522,47.370455101114295],[8.541772272149549,47.37045746341548],[8.541769396961628,47.370459289907],[8.541764804525725,47.37046131270268],[8.541763495591615,47.37046204481647]]},"properties":{"layer":"LKZ1114-MLU1","infraType":"sewage","geomType":"pipe","source":"order_55335/NIS_ZH_ABWASSER.dxf","_dedupKey":"2683318.8,1247210|2683319.9,1247208.5"}},{"type":"Feature","geometry":{"type":"LineString","coordinates":[[8.541756698052264,47.37044708782843],[8.54175606964091,47.370448712958186],[8.541754382171245,47.37045034820268],[8.541745264298884,47.37045763140869],[8.541740004367416,47.37045939072369],[8.541738814787738,47.37045949203636]]},"properties":{"layer":"LKZ1111-MLU1","infraType":"sewage","geomType":"pipe","source":"order_55335/NIS_ZH_ABWASSER.dxf","_dedupKey":"2683316.9,1247209.7|2683318.3,1247208.3"}},{"type":"Feature","geometry":{"type":"LineString","coordinates":[[8.540798584988858,47.37050444854154],[8.540796907143807,47.370500146878385],[8.540790963309846,47.37049444669823],[8.540789067187943,47.37049239590626]]},"properties":{"layer":"LKZ1114-MLU1","infraType":"sewage","geomType":"pipe","source":"order_55335/NIS_ZH_ABWASSER.dxf","_dedupKey":"2683245.1,1247212.3|2683245.8,1247213.7"}},{"type":"Feature","geometry":{"type":"LineString","coordinates":[[8.540631956833682,47.37043758533547],[8.54062542286419,47.370448172005524],[8.540618416997726,47.37046155167502],[8.540613828236282,47.37046375429247],[8.54061264980946,47.37046439519638]]},"properties":{"layer":"LKZ1114-MLU1","infraType":"sewage","geomType":"pipe","source":"order_55335/NIS_ZH_ABWASSER.dxf","_dedupKey":"2683231.8,1247209|2683233.3,1247206.1"}},{"type":"Feature","geometry":{"type":"LineString","coordinates":[[8.540577093705725,47.37060829707174],[8.540576375633668,47.37061199193526],[8.540573824268678,47.37062308031476],[8.54055552493035,47.3706345887898],[8.540554490036358,47.370635768032855]]},"properties":{"layer":"LKZ1111-MLU1","infraType":"sewage","geomType":"pipe","source":"order_55335/NIS_ZH_ABWASSER.dxf","_dedupKey":"2683227.2,1247228|2683228.9,1247225"}},{"type":"Feature","geometry":{"type":"LineString","coordinates":[[8.541105959331572,47.370852775797694],[8.541104822144042,47.37084900868776],[8.541098302526867,47.370834678671955],[8.541095492718348,47.37083326626683],[8.54109615277459,47.37083317001512]]},"properties":{"layer":"LKZ1113-MLU1","infraType":"sewage","geomType":"pipe","source":"order_55335/NIS_ZH_ABWASSER.dxf","_dedupKey":"2683267.8,1247250.5|2683268.5,1247252.7"}},{"type":"Feature","geometry":{"type":"LineString","coordinates":[[8.541082648723904,47.370705207923535],[8.541078294966914,47.37070596909163],[8.541076710091637,47.370706164121984],[8.541074700167975,47.37070501393625],[8.541072563441373,47.370704134815384],[8.54106973876072,47.370702002939325],[8.541070924627158,47.37070172176595]]},"properties":{"layer":"LKZ1114-MLU1","infraType":"sewage","geomType":"pipe","source":"order_55335/NIS_ZH_ABWASSER.dxf","_dedupKey":"2683266.1,1247235.9|2683267,1247236.3"}},{"type":"Feature","geometry":{"type":"LineString","coordinates":[[8.541785074388166,47.37044906559944],[8.54178291694729,47.370453583782776],[8.541777097469124,47.37046029577922],[8.54177408431547,47.37046185373391],[8.54177318369527,47.370463121657366]]},"properties":{"layer":"LKZ1113-MLU1","infraType":"sewage","geomType":"pipe","source":"order_55335/NIS_ZH_ABWASSER.dxf","_dedupKey":"2683319.5,1247210.1|2683320.4,1247208.6"}},{"type":"Feature","geometry":{"type":"LineString","coordinates":[[8.541476375916675,47.37044643655794],[8.541476774924163,47.370446522699666],[8.541480977665488,47.370444863442685],[8.541490380528456,47.3704449535638],[8.541491448889998,47.37044539312036]]},"properties":{"layer":"LKZ1111-MLU1","infraType":"sewage","geomType":"pipe","source":"order_55335/NIS_ZH_ABWASSER.dxf","_dedupKey":"2683297.1,1247207.9|2683298.2,1247207.8"}},{"type":"Feature","geometry":{"type":"LineString","coordinates":[[8.54109764854822,47.37089909021149],[8.541098161341722,47.370898275753134],[8.541105953684013,47.37089091530143],[8.541107279377991,47.37089099259917]]},"properties":{"layer":"LKZ1111-MLU1","infraType":"sewage","geomType":"pipe","source":"order_55335/NIS_ZH_ABWASSER.dxf","_dedupKey":"2683267.8,1247257.9|2683268.5,1247257"}},{"type":"Feature","geometry":{"type":"LineString","coordinates":[[8.541661837260069,47.37083469548216],[8.541661833538134,47.37083451561464],[8.5416604482939,47.370831560442554],[8.54165868637071,47.37082959833462],[8.54165562480784,47.37082881800806],[8.541655764634898,47.37082917647888]]},"properties":{"layer":"LKZ1114-MLU1","infraType":"sewage","geomType":"pipe","source":"order_55335/NIS_ZH_ABWASSER.dxf","_dedupKey":"2683310,1247250.7|2683310.5,1247251.3"}},{"type":"Feature","geometry":{"type":"LineString","coordinates":[[8.54107813610663,47.370896757811735],[8.541081443831878,47.37089663628871],[8.541093433061802,47.37089373335605],[8.541104507088239,47.37088499230801],[8.541105955865298,47.370884618673344]]},"properties":{"layer":"LKZ1110-MLU1","infraType":"sewage","geomType":"pipe","source":"order_55335/NIS_ZH_ABWASSER.dxf","_dedupKey":"2683266.3,1247257.6|2683268.4,1247256.3"}},{"type":"Feature","geometry":{"type":"LineString","coordinates":[[8.541239819336067,47.3708908967979],[8.54123956759107,47.37089152886183],[8.541238540148255,47.37089306784604],[8.5412449466387,47.370895525331505],[8.541267688075566,47.370906732079845],[8.541316345940976,47.3708970025542],[8.541329226494213,47.370892382008385],[8.541341452570023,47.37088812751556],[8.541343830475059,47.3708750618408],[8.541345141285513,47.37087441966567]]},"properties":{"layer":"LKZ1111-MLU1","infraType":"sewage","geomType":"pipe","source":"order_55335/NIS_ZH_ABWASSER.dxf","_dedupKey":"2683278.5,1247257.1|2683286.5,1247255.4"}},{"type":"Feature","geometry":{"type":"LineString","coordinates":[[8.54145299948957,47.37071813352658],[8.541450465607333,47.370717258204735],[8.541449520320612,47.37071636771491]]},"properties":{"layer":"LKZ1114-MLU1","infraType":"sewage","geomType":"pipe","source":"order_55335/NIS_ZH_ABWASSER.dxf","_dedupKey":"2683294.6,1247237.9|2683294.9,1247238.1"}},{"type":"Feature","geometry":{"type":"LineString","coordinates":[[8.541412528300908,47.37045154375317],[8.54141896293815,47.37044896367344],[8.541420137633837,47.370448142893714]]},"properties":{"layer":"LKZ1114-MLU1","infraType":"sewage","geomType":"pipe","source":"order_55335/NIS_ZH_ABWASSER.dxf","_dedupKey":"2683292.3,1247208.4|2683292.8,1247208.1"}},{"type":"Feature","geometry":{"type":"LineString","coordinates":[[8.54027938465736,47.37056724062537],[8.540274178987447,47.37056522139118],[8.540270325023041,47.370564538537465],[8.540268078235995,47.37056473986993],[8.540262012797943,47.37056596709051],[8.540248024847262,47.37056825933979],[8.540246070703711,47.370569807153636]]},"properties":{"layer":"LKZ1113-MLU1","infraType":"sewage","geomType":"pipe","source":"order_55335/NIS_ZH_ABWASSER.dxf","_dedupKey":"2683204,1247220.4|2683206.5,1247220.1"}},{"type":"Feature","geometry":{"type":"LineString","coordinates":[[8.54144210379039,47.37044748340539],[8.541446276483,47.37045077177181]]},"properties":{"layer":"LKZ1114-MLU1","infraType":"sewage","geomType":"pipe","source":"order_55335/NIS_ZH_ABWASSER.dxf","_dedupKey":"2683294.5,1247208|2683294.8,1247208.4"}}]}