{
  "type": "FeatureCollection",
  "features": [
    {
      "type": "Feature",
      "geometry": {
        "type": "Point",
        "coordinates": [
          8.533467620697584,
          47.37146465179362
        ]
      },
      "properties": {
        "infraType": "electricity",
        "geomType": "substation",
        "layer": "EN_STROMANLAGEN_P",
        "typ": "Unterwerk",
        "eigentuemer": "EWZ",
        "bezeichnung": "UW Katz",
        "ort": "Zürich",
        "spannung_in_kv": 150,
        "spannung_out_kv": 16,
        "betriebsstatus": "bestehend"
      }
    },
    {
      "type": "Feature",
      "geometry": {
        "type": "Point",
        "coordinates": [
          8.547343490346353,
          47.374117912742456
        ]
      },
      "properties": {
        "infraType": "electricity",
        "geomType": "substation",
        "layer": "EN_STROMANLAGEN_P",
        "typ": "Unterwerk",
        "eigentuemer": "EWZ",
        "bezeichnung": "UW Sempersteig",
        "ort": "Zürich",
        "spannung_in_kv": 150,
        "spannung_out_kv": 16,
        "betriebsstatus": "bestehend"
      }
    },
    {
      "type": "Feature",
      "geometry": {
        "type": "LineString",
        "coordinates": [
          [
            8.533585614511939,
            47.371707859278914
          ],
          [
            8.533680321070541,
            47.37183312727117
          ],
          [
            8.533701697378367,
            47.371846264402414
          ],
          [
            8.533717961898219,
            47.371849699263215
          ],
          [
            8.533737403271804,
            47.3718504414411
          ],
          [
            8.533754294297207,
            47.371848923030605
          ],
          [
            8.533933948598587,
            47.37182176332361
          ],
          [
            8.533955983589234,
            47.37182248986527
          ],
          [
            8.53398492512503,
            47.37182360066431
          ],
          [
            8.534006245755888,
            47.37182758121598
          ],
          [
            8.534025937137907,
            47.37183346619406
          ],
          [
            8.53404615133732,
            47.37184546200571
          ],
          [
            8.534059766323075,
            47.37185592016423
          ],
          [
            8.534078170609028,
            47.37187513914128
          ],
          [
            8.534091243637528,
            47.37190368266587
          ],
          [
            8.534097340093638,
            47.371930367395656
          ],
          [
            8.534282142831037,
            47.37253800912167
          ],
          [
            8.534275568596453,
            47.37253897999075
          ],
          [
            8.534277867544853,
            47.37254904173349
          ],
          [
            8.53427962432999,
            47.37255978325411
          ],
          [
            8.5342790438115,
            47.37256954848512
          ],
          [
            8.534274616425668,
            47.37258026770959
          ],
          [
            8.534268358590383,
            47.37258761312959
          ],
          [
            8.534257219781225,
            47.37259585038993
          ],
          [
            8.534251076046253,
            47.37259908394874
          ],
          [
            8.534243329308918,
            47.37260227874126
          ],
          [
            8.534233467877671,
            47.37260566449897
          ],
          [
            8.53422163497561,
            47.3726091229262
          ],
          [
            8.534135652654772,
            47.37263137385128
          ],
          [
            8.534045377954945,
            47.372655455450555
          ],
          [
            8.533976602482257,
            47.372670931647505
          ],
          [
            8.533920784896843,
            47.37269065656836
          ],
          [
            8.533859222440997,
            47.37270016438733
          ],
          [
            8.533764786853395,
            47.37273184113192
          ],
          [
            8.533705080599704,
            47.37274088960786
          ],
          [
            8.533698746627108,
            47.37273228734081
          ],
          [
            8.533593188965582,
            47.37275240269372
          ],
          [
            8.533596950959776,
            47.37276149709478
          ],
          [
            8.533500995471384,
            47.37280557433055
          ],
          [
            8.533407112803665,
            47.37286283759687
          ],
          [
            8.533358346929454,
            47.37290292335728
          ],
          [
            8.533310747693962,
            47.372919223897284
          ],
          [
            8.533169780258866,
            47.372953445984145
          ],
          [
            8.533117098342762,
            47.37297243018015
          ],
          [
            8.533063322598657,
            47.373038749018036
          ],
          [
            8.533065508158842,
            47.373140616196864
          ],
          [
            8.53337764325291,
            47.37374672783182
          ],
          [
            8.533401209784829,
            47.373816117811636
          ],
          [
            8.533395322817507,
            47.37385571710983
          ],
          [
            8.533358577723707,
            47.37390409936929
          ],
          [
            8.533328406171282,
            47.37393012938
          ],
          [
            8.533067609461245,
            47.37404742442716
          ],
          [
            8.53293817084789,
            47.37420592343044
          ],
          [
            8.532698049768305,
            47.374506667213915
          ],
          [
            8.532706855241344,
            47.37450987603021
          ],
          [
            8.532690614412893,
            47.374528856661826
          ],
          [
            8.53267972581288,
            47.374537703057925
          ],
          [
            8.532653187613267,
            47.374553111200235
          ],
          [
            8.532552037328884,
            47.37459847901285
          ],
          [
            8.53247479135223,
            47.374624630757346
          ],
          [
            8.532406949821151,
            47.37463865791688
          ],
          [
            8.532310716792402,
            47.37463779796055
          ],
          [
            8.532284902020855,
            47.37464071392792
          ],
          [
            8.53225781738146,
            47.37464369588292
          ],
          [
            8.532200900815557,
            47.3746609746693
          ],
          [
            8.53178807330751,
            47.37485775845815
          ],
          [
            8.531550643426662,
            47.37502219807198
          ],
          [
            8.531541628534754,
            47.375028796736785
          ],
          [
            8.531512486256236,
            47.37506699591237
          ],
          [
            8.531493951025968,
            47.37508525147882
          ],
          [
            8.531424594948504,
            47.37513130693372
          ],
          [
            8.531387190802342,
            47.375147672107886
          ],
          [
            8.531322141702038,
            47.375175876405486
          ],
          [
            8.531312565599052,
            47.37518029364521
          ],
          [
            8.531281289244815,
            47.37520677430627
          ],
          [
            8.53123572036082,
            47.375231168351725
          ],
          [
            8.531150046260292,
            47.37527770180596
          ],
          [
            8.530952262163245,
            47.37540939170552
          ],
          [
            8.530711471866733,
            47.37556776260075
          ],
          [
            8.530215741215542,
            47.37589527776551
          ],
          [
            8.529577076482571,
            47.37631833038978
          ],
          [
            8.529563827568667,
            47.376327063843064
          ],
          [
            8.529553658548677,
            47.376336172988964
          ],
          [
            8.5295457892141,
            47.37634635782073
          ],
          [
            8.5295411428714,
            47.37635672809741
          ],
          [
            8.529539135286567,
            47.376369277258505
          ],
          [
            8.529540004364206,
            47.376380036209476
          ],
          [
            8.529541155302214,
            47.37638903845017
          ],
          [
            8.529546718788458,
            47.37640788555565
          ],
          [
            8.529556354224232,
            47.376427053110916
          ],
          [
            8.529573701540604,
            47.37645033955985
          ],
          [
            8.529591413421134,
            47.37646743392085
          ],
          [
            8.529604250471468,
            47.3764761009161
          ],
          [
            8.529624452428507,
            47.376489402799876
          ],
          [
            8.53002562883949,
            47.37675703103974
          ],
          [
            8.530196449110736,
            47.37686405107549
          ],
          [
            8.5305943149729,
            47.37713592735518
          ],
          [
            8.530614418588758,
            47.37714699021263
          ],
          [
            8.530630592507718,
            47.37715304395246
          ],
          [
            8.530648269490019,
            47.37715812999858
          ],
          [
            8.530667741891925,
            47.37716165190868
          ],
          [
            8.530681576007204,
            47.37716273546932
          ],
          [
            8.530694129720143,
            47.37716402003028
          ],
          [
            8.530720820502395,
            47.377172771816575
          ],
          [
            8.530744884030549,
            47.37718449883426
          ],
          [
            8.530765367278178,
            47.377199803772946
          ],
          [
            8.530779551270893,
            47.37721602280014
          ],
          [
            8.530782805290198,
            47.37722295425772
          ],
          [
            8.530784434540227,
            47.37723137627614
          ],
          [
            8.530784797887847,
            47.3772394144776
          ],
          [
            8.53078301762624,
            47.37724688826286
          ],
          [
            8.530780260003846,
            47.37725448822495
          ],
          [
            8.530772908756417,
            47.377264101547695
          ],
          [
            8.530765701842943,
            47.37726912599456
          ],
          [
            8.53075063076121,
            47.37728264422151
          ],
          [
            8.530782311336061,
            47.377469115757485
          ]
        ]
      },
      "properties": {
        "infraType": "electricity",
        "geomType": "cable-hv",
        "layer": "EN_STROMLEITUNGEN_L",
        "eigentuemer": "EWZ",
        "spannung_kv": 150,
        "leitung_typ": "Kabelleitung",
        "betriebsstatus": "inBetrieb",
        "spannung_bezeichnung": "Hochspannung"
      }
    },
    {
      "type": "Feature",
      "geometry": {
        "type": "LineString",
        "coordinates": [
          [
            8.547369991276542,
            47.37412988908262
          ],
          [
            8.547638193311286,
            47.374219014587446
          ],
          [
            8.54765088853092,
            47.37422392998657
          ],
          [
            8.547781860293025,
            47.37427463744702
          ],
          [
            8.547887301254267,
            47.37429476354382
          ],
          [
            8.547899545306306,
            47.37427608895735
          ],
          [
            8.547903003593007,
            47.37426728547049
          ],
          [
            8.54790898456896,
            47.37425816991234
          ],
          [
            8.547915842608084,
            47.37425047616062
          ],
          [
            8.547933821368446,
            47.374216580665795
          ],
          [
            8.547986571454762,
            47.374094108753894
          ],
          [
            8.548017673052133,
            47.374027146950255
          ],
          [
            8.548030133130931,
            47.37399468069871
          ],
          [
            8.548036444845392,
            47.373978554729696
          ],
          [
            8.548048171733178,
            47.37395794213792
          ],
          [
            8.54805829122342,
            47.37394598932813
          ],
          [
            8.548060204010968,
            47.37393228032892
          ],
          [
            8.548071170636527,
            47.37391140518169
          ],
          [
            8.548081102023195,
            47.3738955053028
          ],
          [
            8.54809782503002,
            47.37386554372615
          ],
          [
            8.548118560297748,
            47.373822797471355
          ],
          [
            8.548149975513168,
            47.37373911061465
          ],
          [
            8.548157759306026,
            47.373711645594625
          ],
          [
            8.548161353257688,
            47.37369600447539
          ],
          [
            8.548164883744844,
            47.37367731460738
          ],
          [
            8.54816583094717,
            47.373670019431735
          ],
          [
            8.548204168860693,
            47.37356140344262
          ],
          [
            8.54838450575757,
            47.3732947455887
          ],
          [
            8.548430625371461,
            47.37322665888718
          ],
          [
            8.548463001903599,
            47.37317894332098
          ],
          [
            8.548488311016694,
            47.37314164008519
          ],
          [
            8.548545087731139,
            47.37306391606333
          ],
          [
            8.548638463701465,
            47.37295687588712
          ],
          [
            8.548827469837017,
            47.372788774871125
          ],
          [
            8.54894393142313,
            47.3727081912847
          ],
          [
            8.549134219827419,
            47.372606874580065
          ],
          [
            8.54926735886094,
            47.372552702019824
          ],
          [
            8.549499767333177,
            47.37248381112902
          ],
          [
            8.549626324567638,
            47.37245186552712
          ],
          [
            8.549684334137101,
            47.372441026073574
          ],
          [
            8.549704610932343,
            47.37243869017935
          ],
          [
            8.549750726469762,
            47.37243080667494
          ],
          [
            8.549751680129903,
            47.37243336112252
          ],
          [
            8.54978266711603,
            47.37242838555001
          ],
          [
            8.549802503160155,
            47.372426503636696
          ],
          [
            8.54984676062478,
            47.37243054756434
          ],
          [
            8.549911118583667,
            47.37245238032005
          ],
          [
            8.55001657035494,
            47.3724903678467
          ],
          [
            8.550039958214743,
            47.37249879615508
          ],
          [
            8.55004952759413,
            47.372494152524375
          ],
          [
            8.550059083733155,
            47.37248950902015
          ],
          [
            8.550190333552758,
            47.37254799099682
          ],
          [
            8.550204461404274,
            47.37255297328561
          ],
          [
            8.550255464593924,
            47.37256300588465
          ],
          [
            8.550663594823826,
            47.37271743448514
          ],
          [
            8.5507004065386,
            47.37273078870422
          ],
          [
            8.550747354726944,
            47.37275138447002
          ],
          [
            8.5508159076677,
            47.37278130796419
          ],
          [
            8.55090300200668,
            47.37281900369943
          ],
          [
            8.551032006296742,
            47.37286497608999
          ],
          [
            8.551180159520761,
            47.37291863466667
          ],
          [
            8.551281041709863,
            47.372954506224545
          ],
          [
            8.55135761129039,
            47.372982130372
          ],
          [
            8.551555370250963,
            47.37304858654928
          ],
          [
            8.551702404358444,
            47.37309299022621
          ],
          [
            8.551811867597316,
            47.37312441597921
          ],
          [
            8.551899044360944,
            47.37314761087121
          ],
          [
            8.551944521652203,
            47.373161204103795
          ],
          [
            8.552007172176214,
            47.37317664760267
          ],
          [
            8.552144483579436,
            47.37321324668429
          ],
          [
            8.552279648121687,
            47.373249056737926
          ],
          [
            8.55231477071074,
            47.37325567945979
          ],
          [
            8.55233210994609,
            47.373257869011944
          ],
          [
            8.552369638574259,
            47.373257965913844
          ],
          [
            8.552393417669933,
            47.373255298939505
          ],
          [
            8.552413185573142,
            47.37324697669901
          ],
          [
            8.552431815780501,
            47.37323934006286
          ],
          [
            8.552461402616595,
            47.37322057779294
          ],
          [
            8.55247392109833,
            47.37321068832744
          ],
          [
            8.552500428962116,
            47.37318462557769
          ],
          [
            8.552507219441567,
            47.373176905209036
          ],
          [
            8.552583699813287,
            47.373089903116984
          ],
          [
            8.552636498594802,
            47.3729893946509
          ],
          [
            8.553772917016891,
            47.371728002199596
          ],
          [
            8.553818403317287,
            47.37167750400909
          ],
          [
            8.553890414628288,
            47.37160310227858
          ],
          [
            8.55390687995424,
            47.37159708743696
          ],
          [
            8.553932998002173,
            47.371582209093695
          ],
          [
            8.553972758131556,
            47.3715522571317
          ],
          [
            8.554016882300715,
            47.371503122185636
          ],
          [
            8.554022322015097,
            47.37149731274509
          ],
          [
            8.554022118185305,
            47.37149326688585
          ],
          [
            8.554001660824454,
            47.37149137755708
          ],
          [
            8.55402085414165,
            47.37149107527528
          ],
          [
            8.554080382825802,
            47.371430798543
          ],
          [
            8.554085784380817,
            47.37142443176704
          ],
          [
            8.554091889776911,
            47.37141499983484
          ],
          [
            8.554096339048936,
            47.37140552093
          ],
          [
            8.554099926498413,
            47.371397885363216
          ],
          [
            8.554101288196467,
            47.37139019033505
          ],
          [
            8.554101394426471,
            47.37138704099862
          ],
          [
            8.554101640455661,
            47.371379815498905
          ],
          [
            8.554102681478719,
            47.37137324796416
          ],
          [
            8.55410484575168,
            47.37136973693554
          ],
          [
            8.5541077952319,
            47.37136641621741
          ],
          [
            8.554103828602408,
            47.37136479041841
          ],
          [
            8.554397593782134,
            47.371033798258196
          ],
          [
            8.554476634395055,
            47.370946113415734
          ],
          [
            8.55451724736936,
            47.37092094834126
          ],
          [
            8.554565461972704,
            47.37090716876129
          ],
          [
            8.554647538529428,
            47.37091075638865
          ],
          [
            8.554668465086289,
            47.37091672487718
          ],
          [
            8.554804093227123,
            47.370966711971974
          ],
          [
            8.555000973811953,
            47.37103499766421
          ],
          [
            8.555157687857584,
            47.37108961185115
          ],
          [
            8.555372129223931,
            47.37116558804374
          ],
          [
            8.55548420176505,
            47.37120541356636
          ],
          [
            8.555506178461421,
            47.37121219930626
          ],
          [
            8.55557822123892,
            47.37123605947896
          ],
          [
            8.55609051600734,
            47.37138494517261
          ],
          [
            8.55616399120236,
            47.37140706315162
          ],
          [
            8.556256013729355,
            47.37143153825795
          ],
          [
            8.556423325693247,
            47.37148002142746
          ],
          [
            8.556483811416836,
            47.37149897357626
          ],
          [
            8.55655894083574,
            47.37152033769184
          ],
          [
            8.556626258813285,
            47.37153927671003
          ],
          [
            8.556697105080964,
            47.37155850626146
          ],
          [
            8.556746925109323,
            47.37157082412971
          ],
          [
            8.556811708455294,
            47.371581916797396
          ],
          [
            8.556883724819219,
            47.37158054404843
          ],
          [
            8.557814195932998,
            47.37149925558759
          ],
          [
            8.55784736447716,
            47.37149292451147
          ],
          [
            8.557873852605873,
            47.371484374284606
          ],
          [
            8.557902242308844,
            47.37147053444973
          ],
          [
            8.557926325611918,
            47.37145970384909
          ],
          [
            8.558026923683595,
            47.371395006195726
          ],
          [
            8.55806558680104,
            47.371369740923534
          ],
          [
            8.558102060222703,
            47.37134613488299
          ],
          [
            8.558234931855807,
            47.37126089317617
          ],
          [
            8.558660271029227,
            47.37099545401973
          ],
          [
            8.5587730510144,
            47.370924547821765
          ],
          [
            8.558784263770656,
            47.37091750379381
          ],
          [
            8.55881391431254,
            47.37089185791642
          ],
          [
            8.558817355676558,
            47.370893686543106
          ],
          [
            8.558825207800552,
            47.3708855057303
          ],
          [
            8.558832034130528,
            47.37087828835496
          ],
          [
            8.558847105688553,
            47.37086773475527
          ],
          [
            8.558893114872706,
            47.370844898607075
          ],
          [
            8.558935703326739,
            47.37081680735189
          ],
          [
            8.558943533432345,
            47.37081142334634
          ],
          [
            8.558962924610121,
            47.37079975740558
          ],
          [
            8.558962190092572,
            47.37079819936849
          ],
          [
            8.558977562827838,
            47.37079126788819
          ],
          [
            8.559011786901062,
            47.370777856018556
          ],
          [
            8.559041305123353,
            47.37076734215989
          ],
          [
            8.559069801323961,
            47.370758601263695
          ],
          [
            8.559105472223596,
            47.37075354984546
          ],
          [
            8.559147898230524,
            47.3707498640162
          ],
          [
            8.559182647520993,
            47.370748212698864
          ],
          [
            8.559218436182507,
            47.37075254297844
          ],
          [
            8.55929957736711,
            47.37076642596321
          ],
          [
            8.559392455417555,
            47.37078560020874
          ],
          [
            8.55947729151879,
            47.37078691692557
          ],
          [
            8.559598736184498,
            47.370810833997616
          ],
          [
            8.55962602726091,
            47.37082097565468
          ],
          [
            8.559642468461856,
            47.370831484370825
          ],
          [
            8.559832278275723,
            47.370859828024926
          ],
          [
            8.559876452023621,
            47.37086998564087
          ],
          [
            8.559918855035042,
            47.37087464638286
          ],
          [
            8.559953201411817,
            47.37087586910878
          ],
          [
            8.55999857738485,
            47.37088149042925
          ],
          [
            8.560132658694133,
            47.370892394158226
          ],
          [
            8.560209865632547,
            47.370899253488275
          ],
          [
            8.560252918870416,
            47.37090272042965
          ],
          [
            8.5603117584001,
            47.37090570122677
          ],
          [
            8.56048008171823,
            47.3709109099798
          ],
          [
            8.56082960012297,
            47.3709170540103
          ],
          [
            8.560847094920621,
            47.37091721685281
          ],
          [
            8.560888110056165,
            47.37091884225621
          ],
          [
            8.56097849929419,
            47.370920390861635
          ],
          [
            8.561019969289772,
            47.370922866340884
          ],
          [
            8.561100120599084,
            47.370923660695325
          ],
          [
            8.561179754708462,
            47.37092567437081
          ],
          [
            8.56123461051408,
            47.37092810872861
          ],
          [
            8.561298673614308,
            47.37093202772361
          ],
          [
            8.561351261159537,
            47.37093496081839
          ],
          [
            8.561400563901744,
            47.37093715313396
          ],
          [
            8.561429510454696,
            47.370939119641854
          ],
          [
            8.561491185487103,
            47.37095035774026
          ],
          [
            8.561594168288847,
            47.37095888063513
          ],
          [
            8.561623954436417,
            47.37096236001743
          ],
          [
            8.561647556581724,
            47.3709708459722
          ],
          [
            8.561698587273266,
            47.37099471774924
          ],
          [
            8.561871723723709,
            47.371074366814916
          ],
          [
            8.56196987762374,
            47.37111951076559
          ],
          [
            8.561971316755894,
            47.371118057539086
          ],
          [
            8.56204408199618,
            47.371140313629226
          ],
          [
            8.562056859296561,
            47.371144695939805
          ],
          [
            8.56208022676181,
            47.371153976565544
          ],
          [
            8.562126550103235,
            47.37117499659302
          ],
          [
            8.56214068733134,
            47.37118233407769
          ],
          [
            8.562161150313495,
            47.37119516005774
          ],
          [
            8.562180162110332,
            47.371206354031585
          ],
          [
            8.562206877394361,
            47.37121929818792
          ],
          [
            8.562203871682422,
            47.37122243976137
          ],
          [
            8.562239823941017,
            47.37123827236094
          ],
          [
            8.562258344369296,
            47.37124813981446
          ],
          [
            8.562291012071912,
            47.37126519081624
          ],
          [
            8.56233860068902,
            47.371287242791524
          ],
          [
            8.562385601904488,
            47.37130900272175
          ],
          [
            8.562469339209395,
            47.37134545414199
          ],
          [
            8.56250951103506,
            47.37135039650733
          ],
          [
            8.562568710300095,
            47.37134591654884
          ],
          [
            8.562597108910383,
            47.37133883894032
          ],
          [
            8.5626219099205,
            47.371328810831905
          ],
          [
            8.562643586944676,
            47.37131066347998
          ],
          [
            8.562652758000702,
            47.37130226177859
          ],
          [
            8.562654461783776,
            47.37129577765857
          ],
          [
            8.562654871471652,
            47.37128694939322
          ],
          [
            8.562652890671387,
            47.37127464526347
          ],
          [
            8.562651216600738,
            47.371258677107605
          ],
          [
            8.562610945904769,
            47.370982854681344
          ],
          [
            8.562612020213,
            47.370971636222905
          ],
          [
            8.56262160019273,
            47.37095186062583
          ],
          [
            8.562634500721426,
            47.37093194567105
          ],
          [
            8.562665588488304,
            47.37089416918114
          ],
          [
            8.562699870113233,
            47.3708515032978
          ],
          [
            8.562726183510907,
            47.37081713745496
          ],
          [
            8.56278200603254,
            47.37076307188449
          ],
          [
            8.562828587028118,
            47.370724738869164
          ],
          [
            8.562880996315325,
            47.370679045909014
          ],
          [
            8.56290265646554,
            47.370660115184684
          ],
          [
            8.56292265514101,
            47.37064590601254
          ],
          [
            8.562956525463221,
            47.370623933884836
          ],
          [
            8.562984748466617,
            47.3706072959983
          ],
          [
            8.563014723021633,
            47.37059271984174
          ],
          [
            8.56303471528993,
            47.370582603522905
          ],
          [
            8.563114971378345,
            47.37054570470911
          ],
          [
            8.563237437570423,
            47.370492465269656
          ],
          [
            8.563452393224907,
            47.37039847451001
          ],
          [
            8.563484801312631,
            47.37037693833684
          ],
          [
            8.563514822590461,
            47.37034827512268
          ],
          [
            8.563537658880769,
            47.37030917459587
          ],
          [
            8.563552026445556,
            47.37029166494793
          ],
          [
            8.563564696292456,
            47.37028154789024
          ],
          [
            8.563584420444922,
            47.370270030834696
          ],
          [
            8.563605863741648,
            47.370257156747535
          ],
          [
            8.563649141745298,
            47.37023866296817
          ],
          [
            8.563665951729208,
            47.37023148298031
          ],
          [
            8.563750760816275,
            47.370195231991644
          ],
          [
            8.563767570772788,
            47.37018805198883
          ],
          [
            8.563817908517898,
            47.37016653984858
          ],
          [
            8.563990896409988,
            47.37009173885699
          ],
          [
            8.564046260367943,
            47.37006691148743
          ],
          [
            8.564081443733272,
            47.37004821846403
          ],
          [
            8.564113011001426,
            47.37002758082487
          ],
          [
            8.56413154831792,
            47.370012540127156
          ],
          [
            8.564154734596242,
            47.36998377243424
          ],
          [
            8.564160992533386,
            47.36997413157047
          ],
          [
            8.56417624499353,
            47.36994963204766
          ],
          [
            8.564193092991617,
            47.36992043137735
          ],
          [
            8.564202764011172,
            47.36989936033965
          ],
          [
            8.564214373877395,
            47.36987667825684
          ],
          [
            8.564214703942065,
            47.36985788408125
          ],
          [
            8.564215208968516,
            47.36983728016637
          ],
          [
            8.564212383880076,
            47.3697994289381
          ],
          [
            8.564210795646739,
            47.369755565861446
          ],
          [
            8.564208189449941,
            47.36971428533014
          ],
          [
            8.564207091497321,
            47.36967796444202
          ],
          [
            8.564203200800822,
            47.369620999814074
          ],
          [
            8.564201320117007,
            47.36956955663635
          ],
          [
            8.564197584073577,
            47.369529321560805
          ],
          [
            8.564196070319644,
            47.36951093214521
          ],
          [
            8.564201802791295,
            47.36948775863049
          ],
          [
            8.564213182586535,
            47.36945857436112
          ],
          [
            8.564216835324157,
            47.3694522241367
          ],
          [
            8.564242595157753,
            47.36943436049914
          ],
          [
            8.564260410394208,
            47.36941084434432
          ],
          [
            8.564277813007106,
            47.36940290199058
          ],
          [
            8.564290018161907,
            47.36939838438728
          ],
          [
            8.564334922310865,
            47.36938546140378
          ],
          [
            8.564361584735309,
            47.36937648428985
          ],
          [
            8.564393952459584,
            47.3693668138003
          ],
          [
            8.564400924674935,
            47.369364667951196
          ],
          [
            8.564415703271582,
            47.36937291551859
          ],
          [
            8.56450322364098,
            47.36933598177191
          ],
          [
            8.564545204200671,
            47.36932318615169
          ],
          [
            8.564581147851593,
            47.36931231047436
          ],
          [
            8.564610219382294,
            47.36930393138428
          ],
          [
            8.564632814039308,
            47.369278523659844
          ],
          [
            8.564646130893221,
            47.36925580689408
          ],
          [
            8.564671815669547,
            47.369187453854224
          ],
          [
            8.564692221310715,
            47.3691330129747
          ],
          [
            8.56492975801377,
            47.36851842610653
          ],
          [
            8.565094041662983,
            47.36808166946068
          ],
          [
            8.565124439831028,
            47.36799581962498
          ],
          [
            8.56515576365416,
            47.3679324118696
          ],
          [
            8.565191460283513,
            47.36787731889111
          ],
          [
            8.565231722485034,
            47.367819050135125
          ],
          [
            8.56528462667056,
            47.367743693090986
          ],
          [
            8.565558024307878,
            47.367343677087916
          ],
          [
            8.565614884225543,
            47.36726007764913
          ],
          [
            8.565644410289934,
            47.36722253139758
          ],
          [
            8.565667469521035,
            47.36720350640146
          ],
          [
            8.565700144463472,
            47.36718714819066
          ],
          [
            8.565728507105272,
            47.36717291984114
          ],
          [
            8.565815470925182,
            47.36714863771841
          ],
          [
            8.565935642176452,
            47.36712504785855
          ],
          [
            8.5659563292016,
            47.36711781977964
          ],
          [
            8.565985343070768,
            47.36708993928482
          ],
          [
            8.565998192603509,
            47.36706834230402
          ],
          [
            8.566033458475745,
            47.36697729851053
          ],
          [
            8.566153734165965,
            47.366764052500095
          ],
          [
            8.56615766873808,
            47.36674788568471
          ],
          [
            8.566184232239301,
            47.36670620252632
          ],
          [
            8.566205565999905,
            47.36667009437613
          ],
          [
            8.566244258858337,
            47.36660839628372
          ],
          [
            8.566260247698485,
            47.36660377765182
          ],
          [
            8.566273549253458,
            47.366571013171196
          ],
          [
            8.566286836231152,
            47.36653824883092
          ],
          [
            8.566301532308934,
            47.36651382727628
          ],
          [
            8.566318629048329,
            47.36649398782425
          ],
          [
            8.566321504785389,
            47.36648097066706
          ],
          [
            8.566331826484786,
            47.36646381497119
          ],
          [
            8.566429390844984,
            47.36630864665003
          ],
          [
            8.566509360974381,
            47.36618361399551
          ],
          [
            8.566672914051095,
            47.36592532756759
          ],
          [
            8.566756439303044,
            47.365795042770436
          ],
          [
            8.566838746792879,
            47.365666667789135
          ],
          [
            8.567128187165432,
            47.365238758640096
          ],
          [
            8.56716667302771,
            47.365183017043606
          ],
          [
            8.56719481268036,
            47.36516020006337
          ],
          [
            8.567238971949186,
            47.365145438253116
          ],
          [
            8.567278853736513,
            47.3651418821858
          ],
          [
            8.567340367225722,
            47.365146371395724
          ],
          [
            8.567358981644075,
            47.365150102384916
          ],
          [
            8.567422012535754,
            47.36517935852868
          ],
          [
            8.568109675227074,
            47.365511146608775
          ],
          [
            8.568271020533293,
            47.365582059150526
          ],
          [
            8.5683983070211,
            47.36561017351314
          ],
          [
            8.568495743154514,
            47.36562172274893
          ],
          [
            8.568579542691557,
            47.36562385240962
          ],
          [
            8.56865508824027,
            47.36561946928211
          ],
          [
            8.56870919230552,
            47.36560729017697
          ],
          [
            8.568813937676715,
            47.36558453184306
          ],
          [
            8.56897118914366,
            47.36555354073114
          ],
          [
            8.56906987948812,
            47.365538010610685
          ],
          [
            8.569115986227338,
            47.36554079757039
          ],
          [
            8.569179657260484,
            47.36555085071326
          ],
          [
            8.56929811191166,
            47.365577089587966
          ],
          [
            8.569345980708889,
            47.36558492351035
          ],
          [
            8.569420997074591,
            47.36557869204734
          ],
          [
            8.569461712485568,
            47.36556449382347
          ],
          [
            8.569506823420532,
            47.36554473937698
          ],
          [
            8.569564115604994,
            47.36551434932201
          ],
          [
            8.569609868245994,
            47.36548047505908
          ],
          [
            8.569650986827284,
            47.365446033586096
          ],
          [
            8.569743623974158,
            47.36536362877391
          ],
          [
            8.569857010431518,
            47.3652645863825
          ],
          [
            8.56994361577906,
            47.36519251301779
          ],
          [
            8.570045625105761,
            47.365113263411004
          ],
          [
            8.570181708974658,
            47.36501137980881
          ],
          [
            8.570224919565122,
            47.36499194952823
          ],
          [
            8.57022328183226,
            47.364990265479534
          ],
          [
            8.570241347963915,
            47.3649806335863
          ],
          [
            8.570295270307836,
            47.36496118827031
          ],
          [
            8.570308924636494,
            47.36495640394287
          ],
          [
            8.570334386480834,
            47.36495027066368
          ],
          [
            8.570351071965824,
            47.364947948302785
          ],
          [
            8.57043170201624,
            47.36493996106399
          ],
          [
            8.570455315942795,
            47.36494095298894
          ],
          [
            8.570517185524105,
            47.36494537404988
          ],
          [
            8.570546003865985,
            47.36494580222037
          ],
          [
            8.5705912018894,
            47.364941977013565
          ],
          [
            8.57065766459129,
            47.36494516561047
          ],
          [
            8.57070484891502,
            47.364945098880305
          ],
          [
            8.570737777094383,
            47.36494017863791
          ],
          [
            8.570778389260727,
            47.3649298857746
          ],
          [
            8.570781251329802,
            47.364929371975265
          ],
          [
            8.570798819318647,
            47.36492621333786
          ],
          [
            8.570840626840662,
            47.36491734706916
          ],
          [
            8.570894107046463,
            47.36491331461313
          ],
          [
            8.570933428539744,
            47.364912694313375
          ],
          [
            8.57110795767356,
            47.36491856416393
          ],
          [
            8.571220302666637,
            47.36491960240483
          ],
          [
            8.571381429004969,
            47.36492713247102
          ],
          [
            8.57141187063992,
            47.36492794029289
          ],
          [
            8.571560842748662,
            47.36494859731215
          ],
          [
            8.571692300846024,
            47.364977997518366
          ],
          [
            8.571755908692861,
            47.36499692004526
          ],
          [
            8.571816649328516,
            47.36501112929119
          ],
          [
            8.572049662259003,
            47.36504528051423
          ],
          [
            8.572134390623937,
            47.365053767086245
          ],
          [
            8.572156902768507,
            47.365053995888836
          ],
          [
            8.572180078092439,
            47.36505116789878
          ],
          [
            8.572206740361395,
            47.365044213752114
          ],
          [
            8.57223112424346,
            47.36503353095684
          ],
          [
            8.572277763877132,
            47.36500996262232
          ],
          [
            8.572440698070523,
            47.364935455948356
          ],
          [
            8.572548081511387,
            47.364888093349784
          ],
          [
            8.572677755386412,
            47.36484480248528
          ],
          [
            8.572785218995316,
            47.36481802893515
          ],
          [
            8.572910374596137,
            47.36479891545715
          ],
          [
            8.573034534255765,
            47.364795158373184
          ],
          [
            8.573069575688613,
            47.36479250238996
          ],
          [
            8.57311493799957,
            47.364792055881615
          ],
          [
            8.573143180653625,
            47.36479094188016
          ],
          [
            8.573152849297431,
            47.36478993837979
          ],
          [
            8.573163289989077,
            47.364786579541224
          ],
          [
            8.573171110639047,
            47.364785774098344
          ],
          [
            8.573187668337654,
            47.36477994354469
          ],
          [
            8.573224919456916,
            47.3647666514437
          ],
          [
            8.57324298488383,
            47.36476323567888
          ],
          [
            8.573274014803559,
            47.36476431608115
          ],
          [
            8.57332208324054,
            47.36477407047138
          ],
          [
            8.573412776813695,
            47.3648065507176
          ],
          [
            8.57343047897119,
            47.36479726461277
          ],
          [
            8.573521729851459,
            47.3648186661791
          ],
          [
            8.573532874273022,
            47.36482224470299
          ],
          [
            8.573547764062015,
            47.36483632881999
          ],
          [
            8.57355323801359,
            47.36483909952573
          ],
          [
            8.573560828325006,
            47.3648461311589
          ],
          [
            8.573571805769069,
            47.364851816202076
          ],
          [
            8.573597323465965,
            47.36486262864898
          ],
          [
            8.573633421005862,
            47.364873508920766
          ],
          [
            8.573647093477271,
            47.36487705359287
          ],
          [
            8.573691169383544,
            47.364896399996056
          ],
          [
            8.573733637060899,
            47.36490861188724
          ],
          [
            8.573756119234512,
            47.364918627474154
          ],
          [
            8.573778062113034,
            47.36492943004244
          ],
          [
            8.573790326890524,
            47.3649333933193
          ],
          [
            8.573802399315596,
            47.36493578432168
          ],
          [
            8.57401867898507,
            47.36495932967437
          ],
          [
            8.574202725071421,
            47.36497935961296
          ],
          [
            8.574339455003141,
            47.36500507270973
          ],
          [
            8.574671484219213,
            47.365078166579444
          ],
          [
            8.57472589836628,
            47.36509180776941
          ],
          [
            8.574787617029218,
            47.36511210549991
          ],
          [
            8.574844017432364,
            47.36513998362415
          ],
          [
            8.574902118832808,
            47.365198654525955
          ],
          [
            8.57492471253072,
            47.36523748948705
          ],
          [
            8.57492579464417,
            47.36525223100676
          ],
          [
            8.574922820518038,
            47.36529096671651
          ],
          [
            8.57492123730176,
            47.36529986057944
          ],
          [
            8.574905082475253,
            47.365317137437216
          ],
          [
            8.5748917910034,
            47.365347006418794
          ],
          [
            8.574901724621563,
            47.36535774792735
          ]
        ]
      },
      "properties": {
        "infraType": "electricity",
        "geomType": "cable-hv",
        "layer": "EN_STROMLEITUNGEN_L",
        "eigentuemer": "EWZ",
        "spannung_kv": 150,
        "leitung_typ": "Kabelleitung",
        "betriebsstatus": "inBetrieb",
        "spannung_bezeichnung": "Hochspannung"
      }
    },
    {
      "type": "Feature",
      "geometry": {
        "type": "LineString",
        "coordinates": [
          [
            8.547369991276542,
            47.37412988908262
          ],
          [
            8.547638193311286,
            47.374219014587446
          ],
          [
            8.54765088853092,
            47.37422392998657
          ],
          [
            8.547781860293025,
            47.37427463744702
          ],
          [
            8.547887301254267,
            47.37429476354382
          ],
          [
            8.547899545306306,
            47.37427608895735
          ],
          [
            8.547903003593007,
            47.37426728547049
          ],
          [
            8.54790898456896,
            47.37425816991234
          ],
          [
            8.547915842608084,
            47.37425047616062
          ],
          [
            8.547933821368446,
            47.374216580665795
          ],
          [
            8.547986571454762,
            47.374094108753894
          ],
          [
            8.548017673052133,
            47.374027146950255
          ],
          [
            8.548030133130931,
            47.37399468069871
          ],
          [
            8.548036444845392,
            47.373978554729696
          ],
          [
            8.548048171733178,
            47.37395794213792
          ],
          [
            8.54805829122342,
            47.37394598932813
          ],
          [
            8.548060204010968,
            47.37393228032892
          ],
          [
            8.548071170636527,
            47.37391140518169
          ],
          [
            8.548081102023195,
            47.3738955053028
          ],
          [
            8.54809782503002,
            47.37386554372615
          ],
          [
            8.548118560297748,
            47.373822797471355
          ],
          [
            8.54813509583048,
            47.37377874227853
          ],
          [
            8.548149975513168,
            47.37373911061465
          ],
          [
            8.548157759306026,
            47.373711645594625
          ],
          [
            8.548161353257688,
            47.37369600447539
          ],
          [
            8.548164883744844,
            47.37367731460738
          ],
          [
            8.54816583094717,
            47.373670019431735
          ],
          [
            8.548204168860693,
            47.37356140344262
          ],
          [
            8.548320016584263,
            47.37339008417392
          ],
          [
            8.54838450575757,
            47.3732947455887
          ],
          [
            8.548430625371461,
            47.37322665888718
          ],
          [
            8.548488311016694,
            47.37314164008519
          ],
          [
            8.548545087731139,
            47.37306391606333
          ],
          [
            8.548638463701465,
            47.37295687588712
          ],
          [
            8.548827469837017,
            47.372788774871125
          ],
          [
            8.54894393142313,
            47.3727081912847
          ],
          [
            8.549134219827419,
            47.372606874580065
          ],
          [
            8.54926735886094,
            47.372552702019824
          ],
          [
            8.549499767333177,
            47.37248381112902
          ],
          [
            8.549626324567638,
            47.37245186552712
          ],
          [
            8.549684334137101,
            47.372441026073574
          ],
          [
            8.549704610932343,
            47.37243869017935
          ],
          [
            8.549750726469762,
            47.37243080667494
          ],
          [
            8.549749660338717,
            47.37242793847865
          ],
          [
            8.549759968688196,
            47.37242507780066
          ],
          [
            8.549796621341445,
            47.372420659393185
          ],
          [
            8.549822581982308,
            47.37241975300117
          ],
          [
            8.549868059694662,
            47.3724226248054
          ],
          [
            8.549878402900163,
            47.37242461217445
          ],
          [
            8.549901269460015,
            47.3724289977025
          ],
          [
            8.549923713543526,
            47.3724353482363
          ],
          [
            8.54996480003767,
            47.37245179187603
          ],
          [
            8.550059083733155,
            47.37248950902015
          ],
          [
            8.55007226225368,
            47.37248649476444
          ],
          [
            8.55008404017508,
            47.3724906091586
          ],
          [
            8.550186802589632,
            47.37252655352186
          ],
          [
            8.550223039161224,
            47.37253964357152
          ],
          [
            8.550255464593924,
            47.37256300588465
          ],
          [
            8.5507004065386,
            47.37273078870422
          ],
          [
            8.5508159076677,
            47.37278130796419
          ],
          [
            8.551032006296742,
            47.37286497608999
          ],
          [
            8.551180159520761,
            47.37291863466667
          ],
          [
            8.551281041709863,
            47.372954506224545
          ],
          [
            8.55135761129039,
            47.372982130372
          ],
          [
            8.551555370250963,
            47.37304858654928
          ],
          [
            8.551702404358444,
            47.37309299022621
          ],
          [
            8.551899044360944,
            47.37314761087121
          ],
          [
            8.552007172176214,
            47.37317664760267
          ],
          [
            8.552144483579436,
            47.37321324668429
          ],
          [
            8.55228810939912,
            47.37325095409537
          ],
          [
            8.55231477071074,
            47.37325567945979
          ],
          [
            8.55233210994609,
            47.373257869011944
          ],
          [
            8.552369638574259,
            47.373257965913844
          ],
          [
            8.552393417669933,
            47.373255298939505
          ],
          [
            8.552431815780501,
            47.37323934006286
          ],
          [
            8.552461402616595,
            47.37322057779294
          ],
          [
            8.55247392109833,
            47.37321068832744
          ],
          [
            8.552500428962116,
            47.37318462557769
          ],
          [
            8.552507219441567,
            47.373176905209036
          ],
          [
            8.552583699813287,
            47.373089903116984
          ],
          [
            8.552636498594802,
            47.3729893946509
          ],
          [
            8.553772917016891,
            47.371728002199596
          ],
          [
            8.553818403317287,
            47.37167750400909
          ],
          [
            8.553890414628288,
            47.37160310227858
          ],
          [
            8.553889198448067,
            47.37160256531617
          ],
          [
            8.553912542728378,
            47.37157282675049
          ],
          [
            8.553948277956811,
            47.37153783138839
          ],
          [
            8.554001660824454,
            47.37149137755708
          ],
          [
            8.554005008482529,
            47.37147291412174
          ],
          [
            8.55404566338981,
            47.371425045002695
          ],
          [
            8.554100997213837,
            47.371363630399806
          ],
          [
            8.554103828602408,
            47.37136479041841
          ],
          [
            8.554397593782134,
            47.371033798258196
          ],
          [
            8.554476634395055,
            47.370946113415734
          ],
          [
            8.55451724736936,
            47.37092094834126
          ],
          [
            8.554565461972704,
            47.37090716876129
          ],
          [
            8.554647538529428,
            47.37091075638865
          ],
          [
            8.554804093227123,
            47.370966711971974
          ],
          [
            8.555000973811953,
            47.37103499766421
          ],
          [
            8.55527541214315,
            47.37113124494163
          ],
          [
            8.555372129223931,
            47.37116558804374
          ],
          [
            8.55544598081478,
            47.37119179654066
          ],
          [
            8.555506178461421,
            47.37121219930626
          ],
          [
            8.55557822123892,
            47.37123605947896
          ],
          [
            8.555640974892494,
            47.37125711209562
          ],
          [
            8.5562139525499,
            47.371420450306644
          ],
          [
            8.556423325693247,
            47.37148002142746
          ],
          [
            8.55655894083574,
            47.37152033769184
          ],
          [
            8.556626258813285,
            47.37153927671003
          ],
          [
            8.556697105080964,
            47.37155850626146
          ],
          [
            8.556746925109323,
            47.37157082412971
          ],
          [
            8.556778910793797,
            47.37157690016644
          ],
          [
            8.556811708455294,
            47.371581916797396
          ],
          [
            8.557814195932998,
            47.37149925558759
          ],
          [
            8.557873852605873,
            47.371484374284606
          ],
          [
            8.557926325611918,
            47.37145970384909
          ],
          [
            8.558102060222703,
            47.37134613488299
          ],
          [
            8.558660271029227,
            47.37099545401973
          ],
          [
            8.558784263770656,
            47.37091750379381
          ],
          [
            8.55881391431254,
            47.37089185791642
          ],
          [
            8.55881000412764,
            47.370889772976156
          ],
          [
            8.558816523333567,
            47.37088243264788
          ],
          [
            8.558823826801168,
            47.37087586729389
          ],
          [
            8.558838826360764,
            47.370861257566474
          ],
          [
            8.558900397335805,
            47.37082284374809
          ],
          [
            8.5589234424956,
            47.370809892043006
          ],
          [
            8.558940393977267,
            47.370803106268546
          ],
          [
            8.558960579769854,
            47.37079655087944
          ],
          [
            8.558962190092572,
            47.37079819936849
          ],
          [
            8.558977562827838,
            47.37079126788819
          ],
          [
            8.559011786901062,
            47.370777856018556
          ],
          [
            8.559069801323961,
            47.370758601263695
          ],
          [
            8.559105472223596,
            47.37075354984546
          ],
          [
            8.559182647520993,
            47.370748212698864
          ],
          [
            8.559249892137787,
            47.370756734480835
          ],
          [
            8.559335387573457,
            47.37077492886293
          ],
          [
            8.559392455417555,
            47.37078560020874
          ],
          [
            8.559422769138981,
            47.37079466104635
          ],
          [
            8.55945535702217,
            47.370801046228536
          ],
          [
            8.559529745499377,
            47.370811846266726
          ],
          [
            8.559591812577345,
            47.37082790208932
          ],
          [
            8.5596293956624,
            47.3708331854071
          ],
          [
            8.559642468461856,
            47.370831484370825
          ],
          [
            8.559774012005258,
            47.37085262177902
          ],
          [
            8.559832278275723,
            47.370859828024926
          ],
          [
            8.559876452023621,
            47.37086998564087
          ],
          [
            8.559918855035042,
            47.37087464638286
          ],
          [
            8.559953201411817,
            47.37087586910878
          ],
          [
            8.55999857738485,
            47.37088149042925
          ],
          [
            8.560132658694133,
            47.370892394158226
          ],
          [
            8.560209865632547,
            47.370899253488275
          ],
          [
            8.5603117584001,
            47.37090570122677
          ],
          [
            8.56048008171823,
            47.3709109099798
          ],
          [
            8.560847094920621,
            47.37091721685281
          ],
          [
            8.56097849929419,
            47.370920390861635
          ],
          [
            8.561019969289772,
            47.370922866340884
          ],
          [
            8.561100120599084,
            47.370923660695325
          ],
          [
            8.561179754708462,
            47.37092567437081
          ],
          [
            8.561298673614308,
            47.37093202772361
          ],
          [
            8.561400563901744,
            47.37093715313396
          ],
          [
            8.561429510454696,
            47.370939119641854
          ],
          [
            8.561491185487103,
            47.37095035774026
          ],
          [
            8.56156657901261,
            47.370956604131464
          ],
          [
            8.561623954436417,
            47.37096236001743
          ],
          [
            8.561647556581724,
            47.3709708459722
          ],
          [
            8.561698587273266,
            47.37099471774924
          ],
          [
            8.561741954011323,
            47.37101556878352
          ],
          [
            8.561871723723709,
            47.371074366814916
          ],
          [
            8.56196987762374,
            47.37111951076559
          ],
          [
            8.562027849959808,
            47.371141641781115
          ],
          [
            8.56203966706592,
            47.371145699711235
          ],
          [
            8.562084192250634,
            47.3711706150699
          ],
          [
            8.56213618776108,
            47.371189358110676
          ],
          [
            8.562174000640601,
            47.371211172421134
          ],
          [
            8.562202874127982,
            47.371223483911756
          ],
          [
            8.562203871682422,
            47.37122243976137
          ],
          [
            8.562239823941017,
            47.37123827236094
          ],
          [
            8.562258344369296,
            47.37124813981446
          ],
          [
            8.562264212675432,
            47.37126144957315
          ],
          [
            8.56228189526266,
            47.37127805267369
          ],
          [
            8.562313997470959,
            47.371304707933746
          ],
          [
            8.562344186409138,
            47.37132100135416
          ],
          [
            8.562384798327598,
            47.371337399348484
          ],
          [
            8.562417823043786,
            47.3713444360983
          ],
          [
            8.562469339209395,
            47.37134545414199
          ],
          [
            8.56250951103506,
            47.37135039650733
          ],
          [
            8.562568710300095,
            47.37134591654884
          ],
          [
            8.562597108910383,
            47.37133883894032
          ],
          [
            8.5626219099205,
            47.371328810831905
          ],
          [
            8.562652758000702,
            47.37130226177859
          ],
          [
            8.562654461783776,
            47.37129577765857
          ],
          [
            8.562654871471652,
            47.37128694939322
          ],
          [
            8.562610945904769,
            47.370982854681344
          ],
          [
            8.56262160019273,
            47.37095186062583
          ],
          [
            8.562634500721426,
            47.37093194567105
          ],
          [
            8.562665588488304,
            47.37089416918114
          ],
          [
            8.562699870113233,
            47.3708515032978
          ],
          [
            8.562726183510907,
            47.37081713745496
          ],
          [
            8.56278200603254,
            47.37076307188449
          ],
          [
            8.562828587028118,
            47.370724738869164
          ],
          [
            8.562880996315325,
            47.370679045909014
          ],
          [
            8.56292265514101,
            47.37064590601254
          ],
          [
            8.562956525463221,
            47.370623933884836
          ],
          [
            8.563014723021633,
            47.37059271984174
          ],
          [
            8.563114971378345,
            47.37054570470911
          ],
          [
            8.563237437570423,
            47.370492465269656
          ],
          [
            8.563452393224907,
            47.37039847451001
          ],
          [
            8.563484801312631,
            47.37037693833684
          ],
          [
            8.563513861945754,
            47.37034918399782
          ],
          [
            8.563537658880769,
            47.37030917459587
          ],
          [
            8.563564696292456,
            47.37028154789024
          ],
          [
            8.563604896077548,
            47.37025773286972
          ],
          [
            8.563665951729208,
            47.37023148298031
          ],
          [
            8.563728349066443,
            47.370204815204644
          ],
          [
            8.563767570772788,
            47.37018805198883
          ],
          [
            8.563817908517898,
            47.37016653984858
          ],
          [
            8.563990896409988,
            47.37009173885699
          ],
          [
            8.564046260367943,
            47.37006691148743
          ],
          [
            8.564081443733272,
            47.37004821846403
          ],
          [
            8.564113011001426,
            47.37002758082487
          ],
          [
            8.564136535217743,
            47.3700072923097
          ],
          [
            8.564154734596242,
            47.36998377243424
          ],
          [
            8.56417624499353,
            47.36994963204766
          ],
          [
            8.564193092991617,
            47.36992043137735
          ],
          [
            8.564202764011172,
            47.36989936033965
          ],
          [
            8.564214373877395,
            47.36987667825684
          ],
          [
            8.564214703942065,
            47.36985788408125
          ],
          [
            8.564215208968516,
            47.36983728016637
          ],
          [
            8.564212383880076,
            47.3697994289381
          ],
          [
            8.564210795646739,
            47.369755565861446
          ],
          [
            8.564208189449941,
            47.36971428533014
          ],
          [
            8.564207091497321,
            47.36967796444202
          ],
          [
            8.564203200800822,
            47.369620999814074
          ],
          [
            8.564201320117007,
            47.36956955663635
          ],
          [
            8.564197584073577,
            47.369529321560805
          ],
          [
            8.564196070319644,
            47.36951093214521
          ],
          [
            8.564201802791295,
            47.36948775863049
          ],
          [
            8.564213182586535,
            47.36945857436112
          ],
          [
            8.564216835324157,
            47.3694522241367
          ],
          [
            8.564242595157753,
            47.36943436049914
          ],
          [
            8.564293701288257,
            47.369419181361906
          ],
          [
            8.564324114889846,
            47.36941102314017
          ],
          [
            8.564415703271582,
            47.36937291551859
          ],
          [
            8.564430789972487,
            47.369381331889024
          ],
          [
            8.564530696929618,
            47.36934909880847
          ],
          [
            8.564570327278647,
            47.36933536270432
          ],
          [
            8.564592984938068,
            47.369321711994125
          ],
          [
            8.564611625317728,
            47.369304673274286
          ],
          [
            8.564610219382294,
            47.36930393138428
          ],
          [
            8.564632814039308,
            47.369278523659844
          ],
          [
            8.564646130893221,
            47.36925580689408
          ],
          [
            8.564671815669547,
            47.369187453854224
          ],
          [
            8.564692221310715,
            47.3691330129747
          ],
          [
            8.56492975801377,
            47.36851842610653
          ],
          [
            8.565094041662983,
            47.36808166946068
          ],
          [
            8.565124439831028,
            47.36799581962498
          ],
          [
            8.565136506941265,
            47.36797163077026
          ],
          [
            8.56515576365416,
            47.3679324118696
          ],
          [
            8.565191460283513,
            47.36787731889111
          ],
          [
            8.565231722485034,
            47.367819050135125
          ],
          [
            8.56528462667056,
            47.367743693090986
          ],
          [
            8.565614884225543,
            47.36726007764913
          ],
          [
            8.565644410289934,
            47.36722253139758
          ],
          [
            8.565667469521035,
            47.36720350640146
          ],
          [
            8.565700144463472,
            47.36718714819066
          ],
          [
            8.565743711064444,
            47.36716874161268
          ],
          [
            8.565815470925182,
            47.36714863771841
          ],
          [
            8.565935642176452,
            47.36712504785855
          ],
          [
            8.565974287866332,
            47.367106166602746
          ],
          [
            8.565985343070768,
            47.36708993928482
          ],
          [
            8.565998192603509,
            47.36706834230402
          ],
          [
            8.566033458475745,
            47.36697729851053
          ],
          [
            8.566153734165965,
            47.366764052500095
          ],
          [
            8.566173326556674,
            47.36675265319581
          ],
          [
            8.566204506201217,
            47.36672264571758
          ],
          [
            8.566214064055574,
            47.36671193805901
          ],
          [
            8.566227787521226,
            47.366690980170716
          ],
          [
            8.566237008968175,
            47.36667438393497
          ],
          [
            8.566260247698485,
            47.36660377765182
          ],
          [
            8.56627496717859,
            47.36660424560716
          ],
          [
            8.566279697049005,
            47.366604397319556
          ],
          [
            8.56631778849204,
            47.36653874718155
          ],
          [
            8.56631865642448,
            47.36652344685663
          ],
          [
            8.566320069485744,
            47.36650324781673
          ],
          [
            8.566318629048329,
            47.36649398782425
          ],
          [
            8.566321504785389,
            47.36648097066706
          ],
          [
            8.566331826484786,
            47.36646381497119
          ],
          [
            8.566429390844984,
            47.36630864665003
          ],
          [
            8.566509360974381,
            47.36618361399551
          ],
          [
            8.566672914051095,
            47.36592532756759
          ],
          [
            8.566756439303044,
            47.365795042770436
          ],
          [
            8.566838746792879,
            47.365666667789135
          ],
          [
            8.567128187165432,
            47.365238758640096
          ],
          [
            8.56716667302771,
            47.365183017043606
          ],
          [
            8.567219174826883,
            47.36515025525789
          ],
          [
            8.567253743436563,
            47.36514212758296
          ],
          [
            8.567322989824335,
            47.36514478716464
          ],
          [
            8.567358981644075,
            47.365150102384916
          ],
          [
            8.567422012535754,
            47.36517935852868
          ],
          [
            8.567963725043448,
            47.36543759072679
          ],
          [
            8.568271020533293,
            47.365582059150526
          ],
          [
            8.5683983070211,
            47.36561017351314
          ],
          [
            8.568495743154514,
            47.36562172274893
          ],
          [
            8.568579542691557,
            47.36562385240962
          ],
          [
            8.56865508824027,
            47.36561946928211
          ],
          [
            8.56870919230552,
            47.36560729017697
          ],
          [
            8.568813937676715,
            47.36558453184306
          ],
          [
            8.56897118914366,
            47.36555354073114
          ],
          [
            8.56906987948812,
            47.365538010610685
          ],
          [
            8.569115986227338,
            47.36554079757039
          ],
          [
            8.569179657260484,
            47.36555085071326
          ],
          [
            8.56929811191166,
            47.365577089587966
          ],
          [
            8.569345980708889,
            47.36558492351035
          ],
          [
            8.569420997074591,
            47.36557869204734
          ],
          [
            8.569461712485568,
            47.36556449382347
          ],
          [
            8.569506823420532,
            47.36554473937698
          ],
          [
            8.569564115604994,
            47.36551434932201
          ],
          [
            8.569609868245994,
            47.36548047505908
          ],
          [
            8.569650986827284,
            47.365446033586096
          ],
          [
            8.569743623974158,
            47.36536362877391
          ],
          [
            8.569857010431518,
            47.3652645863825
          ],
          [
            8.56990414350301,
            47.36522222408235
          ],
          [
            8.56994361577906,
            47.36519251301779
          ],
          [
            8.570045625105761,
            47.365113263411004
          ],
          [
            8.570181708974658,
            47.36501137980881
          ],
          [
            8.570224919565122,
            47.36499194952823
          ],
          [
            8.570226570725783,
            47.3649936424405
          ],
          [
            8.570229180414636,
            47.364992465481855
          ],
          [
            8.570292615433246,
            47.364970839167455
          ],
          [
            8.570328783245092,
            47.36496198337293
          ],
          [
            8.570331002444762,
            47.36496174574098
          ],
          [
            8.570393467469184,
            47.364963094563855
          ],
          [
            8.570440999106257,
            47.36495257119638
          ],
          [
            8.570455725799686,
            47.36495152734749
          ],
          [
            8.570487152618112,
            47.36495134527941
          ],
          [
            8.570521022508936,
            47.36495461051243
          ],
          [
            8.570542140876375,
            47.364959036066004
          ],
          [
            8.570563873860273,
            47.364961854443
          ],
          [
            8.570598252801508,
            47.364960411064956
          ],
          [
            8.570663874435684,
            47.36495641172846
          ],
          [
            8.570679121239799,
            47.36495492198704
          ],
          [
            8.57070484891502,
            47.364945098880305
          ],
          [
            8.570737777094383,
            47.36494017863791
          ],
          [
            8.570778389260727,
            47.3649298857746
          ],
          [
            8.570798819318647,
            47.36492621333786
          ],
          [
            8.570840626840662,
            47.36491734706916
          ],
          [
            8.570894107046463,
            47.36491331461313
          ],
          [
            8.570933428539744,
            47.364912694313375
          ],
          [
            8.57110795767356,
            47.36491856416393
          ],
          [
            8.571220302666637,
            47.36491960240483
          ],
          [
            8.571381429004969,
            47.36492713247102
          ],
          [
            8.57141187063992,
            47.36492794029289
          ],
          [
            8.571560842748662,
            47.36494859731215
          ],
          [
            8.571692300846024,
            47.364977997518366
          ],
          [
            8.571755908692861,
            47.36499692004526
          ],
          [
            8.571816649328516,
            47.36501112929119
          ],
          [
            8.571881342958848,
            47.36502071215371
          ],
          [
            8.572049662259003,
            47.36504528051423
          ],
          [
            8.572058866579972,
            47.36504603573109
          ],
          [
            8.572081063140098,
            47.36504885736936
          ],
          [
            8.572134390623937,
            47.365053767086245
          ],
          [
            8.572156902768507,
            47.365053995888836
          ],
          [
            8.572180078092439,
            47.36505116789878
          ],
          [
            8.572206740361395,
            47.365044213752114
          ],
          [
            8.57223112424346,
            47.36503353095684
          ],
          [
            8.572277763877132,
            47.36500996262232
          ],
          [
            8.572548081511387,
            47.364888093349784
          ],
          [
            8.572677755386412,
            47.36484480248528
          ],
          [
            8.572785218995316,
            47.36481802893515
          ],
          [
            8.572910374596137,
            47.36479891545715
          ],
          [
            8.573034534255765,
            47.364795158373184
          ],
          [
            8.573069575688613,
            47.36479250238996
          ],
          [
            8.57311493799957,
            47.364792055881615
          ],
          [
            8.573143180653625,
            47.36479094188016
          ],
          [
            8.573152849297431,
            47.36478993837979
          ],
          [
            8.573164285018986,
            47.36479103139613
          ],
          [
            8.573172898151805,
            47.36479013721083
          ],
          [
            8.57319911242931,
            47.36478640662288
          ],
          [
            8.573220176994957,
            47.36478394187656
          ],
          [
            8.573259733745415,
            47.364783805113184
          ],
          [
            8.57327512307257,
            47.36478404070995
          ],
          [
            8.573304874341297,
            47.36479035899133
          ],
          [
            8.573346056846306,
            47.36480004699813
          ],
          [
            8.573401203185806,
            47.364813284924274
          ],
          [
            8.573412776813695,
            47.3648065507176
          ],
          [
            8.573508967878372,
            47.364836683088285
          ],
          [
            8.573513957699634,
            47.36483785740379
          ],
          [
            8.573544900066178,
            47.3648423477834
          ],
          [
            8.573547978217153,
            47.36484390069275
          ],
          [
            8.573560828325006,
            47.3648461311589
          ],
          [
            8.573571805769069,
            47.364851816202076
          ],
          [
            8.573597323465965,
            47.36486262864898
          ],
          [
            8.573633421005862,
            47.364873508920766
          ],
          [
            8.573647093477271,
            47.36487705359287
          ],
          [
            8.573691169383544,
            47.364896399996056
          ],
          [
            8.573733637060899,
            47.36490861188724
          ],
          [
            8.573756119234512,
            47.364918627474154
          ],
          [
            8.573778062113034,
            47.36492943004244
          ],
          [
            8.573790326890524,
            47.3649333933193
          ],
          [
            8.573802399315596,
            47.36493578432168
          ],
          [
            8.57401867898507,
            47.36495932967437
          ],
          [
            8.574202725071421,
            47.36497935961296
          ],
          [
            8.574339455003141,
            47.36500507270973
          ],
          [
            8.574671484219213,
            47.365078166579444
          ],
          [
            8.57472589836628,
            47.36509180776941
          ],
          [
            8.574787617029218,
            47.36511210549991
          ],
          [
            8.574844017432364,
            47.36513998362415
          ],
          [
            8.574902118832808,
            47.365198654525955
          ],
          [
            8.574917099909888,
            47.365219483988795
          ],
          [
            8.57492471253072,
            47.36523748948705
          ],
          [
            8.57492579464417,
            47.36525223100676
          ],
          [
            8.574922820518038,
            47.36529096671651
          ],
          [
            8.57492123730176,
            47.36529986057944
          ],
          [
            8.574905082475253,
            47.365317137437216
          ],
          [
            8.574892742194079,
            47.36534380375593
          ],
          [
            8.5748917910034,
            47.365347006418794
          ],
          [
            8.574894609831599,
            47.365350055051216
          ],
          [
            8.574901724621563,
            47.36535774792735
          ]
        ]
      },
      "properties": {
        "infraType": "electricity",
        "geomType": "cable-hv",
        "layer": "EN_STROMLEITUNGEN_L",
        "eigentuemer": "EWZ",
        "spannung_kv": 150,
        "leitung_typ": "Kabelleitung",
        "betriebsstatus": "inBetrieb",
        "spannung_bezeichnung": "Hochspannung"
      }
    },
    {
      "type": "Feature",
      "geometry": {
        "type": "LineString",
        "coordinates": [
          [
            8.53346373564544,
            47.371447175082295
          ],
          [
            8.533017548846924,
            47.37078889344997
          ],
          [
            8.53301257762057,
            47.370777642655284
          ],
          [
            8.532982548261907,
            47.370749313633716
          ],
          [
            8.53274205207849,
            47.37064549521307
          ],
          [
            8.532543630501785,
            47.37062779218247
          ],
          [
            8.532412649202248,
            47.37064444128643
          ],
          [
            8.532416716169864,
            47.37065744572641
          ],
          [
            8.532132850889408,
            47.370697167395974
          ],
          [
            8.532088901176957,
            47.37070533728155
          ],
          [
            8.53204649855316,
            47.37071734332385
          ],
          [
            8.532006725227639,
            47.37073294860258
          ],
          [
            8.531988605518727,
            47.37074233114783
          ],
          [
            8.53195279842037,
            47.37076216255894
          ],
          [
            8.531935097792033,
            47.370772611550194
          ],
          [
            8.531857969007381,
            47.370806093789945
          ],
          [
            8.531742482956194,
            47.370870720354766
          ],
          [
            8.531708457969646,
            47.370876736279925
          ],
          [
            8.53168266845322,
            47.37088396056496
          ],
          [
            8.531653133352114,
            47.37088809897605
          ],
          [
            8.531564915656357,
            47.37086323554362
          ],
          [
            8.531308864139124,
            47.37076970786567
          ],
          [
            8.531267654415084,
            47.37075465305543
          ],
          [
            8.531220401638471,
            47.37073998911385
          ],
          [
            8.531157755024884,
            47.37073139765786
          ],
          [
            8.531125455814063,
            47.37072987715262
          ],
          [
            8.531081534041958,
            47.37073748059439
          ],
          [
            8.531032527774167,
            47.37075290300655
          ],
          [
            8.530924773783028,
            47.37078393973667
          ],
          [
            8.530456374065533,
            47.37091942927752
          ],
          [
            8.530362402786755,
            47.37094591857836
          ],
          [
            8.530318426267813,
            47.37095933220223
          ],
          [
            8.53029353236373,
            47.370968338641234
          ],
          [
            8.530270288772105,
            47.370980278982465
          ],
          [
            8.530248682915685,
            47.370994668508
          ],
          [
            8.530231499982193,
            47.37100972684525
          ],
          [
            8.530208101111846,
            47.371026436062834
          ],
          [
            8.530204445600049,
            47.37103026655651
          ],
          [
            8.530181997325741,
            47.3710759401158
          ],
          [
            8.530167235663924,
            47.37109472653231
          ],
          [
            8.530143104795785,
            47.371117722157024
          ],
          [
            8.530139934265696,
            47.37112001889244
          ],
          [
            8.5300905440466,
            47.37114258666245
          ],
          [
            8.530051832580552,
            47.37117646833209
          ],
          [
            8.530030240326711,
            47.37119540922419
          ],
          [
            8.529996037223224,
            47.37123471731639
          ],
          [
            8.529975704537044,
            47.371282845402256
          ],
          [
            8.529975114923198,
            47.37130384561682
          ],
          [
            8.52997074479332,
            47.37131157774765
          ],
          [
            8.529975496412579,
            47.371333409018746
          ],
          [
            8.529996608517079,
            47.37138543528922
          ],
          [
            8.530034676567219,
            47.37149214377297
          ],
          [
            8.530040549306593,
            47.37151505285848
          ],
          [
            8.530045430047293,
            47.37153807925858
          ],
          [
            8.530049332613943,
            47.37156118686226
          ],
          [
            8.530052230159896,
            47.37158435793305
          ],
          [
            8.5300518104466,
            47.371616888302185
          ],
          [
            8.530036540550542,
            47.37164772398318
          ],
          [
            8.529976882915609,
            47.37173989500558
          ],
          [
            8.529947660059493,
            47.371778652290295
          ],
          [
            8.529929837114755,
            47.3718006248849
          ],
          [
            8.52991281576467,
            47.37182035911015
          ],
          [
            8.529894214572067,
            47.37183924472574
          ],
          [
            8.529874611081171,
            47.3718576810556
          ],
          [
            8.529832527248725,
            47.371893025624125
          ],
          [
            8.529772354849142,
            47.371940026937594
          ],
          [
            8.529739302321467,
            47.37196707269947
          ],
          [
            8.529711246618463,
            47.37199435909547
          ],
          [
            8.529693515784514,
            47.372013012476216
          ],
          [
            8.529676664893918,
            47.37203202544322
          ],
          [
            8.529661749029081,
            47.372050480422125
          ],
          [
            8.529648861047214,
            47.372068385531776
          ],
          [
            8.529637079412622,
            47.372086648990326
          ],
          [
            8.529631481683676,
            47.37209586790209
          ],
          [
            8.529622002277314,
            47.37211404664759
          ],
          [
            8.529586480203935,
            47.372183410795756
          ],
          [
            8.5295644103024,
            47.372232094004595
          ],
          [
            8.529542252798842,
            47.37227708103664
          ],
          [
            8.529522718454242,
            47.37231832020478
          ],
          [
            8.529478924805318,
            47.372404727248664
          ],
          [
            8.529468000896694,
            47.37243773460042
          ],
          [
            8.52943325102633,
            47.37253644250775
          ],
          [
            8.529402664036477,
            47.372634823245185
          ],
          [
            8.52937315566351,
            47.37269526222347
          ],
          [
            8.529341635949871,
            47.37276554196674
          ],
          [
            8.52930553932681,
            47.37286510808063
          ],
          [
            8.529276028309063,
            47.372949374249146
          ],
          [
            8.529250446122662,
            47.37303028410918
          ],
          [
            8.5292287179435,
            47.37310210847367
          ],
          [
            8.529213409014558,
            47.37315509129673
          ],
          [
            8.529198164059377,
            47.37320790170569
          ],
          [
            8.52917082679766,
            47.37329364949815
          ],
          [
            8.529139872095952,
            47.37337792025148
          ],
          [
            8.529128438080486,
            47.37341125619793
          ],
          [
            8.529113131071798,
            47.373457869533354
          ],
          [
            8.529065442438112,
            47.37359151057589
          ],
          [
            8.529058485253694,
            47.37361448684015
          ],
          [
            8.528998492808167,
            47.37367688655784
          ],
          [
            8.528940349800248,
            47.37373189278159
          ],
          [
            8.52887034322998,
            47.373797957116786
          ],
          [
            8.528391044302051,
            47.37424497261309
          ],
          [
            8.528324711024853,
            47.374306181452965
          ],
          [
            8.528251714189405,
            47.37437437935443
          ],
          [
            8.528013359167074,
            47.374596991816624
          ],
          [
            8.527919606388641,
            47.37468301567791
          ],
          [
            8.527809706799156,
            47.37478442944428
          ],
          [
            8.527698980235947,
            47.374886867344344
          ],
          [
            8.527536027545903,
            47.37504565805786
          ],
          [
            8.527388732373076,
            47.37518142635877
          ],
          [
            8.527111141787994,
            47.37543872301345
          ],
          [
            8.527113911015494,
            47.375440100157704
          ],
          [
            8.527092176952813,
            47.37546779493558
          ],
          [
            8.527095976091932,
            47.37546967509748
          ],
          [
            8.527067656877843,
            47.37550295402342
          ],
          [
            8.52702590553651,
            47.37552958617821
          ],
          [
            8.526993736199373,
            47.37555920526712
          ],
          [
            8.526985793865087,
            47.375569075781925
          ],
          [
            8.52698125796618,
            47.37557968778164
          ],
          [
            8.526980125780135,
            47.375587146406396
          ],
          [
            8.526981115225938,
            47.37559474695379
          ],
          [
            8.526984218040875,
            47.37560208472129
          ],
          [
            8.526986722796616,
            47.375605425296115
          ],
          [
            8.526992236015912,
            47.37561018573953
          ],
          [
            8.526998776962628,
            47.37561469363142
          ],
          [
            8.527089990861045,
            47.37567706087054
          ],
          [
            8.527553845134653,
            47.375984576017935
          ],
          [
            8.527769121447564,
            47.37612958067959
          ],
          [
            8.527834578970133,
            47.376174352859536
          ],
          [
            8.527950744007232,
            47.37625030065877
          ],
          [
            8.52861874160417,
            47.37669652498135
          ],
          [
            8.528673036034476,
            47.376736058923
          ],
          [
            8.528681180958163,
            47.37674581372881
          ],
          [
            8.528687852956276,
            47.37675606816943
          ],
          [
            8.528696919544846,
            47.3767700959528
          ],
          [
            8.528707474918646,
            47.37678368691602
          ],
          [
            8.528721169393586,
            47.376798021836
          ],
          [
            8.52873508103351,
            47.37681002496959
          ],
          [
            8.528747958853868,
            47.376819393293054
          ],
          [
            8.528768503166527,
            47.376839726275406
          ],
          [
            8.528785115642943,
            47.376862704943555
          ],
          [
            8.52881036219461,
            47.376888273676364
          ],
          [
            8.528844116932914,
            47.37691927611348
          ],
          [
            8.529108003647522,
            47.37716340446831
          ],
          [
            8.52921789355299,
            47.377263256297674
          ],
          [
            8.529340621540978,
            47.377374320655356
          ],
          [
            8.529555843575553,
            47.37756914648451
          ],
          [
            8.529692545444087,
            47.37769516331516
          ],
          [
            8.529760855474018,
            47.377760722172034
          ],
          [
            8.5298053261885,
            47.37780473799206
          ],
          [
            8.529861231066153,
            47.37785621067769
          ],
          [
            8.529989347936706,
            47.37797421265102
          ],
          [
            8.530093961781397,
            47.37807098319724
          ],
          [
            8.530249341233684,
            47.37821653119987
          ],
          [
            8.530339066697843,
            47.37829957174532
          ],
          [
            8.530365520650449,
            47.37831929989486
          ],
          [
            8.530391959874159,
            47.37833901918244
          ],
          [
            8.530419792015687,
            47.37836144182446
          ],
          [
            8.530458660226689,
            47.378397027949816
          ],
          [
            8.530488727486155,
            47.37842512335857
          ],
          [
            8.530498693665422,
            47.37842872615395
          ],
          [
            8.530509712474228,
            47.378441628943854
          ],
          [
            8.530731881725874,
            47.37865393640362
          ],
          [
            8.530844251300051,
            47.378752935704014
          ],
          [
            8.530869530463741,
            47.378774833674015
          ],
          [
            8.530887931901148,
            47.37879391823101
          ],
          [
            8.530896509851388,
            47.378806674054815
          ],
          [
            8.530901274695678,
            47.37881817873054
          ],
          [
            8.530903385212193,
            47.378828692055194
          ],
          [
            8.530904752637598,
            47.378840489712154
          ],
          [
            8.53090466076654,
            47.37885410018988
          ],
          [
            8.530902244188704,
            47.37886542090353
          ],
          [
            8.530896792959926,
            47.37887599673012
          ],
          [
            8.53089094581468,
            47.37888276237106
          ],
          [
            8.530880433545185,
            47.37889129018725
          ],
          [
            8.530722114949155,
            47.378977207022594
          ],
          [
            8.530720289721707,
            47.37897538027903
          ],
          [
            8.5304584589427,
            47.37910690091372
          ],
          [
            8.530417109032111,
            47.37913243395678
          ],
          [
            8.530415123266781,
            47.37913052776963
          ],
          [
            8.530275939944026,
            47.37919707655047
          ],
          [
            8.53027355199506,
            47.37919493129348
          ],
          [
            8.530153642157366,
            47.37925462341973
          ],
          [
            8.53007809973553,
            47.379291920287116
          ],
          [
            8.529983373083953,
            47.37933457142958
          ],
          [
            8.529985446755266,
            47.379336890568574
          ],
          [
            8.529595011217925,
            47.37950862776746
          ],
          [
            8.529462863277121,
            47.379578023517
          ],
          [
            8.529342399289236,
            47.37962948948348
          ],
          [
            8.529221300810162,
            47.379681024276884
          ],
          [
            8.529003647436658,
            47.379779147483944
          ],
          [
            8.528658952595599,
            47.379909692864004
          ],
          [
            8.528565312522398,
            47.379957728726865
          ],
          [
            8.528357046297032,
            47.380049376492366
          ],
          [
            8.528343805270167,
            47.38005595987997
          ],
          [
            8.528326283439428,
            47.38007339576461
          ],
          [
            8.528295544100512,
            47.38010757028264
          ],
          [
            8.528273262720454,
            47.38014547984061
          ],
          [
            8.528267957396507,
            47.380158689723
          ],
          [
            8.528260707297042,
            47.380185599506355
          ],
          [
            8.528258018275094,
            47.380212709136984
          ],
          [
            8.52825979794876,
            47.38023951576046
          ],
          [
            8.528265812444108,
            47.38026552685185
          ],
          [
            8.52827302657503,
            47.38029055605557
          ],
          [
            8.528282022269678,
            47.38031534267755
          ],
          [
            8.52829275949594,
            47.380339807038496
          ],
          [
            8.528305183638153,
            47.38036386869716
          ],
          [
            8.528437197174538,
            47.38059582156185
          ],
          [
            8.52847173380835,
            47.38064747038025
          ],
          [
            8.52850697772362,
            47.38068972972032
          ],
          [
            8.528525061200414,
            47.380711408231335
          ],
          [
            8.528538175697978,
            47.380727124887585
          ],
          [
            8.528775849526857,
            47.38108278952491
          ],
          [
            8.528786847892906,
            47.38109921874429
          ],
          [
            8.528986345311306,
            47.38139999434433
          ],
          [
            8.52901339062016,
            47.38143957840525
          ],
          [
            8.529022699810303,
            47.38145499900222
          ],
          [
            8.529056767822588,
            47.38149022610462
          ],
          [
            8.529088237713063,
            47.38152662909391
          ],
          [
            8.529116973755977,
            47.38156404734158
          ],
          [
            8.529142881823772,
            47.38160234681131
          ],
          [
            8.529166773941297,
            47.38167868761211
          ],
          [
            8.529164218547821,
            47.38170201804975
          ],
          [
            8.529160880301509,
            47.381713626260776
          ],
          [
            8.529156187785091,
            47.38172506735317
          ],
          [
            8.529150164719422,
            47.38173620617628
          ],
          [
            8.529134424139984,
            47.381757215303935
          ],
          [
            8.529124902866437,
            47.38176690295399
          ],
          [
            8.529023587834676,
            47.38184315815941
          ],
          [
            8.528796957347707,
            47.381994923297455
          ],
          [
            8.528713178486687,
            47.38205640379188
          ],
          [
            8.528636651162115,
            47.38211960672992
          ],
          [
            8.528500790810346,
            47.38224156767188
          ],
          [
            8.528480188110414,
            47.38228129640244
          ],
          [
            8.52846130198205,
            47.382355684152614
          ],
          [
            8.52846372113036,
            47.382407212258485
          ],
          [
            8.528472778692231,
            47.38242334498249
          ],
          [
            8.528531439932655,
            47.38249926884074
          ],
          [
            8.528782168184335,
            47.38282981190612
          ],
          [
            8.528843305078569,
            47.38289722896489
          ],
          [
            8.52890954661981,
            47.382962394018485
          ],
          [
            8.528968869022279,
            47.383011019379374
          ],
          [
            8.529022432534818,
            47.38303715734128
          ],
          [
            8.529069825212098,
            47.38306074494319
          ],
          [
            8.529090239387585,
            47.38307524126108
          ],
          [
            8.529107887793671,
            47.383091139931594
          ],
          [
            8.529279109088266,
            47.38329956017107
          ],
          [
            8.529315790652273,
            47.38334335283765
          ],
          [
            8.52937162809183,
            47.383406088225
          ],
          [
            8.529462793372423,
            47.383524106733994
          ],
          [
            8.529495148960091,
            47.383568767737636
          ],
          [
            8.529536051752665,
            47.38360977697124
          ],
          [
            8.529568784941521,
            47.38364887541711
          ],
          [
            8.529579798563306,
            47.38366478269534
          ],
          [
            8.529579544707573,
            47.38368796546427
          ],
          [
            8.52956929042856,
            47.38370527081817
          ],
          [
            8.529550823005403,
            47.38372054797155
          ],
          [
            8.529515148164796,
            47.38374336358141
          ],
          [
            8.529039162894794,
            47.383980491801516
          ],
          [
            8.529000133477911,
            47.38402061849031
          ],
          [
            8.528979941881483,
            47.3840778019904
          ],
          [
            8.529003873597912,
            47.38413020734649
          ],
          [
            8.529153277293673,
            47.38427102769716
          ],
          [
            8.529659910549658,
            47.38474565617453
          ],
          [
            8.52986806470823,
            47.38496577926092
          ],
          [
            8.52991526526251,
            47.385014743503184
          ],
          [
            8.530055555569982,
            47.38514556527052
          ],
          [
            8.53013802025456,
            47.385218860842194
          ],
          [
            8.53017351886226,
            47.38526616439719
          ],
          [
            8.5302150625335,
            47.385294403289635
          ],
          [
            8.530292016202795,
            47.38536632059996
          ],
          [
            8.530331327907357,
            47.385427124797644
          ],
          [
            8.53034783690307,
            47.38544553468081
          ],
          [
            8.53037602348087,
            47.3854682687984
          ],
          [
            8.53048625444823,
            47.3855359766484
          ],
          [
            8.530584273722662,
            47.38559196226364
          ],
          [
            8.530597285834853,
            47.385596129943835
          ],
          [
            8.530916400507518,
            47.38579571810343
          ],
          [
            8.531014215291545,
            47.38585660761837
          ],
          [
            8.531038833266019,
            47.38587192737712
          ],
          [
            8.531056716523144,
            47.38588305612881
          ],
          [
            8.531106772504964,
            47.38591421857985
          ],
          [
            8.531102297574634,
            47.385917535108035
          ],
          [
            8.531192117057039,
            47.38597345382546
          ],
          [
            8.531196591986475,
            47.385970137293846
          ],
          [
            8.531400119385063,
            47.386097139185445
          ],
          [
            8.531430472235298,
            47.38612019437317
          ],
          [
            8.531446021277562,
            47.386129869947446
          ],
          [
            8.531479939921477,
            47.38614531752427
          ],
          [
            8.531530653898987,
            47.386176959305004
          ],
          [
            8.531569655538425,
            47.38620129989952
          ],
          [
            8.53160139875796,
            47.38622110365593
          ],
          [
            8.531612971859989,
            47.38623575512736
          ],
          [
            8.53164544381501,
            47.38625879920755
          ],
          [
            8.531663756797109,
            47.386270202648916
          ],
          [
            8.531680792116646,
            47.38627613926196
          ],
          [
            8.531690024173823,
            47.38627680750924
          ],
          [
            8.531728677219487,
            47.386273815252316
          ],
          [
            8.531739081848162,
            47.3862728892651
          ],
          [
            8.53176956340661,
            47.38626546776197
          ],
          [
            8.531792507995899,
            47.38625536506289
          ],
          [
            8.531819975538804,
            47.38623976853582
          ],
          [
            8.531894577009115,
            47.3861917565388
          ],
          [
            8.53246228047153,
            47.385862070439224
          ],
          [
            8.532516315407564,
            47.385829004695765
          ],
          [
            8.532560359208832,
            47.385808618567545
          ],
          [
            8.532606162682017,
            47.385797885491286
          ],
          [
            8.532643104887695,
            47.385797381875975
          ],
          [
            8.53267311277238,
            47.38580038993407
          ],
          [
            8.532706916141654,
            47.385807634714965
          ],
          [
            8.532734586013408,
            47.3858167545789
          ],
          [
            8.532759715500271,
            47.385826645086915
          ],
          [
            8.53279560439489,
            47.38584579759302
          ],
          [
            8.53286190077359,
            47.38589702647237
          ],
          [
            8.532869324398932,
            47.38590315378705
          ],
          [
            8.532862301611484,
            47.38590687230913
          ],
          [
            8.533002096609634,
            47.38602858320624
          ],
          [
            8.533037802188787,
            47.38605427681104
          ],
          [
            8.533161766181836,
            47.38616094475085
          ],
          [
            8.533187852356303,
            47.38619225242829
          ],
          [
            8.533190442669746,
            47.38620874288921
          ],
          [
            8.533237540149022,
            47.386251904931605
          ],
          [
            8.533418096017463,
            47.3864041551991
          ],
          [
            8.53345314134767,
            47.38641960861663
          ],
          [
            8.533489678989037,
            47.386441876061255
          ],
          [
            8.533675064248643,
            47.38660090744596
          ],
          [
            8.53368570244975,
            47.38661456911891
          ],
          [
            8.533688366974683,
            47.38661339249234
          ],
          [
            8.533706862552691,
            47.38663365405457
          ],
          [
            8.533713540446628,
            47.38664215409429
          ],
          [
            8.5337180405034,
            47.386648443991234
          ],
          [
            8.533721383549791,
            47.38665321568764
          ],
          [
            8.53372373847249,
            47.38665695331822
          ],
          [
            8.533695065877202,
            47.386705996499536
          ],
          [
            8.533625333552463,
            47.386769902827304
          ],
          [
            8.533616076362208,
            47.38677633210405
          ],
          [
            8.53359317588041,
            47.38679244347213
          ],
          [
            8.533509232117245,
            47.38685437955442
          ],
          [
            8.533439758106354,
            47.3869179855778
          ],
          [
            8.533250866353093,
            47.38704459305686
          ],
          [
            8.533156443101815,
            47.38710965949991
          ],
          [
            8.533152656288161,
            47.38710714076583
          ],
          [
            8.533142336973595,
            47.38711351709883
          ],
          [
            8.533134553937941,
            47.387117307601365
          ],
          [
            8.533130770598119,
            47.3871191496561
          ],
          [
            8.533118113115144,
            47.38712389303854
          ],
          [
            8.533104627557089,
            47.38712759183754
          ],
          [
            8.533090574461731,
            47.38713016262888
          ],
          [
            8.533076285659844,
            47.38713157528391
          ],
          [
            8.533062039242662,
            47.38713182716838
          ],
          [
            8.533048154136866,
            47.38713096923196
          ],
          [
            8.53303978372264,
            47.38712969925398
          ],
          [
            8.533022502376108,
            47.38712534740665
          ],
          [
            8.532621826169976,
            47.387203866879055
          ]
        ]
      },
      "properties": {
        "infraType": "electricity",
        "geomType": "cable-hv",
        "layer": "EN_STROMLEITUNGEN_L",
        "eigentuemer": "EWZ",
        "spannung_kv": 150,
        "leitung_typ": "Kabelleitung",
        "betriebsstatus": "inBetrieb",
        "spannung_bezeichnung": "Hochspannung"
      }
    },
    {
      "type": "Feature",
      "geometry": {
        "type": "LineString",
        "coordinates": [
          [
            8.532621826169976,
            47.387203866879055
          ],
          [
            8.533031912285905,
            47.38711983423273
          ],
          [
            8.533042882752047,
            47.38712259075914
          ],
          [
            8.533049844853924,
            47.38712364919941
          ],
          [
            8.533062390628976,
            47.387124429871335
          ],
          [
            8.533074409495123,
            47.38712341651399
          ],
          [
            8.533084851905427,
            47.38712174345619
          ],
          [
            8.533094607413354,
            47.38711893452715
          ],
          [
            8.533103311943515,
            47.387115191067906
          ],
          [
            8.533110717183751,
            47.3871107403082
          ],
          [
            8.533189554005833,
            47.38705541932949
          ],
          [
            8.533230796479437,
            47.38702893383811
          ],
          [
            8.533240431043183,
            47.38702275288116
          ],
          [
            8.53342667235582,
            47.38690316871761
          ],
          [
            8.533450484630986,
            47.3868811479605
          ],
          [
            8.533490329100003,
            47.38684716471369
          ],
          [
            8.533576179530618,
            47.38679422366337
          ],
          [
            8.53359317588041,
            47.38679244347213
          ],
          [
            8.533616076362208,
            47.38677633210405
          ],
          [
            8.533625333552463,
            47.386769902827304
          ],
          [
            8.533695065877202,
            47.386705996499536
          ],
          [
            8.533761949797457,
            47.38664019217446
          ],
          [
            8.533803121561538,
            47.386611584296574
          ],
          [
            8.533835953218226,
            47.38657344869596
          ],
          [
            8.533852441949653,
            47.38652770433661
          ],
          [
            8.533848793295318,
            47.386476484851464
          ],
          [
            8.533855812587419,
            47.38644552914418
          ],
          [
            8.533876215615347,
            47.38641753188395
          ],
          [
            8.533909126606805,
            47.38638906433847
          ],
          [
            8.533919124430696,
            47.38638316772134
          ],
          [
            8.534133631325119,
            47.386256739880075
          ],
          [
            8.534158839091265,
            47.386239490228824
          ],
          [
            8.534200868484508,
            47.38621074813713
          ],
          [
            8.534366307251117,
            47.38610703899718
          ],
          [
            8.534744586767017,
            47.38586890086019
          ],
          [
            8.535045005495196,
            47.38567097985184
          ],
          [
            8.535159380100508,
            47.38559802262823
          ],
          [
            8.535273754392414,
            47.3855250652898
          ],
          [
            8.535344772955092,
            47.385489724042614
          ],
          [
            8.535387179431485,
            47.3854652056202
          ],
          [
            8.535518621652558,
            47.38539078171616
          ],
          [
            8.535597517038932,
            47.38535720862314
          ],
          [
            8.536182098596782,
            47.384991398248275
          ],
          [
            8.536468308624874,
            47.38483067810222
          ],
          [
            8.536647527067881,
            47.38473279838397
          ],
          [
            8.536894993001162,
            47.3845971279327
          ],
          [
            8.53710023760906,
            47.38448331171053
          ],
          [
            8.537446645813965,
            47.384327557678304
          ],
          [
            8.537991430269257,
            47.384086123814015
          ],
          [
            8.538050959506549,
            47.38405513587168
          ],
          [
            8.53819179802085,
            47.383960173515945
          ],
          [
            8.53856569632421,
            47.383705107403955
          ],
          [
            8.538730745444822,
            47.383551931350766
          ],
          [
            8.538844338618915,
            47.3834518485122
          ],
          [
            8.538891576461344,
            47.38342735380813
          ],
          [
            8.538958969825394,
            47.38339051562079
          ],
          [
            8.539005656724441,
            47.38334639877372
          ],
          [
            8.539075163367585,
            47.38329396084717
          ],
          [
            8.539232778464026,
            47.383176564554056
          ],
          [
            8.539230162774375,
            47.38317496135641
          ],
          [
            8.539239228662021,
            47.38316824558887
          ],
          [
            8.539256666237426,
            47.38314877594676
          ],
          [
            8.539269195107273,
            47.38313858205597
          ],
          [
            8.539325757038064,
            47.38309418299495
          ],
          [
            8.539504865846501,
            47.38295953578388
          ],
          [
            8.539775910017639,
            47.382759427102826
          ],
          [
            8.539832781866489,
            47.38272429789427
          ],
          [
            8.539889851226455,
            47.38270584462361
          ],
          [
            8.539917344253261,
            47.38267694208952
          ],
          [
            8.539922562780788,
            47.38266927257819
          ],
          [
            8.539927002918704,
            47.38264316239727
          ],
          [
            8.539956787660536,
            47.382597048333835
          ],
          [
            8.539991740899705,
            47.382551037006714
          ],
          [
            8.54002160628232,
            47.38250498512134
          ],
          [
            8.540036256161779,
            47.3824724090545
          ],
          [
            8.540067246619808,
            47.382441709194396
          ],
          [
            8.540080547313323,
            47.382401527117366
          ],
          [
            8.54016890329598,
            47.38227830518471
          ],
          [
            8.540206964845567,
            47.38223788699688
          ],
          [
            8.540214905552338,
            47.38223057020863
          ],
          [
            8.540229988311795,
            47.38221958637024
          ],
          [
            8.54029530264362,
            47.38219319253522
          ],
          [
            8.540328863758852,
            47.382175323013044
          ],
          [
            8.540347334267912,
            47.38216293149844
          ],
          [
            8.540838122229031,
            47.38148713749799
          ],
          [
            8.540863956770156,
            47.38146134486257
          ],
          [
            8.540885316668895,
            47.381447801297405
          ],
          [
            8.540921503545306,
            47.38142885411016
          ],
          [
            8.540955492666738,
            47.381418905015536
          ],
          [
            8.540992714633207,
            47.38141542763782
          ],
          [
            8.541056415745045,
            47.38141860672446
          ],
          [
            8.541088748599963,
            47.381423344443085
          ],
          [
            8.541273390209646,
            47.38148478201558
          ],
          [
            8.541299921292497,
            47.38149458533484
          ],
          [
            8.541333264184342,
            47.38150134624312
          ],
          [
            8.541372715636376,
            47.3815038481103
          ],
          [
            8.54141783230064,
            47.38149474614532
          ],
          [
            8.541457609946496,
            47.381483571380755
          ],
          [
            8.541497765536379,
            47.3814394627418
          ],
          [
            8.541576019487817,
            47.38132928097303
          ],
          [
            8.541658708220632,
            47.38121909188253
          ],
          [
            8.541710922277268,
            47.38115293791141
          ],
          [
            8.54175189580177,
            47.381086944318895
          ],
          [
            8.541870246317126,
            47.38092803064252
          ],
          [
            8.541921501435525,
            47.380855948039255
          ],
          [
            8.542042784531727,
            47.38069346117819
          ],
          [
            8.542118974273816,
            47.38057585974003
          ],
          [
            8.54217099229959,
            47.38050797134893
          ],
          [
            8.542240472468992,
            47.38041294781981
          ],
          [
            8.542326737543897,
            47.3802946113208
          ],
          [
            8.542364846054292,
            47.38024509694376
          ],
          [
            8.542401103088444,
            47.380223207195215
          ],
          [
            8.54244470761013,
            47.38020567283441
          ],
          [
            8.542567362530937,
            47.38016135117364
          ],
          [
            8.542782290515785,
            47.38008159628836
          ],
          [
            8.542887275662622,
            47.38004225555967
          ],
          [
            8.54292085289697,
            47.38003166215793
          ],
          [
            8.54296912194212,
            47.38000917076515
          ],
          [
            8.543012489977981,
            47.3799808802688
          ],
          [
            8.543047378888646,
            47.37994411644789
          ],
          [
            8.543130826900995,
            47.37975259395942
          ],
          [
            8.543214436732592,
            47.37958290193309
          ],
          [
            8.543409072268565,
            47.37910905526468
          ],
          [
            8.543440331461486,
            47.379026918580486
          ],
          [
            8.543442139281538,
            47.378990830800916
          ],
          [
            8.543462240380139,
            47.3789575274656
          ],
          [
            8.543490453949516,
            47.378874133586265
          ],
          [
            8.543532443451731,
            47.37883498003993
          ],
          [
            8.543560023253152,
            47.37877787598659
          ],
          [
            8.543710512963306,
            47.377625784809084
          ],
          [
            8.54373184941928,
            47.37753329956338
          ],
          [
            8.543814460472985,
            47.377343800197615
          ],
          [
            8.543853236379103,
            47.37725000478643
          ],
          [
            8.543887072991524,
            47.37718176773508
          ],
          [
            8.543905732340507,
            47.37711985555227
          ],
          [
            8.543936771925921,
            47.377083416081895
          ],
          [
            8.54397520289715,
            47.37705857257407
          ],
          [
            8.54402150197399,
            47.37701914459963
          ],
          [
            8.544194139692705,
            47.37690847945448
          ],
          [
            8.54435113203974,
            47.37680642912826
          ],
          [
            8.544416136967772,
            47.37676802728187
          ],
          [
            8.544468392063704,
            47.37668507757494
          ],
          [
            8.544492714430834,
            47.3766408494888
          ],
          [
            8.54453885173407,
            47.37656940822958
          ],
          [
            8.54457249755059,
            47.376524587135464
          ],
          [
            8.544610762963762,
            47.37649881849041
          ],
          [
            8.544642672280235,
            47.376469233782714
          ],
          [
            8.54466825381106,
            47.376444854875665
          ],
          [
            8.544874170839249,
            47.37613343120596
          ],
          [
            8.544938775463775,
            47.37603241767392
          ],
          [
            8.545130319021446,
            47.37572718576949
          ],
          [
            8.545200189307561,
            47.37562407883154
          ],
          [
            8.545243237489979,
            47.375556373743855
          ],
          [
            8.545263733191183,
            47.37551731835747
          ],
          [
            8.545512366306479,
            47.37512378122076
          ],
          [
            8.545626006199411,
            47.37494319401963
          ],
          [
            8.545757643275138,
            47.37474167338836
          ],
          [
            8.545767773923062,
            47.37467603762499
          ],
          [
            8.545756260273247,
            47.37464193942261
          ],
          [
            8.545745092402598,
            47.3746193876779
          ],
          [
            8.545753046290454,
            47.37459622089212
          ],
          [
            8.545787465010728,
            47.37456194329906
          ],
          [
            8.54582653313819,
            47.37454807610219
          ],
          [
            8.54586721880635,
            47.37452863438354
          ],
          [
            8.545894361411964,
            47.37450808114165
          ],
          [
            8.545929857702024,
            47.3744721380666
          ],
          [
            8.546205216791652,
            47.374140445547724
          ],
          [
            8.546237044442934,
            47.37409168347367
          ],
          [
            8.546307721973118,
            47.37400851118617
          ],
          [
            8.546323248535732,
            47.373986558041985
          ],
          [
            8.546318829526852,
            47.373948505945016
          ],
          [
            8.546325143305904,
            47.373937552267556
          ],
          [
            8.54633300464784,
            47.373932250695574
          ],
          [
            8.546351671295133,
            47.37391866890724
          ],
          [
            8.546368103923292,
            47.373909732049015
          ],
          [
            8.546385771860773,
            47.37390416551922
          ],
          [
            8.546612290361285,
            47.37389730646299
          ],
          [
            8.546659375862147,
            47.37391568165838
          ],
          [
            8.546668003302763,
            47.373912837386534
          ],
          [
            8.546674484654998,
            47.37391249636321
          ],
          [
            8.546827902781288,
            47.37397228156553
          ],
          [
            8.546830707416305,
            47.373968971426514
          ],
          [
            8.547314223355672,
            47.37410976249876
          ]
        ]
      },
      "properties": {
        "infraType": "electricity",
        "geomType": "cable-hv",
        "layer": "EN_STROMLEITUNGEN_L",
        "eigentuemer": "EWZ",
        "spannung_kv": 150,
        "leitung_typ": "Kabelleitung",
        "betriebsstatus": "inBetrieb",
        "spannung_bezeichnung": "Hochspannung"
      }
    },
    {
      "type": "Feature",
      "geometry": {
        "type": "LineString",
        "coordinates": [
          [
            8.563799384582694,
            47.35972574886309
          ],
          [
            8.563790940886145,
            47.35972334845503
          ],
          [
            8.56378771254035,
            47.3597184145492
          ],
          [
            8.563782646067912,
            47.359712320179455
          ],
          [
            8.56377048611548,
            47.35970382123917
          ],
          [
            8.56375497764284,
            47.359698494255404
          ],
          [
            8.563712821888348,
            47.35968758090286
          ],
          [
            8.563439885359317,
            47.35964967405154
          ],
          [
            8.563392479511336,
            47.3596459179456
          ],
          [
            8.563330331967666,
            47.35963678233539
          ],
          [
            8.563229133562285,
            47.359617691499594
          ],
          [
            8.563000564639319,
            47.35965663844333
          ],
          [
            8.562810155288282,
            47.35968400450558
          ],
          [
            8.562753043276015,
            47.35969582339903
          ],
          [
            8.562710628334075,
            47.35971084542067
          ],
          [
            8.562674113078282,
            47.35973387781072
          ],
          [
            8.562669366237518,
            47.35973037990013
          ],
          [
            8.56266566847143,
            47.35972766425653
          ],
          [
            8.562647664658579,
            47.35973897558267
          ],
          [
            8.56265368840174,
            47.359743387572586
          ],
          [
            8.562575523877362,
            47.35979893016121
          ],
          [
            8.562483252668379,
            47.35987043257373
          ],
          [
            8.562397919196266,
            47.359921889915455
          ],
          [
            8.562314302084523,
            47.35996754566592
          ],
          [
            8.562194363269558,
            47.360015228770735
          ],
          [
            8.562016123835464,
            47.360054168873894
          ],
          [
            8.561839862202051,
            47.36008645998715
          ],
          [
            8.561805758201563,
            47.360095158150955
          ],
          [
            8.561771454879025,
            47.36010382136275
          ],
          [
            8.56168546760925,
            47.360145029976714
          ],
          [
            8.561641788396182,
            47.360170515433516
          ],
          [
            8.561549197755824,
            47.360214369787
          ],
          [
            8.561493692237562,
            47.3602258207124
          ],
          [
            8.561409499810647,
            47.36022152286055
          ],
          [
            8.56137729707416,
            47.360214900649765
          ],
          [
            8.561300267734563,
            47.360197516098545
          ],
          [
            8.561127201392923,
            47.360158460986575
          ],
          [
            8.561035406323855,
            47.360139573664675
          ],
          [
            8.56097523025313,
            47.36012725130818
          ],
          [
            8.560818679171303,
            47.360094736655924
          ],
          [
            8.560715724961955,
            47.36007398757157
          ],
          [
            8.560595091802458,
            47.36004981297781
          ],
          [
            8.560573356831574,
            47.36004803620794
          ],
          [
            8.56031670452303,
            47.360056091219754
          ],
          [
            8.560182819112015,
            47.36006012797838
          ],
          [
            8.56004891912152,
            47.36006416472304
          ],
          [
            8.55998297235346,
            47.36006315090354
          ],
          [
            8.559929980930526,
            47.3600556696238
          ],
          [
            8.559822938232898,
            47.360023670454055
          ],
          [
            8.559715895663842,
            47.35999167118468
          ],
          [
            8.55943235072439,
            47.359906310064865
          ],
          [
            8.559399514455524,
            47.359894719102016
          ],
          [
            8.55933349006431,
            47.35988061763248
          ],
          [
            8.559186722762178,
            47.359843013485715
          ],
          [
            8.55903260192839,
            47.359810831752725
          ],
          [
            8.558703542615207,
            47.35974105928362
          ],
          [
            8.558555886071828,
            47.35971654110456
          ],
          [
            8.558121154575264,
            47.359619997471604
          ],
          [
            8.55803315679606,
            47.359610309046424
          ],
          [
            8.557978263964284,
            47.359609330855506
          ],
          [
            8.557902674985588,
            47.35961442711314
          ],
          [
            8.557762133009762,
            47.35965321112458
          ],
          [
            8.55765352477188,
            47.35971107828824
          ],
          [
            8.557485870842994,
            47.359848857004025
          ],
          [
            8.557368329468698,
            47.359901207325706
          ],
          [
            8.557293431969285,
            47.35993928191231
          ],
          [
            8.557259649637393,
            47.35997968282276
          ],
          [
            8.557227065752251,
            47.36004824600666
          ],
          [
            8.557160454935383,
            47.36021680568049
          ],
          [
            8.557039901081504,
            47.360522427805584
          ],
          [
            8.557009871853602,
            47.360594158568205
          ],
          [
            8.556977794985476,
            47.36066603598333
          ],
          [
            8.556948421458381,
            47.36072359292502
          ],
          [
            8.556916369544505,
            47.36078088884773
          ],
          [
            8.556878559271,
            47.360844581242084
          ],
          [
            8.556837295322982,
            47.360908289973494
          ],
          [
            8.55679785291006,
            47.36096423527899
          ],
          [
            8.556754680412094,
            47.36101964189194
          ],
          [
            8.556710337851563,
            47.36107361158756
          ],
          [
            8.556663861569382,
            47.361127412123345
          ],
          [
            8.556626853215352,
            47.36116750313703
          ],
          [
            8.556427928271477,
            47.3613561350709
          ],
          [
            8.556404373154143,
            47.361376737207586
          ],
          [
            8.556400316469674,
            47.361374572648494
          ],
          [
            8.556339089158744,
            47.361427680167075
          ],
          [
            8.556343159269282,
            47.36142985359348
          ],
          [
            8.556338653311498,
            47.361434043994414
          ],
          [
            8.556248808402904,
            47.36151761634325
          ],
          [
            8.556244093631886,
            47.361522582348556
          ],
          [
            8.556237993324538,
            47.36153534261336
          ],
          [
            8.55622392678197,
            47.36155521422177
          ],
          [
            8.556214062912689,
            47.36157726787115
          ],
          [
            8.556195793495707,
            47.36159494933922
          ],
          [
            8.556177524066598,
            47.36161263080426
          ],
          [
            8.555857866023159,
            47.3618968814192
          ],
          [
            8.555806898494993,
            47.36194813531329
          ],
          [
            8.555785942054118,
            47.36197153666867
          ],
          [
            8.555731153004654,
            47.36202421185692
          ],
          [
            8.555704266886448,
            47.362048310114844
          ],
          [
            8.555657047883544,
            47.36209967070136
          ],
          [
            8.555580293352765,
            47.362188899785615
          ],
          [
            8.555568877880319,
            47.36220515747977
          ],
          [
            8.55553238446226,
            47.36226105579589
          ],
          [
            8.555489467730892,
            47.36231361693428
          ],
          [
            8.5554776421394,
            47.36233368265455
          ],
          [
            8.555454690994699,
            47.362370578044114
          ],
          [
            8.555423486335771,
            47.36242673190999
          ],
          [
            8.555405033131489,
            47.36245905020948
          ],
          [
            8.555383264571145,
            47.3624822524485
          ],
          [
            8.555364388944094,
            47.36250199054207
          ],
          [
            8.555345338369621,
            47.362524690644
          ],
          [
            8.555332246358441,
            47.36254940112074
          ],
          [
            8.555272442469057,
            47.362662303342205
          ],
          [
            8.555266719556593,
            47.36269436359447
          ],
          [
            8.555257270513257,
            47.36272550638348
          ],
          [
            8.555246557419252,
            47.36275634656152
          ],
          [
            8.555231627147714,
            47.36278614898948
          ],
          [
            8.555199061728008,
            47.36284631790357
          ],
          [
            8.555166844650614,
            47.3629053599386
          ],
          [
            8.555134014086086,
            47.36296425407622
          ],
          [
            8.555116660529176,
            47.3629934673417
          ],
          [
            8.555093852576464,
            47.363021357969785
          ],
          [
            8.555072161326363,
            47.3630495337392
          ],
          [
            8.555060981208987,
            47.3630802075016
          ],
          [
            8.555055622589258,
            47.363120188984304
          ],
          [
            8.554983211163966,
            47.3632613498791
          ],
          [
            8.55493486776259,
            47.36335203990509
          ],
          [
            8.55488292151039,
            47.36341160537295
          ],
          [
            8.554859381757502,
            47.36344888411127
          ],
          [
            8.55474988867001,
            47.36362815697717
          ],
          [
            8.554607210987086,
            47.363905663087984
          ],
          [
            8.554520425332043,
            47.36407942619125
          ],
          [
            8.554510608526064,
            47.36411706698262
          ],
          [
            8.554509949324146,
            47.364227193405924
          ],
          [
            8.55450946216818,
            47.36425761985549
          ],
          [
            8.55446328773664,
            47.36434575203864
          ],
          [
            8.554434751227276,
            47.36440424463899
          ],
          [
            8.554381344088338,
            47.364491565133946
          ],
          [
            8.554360260812016,
            47.36451524627316
          ],
          [
            8.554164921035737,
            47.364647844216705
          ],
          [
            8.554120463612922,
            47.36467881320975
          ],
          [
            8.554035418416843,
            47.36471195524359
          ],
          [
            8.553990365306333,
            47.36473097442982
          ],
          [
            8.553969140858449,
            47.364742288469515
          ],
          [
            8.55394474779355,
            47.36475655744225
          ],
          [
            8.553793143554092,
            47.36483628049748
          ],
          [
            8.553643163654725,
            47.36490702935525
          ],
          [
            8.553354428430312,
            47.365037001434985
          ],
          [
            8.553352668329385,
            47.3650352013957
          ],
          [
            8.553303564785566,
            47.365059288612535
          ],
          [
            8.553305520234534,
            47.36506099681518
          ],
          [
            8.55325389917357,
            47.365088219744514
          ],
          [
            8.553191085359277,
            47.36512975497141
          ],
          [
            8.553135472260424,
            47.365152852499634
          ],
          [
            8.55310678091823,
            47.3651641934574
          ],
          [
            8.552878758771858,
            47.36523843791318
          ],
          [
            8.552853159276234,
            47.36524378516693
          ],
          [
            8.552794025820086,
            47.36525365758477
          ],
          [
            8.55275085711461,
            47.365265327018264
          ],
          [
            8.552503214108722,
            47.36534659634198
          ],
          [
            8.552480165950199,
            47.36535556285495
          ],
          [
            8.552438759823952,
            47.36538316363625
          ],
          [
            8.552400260325081,
            47.365416178458645
          ],
          [
            8.552377655148677,
            47.36546029296668
          ],
          [
            8.55236760873256,
            47.36553012143249
          ],
          [
            8.552368966796227,
            47.36555710288885
          ],
          [
            8.552384757875963,
            47.3655981116763
          ],
          [
            8.552408282745642,
            47.36562970077911
          ],
          [
            8.552450984930774,
            47.36567616286837
          ],
          [
            8.552493687190356,
            47.36572262494121
          ],
          [
            8.552516482225812,
            47.36575856483608
          ],
          [
            8.55253065161716,
            47.36578785142595
          ],
          [
            8.552535295136606,
            47.3658009845862
          ],
          [
            8.552550198542406,
            47.36585399339307
          ],
          [
            8.552546620882806,
            47.36585448665438
          ],
          [
            8.552574165760953,
            47.3659618663611
          ],
          [
            8.55258960314423,
            47.36599417209003
          ],
          [
            8.55259476613459,
            47.36602772830204
          ],
          [
            8.552605189573805,
            47.366064022281066
          ],
          [
            8.552600634747682,
            47.36612293070412
          ],
          [
            8.552577646188697,
            47.36615504036713
          ],
          [
            8.552522500528315,
            47.366198101481295
          ],
          [
            8.551165005286204,
            47.36679635158553
          ],
          [
            8.55112731304039,
            47.36680976667257
          ],
          [
            8.551063208237219,
            47.36682196994219
          ],
          [
            8.550985056703365,
            47.36683929269509
          ],
          [
            8.550914754983001,
            47.366860353751555
          ],
          [
            8.550832001943974,
            47.366867879089114
          ],
          [
            8.550781629327187,
            47.36687131548587
          ],
          [
            8.55071954652945,
            47.366892233411235
          ],
          [
            8.550577435629936,
            47.36694144797325
          ],
          [
            8.550435948668449,
            47.36702630514386
          ],
          [
            8.55039937858471,
            47.36705742069311
          ],
          [
            8.550356056722888,
            47.367105647085005
          ],
          [
            8.550316566147876,
            47.36717633442144
          ],
          [
            8.55030202006272,
            47.36724005235229
          ],
          [
            8.550266240696166,
            47.36729443076917
          ],
          [
            8.549804002452554,
            47.36768263472046
          ],
          [
            8.549784161694147,
            47.36770643794261
          ],
          [
            8.549772895305704,
            47.36773189473906
          ],
          [
            8.549773598354761,
            47.36775482567335
          ],
          [
            8.54978651459707,
            47.367777396237905
          ],
          [
            8.54981070392205,
            47.36779896782075
          ],
          [
            8.550208713899302,
            47.36808889873816
          ],
          [
            8.550241088992072,
            47.368117596584064
          ],
          [
            8.55025968784103,
            47.36814027431565
          ],
          [
            8.550280607006536,
            47.36821326671254
          ],
          [
            8.550273137916559,
            47.36825255756618
          ],
          [
            8.550242668066122,
            47.3683013258304
          ],
          [
            8.55020261987071,
            47.36834087626464
          ],
          [
            8.549879494632355,
            47.36854190018173
          ],
          [
            8.549810206157627,
            47.3686237671478
          ],
          [
            8.549604455164028,
            47.36875113107673
          ],
          [
            8.549249172858042,
            47.368968464883174
          ],
          [
            8.54917067700919,
            47.36903807860208
          ],
          [
            8.549143507161428,
            47.36905522377943
          ],
          [
            8.549086575644118,
            47.36907887076026
          ],
          [
            8.549023728581451,
            47.369113468635625
          ],
          [
            8.548979827337249,
            47.369131476249756
          ],
          [
            8.54861524561432,
            47.36935595683977
          ],
          [
            8.54854652306848,
            47.369397104524325
          ],
          [
            8.548523041725256,
            47.36942042077103
          ],
          [
            8.548506974099276,
            47.36944044550101
          ],
          [
            8.548496739913542,
            47.369466557873665
          ],
          [
            8.548491493925425,
            47.369493773694096
          ],
          [
            8.548529368957068,
            47.36955069996761
          ],
          [
            8.548559843395536,
            47.369577779416026
          ],
          [
            8.548577217514026,
            47.36960968922417
          ],
          [
            8.548614861155443,
            47.3696541593844
          ],
          [
            8.548672235462396,
            47.36970451164573
          ],
          [
            8.54876238324747,
            47.36981914318459
          ],
          [
            8.548797968369579,
            47.36985764228856
          ],
          [
            8.54882589300596,
            47.36987671349001
          ],
          [
            8.54885981082298,
            47.36992161517077
          ],
          [
            8.548861899666967,
            47.36995706304058
          ],
          [
            8.548812711599918,
            47.37003468740087
          ],
          [
            8.548778690862859,
            47.37010570742478
          ],
          [
            8.548765039732112,
            47.37014958213377
          ],
          [
            8.548711982368479,
            47.370192108509656
          ],
          [
            8.5485880520092,
            47.37030680055967
          ],
          [
            8.548545299220782,
            47.37034701501632
          ],
          [
            8.54849707221142,
            47.370392616192426
          ],
          [
            8.548431321813107,
            47.37047044449516
          ],
          [
            8.548373722288668,
            47.37055494981268
          ],
          [
            8.548319271564846,
            47.370641313829964
          ],
          [
            8.548259317938406,
            47.370726606288585
          ],
          [
            8.548179862167329,
            47.37080696780863
          ],
          [
            8.548145586221017,
            47.370837736706534
          ],
          [
            8.548025613970553,
            47.370958875595825
          ],
          [
            8.54795423055523,
            47.37104731802702
          ],
          [
            8.547890483401005,
            47.3711502232571
          ],
          [
            8.547787445776525,
            47.37131911647088
          ],
          [
            8.547590172823305,
            47.37163450916644
          ],
          [
            8.547487677076509,
            47.37173979208324
          ],
          [
            8.547457567528312,
            47.37179591409983
          ],
          [
            8.547404177046324,
            47.37187093354601
          ],
          [
            8.547357021413323,
            47.37216301829009
          ],
          [
            8.54732165494947,
            47.372316491360564
          ],
          [
            8.547236948581466,
            47.372489012981006
          ],
          [
            8.547208468717903,
            47.372573166175854
          ],
          [
            8.547203430067826,
            47.372606577576875
          ],
          [
            8.547206022886122,
            47.372633835007385
          ],
          [
            8.547241163418406,
            47.37271140480429
          ],
          [
            8.547247197222172,
            47.37274430515176
          ],
          [
            8.54724207046152,
            47.372770296393284
          ],
          [
            8.547135480044421,
            47.37296343795444
          ],
          [
            8.547094253786799,
            47.37303066760718
          ],
          [
            8.547060467019655,
            47.37308448603485
          ],
          [
            8.546989616009382,
            47.37319167756178
          ],
          [
            8.546943173556322,
            47.37327686656034
          ],
          [
            8.546824285893871,
            47.37341999577613
          ],
          [
            8.546742926452895,
            47.37350965744612
          ],
          [
            8.546408095684924,
            47.373906631982756
          ],
          [
            8.54639724194996,
            47.37391576720789
          ],
          [
            8.546385131526433,
            47.373923052487136
          ],
          [
            8.546371746347628,
            47.37392889277521
          ],
          [
            8.546357494769866,
            47.37393318520889
          ],
          [
            8.546340916040059,
            47.3739363665685
          ],
          [
            8.546325143305904,
            47.373937552267556
          ],
          [
            8.546295243226119,
            47.37393626484382
          ],
          [
            8.546236878129617,
            47.37392634516273
          ],
          [
            8.54614529913136,
            47.37390662436879
          ],
          [
            8.545870971290592,
            47.373848779919484
          ],
          [
            8.545764156875741,
            47.37381089973149
          ],
          [
            8.545690991790352,
            47.37378261860172
          ],
          [
            8.545619951278821,
            47.37376360815834
          ],
          [
            8.545553426647235,
            47.37373817773219
          ],
          [
            8.545283217953742,
            47.37364459066381
          ],
          [
            8.54526673962254,
            47.37364303945754
          ],
          [
            8.545168501567952,
            47.373655305487404
          ],
          [
            8.545070263654791,
            47.3736675804269
          ],
          [
            8.54505642091254,
            47.3736698808552
          ],
          [
            8.545042787596767,
            47.37367333965046
          ],
          [
            8.545029654965127,
            47.37367795402286
          ],
          [
            8.545017365924869,
            47.37368365772196
          ],
          [
            8.545006182829244,
            47.373690331298306
          ],
          [
            8.54499634080721,
            47.37369781958231
          ],
          [
            8.544988021285215,
            47.37370593193856
          ],
          [
            8.544841809958932,
            47.373894368456405
          ],
          [
            8.544699077306753,
            47.37407303061004
          ],
          [
            8.544691858394405,
            47.374081222355656
          ],
          [
            8.544683251973472,
            47.37408891466307
          ],
          [
            8.544673308574094,
            47.37409599011137
          ],
          [
            8.544662157414994,
            47.37410229454533
          ],
          [
            8.544650034001354,
            47.374107690782296
          ],
          [
            8.544623844136082,
            47.374115461496025
          ],
          [
            8.544580350500555,
            47.37412281319554
          ],
          [
            8.544344450154425,
            47.374159343106506
          ],
          [
            8.544108549484685,
            47.374195872534976
          ],
          [
            8.543938863859497,
            47.37422249389072
          ],
          [
            8.54391695247839,
            47.37422593281566
          ],
          [
            8.543880556722044,
            47.37422877272811
          ],
          [
            8.543858750141307,
            47.374227623113505
          ],
          [
            8.543838392967857,
            47.374224210839635
          ],
          [
            8.543824112195443,
            47.37421625184463
          ],
          [
            8.543779065286696,
            47.37418957146495
          ],
          [
            8.543754313482014,
            47.3741830439252
          ],
          [
            8.54372962917711,
            47.37418360391125
          ],
          [
            8.543714694106388,
            47.37418559979677
          ],
          [
            8.543701208624014,
            47.37419045126454
          ],
          [
            8.543671038246899,
            47.37420231665306
          ],
          [
            8.543641352503709,
            47.37420690032248
          ],
          [
            8.543520482616433,
            47.37422554311261
          ],
          [
            8.54345312505262,
            47.37423592913455
          ],
          [
            8.543405064017172,
            47.37424334206463
          ],
          [
            8.543273477138085,
            47.374263634259776
          ],
          [
            8.543241189713193,
            47.37426862050206
          ],
          [
            8.54320835205434,
            47.37427191191403
          ],
          [
            8.543186421637255,
            47.37427245444427
          ],
          [
            8.543133847708031,
            47.374276735127715
          ],
          [
            8.543109263100735,
            47.3742782744984
          ],
          [
            8.543057727048454,
            47.37428030543157
          ],
          [
            8.542914635935208,
            47.37429499529192
          ],
          [
            8.542904377578449,
            47.374296532585355
          ],
          [
            8.542836519791924,
            47.37431218518806
          ],
          [
            8.54248789397591,
            47.37432915394743
          ],
          [
            8.542116863268387,
            47.37434742410325
          ],
          [
            8.541936475413543,
            47.37435606449776
          ],
          [
            8.541785763460908,
            47.37436411536604
          ],
          [
            8.541730050321139,
            47.37436388284023
          ],
          [
            8.541730000120552,
            47.37436977513941
          ],
          [
            8.541700109540944,
            47.37436965580237
          ],
          [
            8.541689799949438,
            47.374369295501126
          ],
          [
            8.54167938726139,
            47.37436843245541
          ],
          [
            8.541669108852178,
            47.374367019422586
          ],
          [
            8.541653029144328,
            47.37436361988855
          ],
          [
            8.541646733849522,
            47.37436271752237
          ],
          [
            8.541516774291903,
            47.37436385049837
          ],
          [
            8.54145774828301,
            47.374369901097424
          ],
          [
            8.541457440673904,
            47.37436847380639
          ],
          [
            8.541416424708189,
            47.37437266134635
          ],
          [
            8.541365666041413,
            47.374375727537426
          ],
          [
            8.541312848580722,
            47.374382393427
          ],
          [
            8.541236541798536,
            47.37439291755006
          ],
          [
            8.540541255780068,
            47.3744157075807
          ],
          [
            8.540351935883189,
            47.37442652656877
          ],
          [
            8.540323176763613,
            47.37443239584308
          ],
          [
            8.540300343475332,
            47.37444563858085
          ],
          [
            8.540231015145961,
            47.37450679299957
          ],
          [
            8.540192789694084,
            47.374524275295165
          ],
          [
            8.540177636805716,
            47.37452599394836
          ],
          [
            8.539204667587851,
            47.37456529594452
          ],
          [
            8.53780134779628,
            47.374714892998355
          ],
          [
            8.537403514702468,
            47.374643965253206
          ],
          [
            8.537353039391995,
            47.37463124950928
          ],
          [
            8.537302830739002,
            47.37462632999088
          ],
          [
            8.537244756660765,
            47.37461692472363
          ],
          [
            8.536989809016909,
            47.37454363804983
          ],
          [
            8.536849725132651,
            47.37447501479951
          ],
          [
            8.536727096761332,
            47.37440580267169
          ],
          [
            8.53646772962118,
            47.374173853876016
          ],
          [
            8.536314356234957,
            47.37401994746479
          ],
          [
            8.536130818664196,
            47.37383186618539
          ],
          [
            8.536039112839577,
            47.37370558221846
          ],
          [
            8.535909847768774,
            47.37360780076268
          ],
          [
            8.535778352445632,
            47.37347054269849
          ],
          [
            8.53551874019378,
            47.37320051949466
          ],
          [
            8.535492327590035,
            47.37318528068257
          ],
          [
            8.535474547203824,
            47.37318156362298
          ],
          [
            8.535456665776069,
            47.37318130165309
          ],
          [
            8.535140083484928,
            47.37320684018574
          ],
          [
            8.535126328435657,
            47.37321148631885
          ],
          [
            8.534861479759197,
            47.373328419198494
          ],
          [
            8.534838504973449,
            47.37333289193667
          ],
          [
            8.534805502183406,
            47.37332943617432
          ],
          [
            8.534762611704517,
            47.37331528006944
          ],
          [
            8.534738937109426,
            47.373293448654664
          ],
          [
            8.534666153898668,
            47.37321965957008
          ],
          [
            8.534592722275532,
            47.373057715256785
          ],
          [
            8.534513793450634,
            47.37282287248444
          ],
          [
            8.534470387076214,
            47.372770716712246
          ],
          [
            8.534442952508835,
            47.3727443873587
          ],
          [
            8.534447062239357,
            47.372742693264684
          ],
          [
            8.534387272154856,
            47.372684469156106
          ],
          [
            8.534348663764051,
            47.37264862997754
          ],
          [
            8.534318037261038,
            47.372611950484746
          ],
          [
            8.53430889806026,
            47.372595072347934
          ],
          [
            8.53429651445556,
            47.372566585277596
          ],
          [
            8.534286142345964,
            47.37253739549503
          ],
          [
            8.534282142831037,
            47.37253800912167
          ],
          [
            8.534267153176952,
            47.37248909182418
          ],
          [
            8.534103942142274,
            47.371956525611814
          ],
          [
            8.534091243637528,
            47.37190368266587
          ],
          [
            8.534078170609028,
            47.37187513914128
          ],
          [
            8.534059766323075,
            47.37185592016423
          ],
          [
            8.53404615133732,
            47.37184546200571
          ],
          [
            8.534025937137907,
            47.37183346619406
          ],
          [
            8.53398492512503,
            47.37182360066431
          ],
          [
            8.533933948598587,
            47.37182176332361
          ],
          [
            8.533852374459688,
            47.37183359186198
          ],
          [
            8.533754294297207,
            47.371848923030605
          ],
          [
            8.533717961898219,
            47.371849699263215
          ],
          [
            8.533701697378367,
            47.371846264402414
          ],
          [
            8.533680321070541,
            47.37183312727117
          ],
          [
            8.533476278196744,
            47.37148130788699
          ]
        ]
      },
      "properties": {
        "infraType": "electricity",
        "geomType": "cable-hv",
        "layer": "EN_STROMLEITUNGEN_L",
        "eigentuemer": "EWZ",
        "spannung_kv": 150,
        "leitung_typ": "Kabelleitung",
        "betriebsstatus": "inBetrieb",
        "spannung_bezeichnung": "Hochspannung"
      }
    },
    {
      "type": "Feature",
      "geometry": {
        "type": "LineString",
        "coordinates": [
          [
            8.563195810339037,
            47.36013196865005
          ],
          [
            8.563201992191882,
            47.360149458119245
          ],
          [
            8.563206087705419,
            47.36016098608575
          ],
          [
            8.56320721131894,
            47.36017346050616
          ],
          [
            8.563199673504435,
            47.36018827707551
          ],
          [
            8.563187400548278,
            47.360197643678376
          ],
          [
            8.563166680239082,
            47.36020443895256
          ],
          [
            8.563047486264379,
            47.36022340295461
          ],
          [
            8.56290221899171,
            47.36024649762
          ],
          [
            8.562689835365932,
            47.36028031197887
          ],
          [
            8.562434324305926,
            47.36031987982211
          ],
          [
            8.562330226965017,
            47.360334765250066
          ],
          [
            8.562226117634921,
            47.3603496498006
          ],
          [
            8.561913799902952,
            47.3603943036847
          ],
          [
            8.561601482989884,
            47.36043895760939
          ],
          [
            8.56138188689213,
            47.36048742092373
          ],
          [
            8.561330452620071,
            47.36050047920701
          ],
          [
            8.561307425785136,
            47.36050903264396
          ],
          [
            8.561276030743826,
            47.36052310953432
          ],
          [
            8.56124837549517,
            47.360541333733686
          ],
          [
            8.561218972342376,
            47.36056582569199
          ],
          [
            8.561199477969753,
            47.36058867504196
          ],
          [
            8.561189498520694,
            47.36060450468075
          ],
          [
            8.56113504591872,
            47.36069925076347
          ],
          [
            8.561080592933704,
            47.36079398782438
          ],
          [
            8.561002660045585,
            47.36092545563741
          ],
          [
            8.560924714690254,
            47.361056915414245
          ],
          [
            8.56084631196286,
            47.36119817446012
          ],
          [
            8.56076789692628,
            47.36133943446178
          ],
          [
            8.560741714487756,
            47.36138677880641
          ],
          [
            8.56071553334526,
            47.36143412403093
          ],
          [
            8.560714449730623,
            47.3614442811576
          ],
          [
            8.560721667298491,
            47.36145320623728
          ],
          [
            8.56075424711789,
            47.36147519688643
          ],
          [
            8.561147502218821,
            47.361741830362064
          ],
          [
            8.56115269050974,
            47.36174679925729
          ],
          [
            8.561155192116548,
            47.36175306259283
          ],
          [
            8.5611542572796,
            47.36175953024093
          ],
          [
            8.561150348088425,
            47.361765010342204
          ],
          [
            8.561135851076214,
            47.36177881498244
          ],
          [
            8.560755105406413,
            47.36213962240955
          ],
          [
            8.560671928888137,
            47.3622120423515
          ],
          [
            8.56063801556053,
            47.362244908421914
          ],
          [
            8.560605296422123,
            47.36226664390245
          ],
          [
            8.560469945970787,
            47.36238497029204
          ],
          [
            8.559877317576964,
            47.362840198240114
          ],
          [
            8.558813038628188,
            47.36365558551721
          ],
          [
            8.558749964634167,
            47.3636945357515
          ],
          [
            8.558518122810334,
            47.36386592456113
          ],
          [
            8.55848138248678,
            47.363895480152884
          ],
          [
            8.558438342082555,
            47.36393325456811
          ],
          [
            8.558231367385465,
            47.36410308834509
          ],
          [
            8.558054950456643,
            47.36423837091819
          ],
          [
            8.557900105999678,
            47.36435945570216
          ],
          [
            8.5576918236841,
            47.36449301450399
          ],
          [
            8.557513883466749,
            47.364660558749044
          ],
          [
            8.557295775477867,
            47.36486851231482
          ],
          [
            8.556810030145105,
            47.36533654628451
          ],
          [
            8.556613503261243,
            47.36552735876149
          ],
          [
            8.55658657536411,
            47.365560262984935
          ],
          [
            8.556554941257135,
            47.3655840376605
          ],
          [
            8.556392013362755,
            47.36574061261808
          ],
          [
            8.55625754651337,
            47.36582256575257
          ],
          [
            8.55612847935991,
            47.365949217551524
          ],
          [
            8.555846205562522,
            47.36623410243879
          ],
          [
            8.555666178771476,
            47.36641079303679
          ],
          [
            8.555437821031438,
            47.366639807961505
          ],
          [
            8.555151406499094,
            47.366923939483186
          ],
          [
            8.554788423381869,
            47.367285935860785
          ],
          [
            8.55444111701724,
            47.36763426878942
          ],
          [
            8.554044514706217,
            47.368028260384676
          ],
          [
            8.553843940270845,
            47.36822837102574
          ],
          [
            8.55339508312727,
            47.36867690782011
          ],
          [
            8.553190072508944,
            47.36888228715396
          ],
          [
            8.55280820369437,
            47.36926629936688
          ],
          [
            8.552601416883064,
            47.36947623637343
          ],
          [
            8.552432808338946,
            47.36965235266382
          ],
          [
            8.55217573352819,
            47.36978701733248
          ],
          [
            8.551856659568202,
            47.36988030751789
          ],
          [
            8.5514770615125,
            47.36996156964364
          ],
          [
            8.550989493869851,
            47.370064884012045
          ],
          [
            8.550819233997384,
            47.370101273769826
          ],
          [
            8.550699260636748,
            47.370165441039305
          ],
          [
            8.55030697680666,
            47.370335082018975
          ],
          [
            8.55012980153389,
            47.370413903650224
          ],
          [
            8.549851954533182,
            47.370497067683104
          ],
          [
            8.549169410112269,
            47.370615861431446
          ],
          [
            8.549040600521254,
            47.3706386441779
          ],
          [
            8.548965415804892,
            47.370670355313145
          ],
          [
            8.54856306682746,
            47.370838493064866
          ],
          [
            8.548395856771972,
            47.370907788386944
          ],
          [
            8.548266352301276,
            47.37096154638597
          ],
          [
            8.54818028732221,
            47.370997238440296
          ],
          [
            8.548146875466035,
            47.37104859796065
          ],
          [
            8.548120149416812,
            47.371089674741825
          ],
          [
            8.547710176746238,
            47.37179548573202
          ],
          [
            8.54763335987683,
            47.37227774324718
          ],
          [
            8.547583758263004,
            47.37254704881258
          ],
          [
            8.547573220029184,
            47.372641338297186
          ],
          [
            8.547562896288515,
            47.372676563507056
          ],
          [
            8.547533463907309,
            47.37284921129817
          ],
          [
            8.547459219634053,
            47.37294350966776
          ],
          [
            8.547279700757198,
            47.37315728468833
          ],
          [
            8.547010890581527,
            47.37347871573493
          ],
          [
            8.546667844887423,
            47.37386954523026
          ],
          [
            8.546663723686638,
            47.373877680402025
          ],
          [
            8.54666470749656,
            47.37388487608299
          ],
          [
            8.546666158053656,
            47.37388904491486
          ],
          [
            8.546668997217951,
            47.373893128465156
          ],
          [
            8.54667980136117,
            47.37389880870813
          ],
          [
            8.546837918692242,
            47.37396042880592
          ],
          [
            8.546830707416305,
            47.373968971426514
          ],
          [
            8.547314223355672,
            47.37410976249876
          ]
        ]
      },
      "properties": {
        "infraType": "electricity",
        "geomType": "cable-hv",
        "layer": "EN_STROMLEITUNGEN_L",
        "eigentuemer": "EWZ",
        "spannung_kv": 150,
        "leitung_typ": "Kabelleitung",
        "betriebsstatus": "inBetrieb",
        "spannung_bezeichnung": "Hochspannung"
      }
    },
    {
      "type": "Feature",
      "geometry": {
        "type": "LineString",
        "coordinates": [
          [
            8.53345292189039,
            47.371450409689416
          ],
          [
            8.533005770570645,
            47.37079048204967
          ],
          [
            8.53300079934663,
            47.370779231254495
          ],
          [
            8.532995822123535,
            47.37077091293174
          ],
          [
            8.532986823164917,
            47.37076211999034
          ],
          [
            8.532980070993032,
            47.37075699376857
          ],
          [
            8.532970769993339,
            47.370750902229915
          ],
          [
            8.532958305166487,
            47.370744202010926
          ],
          [
            8.532730276454892,
            47.37064708286032
          ],
          [
            8.532720210842772,
            47.37064373306717
          ],
          [
            8.532710145047291,
            47.370640374279745
          ],
          [
            8.532700079437708,
            47.37063702448479
          ],
          [
            8.53268971950053,
            47.37063417220963
          ],
          [
            8.53267901412816,
            47.37063190788967
          ],
          [
            8.532664731228163,
            47.37062887688723
          ],
          [
            8.532657590701623,
            47.370627406352256
          ],
          [
            8.532650263044681,
            47.370626495288064
          ],
          [
            8.532624376440022,
            47.370623880022414
          ],
          [
            8.532616975260616,
            47.370623257496966
          ],
          [
            8.532587076734899,
            47.37062322584652
          ],
          [
            8.532575906753005,
            47.37062348455667
          ],
          [
            8.532557536950268,
            47.37062583536187
          ],
          [
            8.532546525188605,
            47.370627351890434
          ],
          [
            8.532531856200048,
            47.370629379796945
          ],
          [
            8.532401463932793,
            47.370647633439674
          ],
          [
            8.532396948753465,
            47.37063278923983
          ],
          [
            8.532360444413527,
            47.37063669698998
          ],
          [
            8.53234521372904,
            47.370636517387155
          ],
          [
            8.532326421985946,
            47.37063443754686
          ],
          [
            8.532311885916974,
            47.37063132794186
          ],
          [
            8.532301311605767,
            47.37062835173002
          ],
          [
            8.532243061123756,
            47.37060105432131
          ],
          [
            8.53197398365337,
            47.37045273521679
          ],
          [
            8.531918082639972,
            47.37043474336602
          ],
          [
            8.531886247701667,
            47.37041388812509
          ],
          [
            8.531880541584377,
            47.37041004723891
          ],
          [
            8.531874822229588,
            47.37040620647773
          ],
          [
            8.531869116113898,
            47.37040236559092
          ],
          [
            8.53186339676081,
            47.370398524829206
          ],
          [
            8.53185769064677,
            47.37039468394177
          ],
          [
            8.531854830878723,
            47.3703927590639
          ],
          [
            8.53184912476591,
            47.37038891817614
          ],
          [
            8.531843418653976,
            47.37038507728807
          ],
          [
            8.531840559071409,
            47.37038316140326
          ],
          [
            8.531837712542819,
            47.37038123639971
          ],
          [
            8.531832006248042,
            47.37037738651768
          ],
          [
            8.531829159720068,
            47.37037546151389
          ],
          [
            8.531823453426577,
            47.3703716116314
          ],
          [
            8.531817760372066,
            47.370367761623335
          ],
          [
            8.53181205426461,
            47.370363920733716
          ],
          [
            8.531803501447468,
            47.37035814584595
          ],
          [
            8.53180065492156,
            47.37035622084145
          ],
          [
            8.53179494863219,
            47.37035237095749
          ],
          [
            8.531789255581804,
            47.37034852094804
          ],
          [
            8.531786409056956,
            47.3703465959432
          ],
          [
            8.531780702769598,
            47.37034274605855
          ],
          [
            8.53177499648308,
            47.370338896173635
          ],
          [
            8.53176930362004,
            47.370335055156566
          ],
          [
            8.531763597335148,
            47.37033120527107
          ],
          [
            8.53176075081212,
            47.37032928026555
          ],
          [
            8.531755057766715,
            47.370325430254375
          ],
          [
            8.531756557662591,
            47.3703243186522
          ],
          [
            8.531676132343906,
            47.370276497025635
          ],
          [
            8.53149746649435,
            47.37019085386069
          ],
          [
            8.531308266707141,
            47.37008026760718
          ],
          [
            8.531214085558993,
            47.370022780087815
          ],
          [
            8.531027817784492,
            47.36992469587454
          ],
          [
            8.530938607027972,
            47.36987518478851
          ],
          [
            8.53093473790752,
            47.36987310752116
          ],
          [
            8.530932590475642,
            47.369874926857484
          ],
          [
            8.530813904686127,
            47.369808540686826
          ],
          [
            8.530816038512793,
            47.36980670349114
          ],
          [
            8.530657146091626,
            47.36971987360047
          ],
          [
            8.530598913529586,
            47.369681079413674
          ],
          [
            8.530557167363266,
            47.36965529822444
          ],
          [
            8.530478063515172,
            47.36960724739669
          ],
          [
            8.530393156738343,
            47.369558369843375
          ],
          [
            8.530062915977581,
            47.36938018490693
          ],
          [
            8.53006069094916,
            47.36938209491179
          ],
          [
            8.530014781699908,
            47.369354724747645
          ],
          [
            8.530005969635429,
            47.36934920404185
          ],
          [
            8.52999423339559,
            47.36934183997688
          ],
          [
            8.529982497343115,
            47.369334484903995
          ],
          [
            8.529970747871806,
            47.369327120961586
          ],
          [
            8.529961948870346,
            47.36932159113394
          ],
          [
            8.529956243929337,
            47.36931779511835
          ],
          [
            8.529950525751206,
            47.3693139992275
          ],
          [
            8.529941948485478,
            47.36930830539068
          ],
          [
            8.5299334892587,
            47.369302556467076
          ],
          [
            8.529927690093288,
            47.36929545112891
          ],
          [
            8.529919962349206,
            47.36928598030031
          ],
          [
            8.529916105005102,
            47.36928124032656
          ],
          [
            8.52990890385572,
            47.36927226824962
          ],
          [
            8.529901689470739,
            47.36926329629721
          ],
          [
            8.529898355371197,
            47.369257597894304
          ],
          [
            8.529895008218434,
            47.369251908609826
          ],
          [
            8.529893554769252,
            47.369237179307994
          ],
          [
            8.52989792756267,
            47.36922505752032
          ],
          [
            8.529908741712058,
            47.36921260501885
          ],
          [
            8.529993220851818,
            47.36914428028946
          ],
          [
            8.530042093126884,
            47.3690958563959
          ],
          [
            8.530066450152221,
            47.36907101552855
          ],
          [
            8.530098259423966,
            47.36904219134639
          ],
          [
            8.530389099944033,
            47.36880365291121
          ],
          [
            8.530547344945324,
            47.368675451418035
          ],
          [
            8.530618654623463,
            47.36862424253067
          ],
          [
            8.530696165413108,
            47.36856615664624
          ],
          [
            8.530708496118633,
            47.36854178915069
          ],
          [
            8.530712792267558,
            47.36851430434763
          ],
          [
            8.530706289890798,
            47.36850001857645
          ],
          [
            8.530654560483914,
            47.368476778494504
          ],
          [
            8.530606839766763,
            47.36846243266695
          ],
          [
            8.53055647838024,
            47.36843551858447
          ],
          [
            8.530459442332408,
            47.36839748695489
          ],
          [
            8.53043439097535,
            47.36838710949846
          ],
          [
            8.530414347177592,
            47.36837686460418
          ],
          [
            8.530397054995083,
            47.36836650374499
          ],
          [
            8.530380629487347,
            47.36835514522526
          ],
          [
            8.530341503924808,
            47.368325381324226
          ],
          [
            8.530325845770125,
            47.3683114069522
          ],
          [
            8.530303578205023,
            47.36829407689499
          ],
          [
            8.5302760893586,
            47.36827328807739
          ],
          [
            8.530240724334174,
            47.368248705782264
          ],
          [
            8.53022400651852,
            47.36823600073175
          ],
          [
            8.530164905903176,
            47.36818640236881
          ],
          [
            8.53008944628635,
            47.36813385524556
          ],
          [
            8.5300497495132,
            47.368106570309
          ],
          [
            8.530036991217248,
            47.36809648138257
          ],
          [
            8.52999590124873,
            47.36806969533055
          ],
          [
            8.529960960444223,
            47.36803801177407
          ],
          [
            8.529916550242424,
            47.36797579821188
          ],
          [
            8.529871085460368,
            47.367903457069524
          ],
          [
            8.529862191309308,
            47.367891973348165
          ],
          [
            8.529842020666855,
            47.367870989352916
          ],
          [
            8.52982183691937,
            47.367854539030226
          ],
          [
            8.529795174471797,
            47.36783788005758
          ],
          [
            8.529699552695305,
            47.36777959536331
          ],
          [
            8.529595631520154,
            47.367720759325636
          ],
          [
            8.52951346870747,
            47.367679618022805
          ],
          [
            8.529380420862676,
            47.367618898060115
          ],
          [
            8.529300854926992,
            47.3675875367892
          ],
          [
            8.529181649030058,
            47.36753873937783
          ],
          [
            8.529052892821143,
            47.36748778322513
          ],
          [
            8.528960508172318,
            47.36745240497895
          ],
          [
            8.528872559324249,
            47.3674183340589
          ],
          [
            8.528813059170417,
            47.367398296823694
          ],
          [
            8.52869864837875,
            47.367361866954674
          ],
          [
            8.528569104721827,
            47.367323510900114
          ],
          [
            8.528518978765119,
            47.36730671325304
          ],
          [
            8.528445193428821,
            47.367284112089315
          ],
          [
            8.528405313713607,
            47.36727112160216
          ],
          [
            8.528212555224266,
            47.36718187340526
          ],
          [
            8.52814186489433,
            47.36714485062296
          ],
          [
            8.528085539834063,
            47.36710976117632
          ],
          [
            8.528002599695965,
            47.367056392748346
          ],
          [
            8.527904029435737,
            47.36698906729065
          ],
          [
            8.527852002475786,
            47.3669504830598
          ],
          [
            8.527824805407116,
            47.366928989292546
          ],
          [
            8.527791332467986,
            47.36689971093799
          ],
          [
            8.52775449806745,
            47.366865966701056
          ],
          [
            8.527666503200646,
            47.36677900386548
          ],
          [
            8.527650104214947,
            47.36676240953846
          ],
          [
            8.527634661267466,
            47.36674595011687
          ],
          [
            8.527619907405871,
            47.36672952017654
          ],
          [
            8.527563671574576,
            47.36666051794722
          ],
          [
            8.527505504057896,
            47.366587036330436
          ],
          [
            8.527422523496975,
            47.36647133152759
          ],
          [
            8.527376855828232,
            47.366407626664014
          ],
          [
            8.527334908111145,
            47.366352971811374
          ],
          [
            8.527309371561621,
            47.36632199937949
          ],
          [
            8.527291758335993,
            47.36629585460954
          ],
          [
            8.527245589950752,
            47.36623354866064
          ],
          [
            8.527179226075416,
            47.36614246867693
          ],
          [
            8.527112676809143,
            47.366055914959475
          ],
          [
            8.527008072636352,
            47.365921164039094
          ],
          [
            8.526970034343963,
            47.365871842312686
          ],
          [
            8.526924309088534,
            47.36581434446078
          ],
          [
            8.52685483078539,
            47.36572954526184
          ],
          [
            8.526783782814425,
            47.36563918382034
          ],
          [
            8.526725158639477,
            47.36556462669332
          ],
          [
            8.5266712837854,
            47.365500908919095
          ],
          [
            8.526607138361172,
            47.36542307554318
          ],
          [
            8.526562911109076,
            47.36536628304742
          ],
          [
            8.526522911821328,
            47.36531619706783
          ],
          [
            8.526436998359516,
            47.36520708563326
          ],
          [
            8.526376077674442,
            47.36512634330834
          ],
          [
            8.526350033543817,
            47.36508665914812
          ],
          [
            8.526334759678162,
            47.3650615716155
          ],
          [
            8.52632568747364,
            47.365046491241934
          ],
          [
            8.526315077818802,
            47.365026526590874
          ],
          [
            8.526278215443051,
            47.36495716676798
          ],
          [
            8.526259249605534,
            47.364928920717574
          ],
          [
            8.526239736618727,
            47.36490175923422
          ],
          [
            8.52621891806536,
            47.364863815867
          ],
          [
            8.526212950490642,
            47.36484516216027
          ],
          [
            8.526212281228752,
            47.36481170651949
          ],
          [
            8.526210032051704,
            47.364785821679185
          ],
          [
            8.526234091363161,
            47.364488755272795
          ],
          [
            8.526250479016891,
            47.364342609705574
          ],
          [
            8.52625247046811,
            47.36432341329684
          ],
          [
            8.52625606521449,
            47.364304282745294
          ],
          [
            8.526261690132193,
            47.364285375943254
          ],
          [
            8.526268869981246,
            47.36426676033216
          ],
          [
            8.526274923705316,
            47.36425459585162
          ],
          [
            8.526289227207757,
            47.36423797303951
          ],
          [
            8.526304068742158,
            47.3642276057811
          ],
          [
            8.526321764527273,
            47.36421956836799
          ],
          [
            8.52634107893686,
            47.36421429520817
          ],
          [
            8.526461876344305,
            47.36419170401796
          ],
          [
            8.526501706964345,
            47.364184258648464
          ],
          [
            8.5266397878439,
            47.36418403731202
          ],
          [
            8.526899675040745,
            47.36418471897736
          ],
          [
            8.526990397353503,
            47.36418570806326
          ],
          [
            8.527083062727977,
            47.36418589618708
          ],
          [
            8.527549322636903,
            47.364187185831895
          ],
          [
            8.527691603937518,
            47.36417612045709
          ],
          [
            8.527921177493914,
            47.36414979438704
          ],
          [
            8.528207582145669,
            47.36408955069708
          ],
          [
            8.528305869154613,
            47.36406423751721
          ],
          [
            8.528335247216365,
            47.36406360051679
          ],
          [
            8.528393289859778,
            47.36404814787175
          ],
          [
            8.528455273501681,
            47.364018886430316
          ],
          [
            8.52846310758165,
            47.36401223704705
          ],
          [
            8.528497958160397,
            47.36392505098103
          ],
          [
            8.528497369846585,
            47.363903396206574
          ],
          [
            8.528413082679645,
            47.363853854721185
          ],
          [
            8.528362414578226,
            47.36383692720809
          ],
          [
            8.5283006489244,
            47.36381012875857
          ],
          [
            8.528176673516574,
            47.36374515708377
          ],
          [
            8.528141072381905,
            47.363718543472075
          ],
          [
            8.528073985374332,
            47.36365808127359
          ],
          [
            8.52780735909046,
            47.36336823571202
          ],
          [
            8.527747868334759,
            47.3633017558881
          ],
          [
            8.527582455372928,
            47.3631174578691
          ],
          [
            8.527169794411973,
            47.36265635276154
          ],
          [
            8.52689396863352,
            47.36235182176432
          ],
          [
            8.526764606652376,
            47.3622094870569
          ],
          [
            8.526657006777599,
            47.362098790024085
          ],
          [
            8.526564192899476,
            47.36201329294937
          ],
          [
            8.526464232041468,
            47.36192138661222
          ],
          [
            8.526361880097808,
            47.361836851751676
          ],
          [
            8.526196584122534,
            47.36172402614825
          ],
          [
            8.526048939976945,
            47.36162113565811
          ],
          [
            8.525947003196174,
            47.36154975643524
          ],
          [
            8.525842287216083,
            47.361476460334515
          ],
          [
            8.525705398599335,
            47.361378982182146
          ],
          [
            8.525657608832757,
            47.361338144269034
          ],
          [
            8.525612268483911,
            47.361305109065945
          ],
          [
            8.525596769278767,
            47.3612922749421
          ],
          [
            8.525584822092862,
            47.361279641257966
          ],
          [
            8.525570619645006,
            47.36126028243334
          ],
          [
            8.525563232686956,
            47.36124665233916
          ],
          [
            8.525558123222448,
            47.36122655128284
          ],
          [
            8.525560330917024,
            47.36119522736529
          ],
          [
            8.525566059600507,
            47.36116647890257
          ],
          [
            8.525575891050115,
            47.36109351661676
          ],
          [
            8.525584235709662,
            47.361015809885146
          ],
          [
            8.525614301579814,
            47.360834058623176
          ],
          [
            8.52564489180885,
            47.36062609051981
          ],
          [
            8.525663803169975,
            47.3605076082074
          ],
          [
            8.525678685316056,
            47.360430451586076
          ],
          [
            8.525693327842689,
            47.3603506346496
          ],
          [
            8.525737927193653,
            47.360075970442544
          ],
          [
            8.525755572394644,
            47.359973970146164
          ],
          [
            8.525752720518932,
            47.35990422154852
          ],
          [
            8.525751007372792,
            47.35988707491317
          ],
          [
            8.525759031871102,
            47.359850173191084
          ],
          [
            8.525759542623947,
            47.35981224479313
          ],
          [
            8.525774204312558,
            47.359718449171154
          ],
          [
            8.52578927839906,
            47.35962215800259
          ],
          [
            8.525796125145744,
            47.35958333340279
          ],
          [
            8.52580188905246,
            47.35956476710075
          ],
          [
            8.525806781191054,
            47.35955473641684
          ],
          [
            8.525818940264926,
            47.35952843703538
          ],
          [
            8.525821394814777,
            47.35952286391327
          ],
          [
            8.525824988649576,
            47.35952252424334
          ],
          [
            8.52582818672538,
            47.35951056655281
          ],
          [
            8.52583763828484,
            47.35945990678035
          ],
          [
            8.525885709191407,
            47.3591504164625
          ],
          [
            8.52605574573799,
            47.3581213519615
          ],
          [
            8.526060321574274,
            47.35806920888136
          ],
          [
            8.52606396537865,
            47.35801810002582
          ],
          [
            8.526081602578511,
            47.35767821354968
          ],
          [
            8.526117578900966,
            47.35698486016169
          ],
          [
            8.526127486900046,
            47.35679500480064
          ],
          [
            8.526136544894989,
            47.35662124079312
          ],
          [
            8.526137944342851,
            47.356510074319004
          ],
          [
            8.526138164014176,
            47.35640401921276
          ],
          [
            8.526134304984833,
            47.35631930307599
          ],
          [
            8.526132170350174,
            47.35627240437812
          ],
          [
            8.526110460673621,
            47.3560114610773
          ],
          [
            8.526098358240667,
            47.355867193581766
          ],
          [
            8.526081698464836,
            47.35566756774295
          ],
          [
            8.526049023158825,
            47.35528106511211
          ],
          [
            8.526048064514894,
            47.35527430077575
          ],
          [
            8.52602113566183,
            47.35518514236293
          ],
          [
            8.526020713099207,
            47.35518064875636
          ],
          [
            8.526031268933536,
            47.355118626587355
          ],
          [
            8.526016099087604,
            47.35511147435891
          ],
          [
            8.526010179484894,
            47.35505811677226
          ],
          [
            8.52601204050827,
            47.35504357204401
          ],
          [
            8.526016435235634,
            47.35502799599624
          ],
          [
            8.526025219874287,
            47.35500959010449
          ],
          [
            8.526017400305129,
            47.35490200951877
          ],
          [
            8.525982318619425,
            47.354494822560945
          ],
          [
            8.525980789767653,
            47.354457497992136
          ],
          [
            8.525984119790465,
            47.35441502740393
          ],
          [
            8.525991482622693,
            47.35437169128223
          ],
          [
            8.52600951759435,
            47.354320078045795
          ],
          [
            8.526070602466774,
            47.35413559644351
          ],
          [
            8.526095639617061,
            47.354055429524834
          ],
          [
            8.526127803364917,
            47.353965138872546
          ],
          [
            8.526155692856653,
            47.35388075331936
          ],
          [
            8.526229707880995,
            47.3536527390953
          ],
          [
            8.52626922488835,
            47.35353101294565
          ],
          [
            8.526297881190159,
            47.35349527503148
          ],
          [
            8.526349626572518,
            47.353470140805186
          ],
          [
            8.526386198338493,
            47.35346425525581
          ],
          [
            8.52685659618992,
            47.353495839582074
          ],
          [
            8.526880827649856,
            47.35349236394801
          ],
          [
            8.526919610158275,
            47.353481303156514
          ],
          [
            8.526958028041763,
            47.353461457499684
          ],
          [
            8.52698582129195,
            47.35343728634774
          ],
          [
            8.527000762755357,
            47.35339811633396
          ],
          [
            8.527029791953137,
            47.35322257075285
          ],
          [
            8.527158541039599,
            47.35243849756498
          ],
          [
            8.527298309558489,
            47.35158622657696
          ],
          [
            8.527309332566718,
            47.35151802010774
          ],
          [
            8.527314476269938,
            47.35148859333811
          ],
          [
            8.527319844249213,
            47.35146561399997
          ],
          [
            8.527327940278639,
            47.35143751766435
          ],
          [
            8.527336300705123,
            47.35141329575918
          ],
          [
            8.527378095326682,
            47.35129441709691
          ],
          [
            8.527403942729883,
            47.35122038586616
          ],
          [
            8.527433889508181,
            47.3511552481887
          ],
          [
            8.527459142860538,
            47.351064446522955
          ],
          [
            8.527500574134677,
            47.350944653716326
          ],
          [
            8.527627005689853,
            47.35058436448507
          ],
          [
            8.527656530614593,
            47.35052906244971
          ],
          [
            8.527671203514638,
            47.35048471270871
          ],
          [
            8.527689939492612,
            47.35040664665956
          ],
          [
            8.527726756848905,
            47.35030012917997
          ],
          [
            8.527831612545597,
            47.349844001513766
          ],
          [
            8.527841430535714,
            47.34980303475395
          ],
          [
            8.527847384997822,
            47.34974528343679
          ],
          [
            8.527861422066653,
            47.34965880618854
          ],
          [
            8.52786938503069,
            47.349579510430154
          ],
          [
            8.527872852243094,
            47.34949848503032
          ],
          [
            8.527918010905944,
            47.34902799730784
          ],
          [
            8.527917090425206,
            47.3490153317676
          ],
          [
            8.527899550902251,
            47.34898021810437
          ],
          [
            8.5278800194216,
            47.34895061029788
          ],
          [
            8.52787495322575,
            47.34893455670108
          ],
          [
            8.527873292307008,
            47.34891803920857
          ],
          [
            8.527879506199179,
            47.34885549998383
          ],
          [
            8.527894696339551,
            47.34884946482361
          ],
          [
            8.527887372126925,
            47.34877923649901
          ],
          [
            8.527889603382038,
            47.34875758201173
          ],
          [
            8.52789352159795,
            47.348740112363366
          ],
          [
            8.527895692236923,
            47.34873233802894
          ],
          [
            8.527898859014032,
            47.34872473420026
          ],
          [
            8.527904262504622,
            47.34871777491327
          ],
          [
            8.527910719656203,
            47.34871121046888
          ],
          [
            8.527944326857014,
            47.348676342859505
          ],
          [
            8.527951298438655,
            47.34866839729454
          ],
          [
            8.527954753736614,
            47.3486626077707
          ],
          [
            8.527956287337782,
            47.348656044801096
          ],
          [
            8.527959731735754,
            47.34865620120215
          ],
          [
            8.527968647048448,
            47.348569763237265
          ],
          [
            8.527969111708204,
            47.34856529723762
          ],
          [
            8.52797747347835,
            47.34851331608072
          ],
          [
            8.52798680594391,
            47.34844730225761
          ],
          [
            8.528015632394284,
            47.34823413203172
          ],
          [
            8.528031761839015,
            47.3481153512238
          ],
          [
            8.52805440756679,
            47.347948204727665
          ],
          [
            8.528093255476621,
            47.34766132320525
          ],
          [
            8.528111173263996,
            47.347529032693785
          ],
          [
            8.528128893259131,
            47.347418809255835
          ],
          [
            8.528151979035897,
            47.347295905918706
          ],
          [
            8.52816435492819,
            47.34726097771715
          ],
          [
            8.52818389416568,
            47.347228149754145
          ],
          [
            8.528270323895663,
            47.34710337125498
          ],
          [
            8.528280370864433,
            47.34709114191024
          ],
          [
            8.528294060430625,
            47.34707841043465
          ],
          [
            8.528325663989559,
            47.34705825075315
          ],
          [
            8.528349052925668,
            47.34704218945169
          ],
          [
            8.528371122280967,
            47.34702502519624
          ],
          [
            8.528754097679908,
            47.346616193986286
          ],
          [
            8.528880571245688,
            47.346475106373006
          ],
          [
            8.52894304324673,
            47.34640471365566
          ],
          [
            8.528978150640205,
            47.34636046753011
          ],
          [
            8.5290932394859,
            47.34620959246128
          ],
          [
            8.529167592976004,
            47.34610540935317
          ],
          [
            8.529239915128214,
            47.3459951016579
          ],
          [
            8.529278756049377,
            47.34592700086717
          ],
          [
            8.529317596687356,
            47.34585889106855
          ],
          [
            8.529357861555088,
            47.345782123409464
          ],
          [
            8.529386841382694,
            47.34571850539818
          ],
          [
            8.529390285896293,
            47.34570444033859
          ],
          [
            8.52939116170271,
            47.345678669803824
          ],
          [
            8.52939303663891,
            47.34566939602595
          ],
          [
            8.529396184948576,
            47.34565832017181
          ],
          [
            8.529405703458485,
            47.34563969112739
          ],
          [
            8.529419058175874,
            47.345621619520074
          ],
          [
            8.52943600579314,
            47.3456051510908
          ],
          [
            8.52945657619446,
            47.345586570536945
          ],
          [
            8.529473821748349,
            47.3455633169035
          ],
          [
            8.52999694016252,
            47.34431283378643
          ],
          [
            8.530008584405996,
            47.34428492851663
          ],
          [
            8.530011110419006,
            47.344260914418825
          ],
          [
            8.530008053393383,
            47.34424410429051
          ],
          [
            8.5300065885249,
            47.34423137192984
          ],
          [
            8.530000097330445,
            47.3441961361007
          ],
          [
            8.529998541150055,
            47.34418411522439
          ],
          [
            8.530001030322186,
            47.344163474677124
          ],
          [
            8.53000990855452,
            47.344142036123
          ],
          [
            8.530023502448268,
            47.34410916505434
          ],
          [
            8.530034837266252,
            47.34408489676898
          ],
          [
            8.530053876573362,
            47.34404133288443
          ],
          [
            8.53007149637103,
            47.34400342241184
          ],
          [
            8.530084813062377,
            47.34397058993552
          ],
          [
            8.530097357470888,
            47.343942055472986
          ],
          [
            8.530107931164691,
            47.34391616624181
          ],
          [
            8.530133678229483,
            47.343836944881396
          ],
          [
            8.530139169994452,
            47.34380459116338
          ],
          [
            8.530144610380882,
            47.34377490051235
          ],
          [
            8.530147855623495,
            47.34375758103747
          ],
          [
            8.530153612066028,
            47.34372716778046
          ],
          [
            8.530158894131446,
            47.343706554790764
          ],
          [
            8.530171902381143,
            47.34367547028722
          ],
          [
            8.53018897361522,
            47.343643744686084
          ],
          [
            8.530207196982856,
            47.34361464378445
          ],
          [
            8.530226423602555,
            47.34358735942061
          ],
          [
            8.530240464508442,
            47.34357052255034
          ],
          [
            8.53025336332194,
            47.34355543255305
          ],
          [
            8.530284175836803,
            47.34351874657197
          ],
          [
            8.530320574282255,
            47.34347979043959
          ],
          [
            8.530358118848984,
            47.34344264948391
          ],
          [
            8.530414563664344,
            47.34339099590418
          ],
          [
            8.530456003256392,
            47.34335367865229
          ],
          [
            8.530474597966338,
            47.34333432499979
          ],
          [
            8.530506335208267,
            47.343304682453564
          ],
          [
            8.530541629511998,
            47.34327102137563
          ],
          [
            8.530569022097731,
            47.343235375122546
          ],
          [
            8.530590984889042,
            47.343216349400784
          ],
          [
            8.53060905103159,
            47.34319833201583
          ],
          [
            8.53063117525269,
            47.343172972130226
          ],
          [
            8.530650267502736,
            47.343154009530146
          ],
          [
            8.530668648343383,
            47.343134558919694
          ],
          [
            8.530682330614235,
            47.343121548348314
          ],
          [
            8.530708176648593,
            47.343095694483885
          ],
          [
            8.530731869411902,
            47.34307390882856
          ],
          [
            8.53074824836212,
            47.34305816517925
          ],
          [
            8.530770262870774,
            47.343040702299604
          ],
          [
            8.530795954140865,
            47.3430256486301
          ],
          [
            8.53083475300486,
            47.3429803180944
          ],
          [
            8.530953518600711,
            47.342842865651484
          ],
          [
            8.53098242695859,
            47.34280306715089
          ],
          [
            8.531006623427324,
            47.34275858894281
          ],
          [
            8.531019610358195,
            47.34273567398226
          ],
          [
            8.53103203592834,
            47.34269814531162
          ],
          [
            8.531036518833496,
            47.34266115055517
          ],
          [
            8.53103312337795,
            47.34259746059446
          ],
          [
            8.531022798627971,
            47.34254630356855
          ],
          [
            8.531007411490764,
            47.342488340091705
          ],
          [
            8.530974069984465,
            47.34240536889973
          ],
          [
            8.53095144801307,
            47.34234759980493
          ],
          [
            8.530926389546979,
            47.34228652552988
          ],
          [
            8.530907542802659,
            47.34224055840632
          ],
          [
            8.530860252745171,
            47.34212460777141
          ],
          [
            8.530816540660437,
            47.34201728565566
          ],
          [
            8.530784996692029,
            47.34194451596053
          ],
          [
            8.53076563778034,
            47.341879987533346
          ],
          [
            8.530737464063924,
            47.34180764469492
          ],
          [
            8.530706935401366,
            47.34174243934208
          ],
          [
            8.530662056674633,
            47.34165760724124
          ],
          [
            8.530622735276596,
            47.34157143623743
          ],
          [
            8.530585950790432,
            47.34148765194013
          ],
          [
            8.530549227194566,
            47.34143527834764
          ],
          [
            8.530521114456127,
            47.341419541768076
          ],
          [
            8.5304821802409,
            47.34140462715143
          ],
          [
            8.530429835899353,
            47.34139143150555
          ],
          [
            8.530405263488007,
            47.3413870223719
          ],
          [
            8.530368746193954,
            47.34138221347188
          ],
          [
            8.530241153028285,
            47.34137664668311
          ],
          [
            8.530198372309492,
            47.341376817339814
          ],
          [
            8.530152318065333,
            47.34137869204305
          ],
          [
            8.53010401429413,
            47.34138445593956
          ],
          [
            8.530042826028557,
            47.34139563981344
          ],
          [
            8.529951209282464,
            47.34141372280057
          ],
          [
            8.529863223451335,
            47.34143075493262
          ],
          [
            8.529768047230753,
            47.34144821476948
          ],
          [
            8.52954375925471,
            47.341489391744794
          ],
          [
            8.52941691031586,
            47.341512457770506
          ],
          [
            8.529284807456959,
            47.341537462288585
          ],
          [
            8.529154067810307,
            47.34156118545117
          ],
          [
            8.529091732979284,
            47.341570679552134
          ],
          [
            8.52903014933526,
            47.34157807963443
          ],
          [
            8.52897205736941,
            47.341582793116615
          ],
          [
            8.528932105015606,
            47.34158538328569
          ],
          [
            8.528871643365893,
            47.341588113165756
          ],
          [
            8.528820747223595,
            47.34158878272842
          ],
          [
            8.52877502663433,
            47.341588216025976
          ],
          [
            8.528681820939305,
            47.34158557004218
          ],
          [
            8.528575992240144,
            47.341581720869655
          ],
          [
            8.528474343293016,
            47.34157582620792
          ],
          [
            8.52842442166711,
            47.34157043261794
          ],
          [
            8.52837905485402,
            47.34156386261254
          ],
          [
            8.528331712216715,
            47.34155450473424
          ],
          [
            8.528277634805198,
            47.34154131548012
          ],
          [
            8.528232929245538,
            47.3415288922883
          ],
          [
            8.528195810066098,
            47.34151793565769
          ],
          [
            8.528121743221883,
            47.341493403135686
          ],
          [
            8.527986975136534,
            47.341443015462445
          ],
          [
            8.527785778424827,
            47.34136688943121
          ],
          [
            8.527701967053211,
            47.34133563020972
          ],
          [
            8.527654305453742,
            47.34131970856059
          ],
          [
            8.527617946399573,
            47.341309023426525
          ],
          [
            8.527580080891617,
            47.34129649947815
          ],
          [
            8.527566896649397,
            47.341290489111174
          ],
          [
            8.527550538295122,
            47.34128198102916
          ],
          [
            8.527528769618886,
            47.34127033967385
          ],
          [
            8.527502673367664,
            47.3412554468865
          ],
          [
            8.527480273799876,
            47.341246608983674
          ],
          [
            8.527442874550301,
            47.341235528821926
          ],
          [
            8.527357996068359,
            47.34121485778646
          ],
          [
            8.526807913711744,
            47.34100452813889
          ],
          [
            8.526543491723976,
            47.34090379135393
          ],
          [
            8.526482248219715,
            47.34087788660569
          ],
          [
            8.526435535103685,
            47.340865607575424
          ],
          [
            8.526372204292091,
            47.34085025583018
          ],
          [
            8.52633219942563,
            47.34083467527268
          ],
          [
            8.526284728267019,
            47.340811177301624
          ],
          [
            8.526266263986496,
            47.34079802036713
          ],
          [
            8.526232913700458,
            47.340762227805634
          ],
          [
            8.526223496257542,
            47.34073131004031
          ],
          [
            8.526220023978615,
            47.34071158927117
          ],
          [
            8.526221098932053,
            47.34069097111564
          ],
          [
            8.526234070786888,
            47.340653482795766
          ],
          [
            8.526253216836322,
            47.34059818875121
          ],
          [
            8.526258528965998,
            47.3405861300949
          ],
          [
            8.526281453318367,
            47.340552586847586
          ],
          [
            8.52629621576564,
            47.34050816433001
          ],
          [
            8.526316546453335,
            47.34047462752166
          ],
          [
            8.526338865386444,
            47.34045098469829
          ],
          [
            8.526357050530802,
            47.3404335875176
          ],
          [
            8.526361536441616,
            47.340421248793916
          ],
          [
            8.526371245228873,
            47.340398966123324
          ],
          [
            8.526379458144161,
            47.34037795687666
          ],
          [
            8.526391080870397,
            47.34035348832313
          ],
          [
            8.526400043390106,
            47.34033095182031
          ],
          [
            8.526410803163051,
            47.34028233925116
          ],
          [
            8.526412200345604,
            47.34027622733141
          ],
          [
            8.526416403223823,
            47.34026428706122
          ],
          [
            8.526420291179152,
            47.34025118038082
          ],
          [
            8.526415305615224,
            47.34025004898791
          ],
          [
            8.526447748625086,
            47.340184267116186
          ],
          [
            8.526465972539668,
            47.34013893041984
          ],
          [
            8.526485194916155,
            47.340050416283816
          ],
          [
            8.526491437997212,
            47.3400048506674
          ],
          [
            8.526521736939472,
            47.33982487674789
          ],
          [
            8.526559930191711,
            47.33955509215163
          ],
          [
            8.526569810343984,
            47.33949191559617
          ],
          [
            8.526578220710627,
            47.339425451646896
          ],
          [
            8.526589139675393,
            47.33935481725842
          ],
          [
            8.526587815491938,
            47.33933985270567
          ],
          [
            8.526560516977861,
            47.339300342140476
          ],
          [
            8.526547625381355,
            47.33928788832706
          ],
          [
            8.526523269833381,
            47.339272637097764
          ],
          [
            8.526504592865226,
            47.33926460048175
          ],
          [
            8.526487168535194,
            47.33925764047896
          ],
          [
            8.526461859310583,
            47.33924753449209
          ],
          [
            8.526442396392307,
            47.33924053972247
          ],
          [
            8.526396456416935,
            47.33923041224974
          ],
          [
            8.526337993770438,
            47.33922072658447
          ],
          [
            8.526267649627417,
            47.33921047819744
          ],
          [
            8.52606605336935,
            47.33918172178349
          ],
          [
            8.525887670968698,
            47.339160248383784
          ],
          [
            8.525818478140915,
            47.33914804591397
          ],
          [
            8.525724383048427,
            47.33913140940316
          ],
          [
            8.525627166582884,
            47.33911744680163
          ],
          [
            8.52552584993086,
            47.339104881001816
          ],
          [
            8.525323519238835,
            47.339079656335706
          ],
          [
            8.52518905452453,
            47.33906126755363
          ],
          [
            8.52502671520768,
            47.33903933598099
          ],
          [
            8.524939006282521,
            47.33903086035542
          ],
          [
            8.524852367623229,
            47.339019055358825
          ],
          [
            8.524824203840694,
            47.339011062766204
          ],
          [
            8.524747637570705,
            47.338974012298266
          ],
          [
            8.524643413796314,
            47.3389258790225
          ],
          [
            8.524618161073475,
            47.3389113734441
          ],
          [
            8.52459071297661,
            47.33890018076133
          ],
          [
            8.524569225483834,
            47.33889512070508
          ],
          [
            8.52454973926224,
            47.33889281234405
          ],
          [
            8.524505719940457,
            47.33888859390081
          ],
          [
            8.52437033756807,
            47.33887514217931
          ],
          [
            8.524302942927378,
            47.3388680311736
          ],
          [
            8.524263764831696,
            47.33886436079007
          ],
          [
            8.524234676033974,
            47.33885837369147
          ],
          [
            8.524160914460984,
            47.338844666023505
          ],
          [
            8.524110999310471,
            47.3388348898611
          ],
          [
            8.523748751669448,
            47.33879542448366
          ],
          [
            8.523722672992019,
            47.3387923413997
          ],
          [
            8.523711761188714,
            47.33879065392379
          ],
          [
            8.52368967944225,
            47.33878545266869
          ],
          [
            8.523665569378235,
            47.33877525654373
          ],
          [
            8.52355702858115,
            47.33871063867019
          ],
          [
            8.523546675697032,
            47.338703899611865
          ],
          [
            8.52353327768467,
            47.33869252965243
          ],
          [
            8.523525914198272,
            47.33868312689942
          ],
          [
            8.523523101722235,
            47.33867074173872
          ],
          [
            8.523521375468533,
            47.338659062388096
          ],
          [
            8.523526635847096,
            47.33861906521253
          ],
          [
            8.523537734989462,
            47.33856750828421
          ],
          [
            8.523540254038512,
            47.338556033703696
          ],
          [
            8.52354207011623,
            47.33854773204474
          ],
          [
            8.523535792514643,
            47.33853966836818
          ],
          [
            8.52354318554757,
            47.33839373251861
          ],
          [
            8.52346690331722,
            47.33836691599238
          ],
          [
            8.523419525025197,
            47.33836141180703
          ],
          [
            8.523196661736261,
            47.338369549837346
          ]
        ]
      },
      "properties": {
        "infraType": "electricity",
        "geomType": "cable-hv",
        "layer": "EN_STROMLEITUNGEN_L",
        "eigentuemer": "EWZ",
        "spannung_kv": 150,
        "leitung_typ": "Kabelleitung",
        "betriebsstatus": "inBetrieb",
        "spannung_bezeichnung": "Hochspannung"
      }
    },
    {
      "type": "Feature",
      "geometry": {
        "type": "LineString",
        "coordinates": [
          [
            8.563787565534628,
            47.359727507450785
          ],
          [
            8.563790001367616,
            47.35972186170423
          ],
          [
            8.563785103819647,
            47.35971436243422
          ],
          [
            8.563777991528541,
            47.35970604818802
          ],
          [
            8.563768429252665,
            47.359698945181755
          ],
          [
            8.563748545169053,
            47.35968701336281
          ],
          [
            8.563667008842453,
            47.35960974724409
          ],
          [
            8.563649816885883,
            47.35959992104723
          ],
          [
            8.563569139000977,
            47.359582149879735
          ],
          [
            8.563517803013312,
            47.359573447860456
          ],
          [
            8.563433875096706,
            47.359565396110625
          ],
          [
            8.563333904845567,
            47.35955180657463
          ],
          [
            8.56330277468871,
            47.359552721444366
          ],
          [
            8.56316332192848,
            47.3595808853078
          ],
          [
            8.563121677576097,
            47.35960299630762
          ],
          [
            8.56311162596398,
            47.35960846433453
          ],
          [
            8.562827910301824,
            47.35965706638263
          ],
          [
            8.5628169093322,
            47.35966020486881
          ],
          [
            8.562809579637134,
            47.359662291153775
          ],
          [
            8.562805908171645,
            47.35966333436047
          ],
          [
            8.562794907199429,
            47.35966647284455
          ],
          [
            8.562787577502636,
            47.35966855912808
          ],
          [
            8.562780247994901,
            47.35967065440458
          ],
          [
            8.562772918296961,
            47.35967274068721
          ],
          [
            8.562765738739813,
            47.359675041393004
          ],
          [
            8.56275592053839,
            47.3596796525704
          ],
          [
            8.562749379544906,
            47.359682729643026
          ],
          [
            8.562736284320088,
            47.35968888391587
          ],
          [
            8.562726466113604,
            47.3596934950907
          ],
          [
            8.562719911881189,
            47.35969657229047
          ],
          [
            8.562713370883499,
            47.359699649361026
          ],
          [
            8.562696998437943,
            47.359707337732296
          ],
          [
            8.56265754159146,
            47.35973212583284
          ],
          [
            8.562653843806952,
            47.35972940928951
          ],
          [
            8.562635839990996,
            47.359740720613836
          ],
          [
            8.562641863733377,
            47.35974513260436
          ],
          [
            8.562563697851571,
            47.3598006742985
          ],
          [
            8.562471425281212,
            47.359872175815056
          ],
          [
            8.562386090433385,
            47.35992363136222
          ],
          [
            8.562302473289831,
            47.35996928620475
          ],
          [
            8.562182533098925,
            47.36001696751142
          ],
          [
            8.56200429228888,
            47.36005590581059
          ],
          [
            8.561828029281067,
            47.360088195119914
          ],
          [
            8.56175962193302,
            47.36010555558916
          ],
          [
            8.561673633289857,
            47.36014676240839
          ],
          [
            8.56162995406971,
            47.36017224786077
          ],
          [
            8.561537362055143,
            47.36021610041894
          ],
          [
            8.561481856532524,
            47.360227551338674
          ],
          [
            8.561397662742415,
            47.36022325169237
          ],
          [
            8.561365460006305,
            47.36021662947819
          ],
          [
            8.561288430649181,
            47.36019924401986
          ],
          [
            8.561115364272734,
            47.36016018709141
          ],
          [
            8.561020743733742,
            47.360140399815826
          ],
          [
            8.560963393097035,
            47.36012897559872
          ],
          [
            8.560806840655923,
            47.36009645914469
          ],
          [
            8.56070388642898,
            47.36007570915041
          ],
          [
            8.560583253233046,
            47.36005153274562
          ],
          [
            8.56057249852181,
            47.36005002709219
          ],
          [
            8.560561518261911,
            47.36004975597359
          ],
          [
            8.560037077751803,
            47.360065878165166
          ],
          [
            8.55997112963935,
            47.36006486345233
          ],
          [
            8.559918138197466,
            47.36005738126795
          ],
          [
            8.559387671627764,
            47.359896425295766
          ],
          [
            8.55932164721867,
            47.35988232292008
          ],
          [
            8.559174878558856,
            47.35984471697244
          ],
          [
            8.558691698305688,
            47.35974275732476
          ],
          [
            8.558544040420644,
            47.359718238244035
          ],
          [
            8.558109308818382,
            47.35962168917042
          ],
          [
            8.55802130969614,
            47.3596119998498
          ],
          [
            8.557966416843941,
            47.35961102075389
          ],
          [
            8.557890827842801,
            47.3596161161045
          ],
          [
            8.55775028449261,
            47.359654898315526
          ],
          [
            8.55764167489596,
            47.35971276458155
          ],
          [
            8.557474018227454,
            47.3598505406076
          ],
          [
            8.557430270962628,
            47.35986908081301
          ],
          [
            8.55735647547648,
            47.35990288913143
          ],
          [
            8.557334673293779,
            47.359911780722356
          ],
          [
            8.557281577947354,
            47.35994096281098
          ],
          [
            8.557247794281878,
            47.35998136373073
          ],
          [
            8.557235380845036,
            47.360002379847856
          ],
          [
            8.557215210361582,
            47.360049926011925
          ],
          [
            8.557148596839069,
            47.360218484805145
          ],
          [
            8.557028038886076,
            47.36052410425814
          ],
          [
            8.556998009641267,
            47.36059583501755
          ],
          [
            8.556965931413648,
            47.36066771154284
          ],
          [
            8.556936557872826,
            47.360725268481545
          ],
          [
            8.556904504602754,
            47.36078256351438
          ],
          [
            8.55686669431389,
            47.36084625590482
          ],
          [
            8.556825429007912,
            47.36090996374544
          ],
          [
            8.556785986581287,
            47.36096590904686
          ],
          [
            8.556742812727206,
            47.36102131476879
          ],
          [
            8.5566984701344,
            47.36107528356043
          ],
          [
            8.556651992515167,
            47.361129084104306
          ],
          [
            8.55661498413218,
            47.36116917421482
          ],
          [
            8.556544470274691,
            47.3612409009758
          ],
          [
            8.556540698526105,
            47.361239066485886
          ],
          [
            8.556482053518147,
            47.36129409115183
          ],
          [
            8.55648624010766,
            47.36129613751289
          ],
          [
            8.556463052058907,
            47.36131662816663
          ],
          [
            8.556416057778712,
            47.36135780434229
          ],
          [
            8.556392501332477,
            47.36137840648929
          ],
          [
            8.556331287415022,
            47.36143152196961
          ],
          [
            8.556326781456159,
            47.361435712370024
          ],
          [
            8.556236935183712,
            47.361519283823064
          ],
          [
            8.55623222041144,
            47.361524249827895
          ],
          [
            8.556226120100993,
            47.36153701009207
          ],
          [
            8.556212053553567,
            47.361556881699045
          ],
          [
            8.556202189660247,
            47.36157893444801
          ],
          [
            8.555845988642123,
            47.36189854440032
          ],
          [
            8.555795021082037,
            47.36194979738984
          ],
          [
            8.555774064635347,
            47.36197319874299
          ],
          [
            8.555745517542526,
            47.36200079332243
          ],
          [
            8.555719274248794,
            47.36202587393846
          ],
          [
            8.555692388105545,
            47.36204997129423
          ],
          [
            8.555645169089715,
            47.362101331875905
          ],
          [
            8.555568413194164,
            47.36219056006563
          ],
          [
            8.555520504267268,
            47.362262715171596
          ],
          [
            8.555477586180373,
            47.36231527541902
          ],
          [
            8.555442809430394,
            47.362372236525225
          ],
          [
            8.555393150203424,
            47.36246070779892
          ],
          [
            8.555352506005244,
            47.36250364812729
          ],
          [
            8.555333454082628,
            47.36252634734076
          ],
          [
            8.555260556806664,
            47.36266395914479
          ],
          [
            8.555254833886863,
            47.36269601939641
          ],
          [
            8.555234671735027,
            47.36275800236146
          ],
          [
            8.555122125667035,
            47.36296590809134
          ],
          [
            8.555104772103077,
            47.362995121354984
          ],
          [
            8.555081962800932,
            47.363023011094135
          ],
          [
            8.55506027154393,
            47.36305118686138
          ],
          [
            8.555049091419342,
            47.36308186062257
          ],
          [
            8.555043732790487,
            47.36312184210476
          ],
          [
            8.554922975223421,
            47.36335369123981
          ],
          [
            8.554871027613876,
            47.36341325581584
          ],
          [
            8.554737993359643,
            47.36362980562027
          ],
          [
            8.554508524562696,
            47.36408107216369
          ],
          [
            8.554498707748003,
            47.36411871295402
          ],
          [
            8.554497558692544,
            47.36425926495299
          ],
          [
            8.554437270199463,
            47.364378350128014
          ],
          [
            8.55436943919517,
            47.36449320843219
          ],
          [
            8.554348354589218,
            47.364516889581985
          ],
          [
            8.554108555966012,
            47.3646804538085
          ],
          [
            8.554050811625668,
            47.364711118440155
          ],
          [
            8.553964133254185,
            47.364740875112304
          ],
          [
            8.55378123448181,
            47.364837918377155
          ],
          [
            8.553631254524406,
            47.3649086654208
          ],
          [
            8.55334251790079,
            47.36503863568477
          ],
          [
            8.553344276865875,
            47.36504044473038
          ],
          [
            8.55332327759322,
            47.36504987647983
          ],
          [
            8.553271094004698,
            47.365064124789335
          ],
          [
            8.553249089836221,
            47.365073620194906
          ],
          [
            8.553224074007208,
            47.36507901587035
          ],
          [
            8.55319490446681,
            47.36507951326862
          ],
          [
            8.553163325256017,
            47.365073674316
          ],
          [
            8.553137488337793,
            47.36506196005296
          ],
          [
            8.553108618513598,
            47.36504069517623
          ],
          [
            8.553082239273794,
            47.36501823688418
          ],
          [
            8.55303825303956,
            47.364976851700554
          ],
          [
            8.553022437012856,
            47.364963799379204
          ],
          [
            8.552941215611463,
            47.36492783773943
          ],
          [
            8.55291989128575,
            47.36491728524302
          ],
          [
            8.552901145189745,
            47.364904665959365
          ],
          [
            8.552869384496137,
            47.36487240081438
          ],
          [
            8.552831104839745,
            47.3648436886871
          ],
          [
            8.552814604883975,
            47.36482958150373
          ],
          [
            8.552796600936377,
            47.364816361360965
          ],
          [
            8.552652485727823,
            47.36469010988546
          ],
          [
            8.552505189916117,
            47.36456050671753
          ],
          [
            8.5524540234368,
            47.36451886673952
          ],
          [
            8.552411507323276,
            47.364486336397064
          ],
          [
            8.552393241252194,
            47.364476401963906
          ],
          [
            8.552379626935851,
            47.364474932115854
          ],
          [
            8.552292558938477,
            47.364441697980276
          ],
          [
            8.552254369517597,
            47.36442551509176
          ],
          [
            8.552142822779121,
            47.36437139618207
          ],
          [
            8.552071130115783,
            47.36433772578785
          ],
          [
            8.552001428669934,
            47.36430303768717
          ],
          [
            8.551952173522887,
            47.364278083128596
          ],
          [
            8.551891591943004,
            47.36424836234064
          ],
          [
            8.551830551659814,
            47.36422013014895
          ],
          [
            8.551794469611208,
            47.36420531205579
          ],
          [
            8.551777642978562,
            47.36419519274327
          ],
          [
            8.551749596637045,
            47.36417971249493
          ],
          [
            8.551668087862508,
            47.36413813074722
          ],
          [
            8.55159064614344,
            47.364099837967935
          ],
          [
            8.551547156710052,
            47.36408469539548
          ],
          [
            8.551496592673313,
            47.36406234387246
          ],
          [
            8.551391993287464,
            47.364011800350134
          ],
          [
            8.551349209540572,
            47.363981619944376
          ],
          [
            8.551291927458411,
            47.363951372319264
          ],
          [
            8.551166714040777,
            47.3638925357421
          ],
          [
            8.551022874688266,
            47.36382741989611
          ],
          [
            8.550881856179567,
            47.36376359899808
          ],
          [
            8.550768298943773,
            47.363727839327645
          ],
          [
            8.550579911878994,
            47.36364183332735
          ],
          [
            8.550527453166632,
            47.36361746671488
          ],
          [
            8.550433903242494,
            47.3635761079793
          ],
          [
            8.55013588664767,
            47.363440063964546
          ],
          [
            8.549920867444687,
            47.36334276340039
          ],
          [
            8.549731864065444,
            47.36327088440742
          ],
          [
            8.549683892997557,
            47.36325090886714
          ],
          [
            8.549532912736371,
            47.36318791978394
          ],
          [
            8.549512030980743,
            47.36318011493556
          ],
          [
            8.549214713148743,
            47.363067224455726
          ],
          [
            8.549160315763922,
            47.36304760734112
          ],
          [
            8.549083615440065,
            47.363019956071774
          ],
          [
            8.549019531505117,
            47.362992282392966
          ],
          [
            8.548978480382974,
            47.36297399408865
          ],
          [
            8.548898679654704,
            47.362941128312734
          ],
          [
            8.548771838380599,
            47.362896697116994
          ],
          [
            8.548748073645593,
            47.3628877594664
          ],
          [
            8.548736375308545,
            47.362883545233146
          ],
          [
            8.548660790358612,
            47.362854758565774
          ],
          [
            8.548652155302204,
            47.36285142339381
          ],
          [
            8.548632349261858,
            47.36284313130342
          ],
          [
            8.548618982217768,
            47.36284079510123
          ],
          [
            8.548608444175962,
            47.362840167777726
          ],
          [
            8.548578719533154,
            47.36283874438623
          ],
          [
            8.548554102712266,
            47.36284038423052
          ],
          [
            8.548534725902,
            47.3628431700687
          ],
          [
            8.548502150363781,
            47.362851704743356
          ],
          [
            8.548478247323843,
            47.36286346629206
          ],
          [
            8.548458772246567,
            47.36287679542077
          ],
          [
            8.548447087201671,
            47.36288784586269
          ],
          [
            8.548305181535728,
            47.36308198533725
          ],
          [
            8.547916513676936,
            47.36357463459445
          ],
          [
            8.547499074713606,
            47.36409998628537
          ],
          [
            8.547489950803252,
            47.364108799216055
          ],
          [
            8.54747763097218,
            47.364116086664936
          ],
          [
            8.547463093378257,
            47.364121137615214
          ],
          [
            8.547447654953107,
            47.3641236155956
          ],
          [
            8.547416465538609,
            47.36412436480583
          ],
          [
            8.547401415058244,
            47.36412385265501
          ],
          [
            8.547386469449753,
            47.364122017203655
          ],
          [
            8.547371999714342,
            47.36411887288037
          ],
          [
            8.547358365673729,
            47.36411453316828
          ],
          [
            8.547297799644404,
            47.36408669883254
          ],
          [
            8.547145800474773,
            47.36404217454047
          ],
          [
            8.546898797160374,
            47.36396009839652
          ],
          [
            8.54675557363831,
            47.36391926735601
          ],
          [
            8.546708574198172,
            47.36390906802212
          ],
          [
            8.546666387890337,
            47.36388902673752
          ],
          [
            8.546600879248558,
            47.363874966108064
          ],
          [
            8.546524804451474,
            47.36387103643266
          ],
          [
            8.546441321403385,
            47.36388458344627
          ],
          [
            8.546369575270989,
            47.363909936434794
          ],
          [
            8.546318670182313,
            47.363927128749516
          ],
          [
            8.54618679619473,
            47.364151545961604
          ],
          [
            8.546153090355775,
            47.364208331946635
          ],
          [
            8.546129836282924,
            47.36424565106971
          ],
          [
            8.546105836447143,
            47.364287223063506
          ],
          [
            8.546090997116634,
            47.36431153541118
          ],
          [
            8.546075051230542,
            47.364338664863496
          ],
          [
            8.546042055212213,
            47.36439394180904
          ],
          [
            8.54600893815348,
            47.3644497686102
          ],
          [
            8.545972523097268,
            47.364511905657075
          ],
          [
            8.545927575218,
            47.36458647488248
          ],
          [
            8.54590031120803,
            47.3646334482441
          ],
          [
            8.545871223562195,
            47.364683137635495
          ],
          [
            8.545841062049771,
            47.36473403367227
          ],
          [
            8.545825381880178,
            47.364759307530186
          ],
          [
            8.54576620973578,
            47.36485787725539
          ],
          [
            8.545677064016761,
            47.365006855390874
          ],
          [
            8.545620507119335,
            47.36510324111757
          ],
          [
            8.545516818116079,
            47.3652774640441
          ],
          [
            8.54544858064097,
            47.36539285148976
          ],
          [
            8.54539823244493,
            47.36548541760343
          ],
          [
            8.545346946374398,
            47.36557426867593
          ],
          [
            8.545318224246442,
            47.365624395164865
          ],
          [
            8.545287443266055,
            47.36567547687191
          ],
          [
            8.545259710036934,
            47.36572413664965
          ],
          [
            8.545237578536923,
            47.36576202049834
          ],
          [
            8.545230223899734,
            47.365773820674846
          ],
          [
            8.545213255915781,
            47.36580405412097
          ],
          [
            8.54519214760998,
            47.36583829410551
          ],
          [
            8.545179265178177,
            47.36586124728588
          ],
          [
            8.545156271270091,
            47.365898410770136
          ],
          [
            8.545145970812037,
            47.3659149976111
          ],
          [
            8.545128068874448,
            47.365945527836125
          ],
          [
            8.545112866599167,
            47.3659708959497
          ],
          [
            8.545057817189496,
            47.36606473926686
          ],
          [
            8.54503686458481,
            47.366100749775775
          ],
          [
            8.545010465529888,
            47.366145456816255
          ],
          [
            8.544985363988358,
            47.366187614781744
          ],
          [
            8.544964714177478,
            47.366220357127126
          ],
          [
            8.544943856892946,
            47.36623863721904
          ],
          [
            8.544908763293163,
            47.36624845429011
          ],
          [
            8.54487064988894,
            47.36627480641588
          ],
          [
            8.544845322663774,
            47.36633034232957
          ],
          [
            8.544830439367404,
            47.366357695278374
          ],
          [
            8.544791727765537,
            47.366434345108715
          ],
          [
            8.544757344537832,
            47.36648542517319
          ],
          [
            8.544724335651603,
            47.366524258631266
          ],
          [
            8.544692573785593,
            47.36656129909261
          ],
          [
            8.544623226543932,
            47.36664122864392
          ],
          [
            8.544557246908758,
            47.36671756381529
          ],
          [
            8.544518553819941,
            47.366764502315945
          ],
          [
            8.544473886242905,
            47.36680362723424
          ],
          [
            8.5444168584448,
            47.366839848099815
          ],
          [
            8.544363372605684,
            47.36686108505402
          ],
          [
            8.54434048311641,
            47.36687013745107
          ],
          [
            8.544306155486547,
            47.36688371597476
          ],
          [
            8.544294132478093,
            47.36688749210981
          ],
          [
            8.544279639867977,
            47.366891570735895
          ],
          [
            8.54426880487047,
            47.36689645089614
          ],
          [
            8.544255415657668,
            47.366905214434404
          ],
          [
            8.544233711555666,
            47.366917799558735
          ],
          [
            8.544219386749118,
            47.36692422430991
          ],
          [
            8.54419441614196,
            47.366932523014675
          ],
          [
            8.544151613892167,
            47.366942224739894
          ],
          [
            8.544095335576065,
            47.36694309624953
          ],
          [
            8.544049050712616,
            47.366943836101946
          ],
          [
            8.544030721284514,
            47.366947411709184
          ],
          [
            8.544018097506735,
            47.36694648009671
          ],
          [
            8.54398369714736,
            47.36694059367417
          ],
          [
            8.543955568319829,
            47.366935780611776
          ],
          [
            8.543664976156926,
            47.36688590361747
          ],
          [
            8.543005425598402,
            47.36677269345794
          ],
          [
            8.54268828744282,
            47.366718255439814
          ],
          [
            8.542412034313562,
            47.36667082884347
          ],
          [
            8.542367403648232,
            47.36666192738577
          ],
          [
            8.542332740794084,
            47.3666484600571
          ],
          [
            8.542254500617407,
            47.36660406098323
          ],
          [
            8.542071144076269,
            47.36652487443401
          ],
          [
            8.542040269910375,
            47.366503823875895
          ],
          [
            8.542029654038343,
            47.36649179081844
          ],
          [
            8.542002270444044,
            47.36647050900831
          ],
          [
            8.54184288396793,
            47.366406924592056
          ],
          [
            8.541387078650132,
            47.366269441854655
          ],
          [
            8.541195018579119,
            47.36623662615684
          ],
          [
            8.541138827427858,
            47.36623079400076
          ],
          [
            8.541085206145812,
            47.366217984023116
          ],
          [
            8.541018362372991,
            47.36620664950619
          ],
          [
            8.541010168627889,
            47.36620545040239
          ],
          [
            8.541002139427512,
            47.36620580589109
          ],
          [
            8.540993439155429,
            47.36620764299169
          ],
          [
            8.540986525090569,
            47.36621070437558
          ],
          [
            8.540942465605022,
            47.366228755431315
          ],
          [
            8.540935269682738,
            47.366230991946956
          ],
          [
            8.540927918887263,
            47.36623214152531
          ],
          [
            8.540912930340527,
            47.36623144802903
          ],
          [
            8.540845355567507,
            47.36621997646625
          ],
          [
            8.540725903236774,
            47.366192295897974
          ],
          [
            8.540544605283921,
            47.36613501751736
          ],
          [
            8.540487682011658,
            47.36611361240471
          ],
          [
            8.54042883227034,
            47.36608995886122
          ],
          [
            8.540385949367604,
            47.366072053799805
          ],
          [
            8.540333367532966,
            47.366049302897096
          ],
          [
            8.54030609108603,
            47.36603700583823
          ],
          [
            8.540265017564069,
            47.36601759927048
          ],
          [
            8.540238336734832,
            47.36600657382784
          ],
          [
            8.54022640766412,
            47.36599824115095
          ],
          [
            8.540222979547583,
            47.36599380325211
          ],
          [
            8.54020007545141,
            47.3659739714913
          ],
          [
            8.540150196384921,
            47.365907730088765
          ],
          [
            8.540137406993145,
            47.36590133057351
          ],
          [
            8.540108102912514,
            47.36588444728239
          ],
          [
            8.539843529764807,
            47.365752213713606
          ],
          [
            8.539784297098459,
            47.365715115724505
          ],
          [
            8.539775701714092,
            47.365708568239974
          ],
          [
            8.53974445473728,
            47.3656655544366
          ],
          [
            8.539710131041812,
            47.36563959780557
          ],
          [
            8.539634694423686,
            47.36561217111043
          ],
          [
            8.539499480996247,
            47.365617444906256
          ],
          [
            8.539448995703127,
            47.36562245069044
          ],
          [
            8.539402730912506,
            47.365618978761546
          ],
          [
            8.539344853034065,
            47.36561028336265
          ],
          [
            8.535526674860337,
            47.36369206045602
          ],
          [
            8.535433925764474,
            47.36364851423042
          ],
          [
            8.535358471722445,
            47.36357558739748
          ],
          [
            8.535320613384767,
            47.36351600314057
          ],
          [
            8.535294575758247,
            47.36343959360723
          ],
          [
            8.535265626788295,
            47.36339670970444
          ],
          [
            8.535225178325645,
            47.36336566468123
          ],
          [
            8.53520255242838,
            47.363361786720986
          ],
          [
            8.535187939375684,
            47.36335484627957
          ],
          [
            8.535173463505293,
            47.36334234552224
          ],
          [
            8.535157463613192,
            47.36333427585908
          ],
          [
            8.535128956147014,
            47.36332314965536
          ],
          [
            8.535108145740736,
            47.36331227419204
          ],
          [
            8.535089449098606,
            47.36329667418553
          ],
          [
            8.535073494634716,
            47.36328115608354
          ],
          [
            8.53506074181137,
            47.363261667701096
          ],
          [
            8.535060425130977,
            47.36320893205878
          ],
          [
            8.535056188622391,
            47.36317545629709
          ],
          [
            8.53508904990247,
            47.36269404688984
          ],
          [
            8.535093982154013,
            47.36262230858816
          ],
          [
            8.535093232075054,
            47.36258969923715
          ],
          [
            8.53508408186609,
            47.36256706432257
          ],
          [
            8.535076666882336,
            47.3625560616728
          ],
          [
            8.535067421491435,
            47.362545535154304
          ],
          [
            8.53504396040999,
            47.36252677809457
          ],
          [
            8.53501538108597,
            47.36251213543657
          ],
          [
            8.534999884024124,
            47.36250661560564
          ],
          [
            8.53496799985662,
            47.36249929039555
          ],
          [
            8.53493674020363,
            47.362496582763605
          ],
          [
            8.53483624610499,
            47.36249346190473
          ],
          [
            8.534676278250625,
            47.36249010485694
          ],
          [
            8.534050889667977,
            47.362470843136684
          ],
          [
            8.533975513058122,
            47.36246852671684
          ],
          [
            8.533911139328598,
            47.36247014472408
          ],
          [
            8.533848412463707,
            47.36246686270284
          ],
          [
            8.533785450030646,
            47.362457268276074
          ],
          [
            8.533712116474984,
            47.36244420107884
          ],
          [
            8.533644836473751,
            47.362428719703416
          ],
          [
            8.533601133608062,
            47.36241897853919
          ],
          [
            8.533512639658685,
            47.36240194416801
          ],
          [
            8.533494651845032,
            47.36239890343044
          ],
          [
            8.533471142980146,
            47.362395195418635
          ],
          [
            8.53315879669868,
            47.362347342471665
          ],
          [
            8.532432711700617,
            47.36223365061373
          ],
          [
            8.532203538158042,
            47.36219700685148
          ],
          [
            8.532000740579253,
            47.36216507825062
          ],
          [
            8.531969105637367,
            47.36216148284987
          ],
          [
            8.531930744613236,
            47.36216236774143
          ],
          [
            8.531895149717835,
            47.36215675891242
          ],
          [
            8.531846713736055,
            47.362146009461235
          ],
          [
            8.531796391041027,
            47.36214073791271
          ],
          [
            8.531758365654435,
            47.36213474726616
          ],
          [
            8.531723011664509,
            47.362120869550075
          ],
          [
            8.53152361466389,
            47.36208817931994
          ],
          [
            8.531505038484367,
            47.36208613330982
          ],
          [
            8.531476084444819,
            47.362088026438286
          ],
          [
            8.531446661825322,
            47.36209354004859
          ],
          [
            8.531432224692493,
            47.3620977244872
          ],
          [
            8.53140489093744,
            47.36210891225761
          ],
          [
            8.531380870081353,
            47.36212348683533
          ],
          [
            8.531361430364871,
            47.36214067163321
          ],
          [
            8.531347293293546,
            47.36215949734448
          ],
          [
            8.531342289249467,
            47.36216919650083
          ],
          [
            8.531336264514911,
            47.36218852114205
          ],
          [
            8.531329624874152,
            47.3622424379957
          ],
          [
            8.531319051742381,
            47.362413841880695
          ],
          [
            8.531313602681955,
            47.36251745472114
          ],
          [
            8.531308080903308,
            47.36255098695283
          ],
          [
            8.531300715447204,
            47.36258176611858
          ],
          [
            8.531287217046108,
            47.36261044447134
          ],
          [
            8.531277519716813,
            47.36265405480537
          ],
          [
            8.531257467949409,
            47.36282807598052
          ],
          [
            8.531230765921462,
            47.36305615799771
          ],
          [
            8.531238608532794,
            47.36326054375323
          ],
          [
            8.53124246258738,
            47.36335945402992
          ],
          [
            8.531250224269739,
            47.36344942212779
          ],
          [
            8.531314877646569,
            47.363804389000244
          ],
          [
            8.531317635883335,
            47.363884059992586
          ],
          [
            8.5312921115965,
            47.363952574724266
          ],
          [
            8.531257412622255,
            47.364081173940654
          ],
          [
            8.531253853825701,
            47.3641097222545
          ],
          [
            8.531253994131987,
            47.36418375105987
          ],
          [
            8.531260038326787,
            47.36423577582826
          ],
          [
            8.531269119745167,
            47.36426222561887
          ],
          [
            8.531285280317602,
            47.36429688397556
          ],
          [
            8.531294094005993,
            47.36432189707208
          ],
          [
            8.531336909505399,
            47.364406496199024
          ],
          [
            8.531366935114995,
            47.364451007981096
          ],
          [
            8.5314002824114,
            47.3645077217363
          ],
          [
            8.531460195690958,
            47.3646332758882
          ],
          [
            8.53146159170175,
            47.364660688905516
          ],
          [
            8.531470207120991,
            47.364714128552244
          ],
          [
            8.531491446005807,
            47.36477239608021
          ],
          [
            8.5315062308686,
            47.364798701927725
          ],
          [
            8.531532998513336,
            47.36492839262514
          ],
          [
            8.531533403481559,
            47.36493716806331
          ],
          [
            8.531532490992378,
            47.364945614152894
          ],
          [
            8.531508393794462,
            47.36498106720792
          ],
          [
            8.531480813011155,
            47.364996422066746
          ],
          [
            8.531440469595644,
            47.36500468356979
          ],
          [
            8.531410809570252,
            47.365008382376296
          ],
          [
            8.53139418653226,
            47.36500737029286
          ],
          [
            8.531362210846668,
            47.36499885758828
          ],
          [
            8.531322004302014,
            47.36497504103672
          ],
          [
            8.53129591318795,
            47.3649597262729
          ],
          [
            8.531221888472079,
            47.36491823932991
          ],
          [
            8.53120537069113,
            47.36490427320245
          ],
          [
            8.531196040538664,
            47.36489734524791
          ],
          [
            8.531124580415325,
            47.36485889233387
          ],
          [
            8.531024645444955,
            47.364799911919945
          ],
          [
            8.530966858340511,
            47.36476580916587
          ],
          [
            8.530895790195716,
            47.36472837785193
          ],
          [
            8.530865083143327,
            47.36471262990449
          ],
          [
            8.530758862577803,
            47.36465894388756
          ],
          [
            8.53064582448297,
            47.364603990954436
          ],
          [
            8.530610159224384,
            47.36458661672352
          ],
          [
            8.530464838025521,
            47.36452232604818
          ],
          [
            8.53037876783972,
            47.36448670934536
          ],
          [
            8.530264822793002,
            47.36444044494002
          ],
          [
            8.53016075365024,
            47.36440513313202
          ],
          [
            8.530061572193146,
            47.36437187091107
          ],
          [
            8.530007664091244,
            47.36436034483947
          ],
          [
            8.529932743094713,
            47.364330604224214
          ],
          [
            8.529819279506093,
            47.36429812440386
          ],
          [
            8.529707428097781,
            47.36427001887689
          ],
          [
            8.529542733236344,
            47.364222874940545
          ],
          [
            8.529449065497664,
            47.364194408502904
          ],
          [
            8.529358162175772,
            47.36416904619491
          ],
          [
            8.52928153183333,
            47.36414761483557
          ],
          [
            8.529177103606933,
            47.364114104570504
          ],
          [
            8.529077009982718,
            47.364081497775764
          ],
          [
            8.528616382089728,
            47.36391012579672
          ],
          [
            8.528526276780465,
            47.363879070371596
          ],
          [
            8.528464246083496,
            47.36387039974175
          ],
          [
            8.528413082679645,
            47.363853854721185
          ],
          [
            8.528362414578226,
            47.36383692720809
          ],
          [
            8.5283006489244,
            47.36381012875857
          ],
          [
            8.528176673516574,
            47.36374515708377
          ],
          [
            8.528141072381905,
            47.363718543472075
          ],
          [
            8.528073985374332,
            47.36365808127359
          ],
          [
            8.52780735909046,
            47.36336823571202
          ],
          [
            8.527747868334759,
            47.3633017558881
          ],
          [
            8.527582455372928,
            47.3631174578691
          ],
          [
            8.527169794411973,
            47.36265635276154
          ],
          [
            8.52689396863352,
            47.36235182176432
          ],
          [
            8.526764606652376,
            47.3622094870569
          ],
          [
            8.526704549638756,
            47.36214497297526
          ],
          [
            8.526657006777599,
            47.362098790024085
          ],
          [
            8.526564192899476,
            47.36201329294937
          ],
          [
            8.526503560624418,
            47.36195754546327
          ],
          [
            8.526464232041468,
            47.36192138661222
          ],
          [
            8.526361880097808,
            47.361836851751676
          ],
          [
            8.526196584122534,
            47.36172402614825
          ],
          [
            8.526048939976945,
            47.36162113565811
          ],
          [
            8.525947003196174,
            47.36154975643524
          ],
          [
            8.525842287216083,
            47.361476460334515
          ],
          [
            8.525705398599335,
            47.361378982182146
          ],
          [
            8.525657608832757,
            47.361338144269034
          ],
          [
            8.525596769278767,
            47.3612922749421
          ],
          [
            8.525563232686956,
            47.36124665233916
          ],
          [
            8.525560330917024,
            47.36119522736529
          ],
          [
            8.525573838839783,
            47.36111558305768
          ],
          [
            8.525584235709662,
            47.361015809885146
          ],
          [
            8.525614301579814,
            47.360834058623176
          ],
          [
            8.52564489180885,
            47.36062609051981
          ],
          [
            8.525663803169975,
            47.3605076082074
          ],
          [
            8.525678685316056,
            47.360430451586076
          ],
          [
            8.525693327842689,
            47.3603506346496
          ],
          [
            8.525737927193653,
            47.360075970442544
          ],
          [
            8.525755572394644,
            47.359973970146164
          ],
          [
            8.525771537972267,
            47.35990321684664
          ],
          [
            8.525789599731063,
            47.35979503294291
          ],
          [
            8.525797974510356,
            47.359714933164774
          ],
          [
            8.525806493958028,
            47.35962699723793
          ],
          [
            8.525818683763514,
            47.359589219744215
          ],
          [
            8.525826032088196,
            47.35955162275678
          ],
          [
            8.52582818672538,
            47.35951056655281
          ],
          [
            8.52583763828484,
            47.35945990678035
          ],
          [
            8.525845183184313,
            47.359405334072115
          ],
          [
            8.52588510824238,
            47.35915470381719
          ],
          [
            8.52605574573799,
            47.3581213519615
          ],
          [
            8.52606396537865,
            47.35801810002582
          ],
          [
            8.526081602578511,
            47.35767821354968
          ],
          [
            8.526117578900966,
            47.35698486016169
          ],
          [
            8.526127486900046,
            47.35679500480064
          ],
          [
            8.526136544894989,
            47.35662124079312
          ],
          [
            8.52613711830424,
            47.356572769426606
          ],
          [
            8.526137944342851,
            47.356510074319004
          ],
          [
            8.526138769645875,
            47.35644734323641
          ],
          [
            8.526138164014176,
            47.35640401921276
          ],
          [
            8.52613528306047,
            47.356340648395566
          ],
          [
            8.526098358240667,
            47.355867193581766
          ],
          [
            8.526068936941142,
            47.3555130429478
          ],
          [
            8.526048064514894,
            47.35527430077575
          ],
          [
            8.526051769298098,
            47.355179456776405
          ],
          [
            8.526031268933536,
            47.355118626587355
          ],
          [
            8.526041185638627,
            47.355056421536176
          ],
          [
            8.526025219874287,
            47.35500959010449
          ],
          [
            8.526017400305129,
            47.35490200951877
          ],
          [
            8.525980807415953,
            47.35447329335093
          ],
          [
            8.525981480989342,
            47.35443557024458
          ],
          [
            8.525984119790465,
            47.35441502740393
          ],
          [
            8.525991482622693,
            47.35437169128223
          ],
          [
            8.52601066820621,
            47.354316783971754
          ],
          [
            8.526070602466774,
            47.35413559644351
          ],
          [
            8.526155692856653,
            47.35388075331936
          ],
          [
            8.526229707880995,
            47.3536527390953
          ],
          [
            8.526243735011773,
            47.353610374617766
          ],
          [
            8.526264052246843,
            47.35354802657243
          ],
          [
            8.526297881190159,
            47.35349527503148
          ],
          [
            8.526312330282593,
            47.35348398490411
          ],
          [
            8.526358711467372,
            47.35346777044806
          ],
          [
            8.526396213574944,
            47.35346401698359
          ],
          [
            8.526434142982056,
            47.353466286249876
          ],
          [
            8.52685659618992,
            47.353495839582074
          ],
          [
            8.526880827649856,
            47.35349236394801
          ],
          [
            8.526898653111347,
            47.353488265051986
          ],
          [
            8.526939141832514,
            47.35347260063202
          ],
          [
            8.526958028041763,
            47.353461457499684
          ],
          [
            8.52698582129195,
            47.35343728634774
          ],
          [
            8.527000762755357,
            47.35339811633396
          ],
          [
            8.527029791953137,
            47.35322257075285
          ],
          [
            8.527287273104774,
            47.35165442417513
          ],
          [
            8.527298309558489,
            47.35158622657696
          ],
          [
            8.527309332566718,
            47.35151802010774
          ],
          [
            8.527319844249213,
            47.35146561399997
          ],
          [
            8.527336300705123,
            47.35141329575918
          ],
          [
            8.527378095326682,
            47.35129441709691
          ],
          [
            8.527403942729883,
            47.35122038586616
          ],
          [
            8.527428561325276,
            47.35116785571167
          ],
          [
            8.527445944744859,
            47.35112075490992
          ],
          [
            8.527459142860538,
            47.351064446522955
          ],
          [
            8.527627005689853,
            47.35058436448507
          ],
          [
            8.527656530614593,
            47.35052906244971
          ],
          [
            8.527671203514638,
            47.35048471270871
          ],
          [
            8.527692873195436,
            47.35039669729612
          ],
          [
            8.527726756848905,
            47.35030012917997
          ],
          [
            8.527831612545597,
            47.349844001513766
          ],
          [
            8.527841430535714,
            47.34980303475395
          ],
          [
            8.527847384997822,
            47.34974528343679
          ],
          [
            8.527861422066653,
            47.34965880618854
          ],
          [
            8.52786938503069,
            47.349579510430154
          ],
          [
            8.527872491276703,
            47.349498308531885
          ],
          [
            8.527921362697331,
            47.34902815458393
          ],
          [
            8.527910537001567,
            47.348960810774955
          ],
          [
            8.527894696339551,
            47.34884946482361
          ],
          [
            8.527925565432575,
            47.34875052331641
          ],
          [
            8.527959731735754,
            47.34865620120215
          ],
          [
            8.52796428571458,
            47.34861154208053
          ],
          [
            8.527969111708204,
            47.34856529723762
          ],
          [
            8.52797747347835,
            47.34851331608072
          ],
          [
            8.52798680594391,
            47.34844730225761
          ],
          [
            8.52800417649061,
            47.34832447990541
          ],
          [
            8.528015632394284,
            47.34823413203172
          ],
          [
            8.528031761839015,
            47.3481153512238
          ],
          [
            8.52805440756679,
            47.347948204727665
          ],
          [
            8.528072681560644,
            47.34781325729159
          ],
          [
            8.528093255476621,
            47.34766132320525
          ],
          [
            8.528111173263996,
            47.347529032693785
          ],
          [
            8.528128893259131,
            47.347418809255835
          ],
          [
            8.528151979035897,
            47.347295905918706
          ],
          [
            8.52818389416568,
            47.347228149754145
          ],
          [
            8.528270323895663,
            47.34710337125498
          ],
          [
            8.528294060430625,
            47.34707841043465
          ],
          [
            8.528309517436902,
            47.34706732638707
          ],
          [
            8.528325663989559,
            47.34705825075315
          ],
          [
            8.528349052925668,
            47.34704218945169
          ],
          [
            8.528371122280967,
            47.34702502519624
          ],
          [
            8.52894304324673,
            47.34640471365566
          ],
          [
            8.528978150640205,
            47.34636046753011
          ],
          [
            8.5290932394859,
            47.34620959246128
          ],
          [
            8.529167592976004,
            47.34610540935317
          ],
          [
            8.529239915128214,
            47.3459951016579
          ],
          [
            8.529317596687356,
            47.34585889106855
          ],
          [
            8.529357861555088,
            47.345782123409464
          ],
          [
            8.529386841382694,
            47.34571850539818
          ],
          [
            8.52939303663891,
            47.34566939602595
          ],
          [
            8.529405703458485,
            47.34563969112739
          ],
          [
            8.529426975594324,
            47.345613359079465
          ],
          [
            8.529445455197111,
            47.3455973799054
          ],
          [
            8.529473821748349,
            47.3455633169035
          ],
          [
            8.52999694016252,
            47.34431283378643
          ],
          [
            8.530011110419006,
            47.344260914418825
          ],
          [
            8.5300065885249,
            47.34423137192984
          ],
          [
            8.529998541150055,
            47.34418411522439
          ],
          [
            8.530001030322186,
            47.344163474677124
          ],
          [
            8.530014157988106,
            47.34413045509888
          ],
          [
            8.530034837266252,
            47.34408489676898
          ],
          [
            8.530053876573362,
            47.34404133288443
          ],
          [
            8.53007149637103,
            47.34400342241184
          ],
          [
            8.530107931164691,
            47.34391616624181
          ],
          [
            8.530133678229483,
            47.343836944881396
          ],
          [
            8.530153612066028,
            47.34372716778046
          ],
          [
            8.530171902381143,
            47.34367547028722
          ],
          [
            8.53021701128604,
            47.34360209262045
          ],
          [
            8.53030151127538,
            47.34349928791953
          ],
          [
            8.530358118848984,
            47.34344264948391
          ],
          [
            8.530435152336945,
            47.343372073161625
          ],
          [
            8.530464127831127,
            47.34334521827645
          ],
          [
            8.530518527373122,
            47.34329192886728
          ],
          [
            8.530553535723222,
            47.343258522355924
          ],
          [
            8.530601173737981,
            47.343226624503984
          ],
          [
            8.53065751299709,
            47.343171130840965
          ],
          [
            8.530717496923742,
            47.343117194822554
          ],
          [
            8.530758948670426,
            47.34308307693658
          ],
          [
            8.5308036494928,
            47.3430430868058
          ],
          [
            8.530845304117387,
            47.343004017802016
          ],
          [
            8.530887476050689,
            47.342922747346876
          ],
          [
            8.530953518600711,
            47.342842865651484
          ],
          [
            8.53098242695859,
            47.34280306715089
          ],
          [
            8.530997544713985,
            47.342775506692355
          ],
          [
            8.531019610358195,
            47.34273567398226
          ],
          [
            8.53103203592834,
            47.34269814531162
          ],
          [
            8.531036518833496,
            47.34266115055517
          ],
          [
            8.53103312337795,
            47.34259746059446
          ],
          [
            8.531022798627971,
            47.34254630356855
          ],
          [
            8.531007411490764,
            47.342488340091705
          ],
          [
            8.530974069984465,
            47.34240536889973
          ],
          [
            8.53095144801307,
            47.34234759980493
          ],
          [
            8.530926389546979,
            47.34228652552988
          ],
          [
            8.530907542802659,
            47.34224055840632
          ],
          [
            8.530860252745171,
            47.34212460777141
          ],
          [
            8.530816540660437,
            47.34201728565566
          ],
          [
            8.530784996692029,
            47.34194451596053
          ],
          [
            8.53076563778034,
            47.341879987533346
          ],
          [
            8.530755420310255,
            47.34185279271423
          ],
          [
            8.530737464063924,
            47.34180764469492
          ],
          [
            8.530706935401366,
            47.34174243934208
          ],
          [
            8.530662056674633,
            47.34165760724124
          ],
          [
            8.530622735276596,
            47.34157143623743
          ],
          [
            8.530585950790432,
            47.34148765194013
          ],
          [
            8.53057216315374,
            47.34146123747662
          ],
          [
            8.530549227194566,
            47.34143527834764
          ],
          [
            8.530521114456127,
            47.341419541768076
          ],
          [
            8.530501231739764,
            47.34141149920575
          ],
          [
            8.530429835899353,
            47.34139143150555
          ],
          [
            8.530405263488007,
            47.3413870223719
          ],
          [
            8.530290558489794,
            47.341377510779765
          ],
          [
            8.530241153028285,
            47.34137664668311
          ],
          [
            8.530152318065333,
            47.34137869204305
          ],
          [
            8.530042826028557,
            47.34139563981344
          ],
          [
            8.529951209282464,
            47.34141372280057
          ],
          [
            8.529768047230753,
            47.34144821476948
          ],
          [
            8.52954375925471,
            47.341489391744794
          ],
          [
            8.52946063040518,
            47.34150450666357
          ],
          [
            8.529367661854693,
            47.341521864349225
          ],
          [
            8.529284807456959,
            47.341537462288585
          ],
          [
            8.529227475146941,
            47.34154825848251
          ],
          [
            8.529101444212111,
            47.34156927451697
          ],
          [
            8.52903014933526,
            47.34157807963443
          ],
          [
            8.528932105015606,
            47.34158538328569
          ],
          [
            8.528820747223595,
            47.34158878272842
          ],
          [
            8.528681820939305,
            47.34158557004218
          ],
          [
            8.528575992240144,
            47.341581720869655
          ],
          [
            8.528497913742275,
            47.341577834494764
          ],
          [
            8.52842442166711,
            47.34157043261794
          ],
          [
            8.52835842521079,
            47.341560054484276
          ],
          [
            8.528277634805198,
            47.34154131548012
          ],
          [
            8.528195810066098,
            47.34151793565769
          ],
          [
            8.527986975136534,
            47.341443015462445
          ],
          [
            8.527785778424827,
            47.34136688943121
          ],
          [
            8.527701967053211,
            47.34133563020972
          ],
          [
            8.527654305453742,
            47.34131970856059
          ],
          [
            8.527598185964813,
            47.34130305710837
          ],
          [
            8.527550538295122,
            47.34128198102916
          ],
          [
            8.527515325760229,
            47.34126263165496
          ],
          [
            8.527473285109265,
            47.3412445970085
          ],
          [
            8.527421814206834,
            47.341230060475816
          ],
          [
            8.527357996068359,
            47.34121485778646
          ],
          [
            8.527293428190726,
            47.34119209715995
          ],
          [
            8.526807913711744,
            47.34100452813889
          ],
          [
            8.526543491723976,
            47.34090379135393
          ],
          [
            8.526482248219715,
            47.34087788660569
          ],
          [
            8.526435535103685,
            47.340865607575424
          ],
          [
            8.526372204292091,
            47.34085025583018
          ],
          [
            8.526307844150189,
            47.3408240115537
          ],
          [
            8.526266263986496,
            47.34079802036713
          ],
          [
            8.526232913700458,
            47.340762227805634
          ],
          [
            8.526223496257542,
            47.34073131004031
          ],
          [
            8.526220023978615,
            47.34071158927117
          ],
          [
            8.526221098932053,
            47.34069097111564
          ],
          [
            8.526234070786888,
            47.340653482795766
          ],
          [
            8.526251259399016,
            47.34063393617201
          ],
          [
            8.526258361652864,
            47.3406240015101
          ],
          [
            8.526285260332074,
            47.34059261564899
          ],
          [
            8.526302298701587,
            47.34055661819092
          ],
          [
            8.52631609397699,
            47.340526417217575
          ],
          [
            8.526335295920616,
            47.34048555094881
          ],
          [
            8.526338644276592,
            47.340470641319094
          ],
          [
            8.526336244353374,
            47.34045678432071
          ],
          [
            8.52633728894692,
            47.34044052013065
          ],
          [
            8.526336981243224,
            47.34041959117229
          ],
          [
            8.526337762063049,
            47.34040985999117
          ],
          [
            8.526340848423965,
            47.34040286861606
          ],
          [
            8.52636051040174,
            47.340367691975416
          ],
          [
            8.526372770710232,
            47.340331010913296
          ],
          [
            8.526386165961545,
            47.34030715532249
          ],
          [
            8.526410293406565,
            47.34024890885063
          ],
          [
            8.526415305615224,
            47.34025004898791
          ],
          [
            8.526447748625086,
            47.340184267116186
          ],
          [
            8.526465972539668,
            47.34013893041984
          ],
          [
            8.526485194916155,
            47.340050416283816
          ],
          [
            8.526521736939472,
            47.33982487674789
          ],
          [
            8.526569810343984,
            47.33949191559617
          ],
          [
            8.526584626740016,
            47.33938204333147
          ],
          [
            8.526589139675393,
            47.33935481725842
          ],
          [
            8.526587815491938,
            47.33933985270567
          ],
          [
            8.526577630520695,
            47.33932515156803
          ],
          [
            8.526560516977861,
            47.339300342140476
          ],
          [
            8.526547625381355,
            47.33928788832706
          ],
          [
            8.526523269833381,
            47.339272637097764
          ],
          [
            8.526504592865226,
            47.33926460048175
          ],
          [
            8.526487168535194,
            47.33925764047896
          ],
          [
            8.526461859310583,
            47.33924753449209
          ],
          [
            8.526442396392307,
            47.33924053972247
          ],
          [
            8.526396456416935,
            47.33923041224974
          ],
          [
            8.526337993770438,
            47.33922072658447
          ],
          [
            8.52606605336935,
            47.33918172178349
          ],
          [
            8.526012130398387,
            47.33917531242274
          ],
          [
            8.525887670968698,
            47.339160248383784
          ],
          [
            8.525818478140915,
            47.33914804591397
          ],
          [
            8.525724383048427,
            47.33913140940316
          ],
          [
            8.525627166582884,
            47.33911744680163
          ],
          [
            8.525364340085284,
            47.339084705154015
          ],
          [
            8.52518905452453,
            47.33906126755363
          ],
          [
            8.525108176001034,
            47.33904900374486
          ],
          [
            8.52502671520768,
            47.33903933598099
          ],
          [
            8.524994336563537,
            47.33903426156527
          ],
          [
            8.524939006282521,
            47.33903086035542
          ],
          [
            8.524852367623229,
            47.339019055358825
          ],
          [
            8.524824203840694,
            47.339011062766204
          ],
          [
            8.52480671727336,
            47.339002331040504
          ],
          [
            8.524747637570705,
            47.338974012298266
          ],
          [
            8.524643413796314,
            47.3389258790225
          ],
          [
            8.524613736011284,
            47.33890728087428
          ],
          [
            8.52459071297661,
            47.33890018076133
          ],
          [
            8.524569225483834,
            47.33889512070508
          ],
          [
            8.52454973926224,
            47.33889281234405
          ],
          [
            8.524495908916517,
            47.338887678727296
          ],
          [
            8.52437033756807,
            47.33887514217931
          ],
          [
            8.524302942927378,
            47.3388680311736
          ],
          [
            8.524263764831696,
            47.33886436079007
          ],
          [
            8.524234676033974,
            47.33885837369147
          ],
          [
            8.524160914460984,
            47.338844666023505
          ],
          [
            8.524110999310471,
            47.3388348898611
          ],
          [
            8.523748751669448,
            47.33879542448366
          ],
          [
            8.523722672992019,
            47.3387923413997
          ],
          [
            8.523711761188714,
            47.33879065392379
          ],
          [
            8.523665569378235,
            47.33877525654373
          ],
          [
            8.523624165201053,
            47.33875126869411
          ],
          [
            8.523603771267172,
            47.33873946076689
          ],
          [
            8.52355702858115,
            47.33871063867019
          ],
          [
            8.523546675697032,
            47.338703899611865
          ],
          [
            8.52353327768467,
            47.33869252965243
          ],
          [
            8.523525914198272,
            47.33868312689942
          ],
          [
            8.523521466564048,
            47.33866354114752
          ],
          [
            8.523521375468533,
            47.338659062388096
          ],
          [
            8.523526635847096,
            47.33861906521253
          ],
          [
            8.523537734989462,
            47.33856750828421
          ],
          [
            8.523540254038512,
            47.338556033703696
          ],
          [
            8.52354207011623,
            47.33854773204474
          ],
          [
            8.523535792514643,
            47.33853966836818
          ],
          [
            8.52354318554757,
            47.33839373251861
          ],
          [
            8.52346690331722,
            47.33836691599238
          ],
          [
            8.523419525025197,
            47.33836141180703
          ],
          [
            8.523196661736261,
            47.338369549837346
          ]
        ]
      },
      "properties": {
        "infraType": "electricity",
        "geomType": "cable-hv",
        "layer": "EN_STROMLEITUNGEN_L",
        "eigentuemer": "EWZ",
        "spannung_kv": 150,
        "leitung_typ": "Kabelleitung",
        "betriebsstatus": "inBetrieb",
        "spannung_bezeichnung": "Hochspannung"
      }
    },
    {
      "type": "Feature",
      "geometry": {
        "type": "LineString",
        "coordinates": [
          [
            8.546827902781288,
            47.37397228156553
          ],
          [
            8.546295243226119,
            47.37393626484382
          ],
          [
            8.546236878129617,
            47.37392634516273
          ],
          [
            8.545870971290592,
            47.373848779919484
          ],
          [
            8.545764156875741,
            47.37381089973149
          ],
          [
            8.545690991790352,
            47.37378261860172
          ],
          [
            8.545619951278821,
            47.37376360815834
          ],
          [
            8.545553426647235,
            47.37373817773219
          ],
          [
            8.545283217953742,
            47.37364459066381
          ],
          [
            8.54526673962254,
            47.37364303945754
          ],
          [
            8.545168501567952,
            47.373655305487404
          ],
          [
            8.545070263654791,
            47.3736675804269
          ],
          [
            8.545042787596767,
            47.37367333965046
          ],
          [
            8.545029654965127,
            47.37367795402286
          ],
          [
            8.545017365924869,
            47.37368365772196
          ],
          [
            8.545006182829244,
            47.373690331298306
          ],
          [
            8.54499634080721,
            47.37369781958231
          ],
          [
            8.544988021285215,
            47.37370593193856
          ],
          [
            8.544841809958932,
            47.373894368456405
          ],
          [
            8.544699077306753,
            47.37407303061004
          ],
          [
            8.544691858394405,
            47.374081222355656
          ],
          [
            8.544673308574094,
            47.37409599011137
          ],
          [
            8.544650034001354,
            47.374107690782296
          ],
          [
            8.544623844136082,
            47.374115461496025
          ],
          [
            8.544580350500555,
            47.37412281319554
          ],
          [
            8.544344450154425,
            47.374159343106506
          ],
          [
            8.544108549484685,
            47.374195872534976
          ],
          [
            8.543938863859497,
            47.37422249389072
          ],
          [
            8.54391695247839,
            47.37422593281566
          ],
          [
            8.543880556722044,
            47.37422877272811
          ],
          [
            8.543858750141307,
            47.374227623113505
          ],
          [
            8.543838392967857,
            47.374224210839635
          ],
          [
            8.543824112195443,
            47.37421625184463
          ],
          [
            8.543779065286696,
            47.37418957146495
          ],
          [
            8.543754313482014,
            47.3741830439252
          ],
          [
            8.54372962917711,
            47.37418360391125
          ],
          [
            8.543714694106388,
            47.37418559979677
          ],
          [
            8.543671038246899,
            47.37420231665306
          ],
          [
            8.543641352503709,
            47.37420690032248
          ],
          [
            8.543520482616433,
            47.37422554311261
          ],
          [
            8.54345312505262,
            47.37423592913455
          ],
          [
            8.543405064017172,
            47.37424334206463
          ],
          [
            8.543273477138085,
            47.374263634259776
          ],
          [
            8.543241189713193,
            47.37426862050206
          ],
          [
            8.54320835205434,
            47.37427191191403
          ],
          [
            8.543186421637255,
            47.37427245444427
          ],
          [
            8.543133847708031,
            47.374276735127715
          ],
          [
            8.543109263100735,
            47.3742782744984
          ],
          [
            8.543057727048454,
            47.37428030543157
          ],
          [
            8.542914635935208,
            47.37429499529192
          ],
          [
            8.542836519791924,
            47.37431218518806
          ],
          [
            8.54248789397591,
            47.37432915394743
          ],
          [
            8.542116863268387,
            47.37434742410325
          ],
          [
            8.541936475413543,
            47.37435606449776
          ],
          [
            8.541785763460908,
            47.37436411536604
          ],
          [
            8.541730050321139,
            47.37436388284023
          ],
          [
            8.541730000120552,
            47.37436977513941
          ],
          [
            8.541700109540944,
            47.37436965580237
          ],
          [
            8.541689799949438,
            47.374369295501126
          ],
          [
            8.54167938726139,
            47.37436843245541
          ],
          [
            8.541669108852178,
            47.374367019422586
          ],
          [
            8.541653029144328,
            47.37436361988855
          ],
          [
            8.541646733849522,
            47.37436271752237
          ],
          [
            8.541516774291903,
            47.37436385049837
          ],
          [
            8.54145774828301,
            47.374369901097424
          ],
          [
            8.541457440673904,
            47.37436847380639
          ],
          [
            8.541416424708189,
            47.37437266134635
          ],
          [
            8.541365666041413,
            47.374375727537426
          ],
          [
            8.541312848580722,
            47.374382393427
          ],
          [
            8.541236541798536,
            47.37439291755006
          ],
          [
            8.540541255780068,
            47.3744157075807
          ],
          [
            8.540351935883189,
            47.37442652656877
          ],
          [
            8.540323176763613,
            47.37443239584308
          ],
          [
            8.540300343475332,
            47.37444563858085
          ],
          [
            8.540231015145961,
            47.37450679299957
          ],
          [
            8.540192789694084,
            47.374524275295165
          ],
          [
            8.540177636805716,
            47.37452599394836
          ],
          [
            8.539204667587851,
            47.37456529594452
          ],
          [
            8.53780134779628,
            47.374714892998355
          ],
          [
            8.537403514702468,
            47.374643965253206
          ],
          [
            8.537353039391995,
            47.37463124950928
          ],
          [
            8.537244756660765,
            47.37461692472363
          ],
          [
            8.536989809016909,
            47.37454363804983
          ],
          [
            8.536849725132651,
            47.37447501479951
          ],
          [
            8.536727096761332,
            47.37440580267169
          ],
          [
            8.53646772962118,
            47.374173853876016
          ],
          [
            8.536314356234957,
            47.37401994746479
          ],
          [
            8.536130818664196,
            47.37383186618539
          ],
          [
            8.536039112839577,
            47.37370558221846
          ],
          [
            8.535909847768774,
            47.37360780076268
          ],
          [
            8.535778352445632,
            47.37347054269849
          ],
          [
            8.53551874019378,
            47.37320051949466
          ],
          [
            8.535492327590035,
            47.37318528068257
          ],
          [
            8.535474547203824,
            47.37318156362298
          ],
          [
            8.535456665776069,
            47.37318130165309
          ],
          [
            8.535140083484928,
            47.37320684018574
          ],
          [
            8.535126328435657,
            47.37321148631885
          ],
          [
            8.534861479759197,
            47.373328419198494
          ],
          [
            8.534838504973449,
            47.37333289193667
          ],
          [
            8.534805502183406,
            47.37332943617432
          ],
          [
            8.534762611704517,
            47.37331528006944
          ],
          [
            8.534738937109426,
            47.373293448654664
          ],
          [
            8.534666153898668,
            47.37321965957008
          ],
          [
            8.534592722275532,
            47.373057715256785
          ],
          [
            8.534513793450634,
            47.37282287248444
          ],
          [
            8.534470387076214,
            47.372770716712246
          ],
          [
            8.534442952508835,
            47.3727443873587
          ],
          [
            8.534447062239357,
            47.372742693264684
          ],
          [
            8.534348663764051,
            47.37264862997754
          ],
          [
            8.534318037261038,
            47.372611950484746
          ],
          [
            8.534243329308918,
            47.37260227874126
          ],
          [
            8.534233467877671,
            47.37260566449897
          ],
          [
            8.53422163497561,
            47.3726091229262
          ],
          [
            8.534135652654772,
            47.37263137385128
          ],
          [
            8.534045377954945,
            47.372655455450555
          ],
          [
            8.533976602482257,
            47.372670931647505
          ],
          [
            8.533920784896843,
            47.37269065656836
          ],
          [
            8.533859222440997,
            47.37270016438733
          ],
          [
            8.533764786853395,
            47.37273184113192
          ],
          [
            8.533705080599704,
            47.37274088960786
          ],
          [
            8.533698746627108,
            47.37273228734081
          ],
          [
            8.533593188965582,
            47.37275240269372
          ],
          [
            8.533596950959776,
            47.37276149709478
          ],
          [
            8.533500995471384,
            47.37280557433055
          ],
          [
            8.533407112803665,
            47.37286283759687
          ],
          [
            8.533358346929454,
            47.37290292335728
          ],
          [
            8.533310747693962,
            47.372919223897284
          ],
          [
            8.533169780258866,
            47.372953445984145
          ],
          [
            8.533117098342762,
            47.37297243018015
          ],
          [
            8.533063322598657,
            47.373038749018036
          ],
          [
            8.533065508158842,
            47.373140616196864
          ],
          [
            8.53337764325291,
            47.37374672783182
          ],
          [
            8.533401209784829,
            47.373816117811636
          ],
          [
            8.533395322817507,
            47.37385571710983
          ],
          [
            8.533358577723707,
            47.37390409936929
          ],
          [
            8.533328406171282,
            47.37393012938
          ],
          [
            8.533108654445604,
            47.37402980085548
          ],
          [
            8.533067609461245,
            47.37404742442716
          ],
          [
            8.532966514672655,
            47.37417121614913
          ],
          [
            8.53293817084789,
            47.37420592343044
          ],
          [
            8.532698049768305,
            47.374506667213915
          ],
          [
            8.532706855241344,
            47.37450987603021
          ],
          [
            8.532690614412893,
            47.374528856661826
          ],
          [
            8.53267972581288,
            47.374537703057925
          ],
          [
            8.532653187613267,
            47.374553111200235
          ],
          [
            8.532581562589385,
            47.37458408604071
          ],
          [
            8.532550671702513,
            47.3745990406485
          ],
          [
            8.53247479135223,
            47.374624630757346
          ],
          [
            8.532406949821151,
            47.37463865791688
          ],
          [
            8.532311761220187,
            47.374637716110726
          ],
          [
            8.53225781738146,
            47.37464369588292
          ],
          [
            8.532200900815557,
            47.3746609746693
          ],
          [
            8.53178807330751,
            47.37485775845815
          ],
          [
            8.531541628534754,
            47.375028796736785
          ],
          [
            8.531512486256236,
            47.37506699591237
          ],
          [
            8.531493951025968,
            47.37508525147882
          ],
          [
            8.531424594948504,
            47.37513130693372
          ],
          [
            8.531387190802342,
            47.375147672107886
          ],
          [
            8.531322141702038,
            47.375175876405486
          ],
          [
            8.531312565599052,
            47.37518029364521
          ],
          [
            8.531281289244815,
            47.37520677430627
          ],
          [
            8.53123572036082,
            47.375231168351725
          ],
          [
            8.531150046260292,
            47.37527770180596
          ],
          [
            8.530952262163245,
            47.37540939170552
          ],
          [
            8.530711471866733,
            47.37556776260075
          ],
          [
            8.530215741215542,
            47.37589527776551
          ],
          [
            8.529577076482571,
            47.37631833038978
          ],
          [
            8.529563827568667,
            47.376327063843064
          ],
          [
            8.529553658548677,
            47.376336172988964
          ],
          [
            8.5295457892141,
            47.37634635782073
          ],
          [
            8.5295411428714,
            47.37635672809741
          ],
          [
            8.529539135286567,
            47.376369277258505
          ],
          [
            8.529540004364206,
            47.376380036209476
          ],
          [
            8.529541155302214,
            47.37638903845017
          ],
          [
            8.529546718788458,
            47.37640788555565
          ],
          [
            8.529556354224232,
            47.376427053110916
          ],
          [
            8.529573701540604,
            47.37645033955985
          ],
          [
            8.529604250471468,
            47.3764761009161
          ],
          [
            8.529624452428507,
            47.376489402799876
          ],
          [
            8.53002562883949,
            47.37675703103974
          ],
          [
            8.530196449110736,
            47.37686405107549
          ],
          [
            8.530481715215815,
            47.37706034516989
          ],
          [
            8.530561849418765,
            47.37711374194466
          ],
          [
            8.5305943149729,
            47.37713592735518
          ],
          [
            8.530614418588758,
            47.37714699021263
          ],
          [
            8.530630592507718,
            47.37715304395246
          ],
          [
            8.530648269490019,
            47.37715812999858
          ],
          [
            8.530667741891925,
            47.37716165190868
          ],
          [
            8.530694129720143,
            47.37716402003028
          ],
          [
            8.530720820502395,
            47.377172771816575
          ],
          [
            8.530744884030549,
            47.37718449883426
          ],
          [
            8.530765367278178,
            47.377199803772946
          ],
          [
            8.530773855916337,
            47.37720821491164
          ],
          [
            8.530779551270893,
            47.37721602280014
          ],
          [
            8.530782805290198,
            47.37722295425772
          ],
          [
            8.530784434540227,
            47.37723137627614
          ],
          [
            8.530784797887847,
            47.3772394144776
          ],
          [
            8.53078301762624,
            47.37724688826286
          ],
          [
            8.530780260003846,
            47.37725448822495
          ],
          [
            8.530772908756417,
            47.377264101547695
          ],
          [
            8.530765701842943,
            47.37726912599456
          ],
          [
            8.53075063076121,
            47.37728264422151
          ]
        ]
      },
      "properties": {
        "infraType": "electricity",
        "geomType": "cable-hv",
        "layer": "EN_STROMLEITUNGEN_L",
        "eigentuemer": "EWZ",
        "spannung_kv": 150,
        "leitung_typ": "Kabelleitung",
        "betriebsstatus": "inBetrieb",
        "spannung_bezeichnung": "Hochspannung"
      }
    }
  ]
}