{"type":"FeatureCollection","features":[{"type":"Feature","geometry":{"type":"LineString","coordinates":[[8.547040199282415,47.365615428512974],[8.547006110503498,47.36560157927193],[8.546992529878997,47.365617019396964]]},"properties":{"layer":"LKZ1315-MLU1","infraType":"water","geomType":"pipe","source":"order_55297/NIS_ZH_WVZ.dxf","_dedupKey":"2683721.3,1246676.9|2683724.9,1246676.8"}},{"type":"Feature","geometry":{"type":"LineString","coordinates":[[8.547006110503498,47.36560157927193],[8.546983384598406,47.365592343441165],[8.546969803969672,47.365607783563576]]},"properties":{"layer":"LKZ1315-MLU1","infraType":"water","geomType":"pipe","source":"order_55297/NIS_ZH_WVZ.dxf","_dedupKey":"2683719.6,1246675.9|2683722.3,1246675.2"}},{"type":"Feature","geometry":{"type":"LineString","coordinates":[[8.546992529878997,47.365617019396964],[8.546814594216164,47.36581917541584]]},"properties":{"layer":"LKZ1315-MLU1","infraType":"water","geomType":"pipe","source":"order_55297/NIS_ZH_WVZ.dxf","_dedupKey":"2683707.5,1246699.2|2683721.3,1246676.9"}},{"type":"Feature","geometry":{"type":"LineString","coordinates":[[8.546969803969672,47.365607783563576],[8.546853525847395,47.365739896157805],[8.546731439228001,47.36587858585735]]},"properties":{"layer":"LKZ1315-MLU1","infraType":"water","geomType":"pipe","source":"order_55297/NIS_ZH_WVZ.dxf","_dedupKey":"2683701.1,1246705.7|2683719.6,1246675.9"}},{"type":"Feature","geometry":{"type":"LineString","coordinates":[[8.546853525847395,47.365739896157805],[8.546754063362924,47.3656994817152],[8.546338603634329,47.36556254883036]]},"properties":{"layer":"LKZ1315-MLU1","infraType":"water","geomType":"pipe","source":"order_55297/NIS_ZH_WVZ.dxf","_dedupKey":"2683672,1246670.2|2683710.6,1246690.4"}},{"type":"Feature","geometry":{"type":"LineString","coordinates":[[8.546983384598406,47.365592343441165],[8.546954983986849,47.36558080532786]]},"properties":{"layer":"LKZ1315-MLU1","infraType":"water","geomType":"pipe","source":"order_55297/NIS_ZH_WVZ.dxf","_dedupKey":"2683718.5,1246672.9|2683720.6,1246674.2"}},{"type":"Feature","geometry":{"type":"LineString","coordinates":[[8.54783103594289,47.36505699805211],[8.547835523347201,47.365060777904965],[8.547840630875594,47.36506509151248]]},"properties":{"layer":"LKZ1313-MLU1","infraType":"water","geomType":"pipe","source":"order_55297/NIS_ZH_WVZ.dxf","_dedupKey":"2683785.5,1246615.6|2683786.2,1246616.5"}},{"type":"Feature","geometry":{"type":"LineString","coordinates":[[8.547824041150262,47.36505042678948],[8.54783103594289,47.36505699805211]]},"properties":{"layer":"LKZ1313-MLU1","infraType":"water","geomType":"pipe","source":"order_55297/NIS_ZH_WVZ.dxf","_dedupKey":"2683785,1246614.8|2683785.5,1246615.6"}},{"type":"Feature","geometry":{"type":"LineString","coordinates":[[8.54813077548552,47.36504348655913],[8.548219058210437,47.3649405161117],[8.548223470520568,47.36493559833131],[8.548225191337616,47.36493367481975]]},"properties":{"layer":"LKZ1314-MLU1","infraType":"water","geomType":"pipe","source":"order_55297/NIS_ZH_WVZ.dxf","_dedupKey":"2683808.1,1246614.4|2683815.5,1246602.3"}},{"type":"Feature","geometry":{"type":"LineString","coordinates":[[8.548615037849387,47.364490936728735],[8.548636248775034,47.36449990794993],[8.548680634682231,47.364517435714646]]},"properties":{"layer":"LKZ1314-MLU1","infraType":"water","geomType":"pipe","source":"order_55297/NIS_ZH_WVZ.dxf","_dedupKey":"2683845.6,1246553.5|2683850.5,1246556.5"}},{"type":"Feature","geometry":{"type":"LineString","coordinates":[[8.548225191337616,47.36493367481975],[8.548227970432196,47.36493488945378],[8.548229493658253,47.364935558452636]]},"properties":{"layer":"LKZ1314-MLU1","infraType":"water","geomType":"pipe","source":"order_55297/NIS_ZH_WVZ.dxf","_dedupKey":"2683815.5,1246602.3|2683815.8,1246602.5"}},{"type":"Feature","geometry":{"type":"LineString","coordinates":[[8.548229493658253,47.364935558452636],[8.54830491307145,47.36496325858411]]},"properties":{"layer":"LKZ1314-MLU1","infraType":"water","geomType":"pipe","source":"order_55297/NIS_ZH_WVZ.dxf","_dedupKey":"2683815.8,1246602.5|2683821.4,1246605.6"}},{"type":"Feature","geometry":{"type":"LineString","coordinates":[[8.548225191337616,47.36493367481975],[8.548226872069641,47.36493173370294],[8.548310057348615,47.36483576542924],[8.548612793855806,47.36448998681651],[8.548668092058504,47.36442627315547],[8.548669772758382,47.36442433203188]]},"properties":{"layer":"LKZ1314-MLU1","infraType":"water","geomType":"pipe","source":"order_55297/NIS_ZH_WVZ.dxf","_dedupKey":"2683815.5,1246602.3|2683849.8,1246546.1"}},{"type":"Feature","geometry":{"type":"LineString","coordinates":[[8.547421707756586,47.3656915536246],[8.54742531715167,47.365693857718114]]},"properties":{"layer":"LKZ1314-MLU1","infraType":"water","geomType":"pipe","source":"order_55297/NIS_ZH_WVZ.dxf","_dedupKey":"2683753.6,1246685.7|2683753.8,1246685.9"}},{"type":"Feature","geometry":{"type":"LineString","coordinates":[[8.547644458788005,47.36581470867965],[8.54764681465914,47.365812761089174],[8.547647660849352,47.365812069330026]]},"properties":{"layer":"LKZ1315-MLU1","infraType":"water","geomType":"pipe","source":"order_55297/NIS_ZH_WVZ.dxf","_dedupKey":"2683770.2,1246699.6|2683770.5,1246699.3"}},{"type":"Feature","geometry":{"type":"LineString","coordinates":[[8.547261014769335,47.36448876775013],[8.547270632307253,47.36455461909423],[8.547290482936955,47.36457394807634],[8.547294564037356,47.364577929744364],[8.547298658375121,47.36458191128521],[8.547305915013382,47.3645889837958],[8.547320468192996,47.36460313742782]]},"properties":{"layer":"LKZ1313-MLU1","infraType":"water","geomType":"pipe","source":"order_55297/NIS_ZH_WVZ.dxf","_dedupKey":"2683743.3,1246551.8|2683747.6,1246564.6"}},{"type":"Feature","geometry":{"type":"LineString","coordinates":[[8.547320468192996,47.36460313742782],[8.547486328557302,47.364762765667635],[8.547547130590983,47.36482290832807],[8.547552730170606,47.36482860248129]]},"properties":{"layer":"LKZ1313-MLU1","infraType":"water","geomType":"pipe","source":"order_55297/NIS_ZH_WVZ.dxf","_dedupKey":"2683747.6,1246564.6|2683764.8,1246589.9"}},{"type":"Feature","geometry":{"type":"LineString","coordinates":[[8.547294564037356,47.364577929744364],[8.547290657263153,47.36457978427492]]},"properties":{"layer":"LKZ1315-MLU1","infraType":"water","geomType":"pipe","source":"order_55297/NIS_ZH_WVZ.dxf","_dedupKey":"2683745.4,1246561.9|2683745.7,1246561.7"}},{"type":"Feature","geometry":{"type":"LineString","coordinates":[[8.547290657263153,47.36457978427492],[8.547288926843546,47.36458061045274],[8.54726699345756,47.36459100354925]]},"properties":{"layer":"LKZ1315-MLU1","infraType":"water","geomType":"pipe","source":"order_55297/NIS_ZH_WVZ.dxf","_dedupKey":"2683743.6,1246563.2|2683745.4,1246561.9"}},{"type":"Feature","geometry":{"type":"LineString","coordinates":[[8.54726699345756,47.36459100354925],[8.547119317905665,47.3646621607016],[8.54709460845777,47.364690588759665],[8.547074358157905,47.36471380178553]]},"properties":{"layer":"LKZ1315-MLU1","infraType":"water","geomType":"pipe","source":"order_55297/NIS_ZH_WVZ.dxf","_dedupKey":"2683728.9,1246576.6|2683743.6,1246563.2"}},{"type":"Feature","geometry":{"type":"LineString","coordinates":[[8.547486328557302,47.364762765667635],[8.547490683331679,47.36476080788225],[8.547514322936753,47.36474969673738],[8.547534010432068,47.3647401707061]]},"properties":{"layer":"LKZ1315-MLU1","infraType":"water","geomType":"pipe","source":"order_55297/NIS_ZH_WVZ.dxf","_dedupKey":"2683759.9,1246582.5|2683763.6,1246580"}},{"type":"Feature","geometry":{"type":"LineString","coordinates":[[8.547552730170606,47.36482860248129],[8.54758385908611,47.36485738499552],[8.547648356051686,47.3649194800581],[8.547698240565019,47.3649658479148]]},"properties":{"layer":"LKZ1313-MLU1","infraType":"water","geomType":"pipe","source":"order_55297/NIS_ZH_WVZ.dxf","_dedupKey":"2683764.8,1246589.9|2683775.6,1246605.3"}},{"type":"Feature","geometry":{"type":"LineString","coordinates":[[8.547698240565019,47.3649658479148],[8.547706172622233,47.364973561567254],[8.547743464445023,47.36497910427575],[8.547779704250765,47.365012353234924],[8.547786002248085,47.36501788775141],[8.547792078775108,47.36502359530289],[8.547824041150262,47.36505042678948]]},"properties":{"layer":"LKZ1313-MLU1","infraType":"water","geomType":"pipe","source":"order_55297/NIS_ZH_WVZ.dxf","_dedupKey":"2683775.6,1246605.3|2683785,1246614.8"}},{"type":"Feature","geometry":{"type":"LineString","coordinates":[[8.547786002248085,47.36501788775141],[8.547778981571241,47.36502152626387],[8.547770593754109,47.36502499800209],[8.54776670038767,47.36502686141478],[8.547747625278955,47.36503655251156]]},"properties":{"layer":"LKZ1315-MLU1","infraType":"water","geomType":"pipe","source":"order_55297/NIS_ZH_WVZ.dxf","_dedupKey":"2683779.2,1246613.2|2683782.1,1246611.2"}},{"type":"Feature","geometry":{"type":"LineString","coordinates":[[8.547747625278955,47.36503655251156],[8.547731657552683,47.36504478352992],[8.547727957123495,47.36504637523297],[8.547699986963009,47.36506061335367],[8.547696483213954,47.3650621132151],[8.547659266490461,47.365079912261]]},"properties":{"layer":"LKZ1315-MLU1","infraType":"water","geomType":"pipe","source":"order_55297/NIS_ZH_WVZ.dxf","_dedupKey":"2683772.5,1246617.9|2683779.2,1246613.2"}},{"type":"Feature","geometry":{"type":"LineString","coordinates":[[8.547659266490461,47.365079912261],[8.547648230483693,47.36508528041757]]},"properties":{"layer":"LKZ1315-MLU1","infraType":"water","geomType":"pipe","source":"order_55297/NIS_ZH_WVZ.dxf","_dedupKey":"2683771.6,1246618.5|2683772.5,1246617.9"}},{"type":"Feature","geometry":{"type":"LineString","coordinates":[[8.547840630875594,47.36506509151248],[8.547858950532728,47.3650820873598],[8.548023927602864,47.36515394835215],[8.548032035388792,47.36515737858871]]},"properties":{"layer":"LKZ1313-MLU1","infraType":"water","geomType":"pipe","source":"order_55297/NIS_ZH_WVZ.dxf","_dedupKey":"2683786.2,1246616.5|2683800.5,1246626.9"}},{"type":"Feature","geometry":{"type":"LineString","coordinates":[[8.547945452008332,47.36525742711373],[8.547963813768868,47.365265625254345],[8.547981222613165,47.36527320288284]]},"properties":{"layer":"LKZ1314-MLU1","infraType":"water","geomType":"pipe","source":"order_55297/NIS_ZH_WVZ.dxf","_dedupKey":"2683793.8,1246638|2683796.5,1246639.8"}},{"type":"Feature","geometry":{"type":"LineString","coordinates":[[8.547981222613165,47.36527320288284],[8.547991656471703,47.3652777081908],[8.548004409323546,47.36529058372465]]},"properties":{"layer":"LKZ1314-MLU1","infraType":"water","geomType":"pipe","source":"order_55297/NIS_ZH_WVZ.dxf","_dedupKey":"2683796.5,1246639.8|2683798.2,1246641.7"}},{"type":"Feature","geometry":{"type":"LineString","coordinates":[[8.548004409323546,47.36529058372465],[8.548038281163858,47.365323270662614],[8.548044695703108,47.36533058509104],[8.54812333800234,47.36540942795899]]},"properties":{"layer":"LKZ1314-MLU1","infraType":"water","geomType":"pipe","source":"order_55297/NIS_ZH_WVZ.dxf","_dedupKey":"2683798.2,1246641.7|2683807,1246655"}},{"type":"Feature","geometry":{"type":"LineString","coordinates":[[8.54812333800234,47.36540942795899],[8.548138751381622,47.36542481455946],[8.548144844037413,47.365430656865236],[8.54815516021523,47.36544095618478]]},"properties":{"layer":"LKZ1314-MLU1","infraType":"water","geomType":"pipe","source":"order_55297/NIS_ZH_WVZ.dxf","_dedupKey":"2683807,1246655|2683809.4,1246658.6"}},{"type":"Feature","geometry":{"type":"LineString","coordinates":[[8.54815516021523,47.36544095618478],[8.54815855232317,47.3654442698032],[8.548162630051271,47.36544871922246],[8.548167365563272,47.36545360308594],[8.548172107949096,47.36545818104705],[8.548173462343385,47.3654596432445]]},"properties":{"layer":"LKZ1314-MLU1","infraType":"water","geomType":"pipe","source":"order_55297/NIS_ZH_WVZ.dxf","_dedupKey":"2683809.4,1246658.6|2683810.7,1246660.7"}},{"type":"Feature","geometry":{"type":"LineString","coordinates":[[8.548173462343385,47.3654596432445],[8.548330035190544,47.36561298192497],[8.548343442028534,47.36562355736699],[8.548348308531423,47.3656315522965],[8.548384373575331,47.36566527049567],[8.548415525763652,47.365695761647615],[8.54842065393849,47.36570042584327]]},"properties":{"layer":"LKZ1314-MLU1","infraType":"water","geomType":"pipe","source":"order_55297/NIS_ZH_WVZ.dxf","_dedupKey":"2683810.7,1246660.7|2683829,1246687.7"}},{"type":"Feature","geometry":{"type":"LineString","coordinates":[[8.54842065393849,47.36570042584327],[8.548451602800624,47.36573132372243],[8.548459745806245,47.36573961998289],[8.54851209815766,47.365789984620314],[8.548670689155296,47.365946046976774],[8.548737590971376,47.36601223811267],[8.548752360254984,47.36603037435233]]},"properties":{"layer":"LKZ1314-MLU1","infraType":"water","geomType":"pipe","source":"order_55297/NIS_ZH_WVZ.dxf","_dedupKey":"2683829,1246687.7|2683853.5,1246724.8"}},{"type":"Feature","geometry":{"type":"LineString","coordinates":[[8.548752360254984,47.36603037435233],[8.548755764670219,47.366034911179355],[8.548762051704486,47.36604245167316],[8.548758468609472,47.366061124124926],[8.548768637965049,47.36607580545323],[8.54877658725767,47.36608496709062],[8.548797477737015,47.36608932683776],[8.54880430824828,47.36609880506368],[8.54880757449512,47.36610306436676]]},"properties":{"layer":"LKZ1314-MLU1","infraType":"water","geomType":"pipe","source":"order_55297/NIS_ZH_WVZ.dxf","_dedupKey":"2683853.5,1246724.8|2683857.6,1246732.9"}},{"type":"Feature","geometry":{"type":"LineString","coordinates":[[8.54880757449512,47.36610306436676],[8.548812496120172,47.366111157693695]]},"properties":{"layer":"LKZ1314-MLU1","infraType":"water","geomType":"pipe","source":"order_55297/NIS_ZH_WVZ.dxf","_dedupKey":"2683857.6,1246732.9|2683858,1246733.8"}},{"type":"Feature","geometry":{"type":"LineString","coordinates":[[8.549457777361141,47.36474763409992],[8.549449860295182,47.364744462988696],[8.549447003261045,47.36474332109504]]},"properties":{"layer":"LKZ1314-MLU1","infraType":"water","geomType":"pipe","source":"order_55297/NIS_ZH_WVZ.dxf","_dedupKey":"2683908,1246582.4|2683908.8,1246582.9"}},{"type":"Feature","geometry":{"type":"LineString","coordinates":[[8.549447003261045,47.36474332109504],[8.549445322392032,47.364745253236315],[8.549439271674842,47.364752228730325]]},"properties":{"layer":"LKZ1314-MLU1","infraType":"water","geomType":"pipe","source":"order_55297/NIS_ZH_WVZ.dxf","_dedupKey":"2683907.4,1246583.4|2683908,1246582.4"}},{"type":"Feature","geometry":{"type":"LineString","coordinates":[[8.549439271674842,47.364752228730325],[8.549364700309091,47.36484086487814],[8.549354296315672,47.36485304547057]]},"properties":{"layer":"LKZ1314-MLU1","infraType":"water","geomType":"pipe","source":"order_55297/NIS_ZH_WVZ.dxf","_dedupKey":"2683900.9,1246594.5|2683907.4,1246583.4"}},{"type":"Feature","geometry":{"type":"LineString","coordinates":[[8.549364700309091,47.36484086487814],[8.549351937798068,47.364835797402506]]},"properties":{"layer":"LKZ1317-MLU1","infraType":"water","geomType":"pipe","source":"order_55297/NIS_ZH_WVZ.dxf","_dedupKey":"2683900.7,1246592.6|2683901.7,1246593.2"}},{"type":"Feature","geometry":{"type":"LineString","coordinates":[[8.549351937798068,47.364835797402506],[8.549343370435066,47.36483255158162]]},"properties":{"layer":"LKZ1317-MLU1","infraType":"water","geomType":"pipe","source":"order_55297/NIS_ZH_WVZ.dxf","_dedupKey":"2683900.1,1246592.2|2683900.7,1246592.6"}},{"type":"Feature","geometry":{"type":"LineString","coordinates":[[8.54929173348663,47.36490930035226],[8.549263679519981,47.36489788540233]]},"properties":{"layer":"LKZ1315-MLU1","infraType":"water","geomType":"pipe","source":"order_55297/NIS_ZH_WVZ.dxf","_dedupKey":"2683893.9,1246599.4|2683896,1246600.7"}},{"type":"Feature","geometry":{"type":"LineString","coordinates":[[8.54920692620105,47.36503092121432],[8.549297879101337,47.36506956238682]]},"properties":{"layer":"LKZ1315-MLU1","infraType":"water","geomType":"pipe","source":"order_55297/NIS_ZH_WVZ.dxf","_dedupKey":"2683889.5,1246614.1|2683896.3,1246618.5"}},{"type":"Feature","geometry":{"type":"LineString","coordinates":[[8.548527560771348,47.365078317282105],[8.548515845862177,47.36508795576279]]},"properties":{"layer":"LKZ1315-MLU1","infraType":"water","geomType":"pipe","source":"order_55297/NIS_ZH_WVZ.dxf","_dedupKey":"2683837.2,1246619.7|2683838.1,1246618.7"}},{"type":"Feature","geometry":{"type":"LineString","coordinates":[[8.548735404531925,47.36453453082791],[8.548750209362728,47.36454040629617],[8.548791732585457,47.364557151969365],[8.5487887634193,47.36456079657467],[8.548787149277745,47.36456275505049]]},"properties":{"layer":"LKZ1315-MLU1","infraType":"water","geomType":"pipe","source":"order_55297/NIS_ZH_WVZ.dxf","_dedupKey":"2683854.6,1246558.4|2683858.5,1246561.6"}},{"type":"Feature","geometry":{"type":"LineString","coordinates":[[8.548044695703108,47.36533058509104],[8.548050577617596,47.365328846489795],[8.548054603178416,47.36532697280282]]},"properties":{"layer":"LKZ1315-MLU1","infraType":"water","geomType":"pipe","source":"order_55297/NIS_ZH_WVZ.dxf","_dedupKey":"2683801.2,1246646.2|2683802,1246645.8"}},{"type":"Feature","geometry":{"type":"LineString","coordinates":[[8.548054603178416,47.36532697280282],[8.548063656137815,47.365322379252675],[8.54806734291356,47.36532013102216]]},"properties":{"layer":"LKZ1315-MLU1","infraType":"water","geomType":"pipe","source":"order_55297/NIS_ZH_WVZ.dxf","_dedupKey":"2683802,1246645.8|2683802.9,1246645.1"}},{"type":"Feature","geometry":{"type":"LineString","coordinates":[[8.548138751381622,47.36542481455946],[8.548133201985138,47.36542789924751],[8.548129370294705,47.36542954619519]]},"properties":{"layer":"LKZ1315-MLU1","infraType":"water","geomType":"pipe","source":"order_55297/NIS_ZH_WVZ.dxf","_dedupKey":"2683807.4,1246657.3|2683808.2,1246656.8"}},{"type":"Feature","geometry":{"type":"LineString","coordinates":[[8.548129370294705,47.36542954619519],[8.548120127326023,47.36543391669608],[8.548112269964157,47.36543616001794],[8.548087161035992,47.36545619961895],[8.548085092357631,47.36545413261008]]},"properties":{"layer":"LKZ1315-MLU1","infraType":"water","geomType":"pipe","source":"order_55297/NIS_ZH_WVZ.dxf","_dedupKey":"2683804.1,1246660|2683807.4,1246657.3"}},{"type":"Feature","geometry":{"type":"LineString","coordinates":[[8.548085092357631,47.36545413261008],[8.548083430333822,47.3654525204488],[8.548078306895977,47.36545507932176]]},"properties":{"layer":"LKZ1315-MLU1","infraType":"water","geomType":"pipe","source":"order_55297/NIS_ZH_WVZ.dxf","_dedupKey":"2683803.5,1246660.1|2683804.1,1246660"}},{"type":"Feature","geometry":{"type":"LineString","coordinates":[[8.548384373575331,47.36566527049567],[8.548400488734215,47.36565775758697],[8.548410722754848,47.36565265792647]]},"properties":{"layer":"LKZ1317-MLU1","infraType":"water","geomType":"pipe","source":"order_55297/NIS_ZH_WVZ.dxf","_dedupKey":"2683826.3,1246683.8|2683828.3,1246682.4"}},{"type":"Feature","geometry":{"type":"LineString","coordinates":[[8.548410722754848,47.36565265792647],[8.548429468910287,47.36564305983567]]},"properties":{"layer":"LKZ1317-MLU1","infraType":"water","geomType":"pipe","source":"order_55297/NIS_ZH_WVZ.dxf","_dedupKey":"2683828.3,1246682.4|2683829.8,1246681.3"}},{"type":"Feature","geometry":{"type":"LineString","coordinates":[[8.548415525763652,47.365695761647615],[8.54841050334696,47.36569808568967],[8.548403437295534,47.3657014548196],[8.548399472100158,47.36570304908779],[8.548393612676794,47.36570650556943]]},"properties":{"layer":"LKZ1315-MLU1","infraType":"water","geomType":"pipe","source":"order_55297/NIS_ZH_WVZ.dxf","_dedupKey":"2683827,1246688.4|2683828.6,1246687.2"}},{"type":"Feature","geometry":{"type":"LineString","coordinates":[[8.548393612676794,47.36570650556943],[8.548389717410204,47.365708279068905]]},"properties":{"layer":"LKZ1315-MLU1","infraType":"water","geomType":"pipe","source":"order_55297/NIS_ZH_WVZ.dxf","_dedupKey":"2683826.7,1246688.6|2683827,1246688.4"}},{"type":"Feature","geometry":{"type":"LineString","coordinates":[[8.548451602800624,47.36573132372243],[8.548434507822646,47.36574010537852],[8.54841358388709,47.365750030232526]]},"properties":{"layer":"LKZ1317-MLU1","infraType":"water","geomType":"pipe","source":"order_55297/NIS_ZH_WVZ.dxf","_dedupKey":"2683828.4,1246693.2|2683831.3,1246691.2"}},{"type":"Feature","geometry":{"type":"LineString","coordinates":[[8.548459745806245,47.36573961998289],[8.5484617894409,47.36573857489382],[8.548474197865511,47.36573107960526],[8.548478548001997,47.36572889694863],[8.548488912714111,47.36572371506884]]},"properties":{"layer":"LKZ1315-MLU1","infraType":"water","geomType":"pipe","source":"order_55297/NIS_ZH_WVZ.dxf","_dedupKey":"2683831.9,1246692.1|2683834.1,1246690.4"}},{"type":"Feature","geometry":{"type":"LineString","coordinates":[[8.548488912714111,47.36572371506884],[8.548502279497109,47.36571710109016]]},"properties":{"layer":"LKZ1315-MLU1","infraType":"water","geomType":"pipe","source":"order_55297/NIS_ZH_WVZ.dxf","_dedupKey":"2683834.1,1246690.4|2683835.2,1246689.7"}},{"type":"Feature","geometry":{"type":"LineString","coordinates":[[8.548502279497109,47.36571710109016],[8.548504164472869,47.36571606652017]]},"properties":{"layer":"LKZ1315-MLU1","infraType":"water","geomType":"pipe","source":"order_55297/NIS_ZH_WVZ.dxf","_dedupKey":"2683835.2,1246689.7|2683835.3,1246689.5"}},{"type":"Feature","geometry":{"type":"LineString","coordinates":[[8.548504164472869,47.36571606652017],[8.548525937250218,47.365704307470416]]},"properties":{"layer":"LKZ1315-MLU1","infraType":"water","geomType":"pipe","source":"order_55297/NIS_ZH_WVZ.dxf","_dedupKey":"2683835.3,1246689.5|2683837,1246688.3"}},{"type":"Feature","geometry":{"type":"LineString","coordinates":[[8.54851209815766,47.365789984620314],[8.548507280658097,47.365792612533276],[8.548502393415333,47.36579507020785],[8.548496145486551,47.365792584614766],[8.548489748900899,47.36579567746093]]},"properties":{"layer":"LKZ1315-MLU1","infraType":"water","geomType":"pipe","source":"order_55297/NIS_ZH_WVZ.dxf","_dedupKey":"2683834.1,1246698.4|2683835.8,1246697.8"}},{"type":"Feature","geometry":{"type":"LineString","coordinates":[[8.548489748900899,47.36579567746093],[8.548482418905643,47.36579972377043]]},"properties":{"layer":"LKZ1315-MLU1","infraType":"water","geomType":"pipe","source":"order_55297/NIS_ZH_WVZ.dxf","_dedupKey":"2683833.5,1246698.8|2683834.1,1246698.4"}},{"type":"Feature","geometry":{"type":"LineString","coordinates":[[8.548482418905643,47.36579972377043],[8.548447347476296,47.365815649441224]]},"properties":{"layer":"LKZ1315-MLU1","infraType":"water","geomType":"pipe","source":"order_55297/NIS_ZH_WVZ.dxf","_dedupKey":"2683830.8,1246700.6|2683833.5,1246698.8"}},{"type":"Feature","geometry":{"type":"LineString","coordinates":[[8.548670689155296,47.365946046976774],[8.548667128552983,47.365947997172405],[8.548660451299535,47.365950328135185],[8.548653229909311,47.365949417067874],[8.548651044536417,47.36595001376358]]},"properties":{"layer":"LKZ1315-MLU1","infraType":"water","geomType":"pipe","source":"order_55297/NIS_ZH_WVZ.dxf","_dedupKey":"2683846,1246715.7|2683847.5,1246715.3"}},{"type":"Feature","geometry":{"type":"LineString","coordinates":[[8.548651044536417,47.36595001376358],[8.548643660776527,47.36595338596137],[8.548633882341258,47.3659581124607]]},"properties":{"layer":"LKZ1315-MLU1","infraType":"water","geomType":"pipe","source":"order_55297/NIS_ZH_WVZ.dxf","_dedupKey":"2683844.7,1246716.6|2683846,1246715.7"}},{"type":"Feature","geometry":{"type":"LineString","coordinates":[[8.548633882341258,47.3659581124607],[8.54860681981599,47.365971442553736]]},"properties":{"layer":"LKZ1315-MLU1","infraType":"water","geomType":"pipe","source":"order_55297/NIS_ZH_WVZ.dxf","_dedupKey":"2683842.6,1246718|2683844.7,1246716.6"}},{"type":"Feature","geometry":{"type":"LineString","coordinates":[[8.548755764670219,47.366034911179355],[8.548760455111728,47.36603317500032],[8.548766334339092,47.36603003314142],[8.548775702238059,47.36602530158202],[8.548777348764123,47.366024260304656]]},"properties":{"layer":"LKZ1315-MLU1","infraType":"water","geomType":"pipe","source":"order_55297/NIS_ZH_WVZ.dxf","_dedupKey":"2683853.8,1246725.3|2683855.4,1246724.1"}},{"type":"Feature","geometry":{"type":"LineString","coordinates":[[8.548777348764123,47.366024260304656],[8.548781910705904,47.36602207560093]]},"properties":{"layer":"LKZ1315-MLU1","infraType":"water","geomType":"pipe","source":"order_55297/NIS_ZH_WVZ.dxf","_dedupKey":"2683855.4,1246724.1|2683855.8,1246723.9"}},{"type":"Feature","geometry":{"type":"LineString","coordinates":[[8.548781910705904,47.36602207560093],[8.54880554610643,47.366010748354725]]},"properties":{"layer":"LKZ1315-MLU1","infraType":"water","geomType":"pipe","source":"order_55297/NIS_ZH_WVZ.dxf","_dedupKey":"2683855.8,1246723.9|2683857.6,1246722.6"}},{"type":"Feature","geometry":{"type":"LineString","coordinates":[[8.54880554610643,47.366010748354725],[8.548813066107847,47.366006925078004]]},"properties":{"layer":"LKZ1315-MLU1","infraType":"water","geomType":"pipe","source":"order_55297/NIS_ZH_WVZ.dxf","_dedupKey":"2683857.6,1246722.6|2683858.2,1246722.2"}},{"type":"Feature","geometry":{"type":"LineString","coordinates":[[8.548813066107847,47.366006925078004],[8.548829819312722,47.36599953190973]]},"properties":{"layer":"LKZ1315-MLU1","infraType":"water","geomType":"pipe","source":"order_55297/NIS_ZH_WVZ.dxf","_dedupKey":"2683858.2,1246722.2|2683859.4,1246721.4"}},{"type":"Feature","geometry":{"type":"LineString","coordinates":[[8.548133534038246,47.36484777889658],[8.548130025802218,47.36484651729405],[8.548099572561979,47.36483558386757]]},"properties":{"layer":"LKZ1315-MLU1","infraType":"water","geomType":"pipe","source":"order_55297/NIS_ZH_WVZ.dxf","_dedupKey":"2683806.1,1246591.2|2683808.7,1246592.6"}},{"type":"Feature","geometry":{"type":"LineString","coordinates":[[8.548099572561979,47.36483558386757],[8.54809535734854,47.364834068195535]]},"properties":{"layer":"LKZ1315-MLU1","infraType":"water","geomType":"pipe","source":"order_55297/NIS_ZH_WVZ.dxf","_dedupKey":"2683805.8,1246591.1|2683806.1,1246591.2"}},{"type":"Feature","geometry":{"type":"LineString","coordinates":[[8.548032035388792,47.36515737858871],[8.547950266991934,47.365251498016896],[8.547945452008332,47.36525742711373]]},"properties":{"layer":"LKZ1313-MLU1","infraType":"water","geomType":"pipe","source":"order_55297/NIS_ZH_WVZ.dxf","_dedupKey":"2683793.8,1246638|2683800.5,1246626.9"}},{"type":"Feature","geometry":{"type":"LineString","coordinates":[[8.548032035388792,47.36515737858871],[8.548038542464832,47.365149418313095],[8.548044591590074,47.36514299161685]]},"properties":{"layer":"LKZ1314-MLU1","infraType":"water","geomType":"pipe","source":"order_55297/NIS_ZH_WVZ.dxf","_dedupKey":"2683800.5,1246626.9|2683801.5,1246625.3"}},{"type":"Feature","geometry":{"type":"LineString","coordinates":[[8.548044591590074,47.36514299161685],[8.548103029612514,47.36507485844238],[8.54813077548552,47.36504348655913]]},"properties":{"layer":"LKZ1314-MLU1","infraType":"water","geomType":"pipe","source":"order_55297/NIS_ZH_WVZ.dxf","_dedupKey":"2683801.5,1246625.3|2683808.1,1246614.4"}},{"type":"Feature","geometry":{"type":"LineString","coordinates":[[8.548103029612514,47.36507485844238],[8.54810799228681,47.365076663774516],[8.54811519658965,47.365079940771544]]},"properties":{"layer":"LKZ1315-MLU1","infraType":"water","geomType":"pipe","source":"order_55297/NIS_ZH_WVZ.dxf","_dedupKey":"2683806,1246617.8|2683806.9,1246618.4"}},{"type":"Feature","geometry":{"type":"LineString","coordinates":[[8.54811519658965,47.365079940771544],[8.548121444604243,47.36508243537915],[8.54812935289652,47.36508582254954],[8.548149282515466,47.3650936547864],[8.548168556847209,47.36510180814677]]},"properties":{"layer":"LKZ1315-MLU1","infraType":"water","geomType":"pipe","source":"order_55297/NIS_ZH_WVZ.dxf","_dedupKey":"2683806.9,1246618.4|2683810.9,1246620.9"}},{"type":"Feature","geometry":{"type":"LineString","coordinates":[[8.548680634682231,47.364517435714646],[8.5486780254656,47.36452056413193]]},"properties":{"layer":"LKZ1317-MLU1","infraType":"water","geomType":"pipe","source":"order_55297/NIS_ZH_WVZ.dxf","_dedupKey":"2683850.3,1246556.8|2683850.5,1246556.5"}},{"type":"Feature","geometry":{"type":"LineString","coordinates":[[8.5486780254656,47.36452056413193],[8.54867737973295,47.36452134392429]]},"properties":{"layer":"LKZ1317-MLU1","infraType":"water","geomType":"pipe","source":"order_55297/NIS_ZH_WVZ.dxf","_dedupKey":"2683850.3,1246556.8|2683850.3,1246556.9"}},{"type":"Feature","geometry":{"type":"LineString","coordinates":[[8.548680634682231,47.364517435714646],[8.548682251635222,47.36451561214107]]},"properties":{"layer":"LKZ1315-MLU1","infraType":"water","geomType":"pipe","source":"order_55297/NIS_ZH_WVZ.dxf","_dedupKey":"2683850.5,1246556.5|2683850.6,1246556.3"}},{"type":"Feature","geometry":{"type":"LineString","coordinates":[[8.548682251635222,47.36451561214107],[8.548683739404156,47.364513942727235]]},"properties":{"layer":"LKZ1315-MLU1","infraType":"water","geomType":"pipe","source":"order_55297/NIS_ZH_WVZ.dxf","_dedupKey":"2683850.6,1246556.3|2683850.7,1246556.1"}},{"type":"Feature","geometry":{"type":"LineString","coordinates":[[8.548683739404156,47.364513942727235],[8.54868590173247,47.36451478548084],[8.548689842149399,47.36451645669082]]},"properties":{"layer":"LKZ1315-MLU1","infraType":"water","geomType":"pipe","source":"order_55297/NIS_ZH_WVZ.dxf","_dedupKey":"2683850.7,1246556.1|2683851.2,1246556.4"}},{"type":"Feature","geometry":{"type":"LineString","coordinates":[[8.548689842149399,47.36451645669082],[8.548695285995658,47.36451848225234]]},"properties":{"layer":"LKZ1315-MLU1","infraType":"water","geomType":"pipe","source":"order_55297/NIS_ZH_WVZ.dxf","_dedupKey":"2683851.2,1246556.4|2683851.6,1246556.6"}},{"type":"Feature","geometry":{"type":"LineString","coordinates":[[8.548695285995658,47.36451848225234],[8.548735404531925,47.36453453082791]]},"properties":{"layer":"LKZ1315-MLU1","infraType":"water","geomType":"pipe","source":"order_55297/NIS_ZH_WVZ.dxf","_dedupKey":"2683851.6,1246556.6|2683854.6,1246558.4"}},{"type":"Feature","geometry":{"type":"LineString","coordinates":[[8.547945452008332,47.36525742711373],[8.547939958671645,47.36526447812842],[8.547938451870062,47.365266507521795]]},"properties":{"layer":"LKZ1313-MLU1","infraType":"water","geomType":"pipe","source":"order_55297/NIS_ZH_WVZ.dxf","_dedupKey":"2683793.3,1246639|2683793.8,1246638"}},{"type":"Feature","geometry":{"type":"LineString","coordinates":[[8.547938451870062,47.365266507521795],[8.547934769121927,47.365270221923815],[8.547919600342523,47.3652894913735],[8.547910069794657,47.36529976545774],[8.5479036905099,47.36530686995592],[8.54789718994402,47.365315144991925]]},"properties":{"layer":"LKZ1313-MLU1","infraType":"water","geomType":"pipe","source":"order_55297/NIS_ZH_WVZ.dxf","_dedupKey":"2683790.1,1246644.3|2683793.3,1246639"}},{"type":"Feature","geometry":{"type":"LineString","coordinates":[[8.54789718994402,47.365315144991925],[8.547895216291083,47.3653170079603],[8.547890219671652,47.365322480045116],[8.547889493373336,47.365323206635395],[8.547870104619735,47.36533564429297],[8.547867607849613,47.365337818121326]]},"properties":{"layer":"LKZ1313-MLU1","infraType":"water","geomType":"pipe","source":"order_55297/NIS_ZH_WVZ.dxf","_dedupKey":"2683787.8,1246646.8|2683790.1,1246644.3"}},{"type":"Feature","geometry":{"type":"LineString","coordinates":[[8.547867607849613,47.365337818121326],[8.547844670476248,47.36535532715781],[8.54768305116565,47.36548307266361],[8.547558844322861,47.36558207892012],[8.547504154392852,47.365624872374575],[8.547494605052224,47.36563234010705],[8.54748653259885,47.365638885145835]]},"properties":{"layer":"LKZ1313-MLU1","infraType":"water","geomType":"pipe","source":"order_55297/NIS_ZH_WVZ.dxf","_dedupKey":"2683758.6,1246679.9|2683787.8,1246646.8"}},{"type":"Feature","geometry":{"type":"LineString","coordinates":[[8.54748653259885,47.365638885145835],[8.547452159633863,47.36566675839811],[8.547421707756586,47.3656915536246]]},"properties":{"layer":"LKZ1313-MLU1","infraType":"water","geomType":"pipe","source":"order_55297/NIS_ZH_WVZ.dxf","_dedupKey":"2683753.6,1246685.7|2683758.6,1246679.9"}},{"type":"Feature","geometry":{"type":"LineString","coordinates":[[8.547890219671652,47.365322480045116],[8.547898809392038,47.36532807350036],[8.547910326971257,47.36533694006376]]},"properties":{"layer":"LKZ1317-MLU1","infraType":"water","geomType":"pipe","source":"order_55297/NIS_ZH_WVZ.dxf","_dedupKey":"2683789.5,1246645.1|2683791,1246646.8"}},{"type":"Feature","geometry":{"type":"LineString","coordinates":[[8.54768305116565,47.36548307266361],[8.547686562660395,47.36548512582417]]},"properties":{"layer":"LKZ1315-MLU1","infraType":"water","geomType":"pipe","source":"order_55297/NIS_ZH_WVZ.dxf","_dedupKey":"2683773.6,1246662.8|2683773.9,1246663"}},{"type":"Feature","geometry":{"type":"LineString","coordinates":[[8.547686562660395,47.36548512582417],[8.547690074155405,47.365487178984594],[8.54769358565069,47.36548923214491],[8.547701613764177,47.36549392249476]]},"properties":{"layer":"LKZ1315-MLU1","infraType":"water","geomType":"pipe","source":"order_55297/NIS_ZH_WVZ.dxf","_dedupKey":"2683773.9,1246663|2683775,1246664"}},{"type":"Feature","geometry":{"type":"LineString","coordinates":[[8.547558844322861,47.36558207892012],[8.547565952679209,47.365585833616954]]},"properties":{"layer":"LKZ1315-MLU1","infraType":"water","geomType":"pipe","source":"order_55297/NIS_ZH_WVZ.dxf","_dedupKey":"2683764.1,1246673.6|2683764.6,1246674.1"}},{"type":"Feature","geometry":{"type":"LineString","coordinates":[[8.547565952679209,47.365585833616954],[8.547575397994917,47.36559182366355],[8.547581985433473,47.36559535848183]]},"properties":{"layer":"LKZ1315-MLU1","infraType":"water","geomType":"pipe","source":"order_55297/NIS_ZH_WVZ.dxf","_dedupKey":"2683764.6,1246674.1|2683765.8,1246675.1"}},{"type":"Feature","geometry":{"type":"LineString","coordinates":[[8.547581985433473,47.36559535848183],[8.54758847038984,47.36559969485463]]},"properties":{"layer":"LKZ1315-MLU1","infraType":"water","geomType":"pipe","source":"order_55297/NIS_ZH_WVZ.dxf","_dedupKey":"2683765.8,1246675.1|2683766.3,1246675.6"}},{"type":"Feature","geometry":{"type":"LineString","coordinates":[[8.54758847038984,47.36559969485463],[8.54759195934328,47.36560193713321]]},"properties":{"layer":"LKZ1315-MLU1","infraType":"water","geomType":"pipe","source":"order_55297/NIS_ZH_WVZ.dxf","_dedupKey":"2683766.3,1246675.6|2683766.6,1246675.9"}},{"type":"Feature","geometry":{"type":"LineString","coordinates":[[8.546801664642544,47.36610351105419],[8.546810982791046,47.36610911559012],[8.546824163376945,47.36611773242809],[8.546855702414895,47.3661362926764]]},"properties":{"layer":"LKZ1315-MLU1","infraType":"water","geomType":"pipe","source":"order_55297/NIS_ZH_WVZ.dxf","_dedupKey":"2683706.1,1246730.8|2683710.1,1246734.5"}},{"type":"Feature","geometry":{"type":"LineString","coordinates":[[8.547552730170606,47.36482860248129],[8.54755003406562,47.36483010357871]]},"properties":{"layer":"LKZ1314-MLU1","infraType":"water","geomType":"pipe","source":"order_55297/NIS_ZH_WVZ.dxf","_dedupKey":"2683764.6,1246590|2683764.8,1246589.9"}},{"type":"Feature","geometry":{"type":"LineString","coordinates":[[8.547647660849352,47.365812069330026],[8.547655738360621,47.365805767101634]]},"properties":{"layer":"LKZ1315-MLU1","infraType":"water","geomType":"pipe","source":"order_55297/NIS_ZH_WVZ.dxf","_dedupKey":"2683770.5,1246699.3|2683771.1,1246698.6"}},{"type":"Feature","geometry":{"type":"LineString","coordinates":[[8.547655738360621,47.365805767101634],[8.547666440924596,47.36579709192353]]},"properties":{"layer":"LKZ1315-MLU1","infraType":"water","geomType":"pipe","source":"order_55297/NIS_ZH_WVZ.dxf","_dedupKey":"2683771.1,1246698.6|2683771.9,1246697.7"}},{"type":"Feature","geometry":{"type":"LineString","coordinates":[[8.547904958558336,47.36595192001607],[8.547916782284661,47.365942406490085]]},"properties":{"layer":"LKZ1315-MLU1","infraType":"water","geomType":"pipe","source":"order_55297/NIS_ZH_WVZ.dxf","_dedupKey":"2683789.7,1246715.1|2683790.6,1246714.1"}},{"type":"Feature","geometry":{"type":"LineString","coordinates":[[8.548066495569902,47.366044116111965],[8.54807762119254,47.366036048504235]]},"properties":{"layer":"LKZ1315-MLU1","infraType":"water","geomType":"pipe","source":"order_55297/NIS_ZH_WVZ.dxf","_dedupKey":"2683801.7,1246725.5|2683802.6,1246724.7"}},{"type":"Feature","geometry":{"type":"LineString","coordinates":[[8.548268160968775,47.36616356862162],[8.548273460879843,47.36615930795725],[8.54827997181445,47.366154073173035]]},"properties":{"layer":"LKZ1315-MLU1","infraType":"water","geomType":"pipe","source":"order_55297/NIS_ZH_WVZ.dxf","_dedupKey":"2683816.8,1246739|2683817.7,1246738"}},{"type":"Feature","geometry":{"type":"LineString","coordinates":[[8.547424434863842,47.36626062529119],[8.54742802902762,47.36625773931421],[8.54743110230863,47.36625527211605]]},"properties":{"layer":"LKZ1314-MLU1","infraType":"water","geomType":"pipe","source":"order_55297/NIS_ZH_WVZ.dxf","_dedupKey":"2683752.9,1246748.9|2683753.4,1246748.3"}},{"type":"Feature","geometry":{"type":"LineString","coordinates":[[8.547539931224255,47.36618768991681],[8.547594274691289,47.366167675571745],[8.547598169739462,47.36616461579175]]},"properties":{"layer":"LKZ1310-MLU1","infraType":"water","geomType":"pipe","source":"order_55297/NIS_ZH_WVZ.dxf","_dedupKey":"2683761.7,1246740.9|2683766.2,1246738.4"}},{"type":"Feature","geometry":{"type":"LineString","coordinates":[[8.547598114591917,47.366360540255606],[8.547592250084298,47.366365031188735],[8.54758922657283,47.36636734499522]]},"properties":{"layer":"LKZ1315-MLU1","infraType":"water","geomType":"pipe","source":"order_55297/NIS_ZH_WVZ.dxf","_dedupKey":"2683765.2,1246761|2683765.8,1246760.2"}},{"type":"Feature","geometry":{"type":"LineString","coordinates":[[8.54758922657283,47.36636734499522],[8.547575186979,47.36637854386905]]},"properties":{"layer":"LKZ1315-MLU1","infraType":"water","geomType":"pipe","source":"order_55297/NIS_ZH_WVZ.dxf","_dedupKey":"2683764.1,1246762.2|2683765.2,1246761"}},{"type":"Feature","geometry":{"type":"LineString","coordinates":[[8.547575186979,47.36637854386905],[8.547569116800437,47.36638269495905]]},"properties":{"layer":"LKZ1315-MLU1","infraType":"water","geomType":"pipe","source":"order_55297/NIS_ZH_WVZ.dxf","_dedupKey":"2683763.6,1246762.7|2683764.1,1246762.2"}},{"type":"Feature","geometry":{"type":"LineString","coordinates":[[8.54914832323209,47.36597959479115],[8.549233643764241,47.365894606455164],[8.549269351284147,47.36585838130077],[8.549276196439086,47.36585203683735],[8.549314864868988,47.36581367832142],[8.549498203487001,47.365627279915564],[8.549508463459057,47.36561834795984],[8.549510860289335,47.365611380625396],[8.549517142595537,47.36560217209777],[8.549528812715321,47.36559102275667],[8.549536752292914,47.365590820453406],[8.549540082799904,47.365587361253084]]},"properties":{"layer":"LKZ1314-MLU1","infraType":"water","geomType":"pipe","source":"order_55297/NIS_ZH_WVZ.dxf","_dedupKey":"2683883.5,1246719.5|2683913.7,1246676.3"}},{"type":"Feature","geometry":{"type":"LineString","coordinates":[[8.549233643764241,47.365894606455164],[8.54922128474,47.36588858159525],[8.549216557971459,47.365886666099655],[8.549188518235093,47.36587341597652],[8.549166587617067,47.36586297656531]]},"properties":{"layer":"LKZ1315-MLU1","infraType":"water","geomType":"pipe","source":"order_55297/NIS_ZH_WVZ.dxf","_dedupKey":"2683885.1,1246706.6|2683890.1,1246710.2"}},{"type":"Feature","geometry":{"type":"LineString","coordinates":[[8.549166587617067,47.36586297656531],[8.549155827301407,47.36585869938093]]},"properties":{"layer":"LKZ1315-MLU1","infraType":"water","geomType":"pipe","source":"order_55297/NIS_ZH_WVZ.dxf","_dedupKey":"2683884.3,1246706.1|2683885.1,1246706.6"}},{"type":"Feature","geometry":{"type":"LineString","coordinates":[[8.549590612049325,47.36553622333202],[8.549597260926795,47.365539523570796]]},"properties":{"layer":"LKZ1315-MLU1","infraType":"water","geomType":"pipe","source":"order_55297/NIS_ZH_WVZ.dxf","_dedupKey":"2683917.6,1246670.7|2683918.1,1246671.1"}},{"type":"Feature","geometry":{"type":"LineString","coordinates":[[8.549686071824752,47.36544293349564],[8.549697019245162,47.36544856710317],[8.549734331215555,47.36546775466985]]},"properties":{"layer":"LKZ1317-MLU1","infraType":"water","geomType":"pipe","source":"order_55297/NIS_ZH_WVZ.dxf","_dedupKey":"2683925,1246660.4|2683928.6,1246663.3"}},{"type":"Feature","geometry":{"type":"LineString","coordinates":[[8.549715280313011,47.36541507326831],[8.549708567016904,47.36541249327053]]},"properties":{"layer":"LKZ1315-MLU1","infraType":"water","geomType":"pipe","source":"order_55297/NIS_ZH_WVZ.dxf","_dedupKey":"2683926.7,1246657.1|2683927.2,1246657.4"}},{"type":"Feature","geometry":{"type":"LineString","coordinates":[[8.549708567016904,47.36541249327053],[8.549679861928219,47.365398440100805],[8.549674472331253,47.36539584736671],[8.549672078363288,47.36539469202842],[8.549663976925185,47.36539093801836]]},"properties":{"layer":"LKZ1315-MLU1","infraType":"water","geomType":"pipe","source":"order_55297/NIS_ZH_WVZ.dxf","_dedupKey":"2683923.4,1246654.6|2683926.7,1246657.1"}},{"type":"Feature","geometry":{"type":"LineString","coordinates":[[8.549663976925185,47.36539093801836],[8.549653345590434,47.36538585906826],[8.549646760851738,47.36538245926868],[8.549641479590122,47.36537998242826]]},"properties":{"layer":"LKZ1315-MLU1","infraType":"water","geomType":"pipe","source":"order_55297/NIS_ZH_WVZ.dxf","_dedupKey":"2683921.7,1246653.4|2683923.4,1246654.6"}},{"type":"Feature","geometry":{"type":"LineString","coordinates":[[8.549762256376129,47.365369429525586],[8.549767829230039,47.365371921545474],[8.549771883700092,47.3653739784145]]},"properties":{"layer":"LKZ1315-MLU1","infraType":"water","geomType":"pipe","source":"order_55297/NIS_ZH_WVZ.dxf","_dedupKey":"2683930.9,1246652.4|2683931.6,1246652.9"}},{"type":"Feature","geometry":{"type":"LineString","coordinates":[[8.549771883700092,47.3653739784145],[8.549773007412853,47.365374534299626],[8.549870123890424,47.36542236277336]]},"properties":{"layer":"LKZ1315-MLU1","infraType":"water","geomType":"pipe","source":"order_55297/NIS_ZH_WVZ.dxf","_dedupKey":"2683931.6,1246652.9|2683938.9,1246658.4"}},{"type":"Feature","geometry":{"type":"LineString","coordinates":[[8.549870123890424,47.36542236277336],[8.54987198557358,47.36542338830149],[8.549873727895209,47.36542567430355],[8.549882675956502,47.36542939316729]]},"properties":{"layer":"LKZ1315-MLU1","infraType":"water","geomType":"pipe","source":"order_55297/NIS_ZH_WVZ.dxf","_dedupKey":"2683938.9,1246658.4|2683939.9,1246659.1"}},{"type":"Feature","geometry":{"type":"LineString","coordinates":[[8.54994671387208,47.365191124247644],[8.549941661767253,47.36518884310979]]},"properties":{"layer":"LKZ1315-MLU1","infraType":"water","geomType":"pipe","source":"order_55297/NIS_ZH_WVZ.dxf","_dedupKey":"2683944.7,1246632.5|2683945.1,1246632.7"}},{"type":"Feature","geometry":{"type":"LineString","coordinates":[[8.549941661767253,47.36518884310979],[8.549931030258893,47.36518375519156]]},"properties":{"layer":"LKZ1315-MLU1","infraType":"water","geomType":"pipe","source":"order_55297/NIS_ZH_WVZ.dxf","_dedupKey":"2683943.9,1246631.9|2683944.7,1246632.5"}},{"type":"Feature","geometry":{"type":"LineString","coordinates":[[8.549931030258893,47.36518375519156],[8.549907571797956,47.36517369042935],[8.549880567815292,47.36516121308797],[8.54987366727905,47.36515790629173]]},"properties":{"layer":"LKZ1315-MLU1","infraType":"water","geomType":"pipe","source":"order_55297/NIS_ZH_WVZ.dxf","_dedupKey":"2683939.6,1246629|2683943.9,1246631.9"}},{"type":"Feature","geometry":{"type":"LineString","coordinates":[[8.550146265023079,47.36499258714144],[8.550139345518781,47.36498964035081]]},"properties":{"layer":"LKZ1315-MLU1","infraType":"water","geomType":"pipe","source":"order_55297/NIS_ZH_WVZ.dxf","_dedupKey":"2683959.9,1246610.5|2683960.5,1246610.9"}},{"type":"Feature","geometry":{"type":"LineString","coordinates":[[8.550139345518781,47.36498964035081],[8.550114519128252,47.36497555895358],[8.550091894080103,47.364962283922395]]},"properties":{"layer":"LKZ1315-MLU1","infraType":"water","geomType":"pipe","source":"order_55297/NIS_ZH_WVZ.dxf","_dedupKey":"2683956.4,1246607.4|2683959.9,1246610.5"}},{"type":"Feature","geometry":{"type":"LineString","coordinates":[[8.550091894080103,47.364962283922395],[8.550084992356002,47.36495828452095]]},"properties":{"layer":"LKZ1315-MLU1","infraType":"water","geomType":"pipe","source":"order_55297/NIS_ZH_WVZ.dxf","_dedupKey":"2683955.9,1246607|2683956.4,1246607.4"}},{"type":"Feature","geometry":{"type":"LineString","coordinates":[[8.550245794454229,47.364895191816665],[8.55025852133734,47.36490235541519],[8.550272319922366,47.36491012036915]]},"properties":{"layer":"LKZ1317-MLU1","infraType":"water","geomType":"pipe","source":"order_55297/NIS_ZH_WVZ.dxf","_dedupKey":"2683968.1,1246600.2|2683970.1,1246601.8"}},{"type":"Feature","geometry":{"type":"LineString","coordinates":[[8.550272319922366,47.36491012036915],[8.550276849855324,47.36491275733097],[8.5502844337926,47.364917091971336],[8.550291546753071,47.364921062342155],[8.550312690573254,47.364932507580036]]},"properties":{"layer":"LKZ1317-MLU1","infraType":"water","geomType":"pipe","source":"order_55297/NIS_ZH_WVZ.dxf","_dedupKey":"2683970.1,1246601.8|2683973.1,1246604.4"}},{"type":"Feature","geometry":{"type":"LineString","coordinates":[[8.550475597748216,47.364710728221645],[8.550471044162473,47.36470822642301]]},"properties":{"layer":"LKZ1315-MLU1","infraType":"water","geomType":"pipe","source":"order_55297/NIS_ZH_WVZ.dxf","_dedupKey":"2683985.4,1246579.6|2683985.8,1246579.9"}},{"type":"Feature","geometry":{"type":"LineString","coordinates":[[8.550471044162473,47.36470822642301],[8.550465409207472,47.36470529427073]]},"properties":{"layer":"LKZ1315-MLU1","infraType":"water","geomType":"pipe","source":"order_55297/NIS_ZH_WVZ.dxf","_dedupKey":"2683985,1246579.3|2683985.4,1246579.6"}},{"type":"Feature","geometry":{"type":"LineString","coordinates":[[8.550443466844413,47.36469301120081],[8.550440670081572,47.36469095124243]]},"properties":{"layer":"LKZ1315-MLU1","infraType":"water","geomType":"pipe","source":"order_55297/NIS_ZH_WVZ.dxf","_dedupKey":"2683983.2,1246577.7|2683983.4,1246577.9"}},{"type":"Feature","geometry":{"type":"LineString","coordinates":[[8.54914832323209,47.36597959479115],[8.549151403922407,47.36598130123811]]},"properties":{"layer":"LKZ1314-MLU1","infraType":"water","geomType":"pipe","source":"order_55297/NIS_ZH_WVZ.dxf","_dedupKey":"2683883.5,1246719.5|2683883.8,1246719.7"}},{"type":"Feature","geometry":{"type":"LineString","coordinates":[[8.549151403922407,47.36598130123811],[8.549155341903974,47.36598348518129],[8.549161141949712,47.36598671265046],[8.549171053934794,47.36599221234106],[8.549202080531416,47.36601155946406],[8.549216157067063,47.366010416642425],[8.549259457002375,47.366006887922566],[8.549361226954119,47.36598191006243],[8.549469815872605,47.36595251285703],[8.549650933045552,47.365903474002124],[8.549906745136203,47.36584538661725],[8.54997042863469,47.36583016565088],[8.550022369662358,47.36582262259714],[8.55028706130624,47.365784049411594],[8.550476274673324,47.365769041047315],[8.550483484923438,47.36576878273423]]},"properties":{"layer":"LKZ1314-MLU1","infraType":"water","geomType":"pipe","source":"order_55297/NIS_ZH_WVZ.dxf","_dedupKey":"2683883.8,1246719.7|2683984.7,1246697.5"}},{"type":"Feature","geometry":{"type":"LineString","coordinates":[[8.549361226954119,47.36598191006243],[8.549349358944388,47.36596132629269]]},"properties":{"layer":"LKZ1317-MLU1","infraType":"water","geomType":"pipe","source":"order_55297/NIS_ZH_WVZ.dxf","_dedupKey":"2683898.7,1246717.7|2683899.6,1246720"}},{"type":"Feature","geometry":{"type":"LineString","coordinates":[[8.549906745136203,47.36584538661725],[8.549905193897295,47.36584147064941],[8.549902632297519,47.365835450535805]]},"properties":{"layer":"LKZ1315-MLU1","infraType":"water","geomType":"pipe","source":"order_55297/NIS_ZH_WVZ.dxf","_dedupKey":"2683940.7,1246704.3|2683941,1246705.4"}},{"type":"Feature","geometry":{"type":"LineString","coordinates":[[8.549902632297519,47.365835450535805],[8.549888855857914,47.36580779697934],[8.54988774048404,47.36579874956404],[8.549881949441684,47.36578642791608]]},"properties":{"layer":"LKZ1315-MLU1","infraType":"water","geomType":"pipe","source":"order_55297/NIS_ZH_WVZ.dxf","_dedupKey":"2683939.2,1246698.8|2683940.7,1246704.3"}},{"type":"Feature","geometry":{"type":"LineString","coordinates":[[8.549881949441684,47.36578642791608],[8.549878667838891,47.365778894544135]]},"properties":{"layer":"LKZ1315-MLU1","infraType":"water","geomType":"pipe","source":"order_55297/NIS_ZH_WVZ.dxf","_dedupKey":"2683939,1246698|2683939.2,1246698.8"}},{"type":"Feature","geometry":{"type":"LineString","coordinates":[[8.550022369662358,47.36582262259714],[8.55001824101806,47.36581002409793]]},"properties":{"layer":"LKZ1317-MLU1","infraType":"water","geomType":"pipe","source":"order_55297/NIS_ZH_WVZ.dxf","_dedupKey":"2683949.5,1246701.6|2683949.8,1246703"}},{"type":"Feature","geometry":{"type":"LineString","coordinates":[[8.55001824101806,47.36581002409793],[8.550017824145264,47.365808444957636],[8.550016486641727,47.365805255544075],[8.550008442651258,47.36578330375296]]},"properties":{"layer":"LKZ1317-MLU1","infraType":"water","geomType":"pipe","source":"order_55297/NIS_ZH_WVZ.dxf","_dedupKey":"2683948.8,1246698.6|2683949.5,1246701.6"}},{"type":"Feature","geometry":{"type":"LineString","coordinates":[[8.550476274673324,47.365769041047315],[8.550475707920077,47.36576471982082],[8.5504661105767,47.36571781238776],[8.55043959169731,47.36567719357465],[8.550438244578196,47.3656748138246],[8.550436100827815,47.36567105648547]]},"properties":{"layer":"LKZ1315-MLU1","infraType":"water","geomType":"pipe","source":"order_55297/NIS_ZH_WVZ.dxf","_dedupKey":"2683981.3,1246686.6|2683984.2,1246697.5"}},{"type":"Feature","geometry":{"type":"LineString","coordinates":[[8.548866385204391,47.36609859511965],[8.5487715960403,47.36613202387112],[8.54876494542991,47.36613436357868],[8.548749489879011,47.36616274800519],[8.548726865625982,47.36616986477131]]},"properties":{"layer":"LKZ1319-MLU1","infraType":"water","geomType":"pipe","source":"order_55297/NIS_ZH_WVZ.dxf","_dedupKey":"2683851.4,1246740.2|2683862.1,1246732.5"}},{"type":"Feature","geometry":{"type":"LineString","coordinates":[[8.548812496120172,47.366111157693695],[8.54880576908796,47.36611364206119],[8.54879730936159,47.36611684470774],[8.54877551076603,47.36612482607945],[8.5487715960403,47.36613202387112],[8.548760552369709,47.36615228822053],[8.548753053778235,47.36616604196461]]},"properties":{"layer":"LKZ1314-MLU1","infraType":"water","geomType":"pipe","source":"order_55297/NIS_ZH_WVZ.dxf","_dedupKey":"2683853.4,1246739.8|2683858,1246733.8"}},{"type":"Feature","geometry":{"type":"LineString","coordinates":[[8.548657666036606,47.36619425917026],[8.548656109062165,47.36619197136917]]},"properties":{"layer":"LKZ1315-MLU1","infraType":"water","geomType":"pipe","source":"order_55297/NIS_ZH_WVZ.dxf","_dedupKey":"2683846,1246742.6|2683846.1,1246742.9"}},{"type":"Feature","geometry":{"type":"LineString","coordinates":[[8.548570630728024,47.36622111870947],[8.548569016933063,47.36621928121224]]},"properties":{"layer":"LKZ1315-MLU1","infraType":"water","geomType":"pipe","source":"order_55297/NIS_ZH_WVZ.dxf","_dedupKey":"2683839.4,1246745.6|2683839.5,1246745.8"}},{"type":"Feature","geometry":{"type":"LineString","coordinates":[[8.548569016933063,47.36621928121224],[8.548567903960679,47.36621796961732],[8.54856670950568,47.36621655985852]]},"properties":{"layer":"LKZ1315-MLU1","infraType":"water","geomType":"pipe","source":"order_55297/NIS_ZH_WVZ.dxf","_dedupKey":"2683839.2,1246745.3|2683839.4,1246745.6"}},{"type":"Feature","geometry":{"type":"LineString","coordinates":[[8.54856670950568,47.36621655985852],[8.548566471928469,47.366215959464824],[8.548559026657866,47.366207476603165],[8.548547801472663,47.36619422664231],[8.54854713656197,47.36619345045184]]},"properties":{"layer":"LKZ1315-MLU1","infraType":"water","geomType":"pipe","source":"order_55297/NIS_ZH_WVZ.dxf","_dedupKey":"2683837.8,1246742.7|2683839.2,1246745.3"}},{"type":"Feature","geometry":{"type":"LineString","coordinates":[[8.550226495888985,47.36448967674547],[8.55022352618502,47.36449265575023]]},"properties":{"layer":"LKZ1315-MLU1","infraType":"water","geomType":"pipe","source":"order_55297/NIS_ZH_WVZ.dxf","_dedupKey":"2683967.1,1246555.4|2683967.3,1246555"}},{"type":"Feature","geometry":{"type":"LineString","coordinates":[[8.548389717410204,47.365708279068905],[8.548388615796135,47.36570878438925]]},"properties":{"layer":"LKZ1315-MLU1","infraType":"water","geomType":"pipe","source":"order_55297/NIS_ZH_WVZ.dxf","_dedupKey":"2683826.6,1246688.6|2683826.7,1246688.6"}},{"type":"Feature","geometry":{"type":"LineString","coordinates":[[8.548388615796135,47.36570878438925],[8.548354388760925,47.365724566991055]]},"properties":{"layer":"LKZ1315-MLU1","infraType":"water","geomType":"pipe","source":"order_55297/NIS_ZH_WVZ.dxf","_dedupKey":"2683824,1246690.3|2683826.6,1246688.6"}},{"type":"Feature","geometry":{"type":"LineString","coordinates":[[8.548812496120172,47.366111157693695],[8.54882326984773,47.36610717720704],[8.548835474869461,47.36610326391718],[8.548863344171611,47.36609434264836]]},"properties":{"layer":"LKZ1314-MLU1","infraType":"water","geomType":"pipe","source":"order_55297/NIS_ZH_WVZ.dxf","_dedupKey":"2683858,1246733.8|2683861.8,1246732"}},{"type":"Feature","geometry":{"type":"LineString","coordinates":[[8.548863344171611,47.36609434264836],[8.54911821520697,47.366010063120655],[8.54914383499356,47.365984045586096],[8.54914832323209,47.36597959479115]]},"properties":{"layer":"LKZ1314-MLU1","infraType":"water","geomType":"pipe","source":"order_55297/NIS_ZH_WVZ.dxf","_dedupKey":"2683861.8,1246732|2683883.5,1246719.5"}},{"type":"Feature","geometry":{"type":"LineString","coordinates":[[8.547598169739462,47.36616461579175],[8.547603627988764,47.366160326652675],[8.547663161779381,47.36611360073218]]},"properties":{"layer":"LKZ1310-MLU1","infraType":"water","geomType":"pipe","source":"order_55297/NIS_ZH_WVZ.dxf","_dedupKey":"2683766.2,1246738.4|2683771.1,1246732.8"}},{"type":"Feature","geometry":{"type":"LineString","coordinates":[[8.550055083020524,47.36439112013904],[8.550047055579933,47.364400435448026],[8.549992380655498,47.36446284848182],[8.549956336140253,47.36450189262456],[8.549715487330907,47.36476752605211],[8.549677837965994,47.3648083575913],[8.549647005294368,47.36482179617268],[8.549498404696372,47.36476012442159],[8.549457777361141,47.36474763409992]]},"properties":{"layer":"LKZ1314-MLU1","infraType":"water","geomType":"pipe","source":"order_55297/NIS_ZH_WVZ.dxf","_dedupKey":"2683908.8,1246582.9|2683954.5,1246543.9"}},{"type":"Feature","geometry":{"type":"LineString","coordinates":[[8.550483484923438,47.36576878273423],[8.550505676318512,47.365768227274195],[8.55051660572184,47.3657672765049],[8.550616155665022,47.36575842027608],[8.550939660484037,47.3657035017453],[8.550952111100228,47.36570185264955],[8.55095714173316,47.365701831183614],[8.551092068628373,47.365718387020266],[8.55144080527694,47.36566462727755],[8.551472121721673,47.365659773960054],[8.551495279559447,47.365655413028996],[8.55152670189203,47.36564929035527],[8.55155694039643,47.36564353888831],[8.551579510910223,47.365638949725216],[8.551599673974483,47.36563446471461],[8.551624891224844,47.36562918439251],[8.551649355838554,47.36562400127009],[8.551676105942729,47.365618580231455],[8.551710754771925,47.365610366514275],[8.551735761239227,47.365604503512166],[8.551774052382203,47.36559572395485],[8.551814197910248,47.365586350818845],[8.551840911921769,47.36557920301402],[8.551875489813757,47.36556949672982],[8.551899693294724,47.36556385731643],[8.551929779612786,47.365555894402206],[8.551954757670227,47.365548673352954],[8.551982452397281,47.365540940368966],[8.552006988746019,47.36553475801276],[8.552030649659036,47.3655278644762],[8.552056483486126,47.36551978061184],[8.552079679025693,47.36551279260463],[8.552102151221584,47.365506036446305],[8.552135052418931,47.36549529381193],[8.55216981851288,47.36548446122544],[8.552193263733098,47.36547675117283],[8.552210060361961,47.36547210061958],[8.55222199506226,47.36546603972414],[8.55226490186,47.36544815734381],[8.552275116511234,47.3654434173306]]},"properties":{"layer":"LKZ1314-MLU1","infraType":"water","geomType":"pipe","source":"order_55297/NIS_ZH_WVZ.dxf","_dedupKey":"2683984.7,1246697.5|2684120.5,1246663.3"}},{"type":"Feature","geometry":{"type":"LineString","coordinates":[[8.54907480060522,47.36513856871452],[8.549102518386317,47.365159899633156]]},"properties":{"layer":"LKZ1315-MLU1","infraType":"water","geomType":"pipe","source":"order_55297/NIS_ZH_WVZ.dxf","_dedupKey":"2683879.3,1246626|2683881.4,1246628.4"}},{"type":"Feature","geometry":{"type":"LineString","coordinates":[[8.546858977858857,47.36613781741156],[8.546863324239922,47.366139907561404],[8.546890509105603,47.366156638585295]]},"properties":{"layer":"LKZ1315-MLU1","infraType":"water","geomType":"pipe","source":"order_55297/NIS_ZH_WVZ.dxf","_dedupKey":"2683710.4,1246734.7|2683712.7,1246736.8"}},{"type":"Feature","geometry":{"type":"LineString","coordinates":[[8.546855702414895,47.3661362926764],[8.546858977858857,47.36613781741156]]},"properties":{"layer":"LKZ1315-MLU1","infraType":"water","geomType":"pipe","source":"order_55297/NIS_ZH_WVZ.dxf","_dedupKey":"2683710.1,1246734.5|2683710.4,1246734.7"}},{"type":"Feature","geometry":{"type":"LineString","coordinates":[[8.547663161779381,47.36611360073218],[8.54766506371797,47.36611210725943]]},"properties":{"layer":"LKZ1310-MLU1","infraType":"water","geomType":"pipe","source":"order_55297/NIS_ZH_WVZ.dxf","_dedupKey":"2683771.1,1246732.8|2683771.3,1246732.7"}},{"type":"Feature","geometry":{"type":"LineString","coordinates":[[8.54830491307145,47.36496325858411],[8.548544745435516,47.36506177190514],[8.548747124221284,47.36514249247733]]},"properties":{"layer":"LKZ1314-MLU1","infraType":"water","geomType":"pipe","source":"order_55297/NIS_ZH_WVZ.dxf","_dedupKey":"2683821.4,1246605.6|2683854.5,1246626"}},{"type":"Feature","geometry":{"type":"LineString","coordinates":[[8.548870567403537,47.365229476609514],[8.548863005857374,47.36523829261685],[8.548852383518097,47.365248262445206],[8.548841411836882,47.36525671544513]]},"properties":{"layer":"LKZ1315-MLU1","infraType":"water","geomType":"pipe","source":"order_55297/NIS_ZH_WVZ.dxf","_dedupKey":"2683861.5,1246638.8|2683863.7,1246635.8"}},{"type":"Feature","geometry":{"type":"LineString","coordinates":[[8.548747124221284,47.36514249247733],[8.548887718020596,47.36513056263364],[8.548933410827775,47.36512817140312],[8.549068686140235,47.365124055311185],[8.549077247596353,47.365123838064314],[8.549160957625263,47.365069008088405],[8.549198458902596,47.365027395569776],[8.549300920433037,47.36491305294381],[8.54934676730591,47.36486151038682],[8.549354296315672,47.36485304547057]]},"properties":{"layer":"LKZ1314-MLU1","infraType":"water","geomType":"pipe","source":"order_55297/NIS_ZH_WVZ.dxf","_dedupKey":"2683854.5,1246626|2683900.9,1246594.5"}},{"type":"Feature","geometry":{"type":"LineString","coordinates":[[8.548933410827775,47.36512817140312],[8.548932988188234,47.365124406485286]]},"properties":{"layer":"LKZ1317-MLU1","infraType":"water","geomType":"pipe","source":"order_55297/NIS_ZH_WVZ.dxf","_dedupKey":"2683868.6,1246624.2|2683868.6,1246624.6"}},{"type":"Feature","geometry":{"type":"LineString","coordinates":[[8.548932988188234,47.365124406485286],[8.548932614624615,47.3651210908547],[8.5489299218581,47.365118301250774],[8.548927025856003,47.36511528872116],[8.548914170050734,47.36510192853681],[8.548908946735827,47.36509650968176]]},"properties":{"layer":"LKZ1317-MLU1","infraType":"water","geomType":"pipe","source":"order_55297/NIS_ZH_WVZ.dxf","_dedupKey":"2683866.8,1246621.1|2683868.6,1246624.2"}},{"type":"Feature","geometry":{"type":"LineString","coordinates":[[8.548753053778235,47.36616604196461],[8.548741450400538,47.36617023730817],[8.548731515966141,47.36617383192217],[8.548724897017125,47.366173877552555],[8.54871595043902,47.36617659013771]]},"properties":{"layer":"LKZ1314-MLU1","infraType":"water","geomType":"pipe","source":"order_55297/NIS_ZH_WVZ.dxf","_dedupKey":"2683850.6,1246741|2683853.4,1246739.8"}},{"type":"Feature","geometry":{"type":"LineString","coordinates":[[8.550465409207472,47.36470529427073],[8.550461360683451,47.364702886556394],[8.550448319138999,47.36469586993225],[8.550443466844413,47.36469301120081]]},"properties":{"layer":"LKZ1315-MLU1","infraType":"water","geomType":"pipe","source":"order_55297/NIS_ZH_WVZ.dxf","_dedupKey":"2683983.4,1246577.9|2683985,1246579.3"}},{"type":"Feature","geometry":{"type":"LineString","coordinates":[[8.549597260926795,47.365539523570796],[8.549601381962807,47.365541597795804],[8.549611417284252,47.3655466644938],[8.549614600861572,47.365548226015875],[8.549659057242188,47.36556844229149],[8.549689866537653,47.365582448237795]]},"properties":{"layer":"LKZ1315-MLU1","infraType":"water","geomType":"pipe","source":"order_55297/NIS_ZH_WVZ.dxf","_dedupKey":"2683918.1,1246671.1|2683925.1,1246676"}},{"type":"Feature","geometry":{"type":"LineString","coordinates":[[8.549689866537653,47.365582448237795],[8.549693677319125,47.36558424659369]]},"properties":{"layer":"LKZ1315-MLU1","infraType":"water","geomType":"pipe","source":"order_55297/NIS_ZH_WVZ.dxf","_dedupKey":"2683925.1,1246676|2683925.3,1246676.2"}},{"type":"Feature","geometry":{"type":"LineString","coordinates":[[8.549693677319125,47.36558424659369],[8.549712156416149,47.365592974045825]]},"properties":{"layer":"LKZ1315-MLU1","infraType":"water","geomType":"pipe","source":"order_55297/NIS_ZH_WVZ.dxf","_dedupKey":"2683925.3,1246676.2|2683926.7,1246677.2"}},{"type":"Feature","geometry":{"type":"LineString","coordinates":[[8.54806734291356,47.36532013102216],[8.548109206051132,47.36530038922672]]},"properties":{"layer":"LKZ1315-MLU1","infraType":"water","geomType":"pipe","source":"order_55297/NIS_ZH_WVZ.dxf","_dedupKey":"2683802.9,1246645.1|2683806.1,1246642.9"}},{"type":"Feature","geometry":{"type":"LineString","coordinates":[[8.548012580070331,47.366371617704694],[8.548010113717087,47.366367620551685],[8.548008204075138,47.36636365403179],[8.548011159156072,47.36635678031688],[8.547999655600899,47.36632314990776]]},"properties":{"layer":"LKZ1319-MLU1","infraType":"water","geomType":"pipe","source":"order_55297/NIS_ZH_WVZ.dxf","_dedupKey":"2683796.2,1246756.5|2683797.1,1246761.9"}},{"type":"Feature","geometry":{"type":"LineString","coordinates":[[8.547999655600899,47.36632314990776],[8.547983290739479,47.366297679841814],[8.547936179266184,47.36627457399041]]},"properties":{"layer":"LKZ1319-MLU1","infraType":"water","geomType":"pipe","source":"order_55297/NIS_ZH_WVZ.dxf","_dedupKey":"2683791.5,1246751|2683796.2,1246756.5"}},{"type":"Feature","geometry":{"type":"LineString","coordinates":[[8.54742531715167,47.365693857718114],[8.547426536498747,47.3656945566305],[8.547479004236232,47.36572442061018],[8.547540971586917,47.3657596984029],[8.547563191239487,47.36576813841517],[8.547644458788005,47.36581470867965],[8.547843749826484,47.365927672213296],[8.547847865072118,47.365930106363066]]},"properties":{"layer":"LKZ1314-MLU1","infraType":"water","geomType":"pipe","source":"order_55297/NIS_ZH_WVZ.dxf","_dedupKey":"2683753.8,1246685.9|2683785.4,1246712.6"}},{"type":"Feature","geometry":{"type":"LineString","coordinates":[[8.54833978125976,47.366222383577146],[8.548386497438736,47.366217590022764]]},"properties":{"layer":"LKZ1317-MLU1","infraType":"water","geomType":"pipe","source":"order_55297/NIS_ZH_WVZ.dxf","_dedupKey":"2683822.1,1246745.7|2683825.6,1246745.2"}},{"type":"Feature","geometry":{"type":"LineString","coordinates":[[8.54825463715152,47.36617345832438],[8.548257202564267,47.36617140076623],[8.54825907763958,47.36616988955133],[8.548260985794531,47.366169331507386],[8.548268160968775,47.36616356862162]]},"properties":{"layer":"LKZ1315-MLU1","infraType":"water","geomType":"pipe","source":"order_55297/NIS_ZH_WVZ.dxf","_dedupKey":"2683815.7,1246740.1|2683816.8,1246739"}},{"type":"Feature","geometry":{"type":"LineString","coordinates":[[8.548056452716327,47.36605140872724],[8.548058800399065,47.36604970407691],[8.548066495569902,47.366044116111965]]},"properties":{"layer":"LKZ1315-MLU1","infraType":"water","geomType":"pipe","source":"order_55297/NIS_ZH_WVZ.dxf","_dedupKey":"2683801,1246726.3|2683801.7,1246725.5"}},{"type":"Feature","geometry":{"type":"LineString","coordinates":[[8.547896754858781,47.36595852031453],[8.547898981537324,47.36595672687785],[8.547904958558336,47.36595192001607]]},"properties":{"layer":"LKZ1315-MLU1","infraType":"water","geomType":"pipe","source":"order_55297/NIS_ZH_WVZ.dxf","_dedupKey":"2683789,1246715.9|2683789.7,1246715.1"}},{"type":"Feature","geometry":{"type":"LineString","coordinates":[[8.547843749826484,47.365927672213296],[8.547846624187292,47.36592582758118],[8.547859869989773,47.365915301938216],[8.547864272455646,47.36591181450189]]},"properties":{"layer":"LKZ1315-MLU1","infraType":"water","geomType":"pipe","source":"order_55297/NIS_ZH_WVZ.dxf","_dedupKey":"2683785.1,1246712.4|2683786.7,1246710.6"}},{"type":"Feature","geometry":{"type":"LineString","coordinates":[[8.54755003406562,47.36483010357871],[8.547544484090722,47.364832522601525],[8.547408864753537,47.36490345641116],[8.547354972612835,47.36492983494247],[8.54735093243642,47.36493609839325]]},"properties":{"layer":"LKZ1314-MLU1","infraType":"water","geomType":"pipe","source":"order_55297/NIS_ZH_WVZ.dxf","_dedupKey":"2683749.4,1246601.6|2683764.6,1246590"}},{"type":"Feature","geometry":{"type":"LineString","coordinates":[[8.547348657540207,47.36497758800979],[8.547353671502693,47.3649774049471],[8.54740817799838,47.36498947491129],[8.54741582638353,47.36498800722845]]},"properties":{"layer":"LKZ1317-MLU1","infraType":"water","geomType":"pipe","source":"order_55297/NIS_ZH_WVZ.dxf","_dedupKey":"2683749.2,1246606.2|2683754.2,1246607.4"}},{"type":"Feature","geometry":{"type":"LineString","coordinates":[[8.54735093243642,47.36493609839325],[8.54734596819663,47.36494376496785],[8.547348657540207,47.36497758800979],[8.547349858443532,47.36499267938704],[8.547065646056929,47.36537919580614],[8.547058732093014,47.36538860815346]]},"properties":{"layer":"LKZ1314-MLU1","infraType":"water","geomType":"pipe","source":"order_55297/NIS_ZH_WVZ.dxf","_dedupKey":"2683726.6,1246651.6|2683749.4,1246601.6"}},{"type":"Feature","geometry":{"type":"LineString","coordinates":[[8.547065646056929,47.36537919580614],[8.547070152871225,47.365380726707386],[8.547101420358432,47.36539133775835]]},"properties":{"layer":"LKZ1317-MLU1","infraType":"water","geomType":"pipe","source":"order_55297/NIS_ZH_WVZ.dxf","_dedupKey":"2683727.2,1246650.6|2683729.9,1246651.9"}},{"type":"Feature","geometry":{"type":"LineString","coordinates":[[8.547085310691987,47.36597983991995],[8.547082176648175,47.365982568552404],[8.547080902038179,47.36598366920203],[8.547078301365568,47.365985942956456],[8.547074881153502,47.365988917205],[8.547080540882535,47.36605862947065],[8.547142304832507,47.36609494387248]]},"properties":{"layer":"LKZ1313-MLU1","infraType":"water","geomType":"pipe","source":"order_55297/NIS_ZH_WVZ.dxf","_dedupKey":"2683727.7,1246717.4|2683731.8,1246730.2"}},{"type":"Feature","geometry":{"type":"LineString","coordinates":[[8.547142304832507,47.36609494387248],[8.547408703068967,47.3662515742597],[8.547424434863842,47.36626062529119],[8.547598114591917,47.366360540255606],[8.547631893982938,47.36637985236743],[8.54766300730446,47.366376018497334],[8.547674432505069,47.36638107201568]]},"properties":{"layer":"LKZ1313-MLU1","infraType":"water","geomType":"pipe","source":"order_55297/NIS_ZH_WVZ.dxf","_dedupKey":"2683731.8,1246730.2|2683771.6,1246762.6"}},{"type":"Feature","geometry":{"type":"LineString","coordinates":[[8.547085310691987,47.36597983991995],[8.547080290679418,47.365977189547614],[8.547077158042232,47.36597552852042],[8.54700448919763,47.36598336811666],[8.546929228911019,47.366042963791685],[8.546875292428624,47.36604562222394],[8.546864466999562,47.36605412759697]]},"properties":{"layer":"LKZ1314-MLU1","infraType":"water","geomType":"pipe","source":"order_55297/NIS_ZH_WVZ.dxf","_dedupKey":"2683710.9,1246725.4|2683727.7,1246717.4"}},{"type":"Feature","geometry":{"type":"LineString","coordinates":[[8.547166390751574,47.36590852153504],[8.547190994718541,47.36592211095949]]},"properties":{"layer":"LKZ1317-MLU1","infraType":"water","geomType":"pipe","source":"order_55297/NIS_ZH_WVZ.dxf","_dedupKey":"2683733.9,1246709.5|2683735.8,1246711"}},{"type":"Feature","geometry":{"type":"LineString","coordinates":[[8.548417762738524,47.36454332257643],[8.548388256322163,47.36457341614886],[8.548361562117963,47.36458278477669],[8.548300117602459,47.36465527367082],[8.548133534038246,47.36484777889658],[8.547961807726882,47.36504451601655],[8.547840023301296,47.36505307079229],[8.547835730957859,47.365054848087425],[8.54783103594289,47.36505699805211]]},"properties":{"layer":"LKZ1314-MLU1","infraType":"water","geomType":"pipe","source":"order_55297/NIS_ZH_WVZ.dxf","_dedupKey":"2683785.5,1246615.6|2683830.6,1246559.1"}},{"type":"Feature","geometry":{"type":"LineString","coordinates":[[8.54845089835321,47.36449550059619],[8.548451145090482,47.36450926085421],[8.548417762738524,47.36454332257643]]},"properties":{"layer":"LKZ1314-MLU1","infraType":"water","geomType":"pipe","source":"order_55297/NIS_ZH_WVZ.dxf","_dedupKey":"2683830.6,1246559.1|2683833.2,1246553.8"}},{"type":"Feature","geometry":{"type":"LineString","coordinates":[[8.546864466999562,47.36605412759697],[8.546801664642544,47.36610351105419],[8.546572704623268,47.36627911673043],[8.546531083901261,47.36631122398927],[8.546519630434654,47.366312449261684],[8.546500286734368,47.366329635698754],[8.546500584884607,47.36633761155835],[8.54648890063303,47.3663468447465],[8.546479442185902,47.3663542395575],[8.546330295584527,47.366470853334086],[8.546222734695286,47.366553048357915],[8.546227094063784,47.36659017460664]]},"properties":{"layer":"LKZ1314-MLU1","infraType":"water","geomType":"pipe","source":"order_55297/NIS_ZH_WVZ.dxf","_dedupKey":"2683661.9,1246784.3|2683710.9,1246725.4"}},{"type":"Feature","geometry":{"type":"LineString","coordinates":[[8.547539931224255,47.36618768991681],[8.547545401239123,47.366194149903436]]},"properties":{"layer":"LKZ1317-MLU1","infraType":"water","geomType":"pipe","source":"order_55297/NIS_ZH_WVZ.dxf","_dedupKey":"2683761.7,1246740.9|2683762.1,1246741.7"}},{"type":"Feature","geometry":{"type":"LineString","coordinates":[[8.547545401239123,47.366194149903436],[8.547551732741438,47.36620256256647],[8.547555952311514,47.36620110081343]]},"properties":{"layer":"LKZ1317-MLU1","infraType":"water","geomType":"pipe","source":"order_55297/NIS_ZH_WVZ.dxf","_dedupKey":"2683762.1,1246741.7|2683762.9,1246742.5"}},{"type":"Feature","geometry":{"type":"LineString","coordinates":[[8.547555952311514,47.36620110081343],[8.54756007978248,47.36619966693009]]},"properties":{"layer":"LKZ1317-MLU1","infraType":"water","geomType":"pipe","source":"order_55297/NIS_ZH_WVZ.dxf","_dedupKey":"2683762.9,1246742.5|2683763.2,1246742.3"}},{"type":"Feature","geometry":{"type":"LineString","coordinates":[[8.548307128646393,47.36630745887304],[8.548305577703726,47.366308004490264],[8.548295706404929,47.36631145453667],[8.54827075765232,47.36630485791032],[8.548239125841205,47.366296499466344],[8.548226160836787,47.36630079779107]]},"properties":{"layer":"LKZ1319-MLU1","infraType":"water","geomType":"pipe","source":"order_55297/NIS_ZH_WVZ.dxf","_dedupKey":"2683813.4,1246754.3|2683819.5,1246755.1"}},{"type":"Feature","geometry":{"type":"LineString","coordinates":[[8.548226160836787,47.36630079779107],[8.548012580070331,47.366371617704694],[8.547982718450763,47.36638152038558],[8.547949728885412,47.36641480458103],[8.547927898975837,47.366421292890955],[8.547893253763398,47.366430368962],[8.54787510069457,47.36643540070924],[8.54783815823173,47.36644797096532]]},"properties":{"layer":"LKZ1319-MLU1","infraType":"water","geomType":"pipe","source":"order_55297/NIS_ZH_WVZ.dxf","_dedupKey":"2683783.8,1246770.2|2683813.4,1246754.3"}},{"type":"Feature","geometry":{"type":"LineString","coordinates":[[8.548228022357657,47.366304359986955],[8.548024780276792,47.36637128462863],[8.547986777420322,47.36638379315781],[8.547963448376562,47.36642131124302],[8.547939117568259,47.366427868552684],[8.54792569991028,47.36643077693833],[8.547897461730726,47.36643789348917],[8.54786564467823,47.36644544918895],[8.547841651555105,47.366450420083524]]},"properties":{"layer":"LKZ1314-MLU1","infraType":"water","geomType":"pipe","source":"order_55297/NIS_ZH_WVZ.dxf","_dedupKey":"2683784.1,1246770.5|2683813.5,1246754.7"}},{"type":"Feature","geometry":{"type":"LineString","coordinates":[[8.548726865625982,47.36616986477131],[8.548724879363911,47.36617048654],[8.54872143314194,47.36617157210052],[8.548655319081575,47.366191547193324],[8.548567903960679,47.36621796961732],[8.548550115546583,47.3662233397846]]},"properties":{"layer":"LKZ1319-MLU1","infraType":"water","geomType":"pipe","source":"order_55297/NIS_ZH_WVZ.dxf","_dedupKey":"2683838,1246746|2683851.4,1246740.2"}},{"type":"Feature","geometry":{"type":"LineString","coordinates":[[8.548550115546583,47.3662233397846],[8.548307128646393,47.36630745887304]]},"properties":{"layer":"LKZ1319-MLU1","infraType":"water","geomType":"pipe","source":"order_55297/NIS_ZH_WVZ.dxf","_dedupKey":"2683819.5,1246755.1|2683838,1246746"}},{"type":"Feature","geometry":{"type":"LineString","coordinates":[[8.54871595043902,47.36617659013771],[8.548657666036606,47.36619425917026],[8.548570630728024,47.36622111870947],[8.548552741528587,47.3662273713732]]},"properties":{"layer":"LKZ1314-MLU1","infraType":"water","geomType":"pipe","source":"order_55297/NIS_ZH_WVZ.dxf","_dedupKey":"2683838.2,1246746.4|2683850.6,1246741"}},{"type":"Feature","geometry":{"type":"LineString","coordinates":[[8.548552741528587,47.3662273713732],[8.548311924763544,47.36631143363492],[8.548308980601034,47.36631246938312]]},"properties":{"layer":"LKZ1314-MLU1","infraType":"water","geomType":"pipe","source":"order_55297/NIS_ZH_WVZ.dxf","_dedupKey":"2683819.6,1246755.6|2683838.2,1246746.4"}},{"type":"Feature","geometry":{"type":"LineString","coordinates":[[8.548306544313704,47.36630928151324],[8.548307469527355,47.366310477977315],[8.548308980601034,47.36631246938312]]},"properties":{"layer":"LKZ1314-MLU1","infraType":"water","geomType":"pipe","source":"order_55297/NIS_ZH_WVZ.dxf","_dedupKey":"2683819.4,1246755.3|2683819.6,1246755.6"}},{"type":"Feature","geometry":{"type":"LineString","coordinates":[[8.548345047302586,47.366225400333605],[8.54835009911766,47.366228302210985],[8.548350482332982,47.36623144684095],[8.548303808197351,47.36630568274601],[8.548305577703726,47.366308004490264],[8.548306544313704,47.36630928151324]]},"properties":{"layer":"LKZ1314-MLU1","infraType":"water","geomType":"pipe","source":"order_55297/NIS_ZH_WVZ.dxf","_dedupKey":"2683819.4,1246755.3|2683822.5,1246746"}},{"type":"Feature","geometry":{"type":"LineString","coordinates":[[8.547847865072118,47.365930106363066],[8.547896754858781,47.36595852031453],[8.547998928151,47.366017158958485],[8.548056452716327,47.36605140872724],[8.548116804287993,47.3660898050722],[8.548124082650332,47.36608963620448],[8.54814713394797,47.366103672111976],[8.5481508082778,47.36610591259298],[8.548151668570867,47.36611353223879],[8.54825463715152,47.36617345832438],[8.54833978125976,47.366222383577146],[8.548345047302586,47.366225400333605]]},"properties":{"layer":"LKZ1314-MLU1","infraType":"water","geomType":"pipe","source":"order_55297/NIS_ZH_WVZ.dxf","_dedupKey":"2683785.4,1246712.6|2683822.5,1246746"}},{"type":"Feature","geometry":{"type":"LineString","coordinates":[[8.547701613764177,47.36549392249476],[8.54771667810991,47.365502719036236]]},"properties":{"layer":"LKZ1315-MLU1","infraType":"water","geomType":"pipe","source":"order_55297/NIS_ZH_WVZ.dxf","_dedupKey":"2683775,1246664|2683776.2,1246665"}},{"type":"Feature","geometry":{"type":"LineString","coordinates":[[8.550363911477463,47.36479714972109],[8.550368148882859,47.364799726529064]]},"properties":{"layer":"LKZ1315-MLU1","infraType":"water","geomType":"pipe","source":"order_55297/NIS_ZH_WVZ.dxf","_dedupKey":"2683977.2,1246589.4|2683977.5,1246589.7"}},{"type":"Feature","geometry":{"type":"LineString","coordinates":[[8.550368148882859,47.364799726529064],[8.550371407436385,47.364801710082375],[8.550372895663786,47.364802604269755]]},"properties":{"layer":"LKZ1315-MLU1","infraType":"water","geomType":"pipe","source":"order_55297/NIS_ZH_WVZ.dxf","_dedupKey":"2683977.5,1246589.7|2683977.9,1246590"}},{"type":"Feature","geometry":{"type":"LineString","coordinates":[[8.55038779361549,47.364811662928865],[8.550501652429395,47.36488082819436]]},"properties":{"layer":"LKZ1315-MLU1","infraType":"water","geomType":"pipe","source":"order_55297/NIS_ZH_WVZ.dxf","_dedupKey":"2683979,1246591|2683987.5,1246598.8"}},{"type":"Feature","geometry":{"type":"LineString","coordinates":[[8.550501652429395,47.36488082819436],[8.550509767059419,47.36488585034008]]},"properties":{"layer":"LKZ1315-MLU1","infraType":"water","geomType":"pipe","source":"order_55297/NIS_ZH_WVZ.dxf","_dedupKey":"2683987.5,1246598.8|2683988.1,1246599.4"}},{"type":"Feature","geometry":{"type":"LineString","coordinates":[[8.550372895663786,47.364802604269755],[8.55037437084198,47.36480350757789],[8.550374638953905,47.36480366691025],[8.550377227040505,47.36480524313906]]},"properties":{"layer":"LKZ1315-MLU1","infraType":"water","geomType":"pipe","source":"order_55297/NIS_ZH_WVZ.dxf","_dedupKey":"2683977.9,1246590|2683978.2,1246590.3"}},{"type":"Feature","geometry":{"type":"LineString","coordinates":[[8.550377227040505,47.36480524313906],[8.55038779361549,47.364811662928865]]},"properties":{"layer":"LKZ1315-MLU1","infraType":"water","geomType":"pipe","source":"order_55297/NIS_ZH_WVZ.dxf","_dedupKey":"2683978.2,1246590.3|2683979,1246591"}},{"type":"Feature","geometry":{"type":"LineString","coordinates":[[8.548887718020596,47.36513056263364],[8.548888210652327,47.36513323846181],[8.548889990492842,47.36514432140516]]},"properties":{"layer":"LKZ1315-MLU1","infraType":"water","geomType":"pipe","source":"order_55297/NIS_ZH_WVZ.dxf","_dedupKey":"2683865.2,1246624.9|2683865.3,1246626.4"}},{"type":"Feature","geometry":{"type":"LineString","coordinates":[[8.549300920433037,47.36491305294381],[8.549298196323477,47.36491193675365],[8.549295018227035,47.36491063603056],[8.549293656266052,47.36491008243206],[8.54929173348663,47.36490930035226]]},"properties":{"layer":"LKZ1315-MLU1","infraType":"water","geomType":"pipe","source":"order_55297/NIS_ZH_WVZ.dxf","_dedupKey":"2683896,1246600.7|2683896.7,1246601.1"}},{"type":"Feature","geometry":{"type":"LineString","coordinates":[[8.549476384304192,47.365582792730486],[8.54946728769065,47.36559164153236],[8.54945375429712,47.36558516923856],[8.549450945855762,47.36558381998828],[8.549438495531803,47.36557785899591]]},"properties":{"layer":"LKZ1315-MLU1","infraType":"water","geomType":"pipe","source":"order_55297/NIS_ZH_WVZ.dxf","_dedupKey":"2683906.1,1246675.2|2683908.9,1246675.8"}},{"type":"Feature","geometry":{"type":"LineString","coordinates":[[8.549517142595537,47.36560217209777],[8.549511140148208,47.36559939635223]]},"properties":{"layer":"LKZ1315-MLU1","infraType":"water","geomType":"pipe","source":"order_55297/NIS_ZH_WVZ.dxf","_dedupKey":"2683911.5,1246677.7|2683912,1246678"}},{"type":"Feature","geometry":{"type":"LineString","coordinates":[[8.549511140148208,47.36559939635223],[8.549497285873489,47.365592774231885],[8.549494036299347,47.3655912223366],[8.549476384304192,47.365582792730486]]},"properties":{"layer":"LKZ1315-MLU1","infraType":"water","geomType":"pipe","source":"order_55297/NIS_ZH_WVZ.dxf","_dedupKey":"2683908.9,1246675.8|2683911.5,1246677.7"}},{"type":"Feature","geometry":{"type":"LineString","coordinates":[[8.548544745435516,47.36506177190514],[8.548542701568037,47.36506407632373],[8.548527560771348,47.365078317282105]]},"properties":{"layer":"LKZ1315-MLU1","infraType":"water","geomType":"pipe","source":"order_55297/NIS_ZH_WVZ.dxf","_dedupKey":"2683838.1,1246618.7|2683839.4,1246616.9"}},{"type":"Feature","geometry":{"type":"LineString","coordinates":[[8.549068686140235,47.365124055311185],[8.549068861470346,47.365126752179926],[8.5490693646702,47.3651343842509],[8.54907480060522,47.36513856871452]]},"properties":{"layer":"LKZ1315-MLU1","infraType":"water","geomType":"pipe","source":"order_55297/NIS_ZH_WVZ.dxf","_dedupKey":"2683878.9,1246624.3|2683879.3,1246626"}},{"type":"Feature","geometry":{"type":"LineString","coordinates":[[8.549198458902596,47.365027395569776],[8.549201169966455,47.36502852088295],[8.54920523013137,47.3650302179096],[8.54920591120661,47.36503049920602],[8.54920692620105,47.36503092121432]]},"properties":{"layer":"LKZ1315-MLU1","infraType":"water","geomType":"pipe","source":"order_55297/NIS_ZH_WVZ.dxf","_dedupKey":"2683888.8,1246613.7|2683889.5,1246614.1"}},{"type":"Feature","geometry":{"type":"LineString","coordinates":[[8.54934676730591,47.36486151038682],[8.549350159250942,47.36486290799876],[8.549353337533255,47.36486421771372],[8.54935423227005,47.3648645869062],[8.54935990757389,47.364866916046864]]},"properties":{"layer":"LKZ1315-MLU1","infraType":"water","geomType":"pipe","source":"order_55297/NIS_ZH_WVZ.dxf","_dedupKey":"2683900.3,1246595.4|2683901.3,1246596.1"}},{"type":"Feature","geometry":{"type":"LineString","coordinates":[[8.547193948623958,47.3655458953063],[8.547216883195746,47.36556134476062],[8.547220830978837,47.365564005419394],[8.547192923438471,47.3655959183337],[8.547196848751977,47.36560577535085],[8.547173864379387,47.36563122744205],[8.547158862885752,47.36563372816993],[8.547135590982087,47.365661908551594],[8.547126869585417,47.36566398919029],[8.5471203462425,47.36566544605445],[8.547045338030008,47.36572185510441],[8.547043001135497,47.36572344269327]]},"properties":{"layer":"LKZ1314-MLU1","infraType":"water","geomType":"pipe","source":"order_55297/NIS_ZH_WVZ.dxf","_dedupKey":"2683724.9,1246688.8|2683736.6,1246669.2"}},{"type":"Feature","geometry":{"type":"LineString","coordinates":[[8.547040199282415,47.365615428512974],[8.547045074360605,47.36561747760115]]},"properties":{"layer":"LKZ1315-MLU1","infraType":"water","geomType":"pipe","source":"order_55297/NIS_ZH_WVZ.dxf","_dedupKey":"2683724.9,1246676.8|2683725.2,1246677"}},{"type":"Feature","geometry":{"type":"LineString","coordinates":[[8.547045074360605,47.36561747760115],[8.547099355965367,47.36564035308059],[8.547104525409699,47.36565401211465],[8.547122110561046,47.36566051775365],[8.547125819813205,47.3656618943947],[8.547126869585417,47.36566398919029]]},"properties":{"layer":"LKZ1315-MLU1","infraType":"water","geomType":"pipe","source":"order_55297/NIS_ZH_WVZ.dxf","_dedupKey":"2683725.2,1246677|2683731.3,1246682.3"}},{"type":"Feature","geometry":{"type":"LineString","coordinates":[[8.547043001135497,47.36572344269327],[8.547045351088466,47.36572503027653],[8.547068423713837,47.36574138694774]]},"properties":{"layer":"LKZ1314-MLU1","infraType":"water","geomType":"pipe","source":"order_55297/NIS_ZH_WVZ.dxf","_dedupKey":"2683724.9,1246688.8|2683726.8,1246690.8"}},{"type":"Feature","geometry":{"type":"LineString","coordinates":[[8.547043001135497,47.36572344269327],[8.547040664427834,47.365725039275524],[8.547033653930033,47.36572981103509],[8.547015261153117,47.36573922560129],[8.54699578498858,47.36574874950863],[8.54697459061826,47.36575841583434],[8.5469578777668,47.36576712164064],[8.54693399775771,47.365780069985696],[8.546910042802118,47.36579641922151],[8.546898317122086,47.365804924242795]]},"properties":{"layer":"LKZ1314-MLU1","infraType":"water","geomType":"pipe","source":"order_55297/NIS_ZH_WVZ.dxf","_dedupKey":"2683713.9,1246697.7|2683724.9,1246688.8"}},{"type":"Feature","geometry":{"type":"LineString","coordinates":[[8.546898317122086,47.365804924242795],[8.546828991273895,47.365877397972454],[8.54675252874969,47.36595304346819],[8.546739941537826,47.36596596437468],[8.546723377160301,47.36598118122805]]},"properties":{"layer":"LKZ1314-MLU1","infraType":"water","geomType":"pipe","source":"order_55297/NIS_ZH_WVZ.dxf","_dedupKey":"2683700.4,1246717.1|2683713.9,1246697.7"}},{"type":"Feature","geometry":{"type":"LineString","coordinates":[[8.547058732093014,47.36538860815346],[8.547046899604037,47.365404706147004],[8.547039994475625,47.36540626561816],[8.547012000865768,47.36545505426909]]},"properties":{"layer":"LKZ1314-MLU1","infraType":"water","geomType":"pipe","source":"order_55297/NIS_ZH_WVZ.dxf","_dedupKey":"2683723,1246658.9|2683726.6,1246651.6"}},{"type":"Feature","geometry":{"type":"LineString","coordinates":[[8.547012000865768,47.36545505426909],[8.547019041770866,47.36546957687404],[8.547139901878223,47.36550947987477],[8.547145917509427,47.365513532931125]]},"properties":{"layer":"LKZ1314-MLU1","infraType":"water","geomType":"pipe","source":"order_55297/NIS_ZH_WVZ.dxf","_dedupKey":"2683723,1246658.9|2683733,1246665.6"}},{"type":"Feature","geometry":{"type":"LineString","coordinates":[[8.549715487330907,47.36476752605211],[8.549718905565786,47.3647689144052],[8.549726289243278,47.36477190173088]]},"properties":{"layer":"LKZ1315-MLU1","infraType":"water","geomType":"pipe","source":"order_55297/NIS_ZH_WVZ.dxf","_dedupKey":"2683928.3,1246585.4|2683929.1,1246585.9"}},{"type":"Feature","geometry":{"type":"LineString","coordinates":[[8.549726289243278,47.36477190173088],[8.54981777557244,47.364808189621]]},"properties":{"layer":"LKZ1315-MLU1","infraType":"water","geomType":"pipe","source":"order_55297/NIS_ZH_WVZ.dxf","_dedupKey":"2683929.1,1246585.9|2683935.9,1246590"}},{"type":"Feature","geometry":{"type":"LineString","coordinates":[[8.548300117602459,47.36465527367082],[8.548297265839214,47.36465438356337],[8.548293282157386,47.36465254184729],[8.548287594212372,47.364638788895334],[8.548271613712677,47.36463240294365]]},"properties":{"layer":"LKZ1315-MLU1","infraType":"water","geomType":"pipe","source":"order_55297/NIS_ZH_WVZ.dxf","_dedupKey":"2683819.4,1246568.8|2683821.6,1246571.4"}},{"type":"Feature","geometry":{"type":"LineString","coordinates":[[8.54758385908611,47.36485738499552],[8.547589468698257,47.36485465056688]]},"properties":{"layer":"LKZ1317-MLU1","infraType":"water","geomType":"pipe","source":"order_55297/NIS_ZH_WVZ.dxf","_dedupKey":"2683767.1,1246593.1|2683767.6,1246592.8"}},{"type":"Feature","geometry":{"type":"LineString","coordinates":[[8.54759700522799,47.36485098912189],[8.547591618210621,47.36485360447612]]},"properties":{"layer":"LKZ1317-MLU1","infraType":"water","geomType":"pipe","source":"order_55297/NIS_ZH_WVZ.dxf","_dedupKey":"2683767.7,1246592.7|2683768.1,1246592.4"}},{"type":"Feature","geometry":{"type":"LineString","coordinates":[[8.547591618210621,47.36485360447612],[8.547589468698257,47.36485465056688]]},"properties":{"layer":"LKZ1317-MLU1","infraType":"water","geomType":"pipe","source":"order_55297/NIS_ZH_WVZ.dxf","_dedupKey":"2683767.6,1246592.8|2683767.7,1246592.7"}},{"type":"Feature","geometry":{"type":"LineString","coordinates":[[8.546679148289233,47.36601646188173],[8.546654863972252,47.366034172493116],[8.546652881463878,47.36603561275091],[8.546650755403213,47.36603715333287]]},"properties":{"layer":"LKZ1314-MLU1","infraType":"water","geomType":"pipe","source":"order_55297/NIS_ZH_WVZ.dxf","_dedupKey":"2683694.8,1246723.3|2683697,1246721"}},{"type":"Feature","geometry":{"type":"LineString","coordinates":[[8.54991410389156,47.36523490276108],[8.55020326227231,47.364955814956126],[8.55025852133734,47.36490235541519],[8.55028554088716,47.36487621619248],[8.55029625107132,47.364872380098014],[8.550305330921272,47.364862739811535],[8.550306952235976,47.36485731809916],[8.550374638953905,47.36480366691025],[8.550566184755967,47.36465182813494],[8.550573041769239,47.36464733648334],[8.550581453598982,47.36464693166577],[8.55060015256118,47.364631297897176],[8.550601639782984,47.364625796514396],[8.550611660822183,47.36461748742262]]},"properties":{"layer":"LKZ1319-MLU1","infraType":"water","geomType":"pipe","source":"order_55297/NIS_ZH_WVZ.dxf","_dedupKey":"2683942.5,1246637.6|2683996.2,1246569.7"}},{"type":"Feature","geometry":{"type":"LineString","coordinates":[[8.550225949941026,47.36443047568995],[8.550247482622918,47.36444026208246],[8.550266382175835,47.364448850471106],[8.55059940904582,47.36460199874141],[8.550603793657903,47.36460401642201]]},"properties":{"layer":"LKZ1314-MLU1","infraType":"water","geomType":"pipe","source":"order_55297/NIS_ZH_WVZ.dxf","_dedupKey":"2683967.4,1246548.5|2683995.6,1246568.2"}},{"type":"Feature","geometry":{"type":"LineString","coordinates":[[8.549540082799904,47.365587361253084],[8.549590612049325,47.36553622333202],[8.549686071824752,47.36544293349564],[8.549715280313011,47.36541507326831],[8.549726002162979,47.36540416690351],[8.549762256376129,47.365369429525586],[8.549804548113515,47.36532835540893],[8.549869868848564,47.365264041021284],[8.5498750599492,47.36525901673655],[8.549881711087847,47.36525289898104],[8.549888426722354,47.365246699647884],[8.549885646997922,47.36523720049622],[8.549893857618954,47.365229043818225],[8.549912299235835,47.36522391002236],[8.54993887569927,47.36519872863953],[8.54994671387208,47.365191124247644],[8.549972484539584,47.365166031567014],[8.550088869596005,47.36505090659414],[8.550146265023079,47.36499258714144],[8.550152640109742,47.36498593231499],[8.55015882789271,47.36497981900192],[8.550245794454229,47.364895191816665],[8.550273362859004,47.364867437175896],[8.550275180213703,47.36486125798153],[8.550280832759846,47.36485550962075],[8.550284860191372,47.36485309612551],[8.55029610814165,47.36485155762186],[8.550335864048972,47.36481907112119],[8.550363911477463,47.36479714972109],[8.550450271965357,47.36473110326254],[8.550475597748216,47.364710728221645],[8.550556551973806,47.36464637984588],[8.550563393793396,47.36464115973111],[8.5505656761629,47.364635695669],[8.550582282168067,47.36462254673534],[8.55059068096907,47.36462088271649],[8.550606109830149,47.36460779008909]]},"properties":{"layer":"LKZ1314-MLU1","infraType":"water","geomType":"pipe","source":"order_55297/NIS_ZH_WVZ.dxf","_dedupKey":"2683913.7,1246676.3|2683995.8,1246568.6"}},{"type":"Feature","geometry":{"type":"LineString","coordinates":[[8.548656109062165,47.36619197136917],[8.548655319081575,47.366191547193324],[8.548653177167642,47.36619041639703]]},"properties":{"layer":"LKZ1315-MLU1","infraType":"water","geomType":"pipe","source":"order_55297/NIS_ZH_WVZ.dxf","_dedupKey":"2683845.8,1246742.4|2683846,1246742.6"}},{"type":"Feature","geometry":{"type":"LineString","coordinates":[[8.548653177167642,47.36619041639703],[8.548650791308921,47.36618837943234],[8.548648971710069,47.366186831759926],[8.5486447660658,47.366183238129196]]},"properties":{"layer":"LKZ1315-MLU1","infraType":"water","geomType":"pipe","source":"order_55297/NIS_ZH_WVZ.dxf","_dedupKey":"2683845.2,1246741.6|2683845.8,1246742.4"}},{"type":"Feature","geometry":{"type":"LineString","coordinates":[[8.549498404696372,47.36476012442159],[8.549500991525742,47.364757194095056]]},"properties":{"layer":"LKZ1315-MLU1","infraType":"water","geomType":"pipe","source":"order_55297/NIS_ZH_WVZ.dxf","_dedupKey":"2683911.9,1246584.3|2683912.1,1246584"}},{"type":"Feature","geometry":{"type":"LineString","coordinates":[[8.549447003261045,47.36474332109504],[8.549444146227032,47.364742179201244]]},"properties":{"layer":"LKZ1314-MLU1","infraType":"water","geomType":"pipe","source":"order_55297/NIS_ZH_WVZ.dxf","_dedupKey":"2683907.8,1246582.3|2683908,1246582.4"}},{"type":"Feature","geometry":{"type":"LineString","coordinates":[[8.549500991525742,47.364757194095056],[8.549501637249191,47.36475641429816]]},"properties":{"layer":"LKZ1315-MLU1","infraType":"water","geomType":"pipe","source":"order_55297/NIS_ZH_WVZ.dxf","_dedupKey":"2683912.1,1246583.9|2683912.1,1246584"}},{"type":"Feature","geometry":{"type":"LineString","coordinates":[[8.54950517474146,47.36475208956889],[8.549518678794431,47.36473556145439]]},"properties":{"layer":"LKZ1315-MLU1","infraType":"water","geomType":"pipe","source":"order_55297/NIS_ZH_WVZ.dxf","_dedupKey":"2683912.4,1246583.4|2683913.5,1246581.6"}},{"type":"Feature","geometry":{"type":"LineString","coordinates":[[8.549956336140253,47.36450189262456],[8.549955762273976,47.36450167326719],[8.549953093555825,47.364500673496764]]},"properties":{"layer":"LKZ1315-MLU1","infraType":"water","geomType":"pipe","source":"order_55297/NIS_ZH_WVZ.dxf","_dedupKey":"2683946.6,1246556|2683946.9,1246556.1"}},{"type":"Feature","geometry":{"type":"LineString","coordinates":[[8.549953093555825,47.364500673496764],[8.549939176287905,47.364495464279656]]},"properties":{"layer":"LKZ1315-MLU1","infraType":"water","geomType":"pipe","source":"order_55297/NIS_ZH_WVZ.dxf","_dedupKey":"2683945.6,1246555.4|2683946.6,1246556"}},{"type":"Feature","geometry":{"type":"LineString","coordinates":[[8.549939176287905,47.364495464279656],[8.54991944112977,47.364488071242924]]},"properties":{"layer":"LKZ1315-MLU1","infraType":"water","geomType":"pipe","source":"order_55297/NIS_ZH_WVZ.dxf","_dedupKey":"2683944.1,1246554.5|2683945.6,1246555.4"}},{"type":"Feature","geometry":{"type":"LineString","coordinates":[[8.549501637249191,47.36475641429816],[8.549503883482142,47.36475365815611]]},"properties":{"layer":"LKZ1315-MLU1","infraType":"water","geomType":"pipe","source":"order_55297/NIS_ZH_WVZ.dxf","_dedupKey":"2683912.1,1246583.9|2683912.3,1246583.6"}},{"type":"Feature","geometry":{"type":"LineString","coordinates":[[8.549503883482142,47.36475365815611],[8.54950517474146,47.36475208956889]]},"properties":{"layer":"LKZ1315-MLU1","infraType":"water","geomType":"pipe","source":"order_55297/NIS_ZH_WVZ.dxf","_dedupKey":"2683912.3,1246583.6|2683912.4,1246583.4"}},{"type":"Feature","geometry":{"type":"LineString","coordinates":[[8.548343442028534,47.36562355736699],[8.548345040844362,47.36562276841908],[8.548348251525685,47.365621181402595]]},"properties":{"layer":"LKZ1315-MLU1","infraType":"water","geomType":"pipe","source":"order_55297/NIS_ZH_WVZ.dxf","_dedupKey":"2683823.3,1246679.1|2683823.7,1246678.8"}},{"type":"Feature","geometry":{"type":"LineString","coordinates":[[8.548348251525685,47.365621181402595],[8.548350073124091,47.36562028237178],[8.548349532972779,47.36561977483672],[8.548357201366992,47.365616085090906]]},"properties":{"layer":"LKZ1315-MLU1","infraType":"water","geomType":"pipe","source":"order_55297/NIS_ZH_WVZ.dxf","_dedupKey":"2683823.7,1246678.8|2683824.4,1246678.3"}},{"type":"Feature","geometry":{"type":"LineString","coordinates":[[8.549147625445686,47.365991223272744],[8.549151423546121,47.3659873278197],[8.549155341903974,47.36598348518129],[8.549163463464385,47.365975491328896],[8.549379814214241,47.36575753542755]]},"properties":{"layer":"LKZ1319-MLU1","infraType":"water","geomType":"pipe","source":"order_55297/NIS_ZH_WVZ.dxf","_dedupKey":"2683883.5,1246720.8|2683901.4,1246695.1"}},{"type":"Feature","geometry":{"type":"LineString","coordinates":[[8.54938506616029,47.36575224972107],[8.549476216798084,47.36566053069624],[8.549517947341858,47.36561855357707],[8.549532122128145,47.36561323600664],[8.549541828692291,47.36560379664569],[8.549542463348663,47.365600579261205],[8.549543926274547,47.36559327009721],[8.549601381962807,47.365541597795804],[8.549697019245162,47.36544856710317],[8.54976072113734,47.365386607103716],[8.549773007412853,47.365374534299626],[8.549897009964747,47.365252607850124],[8.549903219733583,47.36525072207617],[8.549911439914965,47.36524302405933],[8.549911535286887,47.36523743713312],[8.54991410389156,47.36523490276108]]},"properties":{"layer":"LKZ1319-MLU1","infraType":"water","geomType":"pipe","source":"order_55297/NIS_ZH_WVZ.dxf","_dedupKey":"2683901.8,1246694.5|2683942.5,1246637.6"}},{"type":"Feature","geometry":{"type":"LineString","coordinates":[[8.549379814214241,47.36575753542755],[8.549382251997914,47.36575507428791],[8.54938506616029,47.36575224972107]]},"properties":{"layer":"LKZ1319-MLU1","infraType":"water","geomType":"pipe","source":"order_55297/NIS_ZH_WVZ.dxf","_dedupKey":"2683901.4,1246695.1|2683901.8,1246694.5"}},{"type":"Feature","geometry":{"type":"LineString","coordinates":[[8.547479004236232,47.36572442061018],[8.547484264081504,47.36572014237597],[8.547486727347119,47.36571826571902],[8.54750002073692,47.365708117457416]]},"properties":{"layer":"LKZ1317-MLU1","infraType":"water","geomType":"pipe","source":"order_55297/NIS_ZH_WVZ.dxf","_dedupKey":"2683757.9,1246689.4|2683759.5,1246687.6"}},{"type":"Feature","geometry":{"type":"LineString","coordinates":[[8.54750002073692,47.365708117457416],[8.547503370089988,47.36570555765415],[8.547505649381135,47.36570693002233]]},"properties":{"layer":"LKZ1317-MLU1","infraType":"water","geomType":"pipe","source":"order_55297/NIS_ZH_WVZ.dxf","_dedupKey":"2683759.5,1246687.6|2683759.9,1246687.5"}},{"type":"Feature","geometry":{"type":"LineString","coordinates":[[8.547505649381135,47.36570693002233],[8.547536005826979,47.36572528555718]]},"properties":{"layer":"LKZ1317-MLU1","infraType":"water","geomType":"pipe","source":"order_55297/NIS_ZH_WVZ.dxf","_dedupKey":"2683759.9,1246687.5|2683762.2,1246689.5"}},{"type":"Feature","geometry":{"type":"LineString","coordinates":[[8.548866385204391,47.36609859511965],[8.549127714021918,47.366011617903936],[8.549137527312366,47.36600157487629]]},"properties":{"layer":"LKZ1319-MLU1","infraType":"water","geomType":"pipe","source":"order_55297/NIS_ZH_WVZ.dxf","_dedupKey":"2683862.1,1246732.5|2683882.7,1246722"}},{"type":"Feature","geometry":{"type":"LineString","coordinates":[[8.54914557744708,47.365993329847036],[8.549147625445686,47.365991223272744]]},"properties":{"layer":"LKZ1319-MLU1","infraType":"water","geomType":"pipe","source":"order_55297/NIS_ZH_WVZ.dxf","_dedupKey":"2683883.3,1246721.1|2683883.5,1246720.8"}},{"type":"Feature","geometry":{"type":"LineString","coordinates":[[8.549137527312366,47.36600157487629],[8.54914557744708,47.365993329847036]]},"properties":{"layer":"LKZ1319-MLU1","infraType":"water","geomType":"pipe","source":"order_55297/NIS_ZH_WVZ.dxf","_dedupKey":"2683882.7,1246722|2683883.3,1246721.1"}},{"type":"Feature","geometry":{"type":"LineString","coordinates":[[8.548827182535117,47.3662696284989],[8.548829011506504,47.36627162583737]]},"properties":{"layer":"LKZ1317-MLU1","infraType":"water","geomType":"pipe","source":"order_55297/NIS_ZH_WVZ.dxf","_dedupKey":"2683858.8,1246751.4|2683859,1246751.7"}},{"type":"Feature","geometry":{"type":"LineString","coordinates":[[8.548829011506504,47.36627162583737],[8.548833375200841,47.36627645028151],[8.548820160863468,47.36628148867489]]},"properties":{"layer":"LKZ1317-MLU1","infraType":"water","geomType":"pipe","source":"order_55297/NIS_ZH_WVZ.dxf","_dedupKey":"2683858.3,1246752.7|2683859,1246751.7"}},{"type":"Feature","geometry":{"type":"LineString","coordinates":[[8.548827182535117,47.3662696284989],[8.548827774087489,47.3662694249185],[8.54882987705182,47.366268685088976],[8.548831441225147,47.366268139337414]]},"properties":{"layer":"LKZ1315-MLU1","infraType":"water","geomType":"pipe","source":"order_55297/NIS_ZH_WVZ.dxf","_dedupKey":"2683858.8,1246751.4|2683859.1,1246751.3"}},{"type":"Feature","geometry":{"type":"LineString","coordinates":[[8.548741450400538,47.36617023730817],[8.548743001010632,47.366172219333215],[8.54874549007913,47.366175397691684],[8.548747176431995,47.366177540325175]]},"properties":{"layer":"LKZ1314-MLU1","infraType":"water","geomType":"pipe","source":"order_55297/NIS_ZH_WVZ.dxf","_dedupKey":"2683852.5,1246740.3|2683852.9,1246741.1"}},{"type":"Feature","geometry":{"type":"LineString","coordinates":[[8.54879091003284,47.36622788873282],[8.548816344579528,47.36625717541218],[8.54881850116847,47.366259646345945],[8.548823750935695,47.366265694612395],[8.548827182535117,47.3662696284989]]},"properties":{"layer":"LKZ1314-MLU1","infraType":"water","geomType":"pipe","source":"order_55297/NIS_ZH_WVZ.dxf","_dedupKey":"2683856.1,1246746.8|2683858.8,1246751.4"}},{"type":"Feature","geometry":{"type":"LineString","coordinates":[[8.54935990757389,47.364866916046864],[8.549445053988283,47.36490202387007]]},"properties":{"layer":"LKZ1315-MLU1","infraType":"water","geomType":"pipe","source":"order_55297/NIS_ZH_WVZ.dxf","_dedupKey":"2683901.3,1246596.1|2683907.6,1246600.1"}},{"type":"Feature","geometry":{"type":"LineString","coordinates":[[8.548889990492842,47.36514432140516],[8.548891123473096,47.36515613018161],[8.54889172860238,47.365167386331265],[8.548891090205014,47.36518250437311],[8.548889059814472,47.36519499121347],[8.548885164394994,47.36520629062887],[8.548881043266372,47.36521438093425],[8.548877002246106,47.365221867792144],[8.548870567403537,47.365229476609514]]},"properties":{"layer":"LKZ1315-MLU1","infraType":"water","geomType":"pipe","source":"order_55297/NIS_ZH_WVZ.dxf","_dedupKey":"2683863.7,1246635.8|2683865.3,1246626.4"}},{"type":"Feature","geometry":{"type":"LineString","coordinates":[[8.549102518386317,47.365159899633156],[8.549141955493008,47.36519023897078]]},"properties":{"layer":"LKZ1315-MLU1","infraType":"water","geomType":"pipe","source":"order_55297/NIS_ZH_WVZ.dxf","_dedupKey":"2683881.4,1246628.4|2683884.3,1246631.8"}},{"type":"Feature","geometry":{"type":"LineString","coordinates":[[8.547145917509427,47.365513532931125],[8.547193948623958,47.3655458953063]]},"properties":{"layer":"LKZ1314-MLU1","infraType":"water","geomType":"pipe","source":"order_55297/NIS_ZH_WVZ.dxf","_dedupKey":"2683733,1246665.6|2683736.6,1246669.2"}},{"type":"Feature","geometry":{"type":"LineString","coordinates":[[8.546723377160301,47.36598118122805],[8.546679148289233,47.36601646188173]]},"properties":{"layer":"LKZ1314-MLU1","infraType":"water","geomType":"pipe","source":"order_55297/NIS_ZH_WVZ.dxf","_dedupKey":"2683697,1246721|2683700.4,1246717.1"}},{"type":"Feature","geometry":{"type":"LineString","coordinates":[[8.5486447660658,47.366183238129196],[8.54862730973856,47.36616831199495]]},"properties":{"layer":"LKZ1315-MLU1","infraType":"water","geomType":"pipe","source":"order_55297/NIS_ZH_WVZ.dxf","_dedupKey":"2683843.9,1246740|2683845.2,1246741.6"}},{"type":"Feature","geometry":{"type":"LineString","coordinates":[[8.548357201366992,47.365616085090906],[8.548407786680043,47.36559175279524]]},"properties":{"layer":"LKZ1315-MLU1","infraType":"water","geomType":"pipe","source":"order_55297/NIS_ZH_WVZ.dxf","_dedupKey":"2683824.4,1246678.3|2683828.2,1246675.6"}},{"type":"Feature","geometry":{"type":"LineString","coordinates":[[8.548747176431995,47.366177540325175],[8.548769042098407,47.366202660570906],[8.54879091003284,47.36622788873282]]},"properties":{"layer":"LKZ1314-MLU1","infraType":"water","geomType":"pipe","source":"order_55297/NIS_ZH_WVZ.dxf","_dedupKey":"2683852.9,1246741.1|2683856.1,1246746.8"}},{"type":"Feature","geometry":{"type":"LineString","coordinates":[[8.54743110230863,47.36625527211605],[8.547434696471683,47.36625238613887],[8.547438196334435,47.36625005876781]]},"properties":{"layer":"LKZ1314-MLU1","infraType":"water","geomType":"pipe","source":"order_55297/NIS_ZH_WVZ.dxf","_dedupKey":"2683753.4,1246748.3|2683753.9,1246747.8"}},{"type":"Feature","geometry":{"type":"LineString","coordinates":[[8.547476055349529,47.36622490458245],[8.547522232847331,47.36619421044289],[8.547539931224255,47.36618768991681]]},"properties":{"layer":"LKZ1314-MLU1","infraType":"water","geomType":"pipe","source":"order_55297/NIS_ZH_WVZ.dxf","_dedupKey":"2683756.8,1246745|2683761.7,1246740.9"}},{"type":"Feature","geometry":{"type":"LineString","coordinates":[[8.547438196334435,47.36625005876781],[8.547476055349529,47.36622490458245]]},"properties":{"layer":"LKZ1314-MLU1","infraType":"water","geomType":"pipe","source":"order_55297/NIS_ZH_WVZ.dxf","_dedupKey":"2683753.9,1246747.8|2683756.8,1246745"}},{"type":"Feature","geometry":{"type":"LineString","coordinates":[[8.548831441225147,47.366268139337414],[8.548829539700042,47.36626583686036]]},"properties":{"layer":"LKZ1315-MLU1","infraType":"water","geomType":"pipe","source":"order_55297/NIS_ZH_WVZ.dxf","_dedupKey":"2683859,1246751|2683859.1,1246751.3"}},{"type":"Feature","geometry":{"type":"LineString","coordinates":[[8.548829539700042,47.36626583686036],[8.548832209361494,47.36626624296605],[8.548841982316429,47.36627015187451],[8.548846907729066,47.36627079715573],[8.548856663459658,47.366271971694395]]},"properties":{"layer":"LKZ1315-MLU1","infraType":"water","geomType":"pipe","source":"order_55297/NIS_ZH_WVZ.dxf","_dedupKey":"2683859,1246751|2683861,1246751.7"}},{"type":"Feature","geometry":{"type":"LineString","coordinates":[[8.547421707756586,47.3656915536246],[8.54741681517914,47.365695666416826]]},"properties":{"layer":"LKZ1313-MLU1","infraType":"water","geomType":"pipe","source":"order_55297/NIS_ZH_WVZ.dxf","_dedupKey":"2683753.2,1246686.1|2683753.6,1246685.7"}},{"type":"Feature","geometry":{"type":"LineString","coordinates":[[8.547167795110742,47.36590729370657],[8.547166390751574,47.36590852153504],[8.54708970610806,47.36597601076474],[8.547085310691987,47.36597983991995]]},"properties":{"layer":"LKZ1313-MLU1","infraType":"water","geomType":"pipe","source":"order_55297/NIS_ZH_WVZ.dxf","_dedupKey":"2683727.7,1246717.4|2683734.1,1246709.4"}},{"type":"Feature","geometry":{"type":"LineString","coordinates":[[8.547167795110742,47.36590729370657],[8.547217887929506,47.36586560597857],[8.547232195301442,47.36585328017844],[8.54723613431874,47.36584978821983],[8.547240164311837,47.36584621443121],[8.54728980938785,47.365804647905364],[8.547339727731115,47.36576349251168],[8.547388426275932,47.36572162019637],[8.547414549906472,47.365697514185875],[8.54741681517914,47.365695666416826]]},"properties":{"layer":"LKZ1313-MLU1","infraType":"water","geomType":"pipe","source":"order_55297/NIS_ZH_WVZ.dxf","_dedupKey":"2683734.1,1246709.4|2683753.2,1246686.1"}},{"type":"Feature","geometry":{"type":"LineString","coordinates":[[8.547068423713837,47.36574138694774],[8.547071016048998,47.36574317009803],[8.547091828804044,47.36575526674984],[8.54715065454585,47.36579482962086],[8.547170155869743,47.36580880084783],[8.547198825516853,47.36582944844066],[8.547202911674058,47.36583239561742],[8.547210076312231,47.36583567305138],[8.547231661706338,47.36584735747887],[8.54723613431874,47.36584978821983]]},"properties":{"layer":"LKZ1314-MLU1","infraType":"water","geomType":"pipe","source":"order_55297/NIS_ZH_WVZ.dxf","_dedupKey":"2683726.8,1246690.8|2683739.3,1246703.1"}},{"type":"Feature","geometry":{"type":"LineString","coordinates":[[8.548308980601034,47.36631246938312],[8.54830604967559,47.36631350500399]]},"properties":{"layer":"LKZ1314-MLU1","infraType":"water","geomType":"pipe","source":"order_55297/NIS_ZH_WVZ.dxf","_dedupKey":"2683819.4,1246755.8|2683819.6,1246755.6"}},{"type":"Feature","geometry":{"type":"LineString","coordinates":[[8.54830604967559,47.36631350500399],[8.548298991664574,47.36631599252142],[8.548271336105488,47.366308477409056],[8.548240777626987,47.36630016262404],[8.54823458409638,47.366302201068216],[8.548228022357657,47.366304359986955]]},"properties":{"layer":"LKZ1314-MLU1","infraType":"water","geomType":"pipe","source":"order_55297/NIS_ZH_WVZ.dxf","_dedupKey":"2683813.5,1246754.7|2683819.4,1246755.8"}},{"type":"Feature","geometry":{"type":"LineString","coordinates":[[8.550477027629784,47.36495957523833],[8.550474325060245,47.36496838055676],[8.550555114302332,47.36490689424784],[8.550552411748363,47.36491569956823]]},"properties":{"layer":"LKZ1315-MLU1","infraType":"water","geomType":"pipe","source":"order_55297/NIS_ZH_WVZ.dxf","_dedupKey":"2683985.5,1246607.6|2683991.3,1246602.8"}},{"type":"Feature","geometry":{"type":"LineString","coordinates":[[8.54954807268898,47.36536974492706],[8.549546988413669,47.365378705562826],[8.549595798316998,47.36533084042877],[8.54959471405051,47.36533980106508]]},"properties":{"layer":"LKZ1315-MLU1","infraType":"water","geomType":"pipe","source":"order_55297/NIS_ZH_WVZ.dxf","_dedupKey":"2683914.7,1246652.2|2683918.3,1246648.9"}},{"type":"Feature","geometry":{"type":"LineString","coordinates":[[8.547729711587515,47.36627429014922],[8.54774126853567,47.36627867675277],[8.547617819035846,47.36613795431048],[8.547629375945206,47.36614234092531]]},"properties":{"layer":"LKZ1315-MLU1","infraType":"water","geomType":"pipe","source":"order_55297/NIS_ZH_WVZ.dxf","_dedupKey":"2683768.6,1246736|2683775.9,1246750.8"}},{"type":"Feature","geometry":{"type":"LineString","coordinates":[[8.549269624327538,47.36550798041218],[8.549282694794284,47.36550939289232],[8.549100397733396,47.36540894262454],[8.549113468171356,47.36541035512389]]},"properties":{"layer":"LKZ1315-MLU1","infraType":"water","geomType":"pipe","source":"order_55297/NIS_ZH_WVZ.dxf","_dedupKey":"2683881.8,1246656.2|2683893.4,1246667.2"}},{"type":"Feature","geometry":{"type":"Point","coordinates":[8.549734331215555,47.36546775466985]},"properties":{"layer":"LKZ1322-MSU-","infraType":"water","geomType":"fitting","source":"order_55297/NIS_ZH_WVZ.dxf","_dedupKey":"2683928.6,1246663.3"}},{"type":"Feature","geometry":{"type":"Point","coordinates":[8.549349358944388,47.36596132629269]},"properties":{"layer":"LKZ1322-MSU-","infraType":"water","geomType":"fitting","source":"order_55297/NIS_ZH_WVZ.dxf","_dedupKey":"2683898.7,1246717.7"}},{"type":"Feature","geometry":{"type":"Point","coordinates":[8.550008442651258,47.36578330375296]},"properties":{"layer":"LKZ1322-MSU-","infraType":"water","geomType":"fitting","source":"order_55297/NIS_ZH_WVZ.dxf","_dedupKey":"2683948.8,1246698.6"}},{"type":"Feature","geometry":{"type":"Point","coordinates":[8.549343370435066,47.36483255158162]},"properties":{"layer":"LKZ1322-MSU-","infraType":"water","geomType":"fitting","source":"order_55297/NIS_ZH_WVZ.dxf","_dedupKey":"2683900.1,1246592.2"}},{"type":"Feature","geometry":{"type":"Point","coordinates":[8.547910326971257,47.36533694006376]},"properties":{"layer":"LKZ1322-MSU-","infraType":"water","geomType":"fitting","source":"order_55297/NIS_ZH_WVZ.dxf","_dedupKey":"2683791,1246646.8"}},{"type":"Feature","geometry":{"type":"Point","coordinates":[8.548429468910287,47.36564305983567]},"properties":{"layer":"LKZ1322-MSU-","infraType":"water","geomType":"fitting","source":"order_55297/NIS_ZH_WVZ.dxf","_dedupKey":"2683829.8,1246681.3"}},{"type":"Feature","geometry":{"type":"Point","coordinates":[8.54841358388709,47.365750030232526]},"properties":{"layer":"LKZ1322-MSU-","infraType":"water","geomType":"fitting","source":"order_55297/NIS_ZH_WVZ.dxf","_dedupKey":"2683828.4,1246693.2"}},{"type":"Feature","geometry":{"type":"Point","coordinates":[8.54867737973295,47.36452134392429]},"properties":{"layer":"LKZ1322-MSU-","infraType":"water","geomType":"fitting","source":"order_55297/NIS_ZH_WVZ.dxf","_dedupKey":"2683850.3,1246556.9"}},{"type":"Feature","geometry":{"type":"Point","coordinates":[8.550312690573254,47.364932507580036]},"properties":{"layer":"LKZ1322-MSU-","infraType":"water","geomType":"fitting","source":"order_55297/NIS_ZH_WVZ.dxf","_dedupKey":"2683973.1,1246604.4"}},{"type":"Feature","geometry":{"type":"Point","coordinates":[8.548908946735827,47.36509650968176]},"properties":{"layer":"LKZ1322-MSU-","infraType":"water","geomType":"fitting","source":"order_55297/NIS_ZH_WVZ.dxf","_dedupKey":"2683866.8,1246621.1"}},{"type":"Feature","geometry":{"type":"Point","coordinates":[8.548386497438736,47.366217590022764]},"properties":{"layer":"LKZ1322-MSU-","infraType":"water","geomType":"fitting","source":"order_55297/NIS_ZH_WVZ.dxf","_dedupKey":"2683825.6,1246745.2"}},{"type":"Feature","geometry":{"type":"Point","coordinates":[8.54741582638353,47.36498800722845]},"properties":{"layer":"LKZ1322-MSU-","infraType":"water","geomType":"fitting","source":"order_55297/NIS_ZH_WVZ.dxf","_dedupKey":"2683754.2,1246607.4"}},{"type":"Feature","geometry":{"type":"Point","coordinates":[8.547101420358432,47.36539133775835]},"properties":{"layer":"LKZ1322-MSU-","infraType":"water","geomType":"fitting","source":"order_55297/NIS_ZH_WVZ.dxf","_dedupKey":"2683729.9,1246651.9"}},{"type":"Feature","geometry":{"type":"Point","coordinates":[8.547190994718541,47.36592211095949]},"properties":{"layer":"LKZ1322-MSU-","infraType":"water","geomType":"fitting","source":"order_55297/NIS_ZH_WVZ.dxf","_dedupKey":"2683735.8,1246711"}},{"type":"Feature","geometry":{"type":"Point","coordinates":[8.54756007978248,47.36619966693009]},"properties":{"layer":"LKZ1322-MSU-","infraType":"water","geomType":"fitting","source":"order_55297/NIS_ZH_WVZ.dxf","_dedupKey":"2683763.2,1246742.3"}},{"type":"Feature","geometry":{"type":"Point","coordinates":[8.54759700522799,47.36485098912189]},"properties":{"layer":"LKZ1322-MSU-","infraType":"water","geomType":"fitting","source":"order_55297/NIS_ZH_WVZ.dxf","_dedupKey":"2683768.1,1246592.4"}},{"type":"Feature","geometry":{"type":"Point","coordinates":[8.547536005826979,47.36572528555718]},"properties":{"layer":"LKZ1322-MSU-","infraType":"water","geomType":"fitting","source":"order_55297/NIS_ZH_WVZ.dxf","_dedupKey":"2683762.2,1246689.5"}},{"type":"Feature","geometry":{"type":"Point","coordinates":[8.548820160863468,47.36628148867489]},"properties":{"layer":"LKZ1322-MSU-","infraType":"water","geomType":"fitting","source":"order_55297/NIS_ZH_WVZ.dxf","_dedupKey":"2683858.3,1246752.7"}},{"type":"Feature","geometry":{"type":"Point","coordinates":[8.547663161779381,47.36611360073218]},"properties":{"layer":"LKZ1325-MSU-","infraType":"water","geomType":"fitting","source":"order_55297/NIS_ZH_WVZ.dxf","_dedupKey":"2683771.1,1246732.8"}},{"type":"Feature","geometry":{"type":"Point","coordinates":[8.547936179266184,47.36627457399041]},"properties":{"layer":"LKZ1325-MSU-","infraType":"water","geomType":"fitting","source":"order_55297/NIS_ZH_WVZ.dxf","_dedupKey":"2683791.5,1246751"}},{"type":"Feature","geometry":{"type":"Point","coordinates":[8.547835523347201,47.365060777904965]},"properties":{"layer":"LKZ1321-MSU-","infraType":"water","geomType":"fitting","source":"order_55297/NIS_ZH_WVZ.dxf","_dedupKey":"2683785.8,1246616"}},{"type":"Feature","geometry":{"type":"Point","coordinates":[8.547426536498747,47.3656945566305]},"properties":{"layer":"LKZ1321-MSU-","infraType":"water","geomType":"fitting","source":"order_55297/NIS_ZH_WVZ.dxf","_dedupKey":"2683753.9,1246686"}},{"type":"Feature","geometry":{"type":"Point","coordinates":[8.54764681465914,47.365812761089174]},"properties":{"layer":"LKZ1321-MSU-","infraType":"water","geomType":"fitting","source":"order_55297/NIS_ZH_WVZ.dxf","_dedupKey":"2683770.4,1246699.4"}},{"type":"Feature","geometry":{"type":"Point","coordinates":[8.548130025802218,47.36484651729405]},"properties":{"layer":"LKZ1321-MSU-","infraType":"water","geomType":"fitting","source":"order_55297/NIS_ZH_WVZ.dxf","_dedupKey":"2683808.4,1246592.5"}},{"type":"Feature","geometry":{"type":"Point","coordinates":[8.550566184755967,47.36465182813494]},"properties":{"layer":"LKZ1321-MSU-","infraType":"water","geomType":"fitting","source":"order_55297/NIS_ZH_WVZ.dxf","_dedupKey":"2683992.7,1246573.4"}},{"type":"Feature","geometry":{"type":"Point","coordinates":[8.550556551973806,47.36464637984588]},"properties":{"layer":"LKZ1321-MSU-","infraType":"water","geomType":"fitting","source":"order_55297/NIS_ZH_WVZ.dxf","_dedupKey":"2683992,1246572.8"}},{"type":"Feature","geometry":{"type":"Point","coordinates":[8.550461360683451,47.364702886556394]},"properties":{"layer":"LKZ1321-MSU-","infraType":"water","geomType":"fitting","source":"order_55297/NIS_ZH_WVZ.dxf","_dedupKey":"2683984.7,1246579"}},{"type":"Feature","geometry":{"type":"Point","coordinates":[8.55015882789271,47.36497981900192]},"properties":{"layer":"LKZ1321-MSU-","infraType":"water","geomType":"fitting","source":"order_55297/NIS_ZH_WVZ.dxf","_dedupKey":"2683961.4,1246609.5"}},{"type":"Feature","geometry":{"type":"Point","coordinates":[8.549881711087847,47.36525289898104]},"properties":{"layer":"LKZ1321-MSU-","infraType":"water","geomType":"fitting","source":"order_55297/NIS_ZH_WVZ.dxf","_dedupKey":"2683940.1,1246639.5"}},{"type":"Feature","geometry":{"type":"Point","coordinates":[8.550114519128252,47.36497555895358]},"properties":{"layer":"LKZ1321-MSU-","infraType":"water","geomType":"fitting","source":"order_55297/NIS_ZH_WVZ.dxf","_dedupKey":"2683958.1,1246608.9"}},{"type":"Feature","geometry":{"type":"Point","coordinates":[8.549907571797956,47.36517369042935]},"properties":{"layer":"LKZ1321-MSU-","infraType":"water","geomType":"fitting","source":"order_55297/NIS_ZH_WVZ.dxf","_dedupKey":"2683942.1,1246630.7"}},{"type":"Feature","geometry":{"type":"Point","coordinates":[8.549767829230039,47.365371921545474]},"properties":{"layer":"LKZ1321-MSU-","infraType":"water","geomType":"fitting","source":"order_55297/NIS_ZH_WVZ.dxf","_dedupKey":"2683931.3,1246652.6"}},{"type":"Feature","geometry":{"type":"Point","coordinates":[8.549679861928219,47.365398440100805]},"properties":{"layer":"LKZ1321-MSU-","infraType":"water","geomType":"fitting","source":"order_55297/NIS_ZH_WVZ.dxf","_dedupKey":"2683924.6,1246655.5"}},{"type":"Feature","geometry":{"type":"Point","coordinates":[8.549659057242188,47.36556844229149]},"properties":{"layer":"LKZ1321-MSU-","infraType":"water","geomType":"fitting","source":"order_55297/NIS_ZH_WVZ.dxf","_dedupKey":"2683922.8,1246674.4"}},{"type":"Feature","geometry":{"type":"Point","coordinates":[8.549269351284147,47.36585838130077]},"properties":{"layer":"LKZ1321-MSU-","infraType":"water","geomType":"fitting","source":"order_55297/NIS_ZH_WVZ.dxf","_dedupKey":"2683892.9,1246706.2"}},{"type":"Feature","geometry":{"type":"Point","coordinates":[8.54914383499356,47.365984045586096]},"properties":{"layer":"LKZ1321-MSU-","infraType":"water","geomType":"fitting","source":"order_55297/NIS_ZH_WVZ.dxf","_dedupKey":"2683883.2,1246720"}},{"type":"Feature","geometry":{"type":"Point","coordinates":[8.549216157067063,47.366010416642425]},"properties":{"layer":"LKZ1321-MSU-","infraType":"water","geomType":"fitting","source":"order_55297/NIS_ZH_WVZ.dxf","_dedupKey":"2683888.6,1246723"}},{"type":"Feature","geometry":{"type":"Point","coordinates":[8.549188518235093,47.36587341597652]},"properties":{"layer":"LKZ1321-MSU-","infraType":"water","geomType":"fitting","source":"order_55297/NIS_ZH_WVZ.dxf","_dedupKey":"2683886.7,1246707.8"}},{"type":"Feature","geometry":{"type":"Point","coordinates":[8.55051660572184,47.3657672765049]},"properties":{"layer":"LKZ1321-MSU-","infraType":"water","geomType":"fitting","source":"order_55297/NIS_ZH_WVZ.dxf","_dedupKey":"2683987.2,1246697.4"}},{"type":"Feature","geometry":{"type":"Point","coordinates":[8.550475707920077,47.36576471982082]},"properties":{"layer":"LKZ1321-MSU-","infraType":"water","geomType":"fitting","source":"order_55297/NIS_ZH_WVZ.dxf","_dedupKey":"2683984.1,1246697.1"}},{"type":"Feature","geometry":{"type":"Point","coordinates":[8.549905193897295,47.36584147064941]},"properties":{"layer":"LKZ1321-MSU-","infraType":"water","geomType":"fitting","source":"order_55297/NIS_ZH_WVZ.dxf","_dedupKey":"2683940.9,1246705"}},{"type":"Feature","geometry":{"type":"Point","coordinates":[8.549500991525742,47.364757194095056]},"properties":{"layer":"LKZ1321-MSU-","infraType":"water","geomType":"fitting","source":"order_55297/NIS_ZH_WVZ.dxf","_dedupKey":"2683912.1,1246584"}},{"type":"Feature","geometry":{"type":"Point","coordinates":[8.54868590173247,47.36451478548084]},"properties":{"layer":"LKZ1321-MSU-","infraType":"water","geomType":"fitting","source":"order_55297/NIS_ZH_WVZ.dxf","_dedupKey":"2683850.9,1246556.2"}},{"type":"Feature","geometry":{"type":"Point","coordinates":[8.54810799228681,47.365076663774516]},"properties":{"layer":"LKZ1321-MSU-","infraType":"water","geomType":"fitting","source":"order_55297/NIS_ZH_WVZ.dxf","_dedupKey":"2683806.4,1246618"}},{"type":"Feature","geometry":{"type":"Point","coordinates":[8.547778981571241,47.36502152626387]},"properties":{"layer":"LKZ1321-MSU-","infraType":"water","geomType":"fitting","source":"order_55297/NIS_ZH_WVZ.dxf","_dedupKey":"2683781.6,1246611.6"}},{"type":"Feature","geometry":{"type":"Point","coordinates":[8.548038542464832,47.365149418313095]},"properties":{"layer":"LKZ1321-MSU-","infraType":"water","geomType":"fitting","source":"order_55297/NIS_ZH_WVZ.dxf","_dedupKey":"2683801,1246626.1"}},{"type":"Feature","geometry":{"type":"Point","coordinates":[8.547792078775108,47.36502359530289]},"properties":{"layer":"LKZ1321-MSU-","infraType":"water","geomType":"fitting","source":"order_55297/NIS_ZH_WVZ.dxf","_dedupKey":"2683782.6,1246611.8"}},{"type":"Feature","geometry":{"type":"Point","coordinates":[8.547779704250765,47.365012353234924]},"properties":{"layer":"LKZ1321-MSU-","infraType":"water","geomType":"fitting","source":"order_55297/NIS_ZH_WVZ.dxf","_dedupKey":"2683781.7,1246610.5"}},{"type":"Feature","geometry":{"type":"Point","coordinates":[8.547547130590983,47.36482290832807]},"properties":{"layer":"LKZ1321-MSU-","infraType":"water","geomType":"fitting","source":"order_55297/NIS_ZH_WVZ.dxf","_dedupKey":"2683764.4,1246589.2"}},{"type":"Feature","geometry":{"type":"Point","coordinates":[8.547544484090722,47.364832522601525]},"properties":{"layer":"LKZ1321-MSU-","infraType":"water","geomType":"fitting","source":"order_55297/NIS_ZH_WVZ.dxf","_dedupKey":"2683764.2,1246590.3"}},{"type":"Feature","geometry":{"type":"Point","coordinates":[8.547490683331679,47.36476080788225]},"properties":{"layer":"LKZ1321-MSU-","infraType":"water","geomType":"fitting","source":"order_55297/NIS_ZH_WVZ.dxf","_dedupKey":"2683760.2,1246582.3"}},{"type":"Feature","geometry":{"type":"Point","coordinates":[8.547288926843546,47.36458061045274]},"properties":{"layer":"LKZ1321-MSU-","infraType":"water","geomType":"fitting","source":"order_55297/NIS_ZH_WVZ.dxf","_dedupKey":"2683745.3,1246562"}},{"type":"Feature","geometry":{"type":"Point","coordinates":[8.547298658375121,47.36458191128521]},"properties":{"layer":"LKZ1321-MSU-","infraType":"water","geomType":"fitting","source":"order_55297/NIS_ZH_WVZ.dxf","_dedupKey":"2683746,1246562.2"}},{"type":"Feature","geometry":{"type":"Point","coordinates":[8.547950266991934,47.365251498016896]},"properties":{"layer":"LKZ1321-MSU-","infraType":"water","geomType":"fitting","source":"order_55297/NIS_ZH_WVZ.dxf","_dedupKey":"2683794.2,1246637.3"}},{"type":"Feature","geometry":{"type":"Point","coordinates":[8.547934769121927,47.365270221923815]},"properties":{"layer":"LKZ1321-MSU-","infraType":"water","geomType":"fitting","source":"order_55297/NIS_ZH_WVZ.dxf","_dedupKey":"2683793,1246639.4"}},{"type":"Feature","geometry":{"type":"Point","coordinates":[8.547963813768868,47.365265625254345]},"properties":{"layer":"LKZ1321-MSU-","infraType":"water","geomType":"fitting","source":"order_55297/NIS_ZH_WVZ.dxf","_dedupKey":"2683795.2,1246638.9"}},{"type":"Feature","geometry":{"type":"Point","coordinates":[8.548050577617596,47.365328846489795]},"properties":{"layer":"LKZ1321-MSU-","infraType":"water","geomType":"fitting","source":"order_55297/NIS_ZH_WVZ.dxf","_dedupKey":"2683801.6,1246646"}},{"type":"Feature","geometry":{"type":"Point","coordinates":[8.548133201985138,47.36542789924751]},"properties":{"layer":"LKZ1321-MSU-","infraType":"water","geomType":"fitting","source":"order_55297/NIS_ZH_WVZ.dxf","_dedupKey":"2683807.7,1246657.1"}},{"type":"Feature","geometry":{"type":"Point","coordinates":[8.54769358565069,47.36548923214491]},"properties":{"layer":"LKZ1321-MSU-","infraType":"water","geomType":"fitting","source":"order_55297/NIS_ZH_WVZ.dxf","_dedupKey":"2683774.4,1246663.5"}},{"type":"Feature","geometry":{"type":"Point","coordinates":[8.547575397994917,47.36559182366355]},"properties":{"layer":"LKZ1321-MSU-","infraType":"water","geomType":"fitting","source":"order_55297/NIS_ZH_WVZ.dxf","_dedupKey":"2683765.3,1246674.7"}},{"type":"Feature","geometry":{"type":"Point","coordinates":[8.548345040844362,47.36562276841908]},"properties":{"layer":"LKZ1321-MSU-","infraType":"water","geomType":"fitting","source":"order_55297/NIS_ZH_WVZ.dxf","_dedupKey":"2683823.4,1246679"}},{"type":"Feature","geometry":{"type":"Point","coordinates":[8.548348308531423,47.3656315522965]},"properties":{"layer":"LKZ1321-MSU-","infraType":"water","geomType":"fitting","source":"order_55297/NIS_ZH_WVZ.dxf","_dedupKey":"2683823.7,1246680"}},{"type":"Feature","geometry":{"type":"Point","coordinates":[8.54841050334696,47.36569808568967]},"properties":{"layer":"LKZ1321-MSU-","infraType":"water","geomType":"fitting","source":"order_55297/NIS_ZH_WVZ.dxf","_dedupKey":"2683828.2,1246687.4"}},{"type":"Feature","geometry":{"type":"Point","coordinates":[8.5484617894409,47.36573857489382]},"properties":{"layer":"LKZ1321-MSU-","infraType":"water","geomType":"fitting","source":"order_55297/NIS_ZH_WVZ.dxf","_dedupKey":"2683832.1,1246692"}},{"type":"Feature","geometry":{"type":"Point","coordinates":[8.548507280658097,47.365792612533276]},"properties":{"layer":"LKZ1321-MSU-","infraType":"water","geomType":"fitting","source":"order_55297/NIS_ZH_WVZ.dxf","_dedupKey":"2683835.4,1246698.1"}},{"type":"Feature","geometry":{"type":"Point","coordinates":[8.548667128552983,47.365947997172405]},"properties":{"layer":"LKZ1321-MSU-","infraType":"water","geomType":"fitting","source":"order_55297/NIS_ZH_WVZ.dxf","_dedupKey":"2683847.2,1246715.5"}},{"type":"Feature","geometry":{"type":"Point","coordinates":[8.548760455111728,47.36603317500032]},"properties":{"layer":"LKZ1321-MSU-","infraType":"water","geomType":"fitting","source":"order_55297/NIS_ZH_WVZ.dxf","_dedupKey":"2683854.2,1246725.1"}},{"type":"Feature","geometry":{"type":"Point","coordinates":[8.54880430824828,47.36609880506368]},"properties":{"layer":"LKZ1321-MSU-","infraType":"water","geomType":"fitting","source":"order_55297/NIS_ZH_WVZ.dxf","_dedupKey":"2683857.4,1246732.4"}},{"type":"Feature","geometry":{"type":"Point","coordinates":[8.54880576908796,47.36611364206119]},"properties":{"layer":"LKZ1321-MSU-","infraType":"water","geomType":"fitting","source":"order_55297/NIS_ZH_WVZ.dxf","_dedupKey":"2683857.4,1246734.1"}},{"type":"Feature","geometry":{"type":"Point","coordinates":[8.548559026657866,47.366207476603165]},"properties":{"layer":"LKZ1321-MSU-","infraType":"water","geomType":"fitting","source":"order_55297/NIS_ZH_WVZ.dxf","_dedupKey":"2683838.7,1246744.2"}},{"type":"Feature","geometry":{"type":"Point","coordinates":[8.547846624187292,47.36592582758118]},"properties":{"layer":"LKZ1321-MSU-","infraType":"water","geomType":"fitting","source":"order_55297/NIS_ZH_WVZ.dxf","_dedupKey":"2683785.3,1246712.2"}},{"type":"Feature","geometry":{"type":"Point","coordinates":[8.547494605052224,47.36563234010705]},"properties":{"layer":"LKZ1321-MSU-","infraType":"water","geomType":"fitting","source":"order_55297/NIS_ZH_WVZ.dxf","_dedupKey":"2683759.2,1246679.2"}},{"type":"Feature","geometry":{"type":"Point","coordinates":[8.546810982791046,47.36610911559012]},"properties":{"layer":"LKZ1321-MSU-","infraType":"water","geomType":"fitting","source":"order_55297/NIS_ZH_WVZ.dxf","_dedupKey":"2683706.8,1246731.4"}},{"type":"Feature","geometry":{"type":"Point","coordinates":[8.547408703068967,47.3662515742597]},"properties":{"layer":"LKZ1321-MSU-","infraType":"water","geomType":"fitting","source":"order_55297/NIS_ZH_WVZ.dxf","_dedupKey":"2683751.7,1246747.9"}},{"type":"Feature","geometry":{"type":"Point","coordinates":[8.54742802902762,47.36625773931421]},"properties":{"layer":"LKZ1321-MSU-","infraType":"water","geomType":"fitting","source":"order_55297/NIS_ZH_WVZ.dxf","_dedupKey":"2683753.2,1246748.6"}},{"type":"Feature","geometry":{"type":"Point","coordinates":[8.547592250084298,47.366365031188735]},"properties":{"layer":"LKZ1321-MSU-","infraType":"water","geomType":"fitting","source":"order_55297/NIS_ZH_WVZ.dxf","_dedupKey":"2683765.4,1246760.7"}},{"type":"Feature","geometry":{"type":"Point","coordinates":[8.548010113717087,47.366367620551685]},"properties":{"layer":"LKZ1321-MSU-","infraType":"water","geomType":"fitting","source":"order_55297/NIS_ZH_WVZ.dxf","_dedupKey":"2683797,1246761.5"}},{"type":"Feature","geometry":{"type":"Point","coordinates":[8.547898809392038,47.36532807350036]},"properties":{"layer":"LKZ1321-MSU-","infraType":"water","geomType":"fitting","source":"order_55297/NIS_ZH_WVZ.dxf","_dedupKey":"2683790.2,1246645.8"}},{"type":"Feature","geometry":{"type":"Point","coordinates":[8.548542701568037,47.36506407632373]},"properties":{"layer":"LKZ1321-MSU-","infraType":"water","geomType":"fitting","source":"order_55297/NIS_ZH_WVZ.dxf","_dedupKey":"2683839.2,1246617.1"}},{"type":"Feature","geometry":{"type":"Point","coordinates":[8.548888210652327,47.36513323846181]},"properties":{"layer":"LKZ1321-MSU-","infraType":"water","geomType":"fitting","source":"order_55297/NIS_ZH_WVZ.dxf","_dedupKey":"2683865.2,1246625.2"}},{"type":"Feature","geometry":{"type":"Point","coordinates":[8.549068861470346,47.365126752179926]},"properties":{"layer":"LKZ1321-MSU-","infraType":"water","geomType":"fitting","source":"order_55297/NIS_ZH_WVZ.dxf","_dedupKey":"2683878.9,1246624.6"}},{"type":"Feature","geometry":{"type":"Point","coordinates":[8.549201169966455,47.36502852088295]},"properties":{"layer":"LKZ1321-MSU-","infraType":"water","geomType":"fitting","source":"order_55297/NIS_ZH_WVZ.dxf","_dedupKey":"2683889,1246613.9"}},{"type":"Feature","geometry":{"type":"Point","coordinates":[8.549298196323477,47.36491193675365]},"properties":{"layer":"LKZ1321-MSU-","infraType":"water","geomType":"fitting","source":"order_55297/NIS_ZH_WVZ.dxf","_dedupKey":"2683896.5,1246601"}},{"type":"Feature","geometry":{"type":"Point","coordinates":[8.549151423546121,47.3659873278197]},"properties":{"layer":"LKZ1321-MSU-","infraType":"water","geomType":"fitting","source":"order_55297/NIS_ZH_WVZ.dxf","_dedupKey":"2683883.8,1246720.4"}},{"type":"Feature","geometry":{"type":"Point","coordinates":[8.549953093555825,47.364500673496764]},"properties":{"layer":"LKZ1321-MSU-","infraType":"water","geomType":"fitting","source":"order_55297/NIS_ZH_WVZ.dxf","_dedupKey":"2683946.6,1246556"}},{"type":"Feature","geometry":{"type":"Point","coordinates":[8.547835730957859,47.365054848087425]},"properties":{"layer":"LKZ1321-MSU-","infraType":"water","geomType":"fitting","source":"order_55297/NIS_ZH_WVZ.dxf","_dedupKey":"2683785.8,1246615.3"}},{"type":"Feature","geometry":{"type":"Point","coordinates":[8.547290482936955,47.36457394807634]},"properties":{"layer":"LKZ1321-MSU-","infraType":"water","geomType":"fitting","source":"order_55297/NIS_ZH_WVZ.dxf","_dedupKey":"2683745.4,1246561.3"}},{"type":"Feature","geometry":{"type":"Point","coordinates":[8.549350159250942,47.36486290799876]},"properties":{"layer":"LKZ1321-MSU-","infraType":"water","geomType":"fitting","source":"order_55297/NIS_ZH_WVZ.dxf","_dedupKey":"2683900.5,1246595.6"}},{"type":"Feature","geometry":{"type":"Point","coordinates":[8.54882987705182,47.366268685088976]},"properties":{"layer":"LKZ1321-MSU-","infraType":"water","geomType":"fitting","source":"order_55297/NIS_ZH_WVZ.dxf","_dedupKey":"2683859,1246751.3"}},{"type":"Feature","geometry":{"type":"Point","coordinates":[8.548816344579528,47.36625717541218]},"properties":{"layer":"LKZ1321-MSU-","infraType":"water","geomType":"fitting","source":"order_55297/NIS_ZH_WVZ.dxf","_dedupKey":"2683858,1246750"}},{"type":"Feature","geometry":{"type":"Point","coordinates":[8.548219058210437,47.3649405161117]},"properties":{"layer":"LKZ1323-MSU-","infraType":"water","geomType":"fitting","source":"order_55297/NIS_ZH_WVZ.dxf","_dedupKey":"2683815,1246603"}},{"type":"Feature","geometry":{"type":"Point","coordinates":[8.550152640109742,47.36498593231499]},"properties":{"layer":"LKZ1323-MSU-","infraType":"water","geomType":"fitting","source":"order_55297/NIS_ZH_WVZ.dxf","_dedupKey":"2683961,1246610.1"}},{"type":"Feature","geometry":{"type":"Point","coordinates":[8.5498750599492,47.36525901673655]},"properties":{"layer":"LKZ1323-MSU-","infraType":"water","geomType":"fitting","source":"order_55297/NIS_ZH_WVZ.dxf","_dedupKey":"2683939.6,1246640.2"}},{"type":"Feature","geometry":{"type":"Point","coordinates":[8.550505676318512,47.365768227274195]},"properties":{"layer":"LKZ1323-MSU-","infraType":"water","geomType":"fitting","source":"order_55297/NIS_ZH_WVZ.dxf","_dedupKey":"2683986.4,1246697.5"}},{"type":"Feature","geometry":{"type":"Point","coordinates":[8.547305915013382,47.3645889837958]},"properties":{"layer":"LKZ1323-MSU-","infraType":"water","geomType":"fitting","source":"order_55297/NIS_ZH_WVZ.dxf","_dedupKey":"2683746.6,1246563"}},{"type":"Feature","geometry":{"type":"Point","coordinates":[8.547919600342523,47.3652894913735]},"properties":{"layer":"LKZ1323-MSU-","infraType":"water","geomType":"fitting","source":"order_55297/NIS_ZH_WVZ.dxf","_dedupKey":"2683791.8,1246641.5"}},{"type":"Feature","geometry":{"type":"Point","coordinates":[8.548162630051271,47.36544871922246]},"properties":{"layer":"LKZ1323-MSU-","infraType":"water","geomType":"fitting","source":"order_55297/NIS_ZH_WVZ.dxf","_dedupKey":"2683809.9,1246659.5"}},{"type":"Feature","geometry":{"type":"Point","coordinates":[8.548768637965049,47.36607580545323]},"properties":{"layer":"LKZ1323-MSU-","infraType":"water","geomType":"fitting","source":"order_55297/NIS_ZH_WVZ.dxf","_dedupKey":"2683854.7,1246729.8"}},{"type":"Feature","geometry":{"type":"Point","coordinates":[8.548345047302586,47.366225400333605]},"properties":{"layer":"LKZ1321-MSU-","infraType":"water","geomType":"fitting","source":"order_55297/NIS_ZH_WVZ.dxf","_dedupKey":"2683822.5,1246746"}},{"type":"Feature","geometry":{"type":"Point","coordinates":[8.548257202564267,47.36617140076623]},"properties":{"layer":"LKZ1321-MSU-","infraType":"water","geomType":"fitting","source":"order_55297/NIS_ZH_WVZ.dxf","_dedupKey":"2683815.9,1246739.9"}},{"type":"Feature","geometry":{"type":"Point","coordinates":[8.548058800399065,47.36604970407691]},"properties":{"layer":"LKZ1321-MSU-","infraType":"water","geomType":"fitting","source":"order_55297/NIS_ZH_WVZ.dxf","_dedupKey":"2683801.1,1246726.2"}},{"type":"Feature","geometry":{"type":"Point","coordinates":[8.547898981537324,47.36595672687785]},"properties":{"layer":"LKZ1321-MSU-","infraType":"water","geomType":"fitting","source":"order_55297/NIS_ZH_WVZ.dxf","_dedupKey":"2683789.2,1246715.7"}},{"type":"Feature","geometry":{"type":"Point","coordinates":[8.547847865072118,47.365930106363066]},"properties":{"layer":"LKZ1321-MSU-","infraType":"water","geomType":"fitting","source":"order_55297/NIS_ZH_WVZ.dxf","_dedupKey":"2683785.4,1246712.6"}},{"type":"Feature","geometry":{"type":"Point","coordinates":[8.547058732093014,47.36538860815346]},"properties":{"layer":"LKZ1321-MSU-","infraType":"water","geomType":"fitting","source":"order_55297/NIS_ZH_WVZ.dxf","_dedupKey":"2683726.6,1246651.6"}},{"type":"Feature","geometry":{"type":"Point","coordinates":[8.547078301365568,47.365985942956456]},"properties":{"layer":"LKZ1323-MSU-","infraType":"water","geomType":"fitting","source":"order_55297/NIS_ZH_WVZ.dxf","_dedupKey":"2683727.2,1246718"}},{"type":"Feature","geometry":{"type":"Point","coordinates":[8.547080902038179,47.36598366920203]},"properties":{"layer":"LKZ1321-MSU-","infraType":"water","geomType":"fitting","source":"order_55297/NIS_ZH_WVZ.dxf","_dedupKey":"2683727.4,1246717.8"}},{"type":"Feature","geometry":{"type":"Point","coordinates":[8.54708970610806,47.36597601076474]},"properties":{"layer":"LKZ1321-MSU-","infraType":"water","geomType":"fitting","source":"order_55297/NIS_ZH_WVZ.dxf","_dedupKey":"2683728.1,1246716.9"}},{"type":"Feature","geometry":{"type":"Point","coordinates":[8.547080290679418,47.365977189547614]},"properties":{"layer":"LKZ1321-MSU-","infraType":"water","geomType":"fitting","source":"order_55297/NIS_ZH_WVZ.dxf","_dedupKey":"2683727.3,1246717.1"}},{"type":"Feature","geometry":{"type":"Point","coordinates":[8.54823458409638,47.366302201068216]},"properties":{"layer":"LKZ1323-MSU-","infraType":"water","geomType":"fitting","source":"order_55297/NIS_ZH_WVZ.dxf","_dedupKey":"2683814,1246754.4"}},{"type":"Feature","geometry":{"type":"Point","coordinates":[8.550371407436385,47.364801710082375]},"properties":{"layer":"LKZ1321-MSU-","infraType":"water","geomType":"fitting","source":"order_55297/NIS_ZH_WVZ.dxf","_dedupKey":"2683977.8,1246589.9"}},{"type":"Feature","geometry":{"type":"Point","coordinates":[8.549497285873489,47.365592774231885]},"properties":{"layer":"LKZ1321-MSU-","infraType":"water","geomType":"fitting","source":"order_55297/NIS_ZH_WVZ.dxf","_dedupKey":"2683910.5,1246676.9"}},{"type":"Feature","geometry":{"type":"Point","coordinates":[8.547122110561046,47.36566051775365]},"properties":{"layer":"LKZ1321-MSU-","infraType":"water","geomType":"fitting","source":"order_55297/NIS_ZH_WVZ.dxf","_dedupKey":"2683731,1246681.9"}},{"type":"Feature","geometry":{"type":"Point","coordinates":[8.547216883195746,47.36556134476062]},"properties":{"layer":"LKZ1323-MSU-","infraType":"water","geomType":"fitting","source":"order_55297/NIS_ZH_WVZ.dxf","_dedupKey":"2683738.3,1246671"}},{"type":"Feature","geometry":{"type":"Point","coordinates":[8.549718905565786,47.3647689144052]},"properties":{"layer":"LKZ1321-MSU-","infraType":"water","geomType":"fitting","source":"order_55297/NIS_ZH_WVZ.dxf","_dedupKey":"2683928.5,1246585.5"}},{"type":"Feature","geometry":{"type":"Point","coordinates":[8.548297265839214,47.36465438356337]},"properties":{"layer":"LKZ1321-MSU-","infraType":"water","geomType":"fitting","source":"order_55297/NIS_ZH_WVZ.dxf","_dedupKey":"2683821.3,1246571.3"}},{"type":"Feature","geometry":{"type":"Point","coordinates":[8.548650791308921,47.36618837943234]},"properties":{"layer":"LKZ1321-MSU-","infraType":"water","geomType":"fitting","source":"order_55297/NIS_ZH_WVZ.dxf","_dedupKey":"2683845.6,1246742.2"}},{"type":"Feature","geometry":{"type":"Point","coordinates":[8.549382251997914,47.36575507428791]},"properties":{"layer":"LKZ1323-MSU-","infraType":"water","geomType":"fitting","source":"order_55297/NIS_ZH_WVZ.dxf","_dedupKey":"2683901.6,1246694.8"}},{"type":"Feature","geometry":{"type":"Point","coordinates":[8.54741681517914,47.365695666416826]},"properties":{"layer":"LKZ1321-MSU-","infraType":"water","geomType":"fitting","source":"order_55297/NIS_ZH_WVZ.dxf","_dedupKey":"2683753.2,1246686.1"}},{"type":"Feature","geometry":{"type":"Point","coordinates":[8.547231661706338,47.36584735747887]},"properties":{"layer":"LKZ1321-MSU-","infraType":"water","geomType":"fitting","source":"order_55297/NIS_ZH_WVZ.dxf","_dedupKey":"2683739,1246702.8"}},{"type":"Feature","geometry":{"type":"Point","coordinates":[8.547198825516853,47.36582944844066]},"properties":{"layer":"LKZ1323-MSU-","infraType":"water","geomType":"fitting","source":"order_55297/NIS_ZH_WVZ.dxf","_dedupKey":"2683736.5,1246700.8"}},{"type":"Feature","geometry":{"type":"Point","coordinates":[8.548225191337616,47.36493367481975]},"properties":{"layer":"LKZ1321-MSU-","infraType":"water","geomType":"fitting","source":"order_55297/NIS_ZH_WVZ.dxf","_dedupKey":"2683815.5,1246602.3"}},{"type":"Feature","geometry":{"type":"Point","coordinates":[8.549447003261045,47.36474332109504]},"properties":{"layer":"LKZ1321-MSU-","infraType":"water","geomType":"fitting","source":"order_55297/NIS_ZH_WVZ.dxf","_dedupKey":"2683908,1246582.4"}},{"type":"Feature","geometry":{"type":"Point","coordinates":[8.548308980601034,47.36631246938312]},"properties":{"layer":"LKZ1321-MSU-","infraType":"water","geomType":"fitting","source":"order_55297/NIS_ZH_WVZ.dxf","_dedupKey":"2683819.6,1246755.6"}},{"type":"Feature","geometry":{"type":"Point","coordinates":[8.547043001135497,47.36572344269327]},"properties":{"layer":"LKZ1321-MSU-","infraType":"water","geomType":"fitting","source":"order_55297/NIS_ZH_WVZ.dxf","_dedupKey":"2683724.9,1246688.8"}},{"type":"Feature","geometry":{"type":"LineString","coordinates":[[8.550389770296832,47.36822486498062],[8.550387511672135,47.3682232226145],[8.550382161309695,47.36821935222006],[8.550285496469796,47.368153448510036],[8.550285428662223,47.368135593739375],[8.55015523097604,47.368041965714774]]},"properties":{"layer":"LKZ1314-MLU1","infraType":"water","geomType":"pipe","source":"order_55298/NIS_ZH_WVZ.dxf","_dedupKey":"2683956.3,1246949.9|2683973.8,1246970.5"}},{"type":"Feature","geometry":{"type":"LineString","coordinates":[[8.550389770296832,47.36822486498062],[8.55039193738346,47.36822656219887],[8.550396998582082,47.36823053432328]]},"properties":{"layer":"LKZ1314-MLU1","infraType":"water","geomType":"pipe","source":"order_55298/NIS_ZH_WVZ.dxf","_dedupKey":"2683973.8,1246970.5|2683974.3,1246971.1"}},{"type":"Feature","geometry":{"type":"LineString","coordinates":[[8.550396998582082,47.36823053432328],[8.5504133662854,47.36824082016531]]},"properties":{"layer":"LKZ1314-MLU1","infraType":"water","geomType":"pipe","source":"order_55298/NIS_ZH_WVZ.dxf","_dedupKey":"2683974.3,1246971.1|2683975.5,1246972.3"}},{"type":"Feature","geometry":{"type":"LineString","coordinates":[[8.550376020983608,47.36822458355175],[8.55037187345173,47.36822125028429],[8.550277679261091,47.36815572756876],[8.550277330840256,47.36813774956656],[8.550146830906957,47.368042325406634]]},"properties":{"layer":"LKZ1319-MLU1","infraType":"water","geomType":"pipe","source":"order_55298/NIS_ZH_WVZ.dxf","_dedupKey":"2683955.7,1246949.9|2683972.7,1246970.4"}},{"type":"Feature","geometry":{"type":"LineString","coordinates":[[8.550389770296832,47.36822486498062],[8.550387339415703,47.368226390574385],[8.550382634254172,47.36822933231228],[8.5503293887924,47.36826268621908],[8.550214931264374,47.368334678836355],[8.549875316799117,47.36854810117297],[8.54982696664714,47.36860798847645],[8.549820247569135,47.368617219202214],[8.549811545176537,47.368629122584835],[8.54967020938337,47.36871324685629],[8.549662774814568,47.368718643516104],[8.549414115166796,47.3688703011304],[8.549239561158391,47.36897619780679],[8.549160193266115,47.369049713913206],[8.54915741400586,47.369051044935986],[8.54911491694511,47.369068445420126],[8.54911243578386,47.3690694677398]]},"properties":{"layer":"LKZ1314-MLU1","infraType":"water","geomType":"pipe","source":"order_55298/NIS_ZH_WVZ.dxf","_dedupKey":"2683876,1247063|2683973.8,1246970.5"}},{"type":"Feature","geometry":{"type":"LineString","coordinates":[[8.5503293887924,47.36826268621908],[8.550322752985664,47.368258126571135],[8.550288619841984,47.368234653875966]]},"properties":{"layer":"LKZ1317-MLU1","infraType":"water","geomType":"pipe","source":"order_55298/NIS_ZH_WVZ.dxf","_dedupKey":"2683966.1,1246971.4|2683969.1,1246974.6"}},{"type":"Feature","geometry":{"type":"LineString","coordinates":[[8.550376020983608,47.36822458355175],[8.550382634254172,47.36822933231228],[8.550397500926483,47.368240019397774],[8.550399136177573,47.36824097513579]]},"properties":{"layer":"LKZ1319-MLU1","infraType":"water","geomType":"pipe","source":"order_55298/NIS_ZH_WVZ.dxf","_dedupKey":"2683972.7,1246970.4|2683974.4,1246972.3"}},{"type":"Feature","geometry":{"type":"LineString","coordinates":[[8.548493403664922,47.369462569991654],[8.548490575888065,47.369459664739416],[8.548490394768358,47.3694566890789],[8.548524214819034,47.36940852777918],[8.54857146255388,47.369378893410584],[8.548653569348994,47.36932938649935],[8.54866495875899,47.36932251267112],[8.548843431040213,47.36921264834356],[8.548855024902263,47.369205421718966],[8.548881271137404,47.369189059075026],[8.54897739621316,47.369129243632706],[8.548986013451032,47.36912468119526],[8.5489881177748,47.3691233656605],[8.549089373862946,47.36907279280527],[8.549098328836934,47.36906918959529],[8.549121097260757,47.369060038479084],[8.549153731304159,47.36904587214135],[8.549234343426228,47.368971066760714],[8.549293032089935,47.36893707635011],[8.549295557198707,47.368935621835526],[8.549298001568689,47.36893410513115],[8.549408337571982,47.368865625234996],[8.549425487452593,47.36885498991753],[8.549603651026962,47.368746980343374],[8.549665705374832,47.36870996196908],[8.549697850756123,47.36869078986188],[8.54980598195848,47.36862583889827],[8.549869888775058,47.3685449511163],[8.55013515033854,47.368377481103686],[8.550314898613918,47.36826306856178],[8.550322752985664,47.368258126571135],[8.550376020983608,47.36822458355175]]},"properties":{"layer":"LKZ1319-MLU1","infraType":"water","geomType":"pipe","source":"order_55298/NIS_ZH_WVZ.dxf","_dedupKey":"2683828.6,1247106|2683972.7,1246970.4"}},{"type":"Feature","geometry":{"type":"LineString","coordinates":[[8.54763814397339,47.36666310440413],[8.54764527960796,47.366668163134776],[8.547766183145706,47.36675009053741],[8.54779434966849,47.36676942951964],[8.547803886619196,47.36677599435881],[8.54786744998014,47.36681536744604],[8.547909260810581,47.36684077303097],[8.547927509788325,47.36685179674686],[8.54797800466311,47.36688095084258]]},"properties":{"layer":"LKZ1314-MLU1","infraType":"water","geomType":"pipe","source":"order_55298/NIS_ZH_WVZ.dxf","_dedupKey":"2683768.4,1246793.9|2683793.7,1246818.5"}},{"type":"Feature","geometry":{"type":"LineString","coordinates":[[8.548432608633858,47.36714915515815],[8.548440678029557,47.3671532693693],[8.548443327679351,47.36715462016994]]},"properties":{"layer":"LKZ1314-MLU1","infraType":"water","geomType":"pipe","source":"order_55298/NIS_ZH_WVZ.dxf","_dedupKey":"2683827.6,1246848.8|2683828.4,1246849.4"}},{"type":"Feature","geometry":{"type":"LineString","coordinates":[[8.547766183145706,47.36675009053741],[8.54776349667934,47.36675205929463],[8.547719786308594,47.366784259010096],[8.547712436474118,47.36678990659925]]},"properties":{"layer":"LKZ1315-MLU1","infraType":"water","geomType":"pipe","source":"order_55298/NIS_ZH_WVZ.dxf","_dedupKey":"2683773.8,1246808.1|2683777.9,1246803.7"}},{"type":"Feature","geometry":{"type":"LineString","coordinates":[[8.547909260810581,47.36684077303097],[8.547926539755773,47.36682808578679]]},"properties":{"layer":"LKZ1317-MLU1","infraType":"water","geomType":"pipe","source":"order_55298/NIS_ZH_WVZ.dxf","_dedupKey":"2683788.6,1246813.9|2683789.9,1246812.6"}},{"type":"Feature","geometry":{"type":"LineString","coordinates":[[8.548443327679351,47.36715462016994],[8.548445383052307,47.36715286435048],[8.548449598011869,47.367149270753465]]},"properties":{"layer":"LKZ1314-MLU1","infraType":"water","geomType":"pipe","source":"order_55298/NIS_ZH_WVZ.dxf","_dedupKey":"2683828.4,1246849.4|2683828.9,1246848.8"}},{"type":"Feature","geometry":{"type":"LineString","coordinates":[[8.548449598011869,47.367149270753465],[8.548478254078576,47.36712469042091]]},"properties":{"layer":"LKZ1314-MLU1","infraType":"water","geomType":"pipe","source":"order_55298/NIS_ZH_WVZ.dxf","_dedupKey":"2683828.9,1246848.8|2683831.1,1246846.1"}},{"type":"Feature","geometry":{"type":"LineString","coordinates":[[8.548478254078576,47.36712469042091],[8.548482642617577,47.367121167116004],[8.54848661518002,47.367117377953015]]},"properties":{"layer":"LKZ1314-MLU1","infraType":"water","geomType":"pipe","source":"order_55298/NIS_ZH_WVZ.dxf","_dedupKey":"2683831.1,1246846.1|2683831.8,1246845.3"}},{"type":"Feature","geometry":{"type":"LineString","coordinates":[[8.54848661518002,47.367117377953015],[8.548576811305448,47.367041311496706],[8.54860589750874,47.36702849268671],[8.54862927601311,47.36702642398959],[8.549299196711436,47.366711349973556]]},"properties":{"layer":"LKZ1314-MLU1","infraType":"water","geomType":"pipe","source":"order_55298/NIS_ZH_WVZ.dxf","_dedupKey":"2683831.8,1246845.3|2683893.8,1246801"}},{"type":"Feature","geometry":{"type":"LineString","coordinates":[[8.549299196711436,47.366711349973556],[8.549304851951138,47.36670889387586],[8.549310382433584,47.36670616912234]]},"properties":{"layer":"LKZ1314-MLU1","infraType":"water","geomType":"pipe","source":"order_55298/NIS_ZH_WVZ.dxf","_dedupKey":"2683893.8,1246801|2683894.6,1246800.5"}},{"type":"Feature","geometry":{"type":"LineString","coordinates":[[8.549310382433584,47.36670616912234],[8.549416595415341,47.366656078941666]]},"properties":{"layer":"LKZ1314-MLU1","infraType":"water","geomType":"pipe","source":"order_55298/NIS_ZH_WVZ.dxf","_dedupKey":"2683894.6,1246800.5|2683902.7,1246795"}},{"type":"Feature","geometry":{"type":"LineString","coordinates":[[8.548482642617577,47.367121167116004],[8.54851153986059,47.36713806121093]]},"properties":{"layer":"LKZ1317-MLU1","infraType":"water","geomType":"pipe","source":"order_55298/NIS_ZH_WVZ.dxf","_dedupKey":"2683831.5,1246845.7|2683833.6,1246847.6"}},{"type":"Feature","geometry":{"type":"LineString","coordinates":[[8.549304851951138,47.36670889387586],[8.549325609074408,47.3667297159872]]},"properties":{"layer":"LKZ1317-MLU1","infraType":"water","geomType":"pipe","source":"order_55298/NIS_ZH_WVZ.dxf","_dedupKey":"2683894.2,1246800.8|2683895.7,1246803.1"}},{"type":"Feature","geometry":{"type":"LineString","coordinates":[[8.550031800624025,47.36692466625732],[8.55005412521189,47.3669063441298]]},"properties":{"layer":"LKZ1315-MLU1","infraType":"water","geomType":"pipe","source":"order_55298/NIS_ZH_WVZ.dxf","_dedupKey":"2683948.8,1246825.5|2683950.5,1246823.5"}},{"type":"Feature","geometry":{"type":"LineString","coordinates":[[8.550335543862882,47.367164243933054],[8.550335047454217,47.36716647052037],[8.550326078489528,47.36720620759747],[8.550323559965518,47.3672194007804],[8.550297957522051,47.367268473041015],[8.550078956126386,47.36745466709387],[8.549777446000546,47.367710998341586],[8.549771989262819,47.36772361709988],[8.549766059273729,47.36773576366644],[8.549778126930702,47.36777098061774],[8.549808993453304,47.367791480501644],[8.549912623397915,47.36786573707333],[8.549912222523457,47.3678801691922],[8.549928453330976,47.36789342482728],[8.549951353355729,47.36789442782487],[8.550066466283873,47.367979637833955],[8.55015523097604,47.368041965714774]]},"properties":{"layer":"LKZ1314-MLU1","infraType":"water","geomType":"pipe","source":"order_55298/NIS_ZH_WVZ.dxf","_dedupKey":"2683956.3,1246949.9|2683971.3,1246852.5"}},{"type":"Feature","geometry":{"type":"LineString","coordinates":[[8.550326078489528,47.36720620759747],[8.550373360819544,47.36720884680966],[8.550391769794748,47.36721798860831]]},"properties":{"layer":"LKZ1317-MLU1","infraType":"water","geomType":"pipe","source":"order_55298/NIS_ZH_WVZ.dxf","_dedupKey":"2683970.6,1246857.2|2683975.5,1246858.5"}},{"type":"Feature","geometry":{"type":"LineString","coordinates":[[8.549771989262819,47.36772361709988],[8.549778520758334,47.36772508344215],[8.549785351381454,47.36772883168093]]},"properties":{"layer":"LKZ1317-MLU1","infraType":"water","geomType":"pipe","source":"order_55298/NIS_ZH_WVZ.dxf","_dedupKey":"2683927.9,1246914.1|2683928.9,1246914.7"}},{"type":"Feature","geometry":{"type":"LineString","coordinates":[[8.55034000832245,47.36712563863022],[8.550330660874998,47.367163733233895],[8.55031757934597,47.367217047639286],[8.550293620619769,47.36726494369938],[8.550073761863816,47.367451928575235],[8.549771381872512,47.36770908673927],[8.549759067302741,47.36773634365834],[8.549763630624414,47.36774883003634],[8.549772643875608,47.36777344407559],[8.549904733686004,47.36786961794612],[8.549902997803612,47.367883523199566],[8.549926710946021,47.367899396398734],[8.549951700294624,47.36790217832793],[8.550064931549636,47.36798350253809],[8.550146830906957,47.368042325406634]]},"properties":{"layer":"LKZ1319-MLU1","infraType":"water","geomType":"pipe","source":"order_55298/NIS_ZH_WVZ.dxf","_dedupKey":"2683955.7,1246949.9|2683971.7,1246848.2"}},{"type":"Feature","geometry":{"type":"LineString","coordinates":[[8.549808993453304,47.367791480501644],[8.54981266521409,47.36778914241062],[8.549816466350611,47.36778665915199]]},"properties":{"layer":"LKZ1315-MLU1","infraType":"water","geomType":"pipe","source":"order_55298/NIS_ZH_WVZ.dxf","_dedupKey":"2683930.6,1246921.7|2683931.2,1246921.1"}},{"type":"Feature","geometry":{"type":"LineString","coordinates":[[8.549816466350611,47.36778665915199],[8.549854780702,47.367760483362],[8.550041876454493,47.36766578990457],[8.55014130293571,47.367676238962126],[8.55016899085735,47.367699863682326],[8.550177573529918,47.36769746932096],[8.55018324758623,47.3676959125181],[8.550194326065222,47.367703361843915]]},"properties":{"layer":"LKZ1315-MLU1","infraType":"water","geomType":"pipe","source":"order_55298/NIS_ZH_WVZ.dxf","_dedupKey":"2683931.2,1246921.1|2683959.8,1246912.3"}},{"type":"Feature","geometry":{"type":"LineString","coordinates":[[8.548443327679351,47.36715462016994],[8.54844117870837,47.36715633191288],[8.5484364635351,47.36716006524387]]},"properties":{"layer":"LKZ1314-MLU1","infraType":"water","geomType":"pipe","source":"order_55298/NIS_ZH_WVZ.dxf","_dedupKey":"2683827.9,1246850|2683828.4,1246849.4"}},{"type":"Feature","geometry":{"type":"LineString","coordinates":[[8.548335320947801,47.36721848928154],[8.548332680532566,47.36722267042224],[8.548329710866506,47.36722693568298]]},"properties":{"layer":"LKZ1314-MLU1","infraType":"water","geomType":"pipe","source":"order_55298/NIS_ZH_WVZ.dxf","_dedupKey":"2683819.7,1246857.3|2683820.2,1246856.4"}},{"type":"Feature","geometry":{"type":"LineString","coordinates":[[8.548329710866506,47.36722693568298],[8.548299907614995,47.36727273762073],[8.548297404743924,47.36729179545776],[8.548290813073859,47.36730079099852],[8.54827577161171,47.36730520822254],[8.548209996806984,47.3674038965488],[8.548156053595534,47.36749281035351],[8.548134932203919,47.36752763568242]]},"properties":{"layer":"LKZ1314-MLU1","infraType":"water","geomType":"pipe","source":"order_55298/NIS_ZH_WVZ.dxf","_dedupKey":"2683804.6,1246890.5|2683819.7,1246857.3"}},{"type":"Feature","geometry":{"type":"LineString","coordinates":[[8.548134932203919,47.36752763568242],[8.548132707600017,47.36753271234071],[8.548129759613206,47.36753802082746]]},"properties":{"layer":"LKZ1314-MLU1","infraType":"water","geomType":"pipe","source":"order_55298/NIS_ZH_WVZ.dxf","_dedupKey":"2683804.2,1246891.7|2683804.6,1246890.5"}},{"type":"Feature","geometry":{"type":"LineString","coordinates":[[8.548129759613206,47.36753802082746],[8.548071734013464,47.36766490644948]]},"properties":{"layer":"LKZ1314-MLU1","infraType":"water","geomType":"pipe","source":"order_55298/NIS_ZH_WVZ.dxf","_dedupKey":"2683799.6,1246905.7|2683804.2,1246891.7"}},{"type":"Feature","geometry":{"type":"LineString","coordinates":[[8.548071734013464,47.36766490644948],[8.54806994164129,47.367668485755466],[8.54806738327973,47.367673430690616]]},"properties":{"layer":"LKZ1314-MLU1","infraType":"water","geomType":"pipe","source":"order_55298/NIS_ZH_WVZ.dxf","_dedupKey":"2683799.2,1246906.7|2683799.6,1246905.7"}},{"type":"Feature","geometry":{"type":"LineString","coordinates":[[8.54806738327973,47.367673430690616],[8.548055798172362,47.36769633574429]]},"properties":{"layer":"LKZ1314-MLU1","infraType":"water","geomType":"pipe","source":"order_55298/NIS_ZH_WVZ.dxf","_dedupKey":"2683798.3,1246909.2|2683799.2,1246906.7"}},{"type":"Feature","geometry":{"type":"LineString","coordinates":[[8.548055798172362,47.36769633574429],[8.548053689084343,47.36770060172544]]},"properties":{"layer":"LKZ1314-MLU1","infraType":"water","geomType":"pipe","source":"order_55298/NIS_ZH_WVZ.dxf","_dedupKey":"2683798.2,1246909.7|2683798.3,1246909.2"}},{"type":"Feature","geometry":{"type":"LineString","coordinates":[[8.548051707879349,47.367704650594014],[8.548047070609739,47.367715948099956]]},"properties":{"layer":"LKZ1315-MLU1","infraType":"water","geomType":"pipe","source":"order_55298/NIS_ZH_WVZ.dxf","_dedupKey":"2683797.6,1246911.4|2683798,1246910.1"}},{"type":"Feature","geometry":{"type":"LineString","coordinates":[[8.548047070609739,47.367715948099956],[8.548045399617966,47.367719634181604],[8.548045310137004,47.36771978795912]]},"properties":{"layer":"LKZ1315-MLU1","infraType":"water","geomType":"pipe","source":"order_55298/NIS_ZH_WVZ.dxf","_dedupKey":"2683797.5,1246911.8|2683797.6,1246911.4"}},{"type":"Feature","geometry":{"type":"LineString","coordinates":[[8.548332680532566,47.36722267042224],[8.548336344409016,47.367223768610614]]},"properties":{"layer":"LKZ1315-MLU1","infraType":"water","geomType":"pipe","source":"order_55298/NIS_ZH_WVZ.dxf","_dedupKey":"2683820,1246856.9|2683820.2,1246857"}},{"type":"Feature","geometry":{"type":"LineString","coordinates":[[8.548336344409016,47.367223768610614],[8.548340884762924,47.36722499330498],[8.548349048962047,47.36722793723884],[8.54835678063339,47.36723109221712],[8.548358454031417,47.36723197565573]]},"properties":{"layer":"LKZ1315-MLU1","infraType":"water","geomType":"pipe","source":"order_55298/NIS_ZH_WVZ.dxf","_dedupKey":"2683820.2,1246857|2683821.9,1246857.9"}},{"type":"Feature","geometry":{"type":"LineString","coordinates":[[8.548358454031417,47.36723197565573],[8.548361537015449,47.36723379004365],[8.548384362766537,47.36724841275776],[8.548398697305892,47.36725583096695],[8.548424133809174,47.36726802687525],[8.54845202411565,47.36728043307323],[8.548485988767414,47.36729524557047],[8.548510979843925,47.36730893893926],[8.54856878144091,47.367342421203716],[8.548552316722615,47.367353517566315]]},"properties":{"layer":"LKZ1315-MLU1","infraType":"water","geomType":"pipe","source":"order_55298/NIS_ZH_WVZ.dxf","_dedupKey":"2683821.9,1246857.9|2683836.4,1246871.6"}},{"type":"Feature","geometry":{"type":"LineString","coordinates":[[8.548173614098717,47.367541989176814],[8.548183069621345,47.36754463287141],[8.548185678208545,47.36754528244884],[8.548187141632848,47.367545619201536]]},"properties":{"layer":"LKZ1315-MLU1","infraType":"water","geomType":"pipe","source":"order_55298/NIS_ZH_WVZ.dxf","_dedupKey":"2683807.5,1246892.2|2683808.5,1246892.6"}},{"type":"Feature","geometry":{"type":"LineString","coordinates":[[8.548187141632848,47.367545619201536],[8.548199867618925,47.36754890611351],[8.54821703201672,47.36755360760145]]},"properties":{"layer":"LKZ1315-MLU1","infraType":"water","geomType":"pipe","source":"order_55298/NIS_ZH_WVZ.dxf","_dedupKey":"2683808.5,1246892.6|2683810.7,1246893.5"}},{"type":"Feature","geometry":{"type":"LineString","coordinates":[[8.54806994164129,47.367668485755466],[8.548072671242553,47.36766922412478]]},"properties":{"layer":"LKZ1315-MLU1","infraType":"water","geomType":"pipe","source":"order_55298/NIS_ZH_WVZ.dxf","_dedupKey":"2683799.4,1246906.1|2683799.6,1246906.2"}},{"type":"Feature","geometry":{"type":"LineString","coordinates":[[8.548072671242553,47.36766922412478],[8.548074870407165,47.36766992261356],[8.548079476606365,47.36767112869546]]},"properties":{"layer":"LKZ1315-MLU1","infraType":"water","geomType":"pipe","source":"order_55298/NIS_ZH_WVZ.dxf","_dedupKey":"2683799.6,1246906.2|2683800.1,1246906.4"}},{"type":"Feature","geometry":{"type":"LineString","coordinates":[[8.548079476606365,47.36767112869546],[8.54813631001555,47.3676873497418]]},"properties":{"layer":"LKZ1315-MLU1","infraType":"water","geomType":"pipe","source":"order_55298/NIS_ZH_WVZ.dxf","_dedupKey":"2683800.1,1246906.4|2683804.4,1246908.3"}},{"type":"Feature","geometry":{"type":"LineString","coordinates":[[8.548053689084343,47.36770060172544],[8.548094878094673,47.36771136007991]]},"properties":{"layer":"LKZ1317-MLU1","infraType":"water","geomType":"pipe","source":"order_55298/NIS_ZH_WVZ.dxf","_dedupKey":"2683798.2,1246909.7|2683801.2,1246910.9"}},{"type":"Feature","geometry":{"type":"LineString","coordinates":[[8.548045399617966,47.367719634181604],[8.548046744282685,47.367719990067236]]},"properties":{"layer":"LKZ1315-MLU1","infraType":"water","geomType":"pipe","source":"order_55298/NIS_ZH_WVZ.dxf","_dedupKey":"2683797.5,1246911.8|2683797.6,1246911.8"}},{"type":"Feature","geometry":{"type":"LineString","coordinates":[[8.548046744282685,47.367719990067236],[8.548049138830278,47.36772053376178],[8.548052414167499,47.36772141081215],[8.548055119406168,47.36772288702009]]},"properties":{"layer":"LKZ1315-MLU1","infraType":"water","geomType":"pipe","source":"order_55298/NIS_ZH_WVZ.dxf","_dedupKey":"2683797.6,1246911.8|2683798.2,1246912.2"}},{"type":"Feature","geometry":{"type":"LineString","coordinates":[[8.548055119406168,47.36772288702009],[8.54807638799802,47.36773393567785]]},"properties":{"layer":"LKZ1315-MLU1","infraType":"water","geomType":"pipe","source":"order_55298/NIS_ZH_WVZ.dxf","_dedupKey":"2683798.2,1246912.2|2683799.8,1246913.4"}},{"type":"Feature","geometry":{"type":"LineString","coordinates":[[8.54807638799802,47.36773393567785],[8.54808332047227,47.36773749413919]]},"properties":{"layer":"LKZ1315-MLU1","infraType":"water","geomType":"pipe","source":"order_55298/NIS_ZH_WVZ.dxf","_dedupKey":"2683799.8,1246913.4|2683800.3,1246913.8"}},{"type":"Feature","geometry":{"type":"LineString","coordinates":[[8.547584192562166,47.36662943179226],[8.547587774804969,47.36663170016069],[8.54762995511212,47.36665769597948],[8.547637406568827,47.36666266172622],[8.54763814397339,47.36666310440413]]},"properties":{"layer":"LKZ1314-MLU1","infraType":"water","geomType":"pipe","source":"order_55298/NIS_ZH_WVZ.dxf","_dedupKey":"2683764.4,1246790.1|2683768.4,1246793.9"}},{"type":"Feature","geometry":{"type":"LineString","coordinates":[[8.547980497872649,47.36688242009364],[8.547982991082332,47.36688388934469],[8.547990814695579,47.36688828479817],[8.547989263221702,47.36688944208792],[8.54800786571038,47.366900273496974]]},"properties":{"layer":"LKZ1315-MLU1","infraType":"water","geomType":"pipe","source":"order_55298/NIS_ZH_WVZ.dxf","_dedupKey":"2683793.9,1246818.7|2683795.9,1246820.7"}},{"type":"Feature","geometry":{"type":"LineString","coordinates":[[8.548403449169498,47.36714828397033],[8.548407061258064,47.36714562267089],[8.548410633821328,47.36714297074627]]},"properties":{"layer":"LKZ1314-MLU1","infraType":"water","geomType":"pipe","source":"order_55298/NIS_ZH_WVZ.dxf","_dedupKey":"2683825.4,1246848.7|2683826,1246848.1"}},{"type":"Feature","geometry":{"type":"LineString","coordinates":[[8.548132707600017,47.36753271234071],[8.548136304931871,47.36753379318443]]},"properties":{"layer":"LKZ1315-MLU1","infraType":"water","geomType":"pipe","source":"order_55298/NIS_ZH_WVZ.dxf","_dedupKey":"2683804.4,1246891.1|2683804.7,1246891.2"}},{"type":"Feature","geometry":{"type":"LineString","coordinates":[[8.548136304931871,47.36753379318443],[8.548140007602255,47.36753484603053],[8.54816132179362,47.36754109081195],[8.548166010754992,47.36753991237426],[8.548173614098717,47.367541989176814]]},"properties":{"layer":"LKZ1315-MLU1","infraType":"water","geomType":"pipe","source":"order_55298/NIS_ZH_WVZ.dxf","_dedupKey":"2683804.7,1246891.2|2683807.5,1246892.2"}},{"type":"Feature","geometry":{"type":"LineString","coordinates":[[8.548732085015226,47.36763999522063],[8.548717163193642,47.36763235781763]]},"properties":{"layer":"LKZ1319-MLU1","infraType":"water","geomType":"pipe","source":"order_55298/NIS_ZH_WVZ.dxf","_dedupKey":"2683848.4,1246902.8|2683849.5,1246903.7"}},{"type":"Feature","geometry":{"type":"LineString","coordinates":[[8.548053689084343,47.36770060172544],[8.548051707879349,47.367704650594014]]},"properties":{"layer":"LKZ1315-MLU1","infraType":"water","geomType":"pipe","source":"order_55298/NIS_ZH_WVZ.dxf","_dedupKey":"2683798,1246910.1|2683798.2,1246909.7"}},{"type":"Feature","geometry":{"type":"LineString","coordinates":[[8.547168812101283,47.366966654712094],[8.54716669778451,47.36696557759461],[8.547163834134759,47.366964120876915]]},"properties":{"layer":"LKZ1319-MLU1","infraType":"water","geomType":"pipe","source":"order_55298/NIS_ZH_WVZ.dxf","_dedupKey":"2683732.1,1246826.9|2683732.5,1246827.1"}},{"type":"Feature","geometry":{"type":"LineString","coordinates":[[8.547163834134759,47.366964120876915],[8.547152165682634,47.36695819711108],[8.547135198206862,47.36694958067604],[8.54716017360465,47.366926889006734],[8.547155717695807,47.36692462901081],[8.54715147582888,47.366922474902395]]},"properties":{"layer":"LKZ1319-MLU1","infraType":"water","geomType":"pipe","source":"order_55298/NIS_ZH_WVZ.dxf","_dedupKey":"2683731.2,1246822.2|2683732.1,1246826.9"}},{"type":"Feature","geometry":{"type":"LineString","coordinates":[[8.54715147582888,47.366922474902395],[8.547036487644588,47.36687030909611],[8.547130902364122,47.366749992012515],[8.547074094509865,47.36671583385641]]},"properties":{"layer":"LKZ1319-MLU1","infraType":"water","geomType":"pipe","source":"order_55298/NIS_ZH_WVZ.dxf","_dedupKey":"2683725.7,1246799.2|2683731.2,1246822.2"}},{"type":"Feature","geometry":{"type":"LineString","coordinates":[[8.547776714470356,47.36647417932521],[8.547771390864227,47.36647666814366]]},"properties":{"layer":"LKZ1314-MLU1","infraType":"water","geomType":"pipe","source":"order_55298/NIS_ZH_WVZ.dxf","_dedupKey":"2683778.8,1246773.3|2683779.2,1246773"}},{"type":"Feature","geometry":{"type":"LineString","coordinates":[[8.547724414540596,47.36650715416637],[8.547753816330895,47.366524781207865],[8.547767704160632,47.36652601510333],[8.547797753114196,47.36654865522684]]},"properties":{"layer":"LKZ1317-MLU1","infraType":"water","geomType":"pipe","source":"order_55298/NIS_ZH_WVZ.dxf","_dedupKey":"2683775.2,1246776.7|2683780.6,1246781.4"}},{"type":"Feature","geometry":{"type":"LineString","coordinates":[[8.547199088619536,47.366947393285066],[8.547225601956512,47.36695663769677]]},"properties":{"layer":"LKZ1317-MLU1","infraType":"water","geomType":"pipe","source":"order_55298/NIS_ZH_WVZ.dxf","_dedupKey":"2683734.8,1246825|2683736.8,1246826.1"}},{"type":"Feature","geometry":{"type":"LineString","coordinates":[[8.547161335097607,47.36699102244196],[8.547159703683207,47.366990246525276],[8.547156989196429,47.366988959284]]},"properties":{"layer":"LKZ1315-MLU1","infraType":"water","geomType":"pipe","source":"order_55298/NIS_ZH_WVZ.dxf","_dedupKey":"2683731.5,1246829.6|2683731.9,1246829.8"}},{"type":"Feature","geometry":{"type":"LineString","coordinates":[[8.547156989196429,47.366988959284],[8.547154261285423,47.366987663176346],[8.547150583984871,47.366985917427094],[8.547135714253761,47.36697885501313]]},"properties":{"layer":"LKZ1315-MLU1","infraType":"water","geomType":"pipe","source":"order_55298/NIS_ZH_WVZ.dxf","_dedupKey":"2683730,1246828.5|2683731.5,1246829.6"}},{"type":"Feature","geometry":{"type":"LineString","coordinates":[[8.547106615934128,47.36697900836165],[8.547095482776182,47.36697335830291]]},"properties":{"layer":"LKZ1315-MLU1","infraType":"water","geomType":"pipe","source":"order_55298/NIS_ZH_WVZ.dxf","_dedupKey":"2683726.9,1246827.8|2683727.8,1246828.5"}},{"type":"Feature","geometry":{"type":"LineString","coordinates":[[8.546909558135413,47.36725379505059],[8.546912911578396,47.36725524707449],[8.546970889499294,47.367280704743784],[8.546974229895199,47.367282165886316]]},"properties":{"layer":"LKZ1315-MLU1","infraType":"water","geomType":"pipe","source":"order_55298/NIS_ZH_WVZ.dxf","_dedupKey":"2683712.4,1246858.8|2683717.3,1246862"}},{"type":"Feature","geometry":{"type":"LineString","coordinates":[[8.547074094509865,47.36671583385641],[8.547036586004063,47.36669483029869],[8.546906376614992,47.36679124880434],[8.546803545263824,47.36688376141874],[8.54679530208061,47.36687955881016]]},"properties":{"layer":"LKZ1319-MLU1","infraType":"water","geomType":"pipe","source":"order_55298/NIS_ZH_WVZ.dxf","_dedupKey":"2683704.4,1246817.1|2683725.7,1246799.2"}},{"type":"Feature","geometry":{"type":"LineString","coordinates":[[8.546306241038746,47.36778551251951],[8.546314160531045,47.367779229899],[8.546469756294545,47.36764593128873],[8.546476549281703,47.36764023515286],[8.54670944759346,47.367444874597815],[8.546712934480613,47.36744191771315],[8.546764356289016,47.367398472404574],[8.546852141664582,47.36730629312209],[8.54685951316482,47.36729849553604],[8.546955693898234,47.367196835655186],[8.547154261285423,47.366987663176346],[8.547278796133757,47.36685648754463],[8.547303331047114,47.36683935908871],[8.547513752053435,47.36667824131626],[8.547558881758443,47.366642349023515],[8.54756696815347,47.366635830834696],[8.54757339048357,47.36663078584175],[8.547747787579546,47.366476831850655],[8.54775534106936,47.36647015685236],[8.54776301327401,47.366465369700464]]},"properties":{"layer":"LKZ1313-MLU1","infraType":"water","geomType":"pipe","source":"order_55298/NIS_ZH_WVZ.dxf","_dedupKey":"2683666,1246917.3|2683778.1,1246772.1"}},{"type":"Feature","geometry":{"type":"LineString","coordinates":[[8.546272489306048,47.36780833313494],[8.5462755373761,47.3678059201829],[8.546288127871485,47.367795679868614],[8.546291148717529,47.36779323119651],[8.546303714413632,47.367783072074836],[8.546476337539266,47.367637691550605],[8.546702935050254,47.367446862046926],[8.546710416674273,47.36744053862273],[8.546753316008436,47.367404299261146],[8.546845008366258,47.36730962681657],[8.546864929825633,47.367287739305254],[8.547150583984871,47.366985917427094],[8.547168812101283,47.366966654712094],[8.547263029092866,47.3668667584658],[8.547316136689732,47.3668242052248],[8.547573014113365,47.36661842108964],[8.547610519856795,47.36658836788634],[8.547738291486002,47.36647986446716],[8.547747787579546,47.366476831850655],[8.54777042289853,47.36646959823608],[8.54783815823173,47.36644797096532]]},"properties":{"layer":"LKZ1319-MLU1","infraType":"water","geomType":"pipe","source":"order_55298/NIS_ZH_WVZ.dxf","_dedupKey":"2683663.5,1246919.8|2683783.8,1246770.2"}},{"type":"Feature","geometry":{"type":"LineString","coordinates":[[8.546773718692476,47.367411290646615],[8.5467772614714,47.367411022780026],[8.546782522502932,47.36741061249458],[8.546784598051962,47.36741173496691],[8.546794220400452,47.36741858691424],[8.546796087141857,47.36741985531254],[8.546800432877262,47.367421909490425]]},"properties":{"layer":"LKZ1315-MLU1","infraType":"water","geomType":"pipe","source":"order_55298/NIS_ZH_WVZ.dxf","_dedupKey":"2683701.9,1246876.2|2683703.9,1246877.4"}},{"type":"Feature","geometry":{"type":"LineString","coordinates":[[8.546804272930787,47.36810088211631],[8.546819149251377,47.368107611688586]]},"properties":{"layer":"LKZ1315-MLU1","infraType":"water","geomType":"pipe","source":"order_55298/NIS_ZH_WVZ.dxf","_dedupKey":"2683703.2,1246952.9|2683704.3,1246953.6"}},{"type":"Feature","geometry":{"type":"LineString","coordinates":[[8.546819149251377,47.368107611688586],[8.54694667576089,47.36816283269194]]},"properties":{"layer":"LKZ1315-MLU1","infraType":"water","geomType":"pipe","source":"order_55298/NIS_ZH_WVZ.dxf","_dedupKey":"2683704.3,1246953.6|2683713.8,1246959.9"}},{"type":"Feature","geometry":{"type":"LineString","coordinates":[[8.548045310137004,47.36771978795912],[8.548044837754412,47.36772062904773]]},"properties":{"layer":"LKZ1315-MLU1","infraType":"water","geomType":"pipe","source":"order_55298/NIS_ZH_WVZ.dxf","_dedupKey":"2683797.5,1246911.8|2683797.5,1246911.9"}},{"type":"Feature","geometry":{"type":"LineString","coordinates":[[8.548043957492387,47.36772222964892],[8.548043012727105,47.36772391182622],[8.547980659470365,47.36777201426321],[8.54798012859154,47.367785314227746],[8.547976854064288,47.36778765743935]]},"properties":{"layer":"LKZ1315-MLU1","infraType":"water","geomType":"pipe","source":"order_55298/NIS_ZH_WVZ.dxf","_dedupKey":"2683792.2,1246919.3|2683797.4,1246912.1"}},{"type":"Feature","geometry":{"type":"LineString","coordinates":[[8.548044837754412,47.36772062904773],[8.54804427626516,47.36772164190064],[8.548043957492387,47.36772222964892]]},"properties":{"layer":"LKZ1315-MLU1","infraType":"water","geomType":"pipe","source":"order_55298/NIS_ZH_WVZ.dxf","_dedupKey":"2683797.4,1246912.1|2683797.5,1246911.9"}},{"type":"Feature","geometry":{"type":"LineString","coordinates":[[8.550838361237666,47.36855466280659],[8.55082502815531,47.36854577803467],[8.550800159022382,47.36852973624587],[8.550762724192218,47.36850287731595],[8.550702304316847,47.36845952665443],[8.550565891314804,47.3683593564738],[8.550399136177573,47.36824097513579]]},"properties":{"layer":"LKZ1319-MLU1","infraType":"water","geomType":"pipe","source":"order_55298/NIS_ZH_WVZ.dxf","_dedupKey":"2683974.4,1246972.3|2684007.1,1247007.6"}},{"type":"Feature","geometry":{"type":"LineString","coordinates":[[8.550851449042314,47.36855432988428],[8.550847595772074,47.36855177638031],[8.550846897652622,47.36855131535396],[8.550831739657642,47.368541269788466],[8.550768449891178,47.368499350044715],[8.550668107870655,47.36842605204466],[8.550586656947921,47.36836783689627],[8.5504133662854,47.36824082016531]]},"properties":{"layer":"LKZ1314-MLU1","infraType":"water","geomType":"pipe","source":"order_55298/NIS_ZH_WVZ.dxf","_dedupKey":"2683975.5,1246972.3|2684008.1,1247007.6"}},{"type":"Feature","geometry":{"type":"LineString","coordinates":[[8.551165833520615,47.36680609348344],[8.551159493958183,47.36680874516377],[8.551139110036237,47.36681726205954],[8.551121910111116,47.36681466621937],[8.551070029090306,47.366823855297945],[8.550915887401555,47.366856121407565],[8.550786112166676,47.366868956958626],[8.55071957239986,47.36688630174069],[8.550624289826903,47.36692528678029],[8.550551480621294,47.36695119227155],[8.550429458855223,47.36703172244813],[8.550371617038081,47.367092852780324],[8.550345555015248,47.36711988229621],[8.55034000832245,47.36712563863022]]},"properties":{"layer":"LKZ1319-MLU1","infraType":"water","geomType":"pipe","source":"order_55298/NIS_ZH_WVZ.dxf","_dedupKey":"2683971.7,1246848.2|2684034.6,1246813.6"}},{"type":"Feature","geometry":{"type":"LineString","coordinates":[[8.547036332902495,47.36837968239426],[8.547024442479438,47.368373922658456],[8.547010037379925,47.368366936725344],[8.547000768477568,47.368362447133784],[8.546933785637217,47.36832996970381],[8.546868920831454,47.36829937888797],[8.546804713273806,47.36826791819363],[8.546674432963126,47.36820442990724],[8.546609344659847,47.36817262674351],[8.546477284494982,47.36811011779481],[8.546346096671789,47.368048158030675],[8.54628081940758,47.36801807457352]]},"properties":{"layer":"LKZ1313-MLU1","infraType":"water","geomType":"pipe","source":"order_55298/NIS_ZH_WVZ.dxf","_dedupKey":"2683663.8,1246943.1|2683720.2,1246984.1"}},{"type":"Feature","geometry":{"type":"LineString","coordinates":[[8.546846379123158,47.36829332554958],[8.547025750891581,47.36837890242107],[8.547075271076244,47.36840252523679]]},"properties":{"layer":"LKZ1314-MLU1","infraType":"water","geomType":"pipe","source":"order_55298/NIS_ZH_WVZ.dxf","_dedupKey":"2683706,1246974.3|2683723.2,1246986.7"}},{"type":"Feature","geometry":{"type":"LineString","coordinates":[[8.546188817429288,47.367969222578445],[8.546194830031677,47.36797184548044],[8.546196941192257,47.367972769727984],[8.546873538055559,47.36829410839021],[8.547010552476857,47.36835987057402]]},"properties":{"layer":"LKZ1319-MLU1","infraType":"water","geomType":"pipe","source":"order_55298/NIS_ZH_WVZ.dxf","_dedupKey":"2683656.9,1246937.6|2683718.3,1246981.9"}},{"type":"Feature","geometry":{"type":"LineString","coordinates":[[8.546844640650239,47.36829249668465],[8.546846379123158,47.36829332554958]]},"properties":{"layer":"LKZ1314-MLU1","infraType":"water","geomType":"pipe","source":"order_55298/NIS_ZH_WVZ.dxf","_dedupKey":"2683705.9,1246974.2|2683706,1246974.3"}},{"type":"Feature","geometry":{"type":"LineString","coordinates":[[8.546837927467823,47.36828929585224],[8.546844640650239,47.36829249668465]]},"properties":{"layer":"LKZ1314-MLU1","infraType":"water","geomType":"pipe","source":"order_55298/NIS_ZH_WVZ.dxf","_dedupKey":"2683705.4,1246973.8|2683705.9,1246974.2"}},{"type":"Feature","geometry":{"type":"LineString","coordinates":[[8.547135714253761,47.36697885501313],[8.547115099673706,47.366983316581525],[8.547106615934128,47.36697900836165]]},"properties":{"layer":"LKZ1315-MLU1","infraType":"water","geomType":"pipe","source":"order_55298/NIS_ZH_WVZ.dxf","_dedupKey":"2683727.8,1246828.5|2683730,1246828.5"}},{"type":"Feature","geometry":{"type":"LineString","coordinates":[[8.54797800466311,47.36688095084258],[8.547980497872649,47.36688242009364],[8.547978429257482,47.36688417603214],[8.547972250072972,47.36688945258642],[8.547977065005234,47.36689051274431]]},"properties":{"layer":"LKZ1314-MLU1","infraType":"water","geomType":"pipe","source":"order_55298/NIS_ZH_WVZ.dxf","_dedupKey":"2683793.6,1246819.5|2683793.7,1246818.5"}},{"type":"Feature","geometry":{"type":"LineString","coordinates":[[8.547803886619196,47.36677599435881],[8.54780119547494,47.36677773828242],[8.547796743678447,47.366780767434506],[8.547794718280255,47.366782055205604],[8.547787376778324,47.366786830187586],[8.547779260683894,47.36679255710136],[8.547702532467536,47.36687006775868]]},"properties":{"layer":"LKZ1315-MLU1","infraType":"water","geomType":"pipe","source":"order_55298/NIS_ZH_WVZ.dxf","_dedupKey":"2683772.9,1246817|2683780.7,1246806.6"}},{"type":"Feature","geometry":{"type":"LineString","coordinates":[[8.547710589996019,47.36691689122387],[8.547710862086864,47.3669178780802]]},"properties":{"layer":"LKZ1315-MLU1","infraType":"water","geomType":"pipe","source":"order_55298/NIS_ZH_WVZ.dxf","_dedupKey":"2683773.5,1246822.2|2683773.5,1246822.3"}},{"type":"Feature","geometry":{"type":"LineString","coordinates":[[8.547710589996019,47.36691689122387],[8.5477097593636,47.36691387682169],[8.547698734198214,47.366873963163],[8.547702532467536,47.36687006775868]]},"properties":{"layer":"LKZ1315-MLU1","infraType":"water","geomType":"pipe","source":"order_55298/NIS_ZH_WVZ.dxf","_dedupKey":"2683772.9,1246817|2683773.5,1246822.2"}},{"type":"Feature","geometry":{"type":"LineString","coordinates":[[8.546957065222463,47.36816517967928],[8.546965665382103,47.3681553373906]]},"properties":{"layer":"LKZ1315-MLU1","infraType":"water","geomType":"pipe","source":"order_55298/NIS_ZH_WVZ.dxf","_dedupKey":"2683714.6,1246960.2|2683715.3,1246959.1"}},{"type":"Feature","geometry":{"type":"LineString","coordinates":[[8.54694667576089,47.36816283269194],[8.546953999548549,47.368166108615064]]},"properties":{"layer":"LKZ1315-MLU1","infraType":"water","geomType":"pipe","source":"order_55298/NIS_ZH_WVZ.dxf","_dedupKey":"2683713.8,1246959.9|2683714.4,1246960.3"}},{"type":"Feature","geometry":{"type":"LineString","coordinates":[[8.546953999548549,47.368166108615064],[8.546951874197452,47.3681683238318],[8.546953358160962,47.36816901121468],[8.546955068847378,47.36816977737843],[8.546958122291615,47.36816698655982],[8.546965026963353,47.36817048238828]]},"properties":{"layer":"LKZ1315-MLU1","infraType":"water","geomType":"pipe","source":"order_55298/NIS_ZH_WVZ.dxf","_dedupKey":"2683714.4,1246960.3|2683715.2,1246960.8"}},{"type":"Feature","geometry":{"type":"LineString","coordinates":[[8.546953358160962,47.36816901121468],[8.546955600407083,47.36816668693417],[8.546957065222463,47.36816517967928]]},"properties":{"layer":"LKZ1315-MLU1","infraType":"water","geomType":"pipe","source":"order_55298/NIS_ZH_WVZ.dxf","_dedupKey":"2683714.3,1246960.6|2683714.6,1246960.2"}},{"type":"Feature","geometry":{"type":"LineString","coordinates":[[8.548423730253539,47.36781085353069],[8.548425677373674,47.36780962047244]]},"properties":{"layer":"LKZ1315-MLU1","infraType":"water","geomType":"pipe","source":"order_55298/NIS_ZH_WVZ.dxf","_dedupKey":"2683825.9,1246922.3|2683826.1,1246922.2"}},{"type":"Feature","geometry":{"type":"LineString","coordinates":[[8.548279000235109,47.36792400917141],[8.548312710980186,47.36789544044075]]},"properties":{"layer":"LKZ1315-MLU1","infraType":"water","geomType":"pipe","source":"order_55298/NIS_ZH_WVZ.dxf","_dedupKey":"2683814.8,1246934.8|2683817.4,1246931.6"}},{"type":"Feature","geometry":{"type":"LineString","coordinates":[[8.546726382630762,47.36806659325183],[8.546804272930787,47.36810088211631]]},"properties":{"layer":"LKZ1315-MLU1","infraType":"water","geomType":"pipe","source":"order_55298/NIS_ZH_WVZ.dxf","_dedupKey":"2683697.3,1246949|2683703.2,1246952.9"}},{"type":"Feature","geometry":{"type":"LineString","coordinates":[[8.549097439121324,47.36780358633676],[8.549076893227657,47.36778783543557],[8.549042074828291,47.36776256993007],[8.549028210368487,47.3677523048052],[8.548990537638108,47.367773706706096],[8.548732085015226,47.36763999522063]]},"properties":{"layer":"LKZ1319-MLU1","infraType":"water","geomType":"pipe","source":"order_55298/NIS_ZH_WVZ.dxf","_dedupKey":"2683849.5,1246903.7|2683876.8,1246922.3"}},{"type":"Feature","geometry":{"type":"LineString","coordinates":[[8.549379435825223,47.3676367936557],[8.549316367494336,47.3676752968581],[8.549228836501307,47.36773057738625],[8.549166773254484,47.36776903485819],[8.54910507020592,47.367808262417185],[8.549097439121324,47.36780358633676]]},"properties":{"layer":"LKZ1319-MLU1","infraType":"water","geomType":"pipe","source":"order_55298/NIS_ZH_WVZ.dxf","_dedupKey":"2683876.8,1246922.3|2683898.4,1246904"}},{"type":"Feature","geometry":{"type":"LineString","coordinates":[[8.549464663391934,47.36663735641215],[8.549422767953917,47.36665303317619]]},"properties":{"layer":"LKZ1314-MLU1","infraType":"water","geomType":"pipe","source":"order_55298/NIS_ZH_WVZ.dxf","_dedupKey":"2683903.2,1246794.7|2683906.4,1246793"}},{"type":"Feature","geometry":{"type":"LineString","coordinates":[[8.55001973361033,47.3669345691325],[8.550031800624025,47.36692466625732]]},"properties":{"layer":"LKZ1315-MLU1","infraType":"water","geomType":"pipe","source":"order_55298/NIS_ZH_WVZ.dxf","_dedupKey":"2683947.8,1246826.6|2683948.8,1246825.5"}},{"type":"Feature","geometry":{"type":"LineString","coordinates":[[8.55000986155463,47.36694115864928],[8.550012646796118,47.366939485729574],[8.55001502674234,47.36693805957976],[8.550016544461407,47.36693719043288],[8.55001973361033,47.3669345691325]]},"properties":{"layer":"LKZ1315-MLU1","infraType":"water","geomType":"pipe","source":"order_55298/NIS_ZH_WVZ.dxf","_dedupKey":"2683947.1,1246827.3|2683947.8,1246826.6"}},{"type":"Feature","geometry":{"type":"LineString","coordinates":[[8.549682045674622,47.36673436526027],[8.549679488653751,47.366736188894635],[8.549629003504386,47.366772340435034],[8.549618389039571,47.366780790066834],[8.549615250392769,47.366783293933054]]},"properties":{"layer":"LKZ1315-MLU1","infraType":"water","geomType":"pipe","source":"order_55298/NIS_ZH_WVZ.dxf","_dedupKey":"2683917.5,1246809.4|2683922.7,1246804"}},{"type":"Feature","geometry":{"type":"LineString","coordinates":[[8.549591289567704,47.36665512724721],[8.549606670559417,47.36663652118555],[8.549611397834635,47.366632104054936],[8.549613735559703,47.36662992272437]]},"properties":{"layer":"LKZ1315-MLU1","infraType":"water","geomType":"pipe","source":"order_55298/NIS_ZH_WVZ.dxf","_dedupKey":"2683915.9,1246795.1|2683917.7,1246792.3"}},{"type":"Feature","geometry":{"type":"LineString","coordinates":[[8.549570940334048,47.36666722361187],[8.549573403569939,47.36666534691093],[8.549575785133017,47.366663363053405],[8.549585336186508,47.36666233568126],[8.549591289567704,47.36665512724721]]},"properties":{"layer":"LKZ1315-MLU1","infraType":"water","geomType":"pipe","source":"order_55298/NIS_ZH_WVZ.dxf","_dedupKey":"2683914.4,1246796.4|2683915.9,1246795.1"}},{"type":"Feature","geometry":{"type":"LineString","coordinates":[[8.549464663391934,47.36663735641215],[8.549470095644098,47.366635001397825],[8.549531773064471,47.36664290859561],[8.549558214926657,47.366659511218145],[8.549570940334048,47.36666722361187],[8.549574097009755,47.36666939706606],[8.549578766240359,47.36667807747494],[8.54961289993264,47.366689568795735],[8.549682045674622,47.36673436526027],[8.55000986155463,47.36694115864928],[8.5502949898791,47.36712171828953],[8.550299034234621,47.367125187480816],[8.550315114846645,47.36715537343441],[8.55031682379907,47.367158595249045]]},"properties":{"layer":"LKZ1314-MLU1","infraType":"water","geomType":"pipe","source":"order_55298/NIS_ZH_WVZ.dxf","_dedupKey":"2683906.4,1246793|2683969.9,1246851.9"}},{"type":"Feature","geometry":{"type":"LineString","coordinates":[[8.55031682379907,47.367158595249045],[8.550326122997093,47.36716326418854],[8.550330660874998,47.367163733233895],[8.550332279775207,47.367163906549706],[8.550335543862882,47.367164243933054]]},"properties":{"layer":"LKZ1314-MLU1","infraType":"water","geomType":"pipe","source":"order_55298/NIS_ZH_WVZ.dxf","_dedupKey":"2683969.9,1246851.9|2683971.3,1246852.5"}},{"type":"Feature","geometry":{"type":"LineString","coordinates":[[8.550035002048405,47.36743195447728],[8.55003320554171,47.36743088334866]]},"properties":{"layer":"LKZ1315-MLU1","infraType":"water","geomType":"pipe","source":"order_55298/NIS_ZH_WVZ.dxf","_dedupKey":"2683948.1,1246881.8|2683948.2,1246881.9"}},{"type":"Feature","geometry":{"type":"LineString","coordinates":[[8.55003320554171,47.36743088334866],[8.550030564575376,47.36742931661628],[8.550027842459961,47.367425762730655]]},"properties":{"layer":"LKZ1315-MLU1","infraType":"water","geomType":"pipe","source":"order_55298/NIS_ZH_WVZ.dxf","_dedupKey":"2683947.7,1246881.2|2683948.1,1246881.8"}},{"type":"Feature","geometry":{"type":"LineString","coordinates":[[8.549998962501597,47.3673659078787],[8.549997896908067,47.36736369632386],[8.549992081849927,47.367359758421586]]},"properties":{"layer":"LKZ1315-MLU1","infraType":"water","geomType":"pipe","source":"order_55298/NIS_ZH_WVZ.dxf","_dedupKey":"2683945.1,1246873.9|2683945.6,1246874.6"}},{"type":"Feature","geometry":{"type":"LineString","coordinates":[[8.54986699903124,47.36730051439226],[8.54986373854181,47.36729907954942],[8.549858233283322,47.36729602918227]]},"properties":{"layer":"LKZ1315-MLU1","infraType":"water","geomType":"pipe","source":"order_55298/NIS_ZH_WVZ.dxf","_dedupKey":"2683935.1,1246866.6|2683935.7,1246867.1"}},{"type":"Feature","geometry":{"type":"LineString","coordinates":[[8.549502825700177,47.36767260407066],[8.549497846486362,47.36767573730759],[8.5494749886634,47.367690097574666],[8.54939197375229,47.36762914411233],[8.549379435825223,47.3676367936557]]},"properties":{"layer":"LKZ1319-MLU1","infraType":"water","geomType":"pipe","source":"order_55298/NIS_ZH_WVZ.dxf","_dedupKey":"2683898.4,1246904|2683907.6,1246908.1"}},{"type":"Feature","geometry":{"type":"LineString","coordinates":[[8.54963633550711,47.36774356010456],[8.549634137373463,47.36774227694902],[8.549631818415214,47.36774091399913]]},"properties":{"layer":"LKZ1319-MLU1","infraType":"water","geomType":"pipe","source":"order_55298/NIS_ZH_WVZ.dxf","_dedupKey":"2683917.3,1246915.9|2683917.6,1246916.2"}},{"type":"Feature","geometry":{"type":"LineString","coordinates":[[8.549631818415214,47.36774091399913],[8.549630351720015,47.36773978572065]]},"properties":{"layer":"LKZ1319-MLU1","infraType":"water","geomType":"pipe","source":"order_55298/NIS_ZH_WVZ.dxf","_dedupKey":"2683917.2,1246915.7|2683917.3,1246915.9"}},{"type":"Feature","geometry":{"type":"LineString","coordinates":[[8.549630351720015,47.36773978572065],[8.549628926424363,47.36773873800049],[8.549627261611153,47.367738268275595]]},"properties":{"layer":"LKZ1319-MLU1","infraType":"water","geomType":"pipe","source":"order_55298/NIS_ZH_WVZ.dxf","_dedupKey":"2683916.9,1246915.6|2683917.2,1246915.7"}},{"type":"Feature","geometry":{"type":"LineString","coordinates":[[8.549627261611153,47.367738268275595],[8.54962430861101,47.3677357060711]]},"properties":{"layer":"LKZ1319-MLU1","infraType":"water","geomType":"pipe","source":"order_55298/NIS_ZH_WVZ.dxf","_dedupKey":"2683916.7,1246915.3|2683916.9,1246915.6"}},{"type":"Feature","geometry":{"type":"LineString","coordinates":[[8.54962430861101,47.3677357060711],[8.54952542092624,47.36766279788251]]},"properties":{"layer":"LKZ1319-MLU1","infraType":"water","geomType":"pipe","source":"order_55298/NIS_ZH_WVZ.dxf","_dedupKey":"2683909.4,1246907.1|2683916.7,1246915.3"}},{"type":"Feature","geometry":{"type":"LineString","coordinates":[[8.54952542092624,47.36766279788251],[8.549522854515711,47.36766099654698],[8.549521093501298,47.36766226381472],[8.549502825700177,47.36767260407066]]},"properties":{"layer":"LKZ1319-MLU1","infraType":"water","geomType":"pipe","source":"order_55298/NIS_ZH_WVZ.dxf","_dedupKey":"2683907.6,1246908.1|2683909.4,1246907.1"}},{"type":"Feature","geometry":{"type":"LineString","coordinates":[[8.550078956126386,47.36745466709387],[8.550076666269279,47.36745342980524],[8.550073761863816,47.367451928575235],[8.550035002048405,47.36743195447728]]},"properties":{"layer":"LKZ1315-MLU1","infraType":"water","geomType":"pipe","source":"order_55298/NIS_ZH_WVZ.dxf","_dedupKey":"2683948.2,1246881.9|2683951.5,1246884.5"}},{"type":"Feature","geometry":{"type":"LineString","coordinates":[[8.55114145666138,47.36681106876138],[8.551138019643664,47.366812595069106],[8.55112254075694,47.36680999164596],[8.55106402484894,47.3668191007097],[8.550915500004276,47.36685214926892],[8.55078486745914,47.3668645073355],[8.550715977980682,47.36687901427523],[8.550618937080726,47.366919392503966],[8.550544651625687,47.36694815468116],[8.550424062088318,47.367030065316044],[8.550365299938125,47.36709531530115],[8.55034608888459,47.36711754740613],[8.550345555015248,47.36711988229621],[8.55034067159359,47.367141571701794]]},"properties":{"layer":"LKZ1314-MLU1","infraType":"water","geomType":"pipe","source":"order_55298/NIS_ZH_WVZ.dxf","_dedupKey":"2683971.8,1246850|2684032.8,1246814.1"}},{"type":"Feature","geometry":{"type":"LineString","coordinates":[[8.550338659298053,47.36715046931252],[8.55033605369645,47.36716202621173],[8.550335543862882,47.367164243933054]]},"properties":{"layer":"LKZ1314-MLU1","infraType":"water","geomType":"pipe","source":"order_55298/NIS_ZH_WVZ.dxf","_dedupKey":"2683971.3,1246852.5|2683971.6,1246851"}},{"type":"Feature","geometry":{"type":"LineString","coordinates":[[8.550338659298053,47.36715046931252],[8.55034067159359,47.367141571701794]]},"properties":{"layer":"LKZ1314-MLU1","infraType":"water","geomType":"pipe","source":"order_55298/NIS_ZH_WVZ.dxf","_dedupKey":"2683971.6,1246851|2683971.8,1246850"}},{"type":"Feature","geometry":{"type":"LineString","coordinates":[[8.549416595415341,47.366656078941666],[8.549422767953917,47.36665303317619]]},"properties":{"layer":"LKZ1314-MLU1","infraType":"water","geomType":"pipe","source":"order_55298/NIS_ZH_WVZ.dxf","_dedupKey":"2683902.7,1246795|2683903.2,1246794.7"}},{"type":"Feature","geometry":{"type":"LineString","coordinates":[[8.549763630624414,47.36774883003634],[8.54976089607768,47.367749126199605],[8.549757487728645,47.36774949181131],[8.549671425081293,47.36775196586586],[8.54963633550711,47.36774356010456]]},"properties":{"layer":"LKZ1319-MLU1","infraType":"water","geomType":"pipe","source":"order_55298/NIS_ZH_WVZ.dxf","_dedupKey":"2683917.6,1246916.2|2683927.2,1246916.9"}},{"type":"Feature","geometry":{"type":"LineString","coordinates":[[8.547307855410207,47.366844910655644],[8.547299482177374,47.36685100880554],[8.547292013752092,47.366851593222684],[8.547281781806069,47.366859355330504],[8.547265857954185,47.36687227233852],[8.54725470063435,47.36688201326972],[8.547256266109827,47.36688662176215],[8.547246909810493,47.366896381385175]]},"properties":{"layer":"LKZ1314-MLU1","infraType":"water","geomType":"pipe","source":"order_55298/NIS_ZH_WVZ.dxf","_dedupKey":"2683738.5,1246819.4|2683743.2,1246813.8"}},{"type":"Feature","geometry":{"type":"LineString","coordinates":[[8.547307855410207,47.366844910655644],[8.547380727878213,47.36678760446227],[8.54746520157764,47.366718358184265],[8.54753528150006,47.36667066755533],[8.547556898441274,47.36666920966927],[8.54756590148926,47.36666156727753],[8.547565223242984,47.3666461470645],[8.547581371335946,47.366631923559424],[8.547584192562166,47.36662943179226]]},"properties":{"layer":"LKZ1314-MLU1","infraType":"water","geomType":"pipe","source":"order_55298/NIS_ZH_WVZ.dxf","_dedupKey":"2683743.2,1246813.8|2683764.4,1246790.1"}},{"type":"Feature","geometry":{"type":"LineString","coordinates":[[8.546720258376897,47.36744584130212],[8.546725555735252,47.36744144580974],[8.546741851623532,47.367427940625724],[8.546765555775307,47.367426876643606],[8.546775589049128,47.36741719152406],[8.546773718692476,47.367411290646615],[8.546770588132542,47.367401452980005],[8.546850718368598,47.367316165488],[8.546866528330263,47.367299669555486],[8.54688763792384,47.36729608481018],[8.546896912055033,47.36728809805619],[8.54689236862866,47.36727207627625],[8.546909558135413,47.36725379505059],[8.547160326521325,47.36699218350468],[8.547161335097607,47.36699102244196],[8.547162343673845,47.36698986137923],[8.547171238901305,47.3669795754739],[8.547199088619536,47.366947393285066],[8.547246909810493,47.366896381385175]]},"properties":{"layer":"LKZ1314-MLU1","infraType":"water","geomType":"pipe","source":"order_55298/NIS_ZH_WVZ.dxf","_dedupKey":"2683697.8,1246879.9|2683738.5,1246819.4"}},{"type":"Feature","geometry":{"type":"LineString","coordinates":[[8.54776301327401,47.366465369700464],[8.547769226448509,47.36646872819898],[8.54777042289853,47.36646959823608],[8.547772923380505,47.36647141823358]]},"properties":{"layer":"LKZ1314-MLU1","infraType":"water","geomType":"pipe","source":"order_55298/NIS_ZH_WVZ.dxf","_dedupKey":"2683778.1,1246772.1|2683778.9,1246772.7"}},{"type":"Feature","geometry":{"type":"LineString","coordinates":[[8.547772923380505,47.36647141823358],[8.547776714470356,47.36647417932521]]},"properties":{"layer":"LKZ1314-MLU1","infraType":"water","geomType":"pipe","source":"order_55298/NIS_ZH_WVZ.dxf","_dedupKey":"2683778.9,1246772.7|2683779.2,1246773"}},{"type":"Feature","geometry":{"type":"LineString","coordinates":[[8.546820269609487,47.36830735667269],[8.546837927467823,47.36828929585224]]},"properties":{"layer":"LKZ1314-MLU1","infraType":"water","geomType":"pipe","source":"order_55298/NIS_ZH_WVZ.dxf","_dedupKey":"2683704,1246975.8|2683705.4,1246973.8"}},{"type":"Feature","geometry":{"type":"LineString","coordinates":[[8.545993379766642,47.36814776169243],[8.545996632917834,47.36814884590255],[8.546004057128526,47.368151860062696],[8.546069072290344,47.36818271077774],[8.54612127027593,47.368204608235445],[8.546253303604475,47.36826328590347],[8.54631794063863,47.368291855333396],[8.54644802319383,47.36834966096869],[8.546514674469728,47.368378939578236],[8.54658421114587,47.36840944079879],[8.54661013321573,47.36840613377006],[8.546630876381867,47.36840337115277],[8.54663366187423,47.3684029756287],[8.546638071118325,47.36840234864315],[8.546642521197018,47.36840177523676],[8.546645226141383,47.36840132651408],[8.546681112575333,47.36839647565405],[8.54670490239261,47.368392505427316],[8.54671798646676,47.36838562452636],[8.546730446400598,47.36837355939945],[8.546753599201594,47.368351047235315],[8.54676315126973,47.36834177152072],[8.546765451155931,47.368339671570396],[8.546797187146677,47.3683166902529],[8.546814930325247,47.3683135605988],[8.546820269609487,47.36830735667269]]},"properties":{"layer":"LKZ1314-MLU1","infraType":"water","geomType":"pipe","source":"order_55298/NIS_ZH_WVZ.dxf","_dedupKey":"2683641.8,1246957.2|2683704,1246975.8"}},{"type":"Feature","geometry":{"type":"LineString","coordinates":[[8.546965026963353,47.36817048238828],[8.547063760855115,47.36821574305828],[8.547213501575081,47.36828734666452],[8.54731356349548,47.368339781517285]]},"properties":{"layer":"LKZ1315-MLU1","infraType":"water","geomType":"pipe","source":"order_55298/NIS_ZH_WVZ.dxf","_dedupKey":"2683715.2,1246960.8|2683741.2,1246980"}},{"type":"Feature","geometry":{"type":"LineString","coordinates":[[8.548312710980186,47.36789544044075],[8.548350406554928,47.36785794618114],[8.548423730253539,47.36781085353069]]},"properties":{"layer":"LKZ1315-MLU1","infraType":"water","geomType":"pipe","source":"order_55298/NIS_ZH_WVZ.dxf","_dedupKey":"2683817.4,1246931.6|2683825.9,1246922.3"}},{"type":"Feature","geometry":{"type":"LineString","coordinates":[[8.54771658579569,47.368501414242296],[8.548279000235109,47.36792400917141]]},"properties":{"layer":"LKZ1315-MLU1","infraType":"water","geomType":"pipe","source":"order_55298/NIS_ZH_WVZ.dxf","_dedupKey":"2683771.4,1246998.4|2683814.8,1246934.8"}},{"type":"Feature","geometry":{"type":"LineString","coordinates":[[8.55069254796794,47.366579034743566],[8.550671567842356,47.36655452699581],[8.550646232028484,47.366524951920475]]},"properties":{"layer":"LKZ1315-MLU1","infraType":"water","geomType":"pipe","source":"order_55298/NIS_ZH_WVZ.dxf","_dedupKey":"2683995.8,1246781.8|2683999.2,1246787.8"}},{"type":"Feature","geometry":{"type":"LineString","coordinates":[[8.550027842459961,47.367425762730655],[8.549998962501597,47.3673659078787]]},"properties":{"layer":"LKZ1315-MLU1","infraType":"water","geomType":"pipe","source":"order_55298/NIS_ZH_WVZ.dxf","_dedupKey":"2683945.6,1246874.6|2683947.7,1246881.2"}},{"type":"Feature","geometry":{"type":"LineString","coordinates":[[8.549992081849927,47.367359758421586],[8.54986699903124,47.36730051439226]]},"properties":{"layer":"LKZ1315-MLU1","infraType":"water","geomType":"pipe","source":"order_55298/NIS_ZH_WVZ.dxf","_dedupKey":"2683935.7,1246867.1|2683945.1,1246873.9"}},{"type":"Feature","geometry":{"type":"LineString","coordinates":[[8.547977065005234,47.36689051274431],[8.547991006950433,47.36689815965382],[8.547992750074469,47.36689921333626]]},"properties":{"layer":"LKZ1314-MLU1","infraType":"water","geomType":"pipe","source":"order_55298/NIS_ZH_WVZ.dxf","_dedupKey":"2683793.6,1246819.5|2683794.8,1246820.5"}},{"type":"Feature","geometry":{"type":"LineString","coordinates":[[8.548397787914528,47.3671447313035],[8.548403449169498,47.36714828397033],[8.548411391112145,47.36715327194018],[8.548424244459515,47.36714487287065],[8.548432608633858,47.36714915515815]]},"properties":{"layer":"LKZ1314-MLU1","infraType":"water","geomType":"pipe","source":"order_55298/NIS_ZH_WVZ.dxf","_dedupKey":"2683825,1246848.3|2683827.6,1246848.8"}},{"type":"Feature","geometry":{"type":"LineString","coordinates":[[8.5484364635351,47.36716006524387],[8.548396936175315,47.36718268113634]]},"properties":{"layer":"LKZ1314-MLU1","infraType":"water","geomType":"pipe","source":"order_55298/NIS_ZH_WVZ.dxf","_dedupKey":"2683824.9,1246852.5|2683827.9,1246850"}},{"type":"Feature","geometry":{"type":"LineString","coordinates":[[8.548355959461796,47.36720627342462],[8.548336427219313,47.36721757013944],[8.548335320947801,47.36721848928154]]},"properties":{"layer":"LKZ1314-MLU1","infraType":"water","geomType":"pipe","source":"order_55298/NIS_ZH_WVZ.dxf","_dedupKey":"2683820.2,1246856.4|2683821.8,1246855.1"}},{"type":"Feature","geometry":{"type":"LineString","coordinates":[[8.547992750074469,47.36689921333626],[8.548397787914528,47.3671447313035]]},"properties":{"layer":"LKZ1314-MLU1","infraType":"water","geomType":"pipe","source":"order_55298/NIS_ZH_WVZ.dxf","_dedupKey":"2683794.8,1246820.5|2683825,1246848.3"}},{"type":"Feature","geometry":{"type":"LineString","coordinates":[[8.548396936175315,47.36718268113634],[8.548396818349255,47.36718274523474],[8.548376394031,47.36719443732092],[8.548356783683252,47.367205797756],[8.548355959461796,47.36720627342462]]},"properties":{"layer":"LKZ1314-MLU1","infraType":"water","geomType":"pipe","source":"order_55298/NIS_ZH_WVZ.dxf","_dedupKey":"2683821.8,1246855.1|2683824.9,1246852.5"}},{"type":"Feature","geometry":{"type":"LineString","coordinates":[[8.550066466283873,47.367979637833955],[8.550063632539436,47.36798152710488]]},"properties":{"layer":"LKZ1315-MLU1","infraType":"water","geomType":"pipe","source":"order_55298/NIS_ZH_WVZ.dxf","_dedupKey":"2683949.5,1246943.1|2683949.7,1246942.9"}},{"type":"Feature","geometry":{"type":"LineString","coordinates":[[8.550063632539436,47.36798152710488],[8.55006023707838,47.36798378158825]]},"properties":{"layer":"LKZ1315-MLU1","infraType":"water","geomType":"pipe","source":"order_55298/NIS_ZH_WVZ.dxf","_dedupKey":"2683949.3,1246943.3|2683949.5,1246943.1"}},{"type":"Feature","geometry":{"type":"LineString","coordinates":[[8.55006023707838,47.36798378158825],[8.550059191946064,47.36798445728868],[8.550059765026154,47.36798717731205],[8.550056917855978,47.36798905771682]]},"properties":{"layer":"LKZ1315-MLU1","infraType":"water","geomType":"pipe","source":"order_55298/NIS_ZH_WVZ.dxf","_dedupKey":"2683949,1246943.9|2683949.3,1246943.3"}},{"type":"Feature","geometry":{"type":"LineString","coordinates":[[8.550056917855978,47.36798905771682],[8.549992309869005,47.36803182182422]]},"properties":{"layer":"LKZ1315-MLU1","infraType":"water","geomType":"pipe","source":"order_55298/NIS_ZH_WVZ.dxf","_dedupKey":"2683944,1246948.6|2683949,1246943.9"}},{"type":"Feature","geometry":{"type":"LineString","coordinates":[[8.549992309869005,47.36803182182422],[8.54999134284808,47.36803243380614],[8.54998956352954,47.36803663368416],[8.54998715930825,47.368038168008226]]},"properties":{"layer":"LKZ1315-MLU1","infraType":"water","geomType":"pipe","source":"order_55298/NIS_ZH_WVZ.dxf","_dedupKey":"2683943.6,1246949.3|2683944,1246948.6"}},{"type":"Feature","geometry":{"type":"LineString","coordinates":[[8.547841651555105,47.366450420083524],[8.547836826380655,47.36645141091874],[8.54782578805594,47.3664592257977],[8.547806286832438,47.36646436942855],[8.547786535220594,47.36646956943183],[8.54778066107823,47.366472324397925]]},"properties":{"layer":"LKZ1314-MLU1","infraType":"water","geomType":"pipe","source":"order_55298/NIS_ZH_WVZ.dxf","_dedupKey":"2683779.5,1246772.8|2683784.1,1246770.5"}},{"type":"Feature","geometry":{"type":"LineString","coordinates":[[8.54778066107823,47.366472324397925],[8.547776714470356,47.36647417932521]]},"properties":{"layer":"LKZ1314-MLU1","infraType":"water","geomType":"pipe","source":"order_55298/NIS_ZH_WVZ.dxf","_dedupKey":"2683779.2,1246773|2683779.5,1246772.8"}},{"type":"Feature","geometry":{"type":"LineString","coordinates":[[8.547743351532965,47.36649079898381],[8.547724414540596,47.36650715416637],[8.547587027025378,47.36662693989796],[8.547584192562166,47.36662943179226]]},"properties":{"layer":"LKZ1314-MLU1","infraType":"water","geomType":"pipe","source":"order_55298/NIS_ZH_WVZ.dxf","_dedupKey":"2683764.4,1246790.1|2683776.6,1246774.9"}},{"type":"Feature","geometry":{"type":"LineString","coordinates":[[8.547771390864227,47.36647666814366],[8.547749074596082,47.36648714595291]]},"properties":{"layer":"LKZ1314-MLU1","infraType":"water","geomType":"pipe","source":"order_55298/NIS_ZH_WVZ.dxf","_dedupKey":"2683777.1,1246774.5|2683778.8,1246773.3"}},{"type":"Feature","geometry":{"type":"LineString","coordinates":[[8.547743351532965,47.36649079898381],[8.547745809773152,47.366488679500556],[8.547749074596082,47.36648714595291]]},"properties":{"layer":"LKZ1314-MLU1","infraType":"water","geomType":"pipe","source":"order_55298/NIS_ZH_WVZ.dxf","_dedupKey":"2683776.6,1246774.9|2683777.1,1246774.5"}},{"type":"Feature","geometry":{"type":"LineString","coordinates":[[8.546997177691402,47.36745614617184],[8.547010378668151,47.36745681106075],[8.546936223076871,47.367422531473494],[8.54694942404453,47.36742319636934]]},"properties":{"layer":"LKZ1315-MLU1","infraType":"water","geomType":"pipe","source":"order_55298/NIS_ZH_WVZ.dxf","_dedupKey":"2683715.2,1246877.7|2683718.7,1246881.4"}},{"type":"Feature","geometry":{"type":"Point","coordinates":[8.550288619841984,47.368234653875966]},"properties":{"layer":"LKZ1322-MSU-","infraType":"water","geomType":"fitting","source":"order_55298/NIS_ZH_WVZ.dxf","_dedupKey":"2683966.1,1246971.4"}},{"type":"Feature","geometry":{"type":"Point","coordinates":[8.547797753114196,47.36654865522684]},"properties":{"layer":"LKZ1322-MSU-","infraType":"water","geomType":"fitting","source":"order_55298/NIS_ZH_WVZ.dxf","_dedupKey":"2683780.6,1246781.4"}},{"type":"Feature","geometry":{"type":"Point","coordinates":[8.547225601956512,47.36695663769677]},"properties":{"layer":"LKZ1322-MSU-","infraType":"water","geomType":"fitting","source":"order_55298/NIS_ZH_WVZ.dxf","_dedupKey":"2683736.8,1246826.1"}},{"type":"Feature","geometry":{"type":"Point","coordinates":[8.547926539755773,47.36682808578679]},"properties":{"layer":"LKZ1322-MSU-","infraType":"water","geomType":"fitting","source":"order_55298/NIS_ZH_WVZ.dxf","_dedupKey":"2683789.9,1246812.6"}},{"type":"Feature","geometry":{"type":"Point","coordinates":[8.54851153986059,47.36713806121093]},"properties":{"layer":"LKZ1322-MSU-","infraType":"water","geomType":"fitting","source":"order_55298/NIS_ZH_WVZ.dxf","_dedupKey":"2683833.6,1246847.6"}},{"type":"Feature","geometry":{"type":"Point","coordinates":[8.548094878094673,47.36771136007991]},"properties":{"layer":"LKZ1322-MSU-","infraType":"water","geomType":"fitting","source":"order_55298/NIS_ZH_WVZ.dxf","_dedupKey":"2683801.2,1246910.9"}},{"type":"Feature","geometry":{"type":"Point","coordinates":[8.549325609074408,47.3667297159872]},"properties":{"layer":"LKZ1322-MSU-","infraType":"water","geomType":"fitting","source":"order_55298/NIS_ZH_WVZ.dxf","_dedupKey":"2683895.7,1246803.1"}},{"type":"Feature","geometry":{"type":"Point","coordinates":[8.550391769794748,47.36721798860831]},"properties":{"layer":"LKZ1322-MSU-","infraType":"water","geomType":"fitting","source":"order_55298/NIS_ZH_WVZ.dxf","_dedupKey":"2683975.5,1246858.5"}},{"type":"Feature","geometry":{"type":"Point","coordinates":[8.549785351381454,47.36772883168093]},"properties":{"layer":"LKZ1322-MSU-","infraType":"water","geomType":"fitting","source":"order_55298/NIS_ZH_WVZ.dxf","_dedupKey":"2683928.9,1246914.7"}},{"type":"Feature","geometry":{"type":"Point","coordinates":[8.54679530208061,47.36687955881016]},"properties":{"layer":"LKZ1325-MSU-","infraType":"water","geomType":"fitting","source":"order_55298/NIS_ZH_WVZ.dxf","_dedupKey":"2683704.4,1246817.1"}},{"type":"Feature","geometry":{"type":"Point","coordinates":[8.548717163193642,47.36763235781763]},"properties":{"layer":"LKZ1325-MSU-","infraType":"water","geomType":"fitting","source":"order_55298/NIS_ZH_WVZ.dxf","_dedupKey":"2683848.4,1246902.8"}},{"type":"Feature","geometry":{"type":"Point","coordinates":[8.54683273455582,47.36798600156338]},"properties":{"layer":"LKZ1325-MSU-","infraType":"water","geomType":"fitting","source":"order_55298/NIS_ZH_WVZ.dxf","_dedupKey":"2683705.5,1246940.1"}},{"type":"Feature","geometry":{"type":"Point","coordinates":[8.547417537872299,47.367249890861046]},"properties":{"layer":"LKZ1325-MSU-","infraType":"water","geomType":"fitting","source":"order_55298/NIS_ZH_WVZ.dxf","_dedupKey":"2683750.8,1246858.9"}},{"type":"Feature","geometry":{"type":"Point","coordinates":[8.550267787071007,47.36764452797482]},"properties":{"layer":"LKZ1325-MSU-","infraType":"water","geomType":"fitting","source":"order_55298/NIS_ZH_WVZ.dxf","_dedupKey":"2683965.5,1246905.8"}},{"type":"Feature","geometry":{"type":"Point","coordinates":[8.55016447792609,47.367495491723]},"properties":{"layer":"LKZ1325-MSU-","infraType":"water","geomType":"fitting","source":"order_55298/NIS_ZH_WVZ.dxf","_dedupKey":"2683957.9,1246889.1"}},{"type":"Feature","geometry":{"type":"Point","coordinates":[8.547772923380505,47.36647141823358]},"properties":{"layer":"LKZ1321-MSU-","infraType":"water","geomType":"fitting","source":"order_55298/NIS_ZH_WVZ.dxf","_dedupKey":"2683778.9,1246772.7"}},{"type":"Feature","geometry":{"type":"Point","coordinates":[8.54778066107823,47.366472324397925]},"properties":{"layer":"LKZ1321-MSU-","infraType":"water","geomType":"fitting","source":"order_55298/NIS_ZH_WVZ.dxf","_dedupKey":"2683779.5,1246772.8"}},{"type":"Feature","geometry":{"type":"Point","coordinates":[8.547587027025378,47.36662693989796]},"properties":{"layer":"LKZ1321-MSU-","infraType":"water","geomType":"fitting","source":"order_55298/NIS_ZH_WVZ.dxf","_dedupKey":"2683764.6,1246789.8"}},{"type":"Feature","geometry":{"type":"Point","coordinates":[8.547581371335946,47.366631923559424]},"properties":{"layer":"LKZ1321-MSU-","infraType":"water","geomType":"fitting","source":"order_55298/NIS_ZH_WVZ.dxf","_dedupKey":"2683764.2,1246790.4"}},{"type":"Feature","geometry":{"type":"Point","coordinates":[8.54716669778451,47.36696557759461]},"properties":{"layer":"LKZ1321-MSU-","infraType":"water","geomType":"fitting","source":"order_55298/NIS_ZH_WVZ.dxf","_dedupKey":"2683732.3,1246827"}},{"type":"Feature","geometry":{"type":"Point","coordinates":[8.547587774804969,47.36663170016069]},"properties":{"layer":"LKZ1321-MSU-","infraType":"water","geomType":"fitting","source":"order_55298/NIS_ZH_WVZ.dxf","_dedupKey":"2683764.6,1246790.4"}},{"type":"Feature","geometry":{"type":"Point","coordinates":[8.547927509788325,47.36685179674686]},"properties":{"layer":"LKZ1321-MSU-","infraType":"water","geomType":"fitting","source":"order_55298/NIS_ZH_WVZ.dxf","_dedupKey":"2683790,1246815.2"}},{"type":"Feature","geometry":{"type":"Point","coordinates":[8.54776349667934,47.36675205929463]},"properties":{"layer":"LKZ1321-MSU-","infraType":"water","geomType":"fitting","source":"order_55298/NIS_ZH_WVZ.dxf","_dedupKey":"2683777.7,1246803.9"}},{"type":"Feature","geometry":{"type":"Point","coordinates":[8.54780119547494,47.36677773828242]},"properties":{"layer":"LKZ1321-MSU-","infraType":"water","geomType":"fitting","source":"order_55298/NIS_ZH_WVZ.dxf","_dedupKey":"2683780.5,1246806.8"}},{"type":"Feature","geometry":{"type":"Point","coordinates":[8.548340884762924,47.36722499330498]},"properties":{"layer":"LKZ1321-MSU-","infraType":"water","geomType":"fitting","source":"order_55298/NIS_ZH_WVZ.dxf","_dedupKey":"2683820.6,1246857.1"}},{"type":"Feature","geometry":{"type":"Point","coordinates":[8.548049138830278,47.36772053376178]},"properties":{"layer":"LKZ1321-MSU-","infraType":"water","geomType":"fitting","source":"order_55298/NIS_ZH_WVZ.dxf","_dedupKey":"2683797.8,1246911.9"}},{"type":"Feature","geometry":{"type":"Point","coordinates":[8.548074870407165,47.36766992261356]},"properties":{"layer":"LKZ1321-MSU-","infraType":"water","geomType":"fitting","source":"order_55298/NIS_ZH_WVZ.dxf","_dedupKey":"2683799.8,1246906.3"}},{"type":"Feature","geometry":{"type":"Point","coordinates":[8.550076666269279,47.36745342980524]},"properties":{"layer":"LKZ1321-MSU-","infraType":"water","geomType":"fitting","source":"order_55298/NIS_ZH_WVZ.dxf","_dedupKey":"2683951.3,1246884.4"}},{"type":"Feature","geometry":{"type":"Point","coordinates":[8.54976089607768,47.367749126199605]},"properties":{"layer":"LKZ1321-MSU-","infraType":"water","geomType":"fitting","source":"order_55298/NIS_ZH_WVZ.dxf","_dedupKey":"2683927,1246916.9"}},{"type":"Feature","geometry":{"type":"Point","coordinates":[8.54981266521409,47.36778914241062]},"properties":{"layer":"LKZ1321-MSU-","infraType":"water","geomType":"fitting","source":"order_55298/NIS_ZH_WVZ.dxf","_dedupKey":"2683930.9,1246921.4"}},{"type":"Feature","geometry":{"type":"Point","coordinates":[8.550063632539436,47.36798152710488]},"properties":{"layer":"LKZ1321-MSU-","infraType":"water","geomType":"fitting","source":"order_55298/NIS_ZH_WVZ.dxf","_dedupKey":"2683949.5,1246943.1"}},{"type":"Feature","geometry":{"type":"Point","coordinates":[8.5467772614714,47.367411022780026]},"properties":{"layer":"LKZ1321-MSU-","infraType":"water","geomType":"fitting","source":"order_55298/NIS_ZH_WVZ.dxf","_dedupKey":"2683702.2,1246876.1"}},{"type":"Feature","geometry":{"type":"Point","coordinates":[8.54804427626516,47.36772164190064]},"properties":{"layer":"LKZ1321-MSU-","infraType":"water","geomType":"fitting","source":"order_55298/NIS_ZH_WVZ.dxf","_dedupKey":"2683797.4,1246912"}},{"type":"Feature","geometry":{"type":"Point","coordinates":[8.548140007602255,47.36753484603053]},"properties":{"layer":"LKZ1321-MSU-","infraType":"water","geomType":"fitting","source":"order_55298/NIS_ZH_WVZ.dxf","_dedupKey":"2683804.9,1246891.4"}},{"type":"Feature","geometry":{"type":"Point","coordinates":[8.546844640650239,47.36829249668465]},"properties":{"layer":"LKZ1321-MSU-","infraType":"water","geomType":"fitting","source":"order_55298/NIS_ZH_WVZ.dxf","_dedupKey":"2683705.9,1246974.2"}},{"type":"Feature","geometry":{"type":"Point","coordinates":[8.54775534106936,47.36647015685236]},"properties":{"layer":"LKZ1321-MSU-","infraType":"water","geomType":"fitting","source":"order_55298/NIS_ZH_WVZ.dxf","_dedupKey":"2683777.6,1246772.6"}},{"type":"Feature","geometry":{"type":"Point","coordinates":[8.546912911578396,47.36725524707449]},"properties":{"layer":"LKZ1321-MSU-","infraType":"water","geomType":"fitting","source":"order_55298/NIS_ZH_WVZ.dxf","_dedupKey":"2683712.7,1246859"}},{"type":"Feature","geometry":{"type":"Point","coordinates":[8.550389770296832,47.36822486498062]},"properties":{"layer":"LKZ1323-MSU-","infraType":"water","geomType":"fitting","source":"order_55298/NIS_ZH_WVZ.dxf","_dedupKey":"2683973.8,1246970.5"}},{"type":"Feature","geometry":{"type":"Point","coordinates":[8.54757339048357,47.36663078584175]},"properties":{"layer":"LKZ1323-MSU-","infraType":"water","geomType":"fitting","source":"order_55298/NIS_ZH_WVZ.dxf","_dedupKey":"2683763.6,1246790.2"}},{"type":"Feature","geometry":{"type":"Point","coordinates":[8.548410633821328,47.36714297074627]},"properties":{"layer":"LKZ1323-MSU-","infraType":"water","geomType":"fitting","source":"order_55298/NIS_ZH_WVZ.dxf","_dedupKey":"2683826,1246848.1"}},{"type":"Feature","geometry":{"type":"Point","coordinates":[8.546955600407083,47.36816668693417]},"properties":{"layer":"LKZ1321-MSU-","infraType":"water","geomType":"fitting","source":"order_55298/NIS_ZH_WVZ.dxf","_dedupKey":"2683714.5,1246960.3"}},{"type":"Feature","geometry":{"type":"Point","coordinates":[8.549464663391934,47.36663735641215]},"properties":{"layer":"LKZ1321-MSU-","infraType":"water","geomType":"fitting","source":"order_55298/NIS_ZH_WVZ.dxf","_dedupKey":"2683906.4,1246793"}},{"type":"Feature","geometry":{"type":"Point","coordinates":[8.550315114846645,47.36715537343441]},"properties":{"layer":"LKZ1323-MSU-","infraType":"water","geomType":"fitting","source":"order_55298/NIS_ZH_WVZ.dxf","_dedupKey":"2683969.8,1246851.5"}},{"type":"Feature","geometry":{"type":"Point","coordinates":[8.550012646796118,47.366939485729574]},"properties":{"layer":"LKZ1321-MSU-","infraType":"water","geomType":"fitting","source":"order_55298/NIS_ZH_WVZ.dxf","_dedupKey":"2683947.3,1246827.2"}},{"type":"Feature","geometry":{"type":"Point","coordinates":[8.549679488653751,47.366736188894635]},"properties":{"layer":"LKZ1321-MSU-","infraType":"water","geomType":"fitting","source":"order_55298/NIS_ZH_WVZ.dxf","_dedupKey":"2683922.5,1246804.2"}},{"type":"Feature","geometry":{"type":"Point","coordinates":[8.549573403569939,47.36666534691093]},"properties":{"layer":"LKZ1321-MSU-","infraType":"water","geomType":"fitting","source":"order_55298/NIS_ZH_WVZ.dxf","_dedupKey":"2683914.6,1246796.2"}},{"type":"Feature","geometry":{"type":"Point","coordinates":[8.548443327679351,47.36715462016994]},"properties":{"layer":"LKZ1321-MSU-","infraType":"water","geomType":"fitting","source":"order_55298/NIS_ZH_WVZ.dxf","_dedupKey":"2683828.4,1246849.4"}},{"type":"Feature","geometry":{"type":"Point","coordinates":[8.550335543862882,47.367164243933054]},"properties":{"layer":"LKZ1321-MSU-","infraType":"water","geomType":"fitting","source":"order_55298/NIS_ZH_WVZ.dxf","_dedupKey":"2683971.3,1246852.5"}},{"type":"Feature","geometry":{"type":"Point","coordinates":[8.547980497872649,47.36688242009364]},"properties":{"layer":"LKZ1321-MSU-","infraType":"water","geomType":"fitting","source":"order_55298/NIS_ZH_WVZ.dxf","_dedupKey":"2683793.9,1246818.7"}},{"type":"Feature","geometry":{"type":"Point","coordinates":[8.547161335097607,47.36699102244196]},"properties":{"layer":"LKZ1321-MSU-","infraType":"water","geomType":"fitting","source":"order_55298/NIS_ZH_WVZ.dxf","_dedupKey":"2683731.9,1246829.8"}},{"type":"Feature","geometry":{"type":"LineString","coordinates":[[8.550063164591487,47.369022785981436],[8.549961715916629,47.3689649967107],[8.549987236279309,47.368944323111144],[8.550012756622184,47.36892364950585],[8.549880877656932,47.3688485224389]]},"properties":{"layer":"LKZ1315-MLU1","infraType":"water","geomType":"pipe","source":"order_55299/NIS_ZH_WVZ.dxf","_dedupKey":"2683934.3,1247039.3|2683947.8,1247058.8"}},{"type":"Feature","geometry":{"type":"LineString","coordinates":[[8.550012756622184,47.36892364950585],[8.550029774585704,47.36890986705668]]},"properties":{"layer":"LKZ1315-MLU1","infraType":"water","geomType":"pipe","source":"order_55299/NIS_ZH_WVZ.dxf","_dedupKey":"2683944.2,1247047.7|2683945.5,1247046.2"}},{"type":"Feature","geometry":{"type":"LineString","coordinates":[[8.546892523101588,47.36926525147416],[8.5468660399665,47.369265154776976],[8.546649196495927,47.369264383764076]]},"properties":{"layer":"LKZ1315-MLU1","infraType":"water","geomType":"pipe","source":"order_55299/NIS_ZH_WVZ.dxf","_dedupKey":"2683689.6,1247082|2683708,1247082.4"}},{"type":"Feature","geometry":{"type":"LineString","coordinates":[[8.546892523101588,47.36926525147416],[8.546891559689195,47.36925839740614],[8.546908297205453,47.36924445620539],[8.547108041133862,47.36907811670536],[8.547162732551618,47.36897726869111],[8.547165783998949,47.368971833307725],[8.54727081275846,47.368934520708756]]},"properties":{"layer":"LKZ1315-MLU1","infraType":"water","geomType":"pipe","source":"order_55299/NIS_ZH_WVZ.dxf","_dedupKey":"2683708,1247082.4|2683737.1,1247046"}},{"type":"Feature","geometry":{"type":"LineString","coordinates":[[8.547162732551618,47.36897726869111],[8.547153419115704,47.36897510029233],[8.54706300990537,47.36885905778153]]},"properties":{"layer":"LKZ1315-MLU1","infraType":"water","geomType":"pipe","source":"order_55299/NIS_ZH_WVZ.dxf","_dedupKey":"2683721.5,1247037.4|2683728.9,1247050.7"}},{"type":"Feature","geometry":{"type":"LineString","coordinates":[[8.550586656947921,47.36836783689627],[8.550590186476423,47.36836566206354],[8.550593036461844,47.36836391654633],[8.55060608995324,47.36835368928885],[8.550611652960493,47.36834934503059]]},"properties":{"layer":"LKZ1315-MLU1","infraType":"water","geomType":"pipe","source":"order_55299/NIS_ZH_WVZ.dxf","_dedupKey":"2683988.4,1246986.6|2683990.3,1246984.5"}},{"type":"Feature","geometry":{"type":"LineString","coordinates":[[8.550611652960493,47.36834934503059],[8.55062023814581,47.36834262393397]]},"properties":{"layer":"LKZ1315-MLU1","infraType":"water","geomType":"pipe","source":"order_55299/NIS_ZH_WVZ.dxf","_dedupKey":"2683990.3,1246984.5|2683991,1246983.8"}},{"type":"Feature","geometry":{"type":"LineString","coordinates":[[8.550683655978256,47.36856523760489],[8.550675113667669,47.36857211121064],[8.550643979458167,47.36859721067451]]},"properties":{"layer":"LKZ1315-MLU1","infraType":"water","geomType":"pipe","source":"order_55299/NIS_ZH_WVZ.dxf","_dedupKey":"2683992.4,1247012.1|2683995.4,1247008.6"}},{"type":"Feature","geometry":{"type":"LineString","coordinates":[[8.550643979458167,47.36859721067451],[8.550640997729472,47.36859962310407],[8.550624491890058,47.36858780044904]]},"properties":{"layer":"LKZ1315-MLU1","infraType":"water","geomType":"pipe","source":"order_55299/NIS_ZH_WVZ.dxf","_dedupKey":"2683990.9,1247011.1|2683992.4,1247012.1"}},{"type":"Feature","geometry":{"type":"LineString","coordinates":[[8.550214931264374,47.368334678836355],[8.550218543286897,47.3683377294177],[8.55022225850867,47.36834001441586],[8.550230814685982,47.368345868882336]]},"properties":{"layer":"LKZ1315-MLU1","infraType":"water","geomType":"pipe","source":"order_55299/NIS_ZH_WVZ.dxf","_dedupKey":"2683960.4,1246982.5|2683961.6,1246983.7"}},{"type":"Feature","geometry":{"type":"LineString","coordinates":[[8.550230814685982,47.368345868882336],[8.550243888458887,47.36835629439265]]},"properties":{"layer":"LKZ1315-MLU1","infraType":"water","geomType":"pipe","source":"order_55299/NIS_ZH_WVZ.dxf","_dedupKey":"2683961.6,1246983.7|2683962.5,1246984.9"}},{"type":"Feature","geometry":{"type":"LineString","coordinates":[[8.550243888458887,47.36835629439265],[8.55026560707012,47.36837174595599]]},"properties":{"layer":"LKZ1315-MLU1","infraType":"water","geomType":"pipe","source":"order_55299/NIS_ZH_WVZ.dxf","_dedupKey":"2683962.5,1246984.9|2683964.2,1246986.7"}},{"type":"Feature","geometry":{"type":"LineString","coordinates":[[8.54967020938337,47.36871324685629],[8.549665705374832,47.36870996196908],[8.549637633044448,47.36868950713111],[8.54962463212743,47.36868003434103]]},"properties":{"layer":"LKZ1317-MLU1","infraType":"water","geomType":"pipe","source":"order_55299/NIS_ZH_WVZ.dxf","_dedupKey":"2683915.3,1247020.2|2683918.6,1247024"}},{"type":"Feature","geometry":{"type":"LineString","coordinates":[[8.549662774814568,47.368718643516104],[8.549664532464156,47.3687203896622],[8.5496705385988,47.36872459559762],[8.549679484179448,47.36873134587565]]},"properties":{"layer":"LKZ1315-MLU1","infraType":"water","geomType":"pipe","source":"order_55299/NIS_ZH_WVZ.dxf","_dedupKey":"2683918.1,1247024.6|2683919.3,1247026"}},{"type":"Feature","geometry":{"type":"LineString","coordinates":[[8.549679484179448,47.36873134587565],[8.549683319178639,47.3687342953815]]},"properties":{"layer":"LKZ1315-MLU1","infraType":"water","geomType":"pipe","source":"order_55299/NIS_ZH_WVZ.dxf","_dedupKey":"2683919.3,1247026|2683919.6,1247026.3"}},{"type":"Feature","geometry":{"type":"LineString","coordinates":[[8.549414115166796,47.3688703011304],[8.549410116446577,47.36886711931587],[8.549408337571982,47.368865625234996],[8.549406113978883,47.36886375763382],[8.549390231498846,47.36885070546659],[8.549388762904265,47.36884948725175]]},"properties":{"layer":"LKZ1315-MLU1","infraType":"water","geomType":"pipe","source":"order_55299/NIS_ZH_WVZ.dxf","_dedupKey":"2683897.2,1247038.8|2683899.1,1247041.2"}},{"type":"Feature","geometry":{"type":"LineString","coordinates":[[8.548497485000617,47.36945763740095],[8.548528391311438,47.36941070945164],[8.548596311545719,47.36937108967243],[8.548656277283655,47.369334802551826],[8.548658708264943,47.36933327699501],[8.5486611392461,47.369331751438146],[8.548857022378053,47.36920978316621],[8.548974480565898,47.36913928328725],[8.54898303935931,47.36913382189488],[8.54906312475656,47.36909282555557],[8.54909023664651,47.36907925203794],[8.549109654273199,47.369070690840914],[8.54911243578386,47.3690694677398]]},"properties":{"layer":"LKZ1314-MLU1","infraType":"water","geomType":"pipe","source":"order_55299/NIS_ZH_WVZ.dxf","_dedupKey":"2683828.9,1247105.5|2683876,1247063"}},{"type":"Feature","geometry":{"type":"LineString","coordinates":[[8.548974480565898,47.36913928328725],[8.548978091885456,47.36914102961356],[8.548991842426624,47.369151529713115]]},"properties":{"layer":"LKZ1315-MLU1","infraType":"water","geomType":"pipe","source":"order_55299/NIS_ZH_WVZ.dxf","_dedupKey":"2683865.4,1247070.6|2683866.7,1247072"}},{"type":"Feature","geometry":{"type":"LineString","coordinates":[[8.548991842426624,47.369151529713115],[8.549002370857634,47.36915926328959]]},"properties":{"layer":"LKZ1315-MLU1","infraType":"water","geomType":"pipe","source":"order_55299/NIS_ZH_WVZ.dxf","_dedupKey":"2683866.7,1247072|2683867.5,1247072.9"}},{"type":"Feature","geometry":{"type":"LineString","coordinates":[[8.549002370857634,47.36915926328959],[8.549012718769854,47.369168500794075],[8.549000042493185,47.36920512506311],[8.549010157064306,47.36921333036643]]},"properties":{"layer":"LKZ1315-MLU1","infraType":"water","geomType":"pipe","source":"order_55299/NIS_ZH_WVZ.dxf","_dedupKey":"2683867.5,1247072.9|2683868,1247078.9"}},{"type":"Feature","geometry":{"type":"LineString","coordinates":[[8.548658708264943,47.36933327699501],[8.548656488611323,47.369331598240464],[8.548653569348994,47.36932938649935],[8.548649412720893,47.369326251152444]]},"properties":{"layer":"LKZ1315-MLU1","infraType":"water","geomType":"pipe","source":"order_55299/NIS_ZH_WVZ.dxf","_dedupKey":"2683840.6,1247091|2683841.3,1247091.8"}},{"type":"Feature","geometry":{"type":"LineString","coordinates":[[8.548649412720893,47.369326251152444],[8.548640754110764,47.36931738417326],[8.548639690219998,47.36931525354753],[8.54863862632932,47.36931312292172],[8.54861780223777,47.369298022267586],[8.54861071311777,47.3692926753044]]},"properties":{"layer":"LKZ1315-MLU1","infraType":"water","geomType":"pipe","source":"order_55299/NIS_ZH_WVZ.dxf","_dedupKey":"2683837.7,1247087.3|2683840.6,1247091"}},{"type":"Feature","geometry":{"type":"LineString","coordinates":[[8.548596311545719,47.36937108967243],[8.54859872139914,47.36937300047466],[8.548621580515892,47.36939108596135]]},"properties":{"layer":"LKZ1315-MLU1","infraType":"water","geomType":"pipe","source":"order_55299/NIS_ZH_WVZ.dxf","_dedupKey":"2683836.5,1247096|2683838.4,1247098.2"}},{"type":"Feature","geometry":{"type":"LineString","coordinates":[[8.5487271586424,47.36949142883399],[8.548725854823537,47.36947968467907],[8.548621580515892,47.36939108596135]]},"properties":{"layer":"LKZ1315-MLU1","infraType":"water","geomType":"pipe","source":"order_55299/NIS_ZH_WVZ.dxf","_dedupKey":"2683838.4,1247098.2|2683846.2,1247109.5"}},{"type":"Feature","geometry":{"type":"LineString","coordinates":[[8.549295557198707,47.368935621835526],[8.549293377067707,47.36893393371775],[8.549288142106313,47.36892988226031],[8.549285491156583,47.36892783886302],[8.549283057258899,47.36892604524327],[8.549277921400506,47.36892293732542],[8.549265397436777,47.36891538487585]]},"properties":{"layer":"LKZ1319-MLU1","infraType":"water","geomType":"pipe","source":"order_55299/NIS_ZH_WVZ.dxf","_dedupKey":"2683887.8,1247046|2683890,1247048.3"}},{"type":"Feature","geometry":{"type":"LineString","coordinates":[[8.549265397436777,47.36891538487585],[8.549251192075966,47.36890593262165],[8.549250832575146,47.3689020231789],[8.54924957974202,47.36889209556125],[8.549246716597615,47.368886222260365]]},"properties":{"layer":"LKZ1319-MLU1","infraType":"water","geomType":"pipe","source":"order_55299/NIS_ZH_WVZ.dxf","_dedupKey":"2683886.4,1247042.8|2683887.8,1247046"}},{"type":"Feature","geometry":{"type":"LineString","coordinates":[[8.549770969572876,47.36942915677572],[8.54976721776745,47.369427025033126],[8.549766092282121,47.36942638820831],[8.549762431455633,47.36942417463376],[8.54975866360107,47.36942190811771],[8.549729552961228,47.36940374806488],[8.549725153178361,47.36940101987799],[8.549680588383328,47.36939735577824],[8.549677439414296,47.36939556005023]]},"properties":{"layer":"LKZ1314-MLU1","infraType":"water","geomType":"pipe","source":"order_55299/NIS_ZH_WVZ.dxf","_dedupKey":"2683918.1,1247099.9|2683925.1,1247103.7"}},{"type":"Feature","geometry":{"type":"LineString","coordinates":[[8.549729552961228,47.36940374806488],[8.549721061237765,47.36941179048139],[8.549718252639765,47.369414255191245]]},"properties":{"layer":"LKZ1318-MLU1","infraType":"water","geomType":"pipe","source":"order_55299/NIS_ZH_WVZ.dxf","_dedupKey":"2683921.2,1247102|2683922,1247100.8"}},{"type":"Feature","geometry":{"type":"LineString","coordinates":[[8.549718252639765,47.369414255191245],[8.549716273462566,47.36941585738077],[8.54973260128346,47.369424218734984],[8.549734467058661,47.369422257829164],[8.549740230915434,47.36942499987873]]},"properties":{"layer":"LKZ1318-MLU1","infraType":"water","geomType":"pipe","source":"order_55299/NIS_ZH_WVZ.dxf","_dedupKey":"2683921.2,1247102|2683922.8,1247103.2"}},{"type":"Feature","geometry":{"type":"LineString","coordinates":[[8.549120235601919,47.36908159919363],[8.549113736658802,47.36907153311676],[8.54911243578386,47.3690694677398]]},"properties":{"layer":"LKZ1314-MLU1","infraType":"water","geomType":"pipe","source":"order_55299/NIS_ZH_WVZ.dxf","_dedupKey":"2683876,1247063|2683876.5,1247064.4"}},{"type":"Feature","geometry":{"type":"LineString","coordinates":[[8.549095857346298,47.369066226960875],[8.549074146212778,47.369044775330195]]},"properties":{"layer":"LKZ1315-MLU1","infraType":"water","geomType":"pipe","source":"order_55299/NIS_ZH_WVZ.dxf","_dedupKey":"2683873.1,1247060.2|2683874.7,1247062.6"}},{"type":"Feature","geometry":{"type":"LineString","coordinates":[[8.549074146212778,47.369044775330195],[8.549041388665115,47.36902059641849],[8.548962304999991,47.368962204465504]]},"properties":{"layer":"LKZ1315-MLU1","infraType":"water","geomType":"pipe","source":"order_55299/NIS_ZH_WVZ.dxf","_dedupKey":"2683864.8,1247050.9|2683873.1,1247060.2"}},{"type":"Feature","geometry":{"type":"LineString","coordinates":[[8.548962304999991,47.368962204465504],[8.548960818554441,47.368959493218505],[8.548932433494336,47.36891193876757],[8.54891735845514,47.368885520945106],[8.548924603618104,47.36887356867545],[8.549018553478296,47.36873160320411],[8.549035870675493,47.36871946414216],[8.549041865888046,47.36871552058909]]},"properties":{"layer":"LKZ1315-MLU1","infraType":"water","geomType":"pipe","source":"order_55299/NIS_ZH_WVZ.dxf","_dedupKey":"2683864.8,1247050.9|2683871.2,1247023.6"}},{"type":"Feature","geometry":{"type":"LineString","coordinates":[[8.549041865888046,47.36871552058909],[8.549258917519909,47.368577039814404],[8.54923180321721,47.36855680054592]]},"properties":{"layer":"LKZ1315-MLU1","infraType":"water","geomType":"pipe","source":"order_55299/NIS_ZH_WVZ.dxf","_dedupKey":"2683871.2,1247023.6|2683885.8,1247006.1"}},{"type":"Feature","geometry":{"type":"LineString","coordinates":[[8.54923180321721,47.36855680054592],[8.549221592447347,47.3685477866207]]},"properties":{"layer":"LKZ1315-MLU1","infraType":"water","geomType":"pipe","source":"order_55299/NIS_ZH_WVZ.dxf","_dedupKey":"2683885,1247005.1|2683885.8,1247006.1"}},{"type":"Feature","geometry":{"type":"LineString","coordinates":[[8.549207298317198,47.36988712509893],[8.549250729262578,47.369852237997414],[8.549420373761894,47.36971710929815],[8.54951303972306,47.36964123433038],[8.54972725815548,47.3694658008405]]},"properties":{"layer":"LKZ1313-MLU1","infraType":"water","geomType":"pipe","source":"order_55299/NIS_ZH_WVZ.dxf","_dedupKey":"2683881.8,1247154|2683921.8,1247107.7"}},{"type":"Feature","geometry":{"type":"LineString","coordinates":[[8.549431964704153,47.369594096817025],[8.549409352976227,47.36958091147706]]},"properties":{"layer":"LKZ1315-MLU1","infraType":"water","geomType":"pipe","source":"order_55299/NIS_ZH_WVZ.dxf","_dedupKey":"2683897.6,1247120.2|2683899.3,1247121.7"}},{"type":"Feature","geometry":{"type":"LineString","coordinates":[[8.549409352976227,47.36958091147706],[8.549406311408632,47.36957918667016],[8.549379460666554,47.36960085339991],[8.549372345649951,47.36959681103162]]},"properties":{"layer":"LKZ1315-MLU1","infraType":"water","geomType":"pipe","source":"order_55299/NIS_ZH_WVZ.dxf","_dedupKey":"2683894.8,1247121.9|2683897.6,1247120.2"}},{"type":"Feature","geometry":{"type":"LineString","coordinates":[[8.550010823460266,47.36923419945234],[8.550007058421071,47.369232067844806],[8.55000670992302,47.36923186430924],[8.549958193229823,47.36920376248141],[8.549958549760017,47.36919927045997],[8.549943793271105,47.369190066462544],[8.549936576039402,47.369185566358375],[8.549927306413197,47.369179790696606],[8.549944153291507,47.369164147907625]]},"properties":{"layer":"LKZ1315-MLU1","infraType":"water","geomType":"pipe","source":"order_55299/NIS_ZH_WVZ.dxf","_dedupKey":"2683938.6,1247074.4|2683943.6,1247082.3"}},{"type":"Feature","geometry":{"type":"LineString","coordinates":[[8.549941356063787,47.36915508969836],[8.549940926826755,47.36915482397328],[8.549932756586081,47.369149703376515],[8.549919126346403,47.36914117217247]]},"properties":{"layer":"LKZ1315-MLU1","infraType":"water","geomType":"pipe","source":"order_55299/NIS_ZH_WVZ.dxf","_dedupKey":"2683936.8,1247071.8|2683938.4,1247073.4"}},{"type":"Feature","geometry":{"type":"LineString","coordinates":[[8.550417697440277,47.368904307521774],[8.550414026198284,47.368902228995495],[8.550413489932936,47.36890191033137],[8.550350269432881,47.36886458622886]]},"properties":{"layer":"LKZ1315-MLU1","infraType":"water","geomType":"pipe","source":"order_55299/NIS_ZH_WVZ.dxf","_dedupKey":"2683969.8,1247041.5|2683974.8,1247046"}},{"type":"Feature","geometry":{"type":"LineString","coordinates":[[8.55049466345281,47.368841418961004],[8.55049829535549,47.3688435158538],[8.550519671715819,47.36885587632461],[8.550521695199006,47.36885703521239],[8.550526131314605,47.36885960110641]]},"properties":{"layer":"LKZ1315-MLU1","infraType":"water","geomType":"pipe","source":"order_55299/NIS_ZH_WVZ.dxf","_dedupKey":"2683980.7,1247039.1|2683983.1,1247041.2"}},{"type":"Feature","geometry":{"type":"LineString","coordinates":[[8.550526131314605,47.36885960110641],[8.55055032177047,47.36887357160189],[8.55056312598928,47.36887995184303],[8.550587981992884,47.36889028187303]]},"properties":{"layer":"LKZ1315-MLU1","infraType":"water","geomType":"pipe","source":"order_55299/NIS_ZH_WVZ.dxf","_dedupKey":"2683983.1,1247041.2|2683987.7,1247044.7"}},{"type":"Feature","geometry":{"type":"LineString","coordinates":[[8.549023231197765,47.37002786118662],[8.549229535607852,47.369862633315385],[8.549368869254241,47.369749600437586],[8.54946925755591,47.369668146198286],[8.549506928036857,47.36963768604967],[8.54970388650674,47.36947841202302],[8.549724168809789,47.36946368970917]]},"properties":{"layer":"LKZ1319-MLU1","infraType":"water","geomType":"pipe","source":"order_55299/NIS_ZH_WVZ.dxf","_dedupKey":"2683867.7,1247169.4|2683921.5,1247107.5"}},{"type":"Feature","geometry":{"type":"LineString","coordinates":[[8.550269124348157,47.36904391245432],[8.550271277961098,47.36904496215192],[8.55027450166796,47.36904653226525],[8.550298806735602,47.369058378848926]]},"properties":{"layer":"LKZ1314-MLU1","infraType":"water","geomType":"pipe","source":"order_55299/NIS_ZH_WVZ.dxf","_dedupKey":"2683963.4,1247061.4|2683965.6,1247063"}},{"type":"Feature","geometry":{"type":"LineString","coordinates":[[8.548493403664922,47.369462569991654],[8.548529083030102,47.36950688814724],[8.548609440658284,47.3696124568032],[8.54862652832892,47.36963505935722],[8.548636835463379,47.369648695923715],[8.548643723553525,47.36966536973453],[8.548770430167258,47.3698131928955],[8.548772779535268,47.36981601278751]]},"properties":{"layer":"LKZ1319-MLU1","infraType":"water","geomType":"pipe","source":"order_55299/NIS_ZH_WVZ.dxf","_dedupKey":"2683828.6,1247106|2683849.1,1247145.6"}},{"type":"Feature","geometry":{"type":"LineString","coordinates":[[8.548497485000617,47.36945763740095],[8.548502644928172,47.36946508079324],[8.548617056919943,47.369615774787356],[8.5486216837432,47.36962241373241],[8.54862652832892,47.36963505935722],[8.548638625909813,47.3696666420685],[8.5486400537303,47.369668445370486],[8.54875045904518,47.36980409283946]]},"properties":{"layer":"LKZ1314-MLU1","infraType":"water","geomType":"pipe","source":"order_55299/NIS_ZH_WVZ.dxf","_dedupKey":"2683828.9,1247105.5|2683847.5,1247144.3"}},{"type":"Feature","geometry":{"type":"LineString","coordinates":[[8.548502644928172,47.36946508079324],[8.548519690294743,47.369459582861744]]},"properties":{"layer":"LKZ1317-MLU1","infraType":"water","geomType":"pipe","source":"order_55299/NIS_ZH_WVZ.dxf","_dedupKey":"2683829.3,1247106.3|2683830.6,1247105.7"}},{"type":"Feature","geometry":{"type":"LineString","coordinates":[[8.548616580636923,47.36991083887737],[8.548599460558355,47.36989367871103],[8.548530193236386,47.3698196664729],[8.548379773620193,47.36966041315967],[8.548295468553786,47.36957128046624],[8.548093247326152,47.36949890505877]]},"properties":{"layer":"LKZ1319-MLU1","infraType":"water","geomType":"pipe","source":"order_55299/NIS_ZH_WVZ.dxf","_dedupKey":"2683798.3,1247109.6|2683837.2,1247156"}},{"type":"Feature","geometry":{"type":"LineString","coordinates":[[8.54744430872821,47.36867127571149],[8.547455941076832,47.36868308263606]]},"properties":{"layer":"LKZ1313-MLU1","infraType":"water","geomType":"pipe","source":"order_55299/NIS_ZH_WVZ.dxf","_dedupKey":"2683750.6,1247016.9|2683751.5,1247018.3"}},{"type":"Feature","geometry":{"type":"LineString","coordinates":[[8.547455941076832,47.36868308263606],[8.547462543029535,47.36868347800795]]},"properties":{"layer":"LKZ1314-MLU1","infraType":"water","geomType":"pipe","source":"order_55299/NIS_ZH_WVZ.dxf","_dedupKey":"2683751.5,1247018.3|2683752,1247018.3"}},{"type":"Feature","geometry":{"type":"LineString","coordinates":[[8.547455941076832,47.36868308263606],[8.547457415421727,47.36868457967018]]},"properties":{"layer":"LKZ1313-MLU1","infraType":"water","geomType":"pipe","source":"order_55299/NIS_ZH_WVZ.dxf","_dedupKey":"2683751.5,1247018.3|2683751.6,1247018.4"}},{"type":"Feature","geometry":{"type":"LineString","coordinates":[[8.547457415421727,47.36868457967018],[8.54748276271605,47.36871028738606],[8.54748763195598,47.36871522396189]]},"properties":{"layer":"LKZ1313-MLU1","infraType":"water","geomType":"pipe","source":"order_55299/NIS_ZH_WVZ.dxf","_dedupKey":"2683751.6,1247018.4|2683753.8,1247021.9"}},{"type":"Feature","geometry":{"type":"LineString","coordinates":[[8.547486916031486,47.36870499433249],[8.547490993391914,47.36870941679096]]},"properties":{"layer":"LKZ1314-MLU1","infraType":"water","geomType":"pipe","source":"order_55299/NIS_ZH_WVZ.dxf","_dedupKey":"2683753.8,1247020.7|2683754.1,1247021.2"}},{"type":"Feature","geometry":{"type":"LineString","coordinates":[[8.547490993391914,47.36870941679096],[8.547495595213345,47.36871359134451]]},"properties":{"layer":"LKZ1314-MLU1","infraType":"water","geomType":"pipe","source":"order_55299/NIS_ZH_WVZ.dxf","_dedupKey":"2683754.1,1247021.2|2683754.4,1247021.7"}},{"type":"Feature","geometry":{"type":"LineString","coordinates":[[8.547495595213345,47.36871359134451],[8.547502274752972,47.36871962594049],[8.547506808890633,47.368723729182044],[8.547509197251179,47.36872588308267],[8.547511815331216,47.36872825965698]]},"properties":{"layer":"LKZ1314-MLU1","infraType":"water","geomType":"pipe","source":"order_55299/NIS_ZH_WVZ.dxf","_dedupKey":"2683754.4,1247021.7|2683755.6,1247023.4"}},{"type":"Feature","geometry":{"type":"LineString","coordinates":[[8.547200849211753,47.368471608228504],[8.547197269018241,47.368473900379605],[8.547196824733327,47.36847418349421],[8.547173719187294,47.36849004786388],[8.547163547633989,47.36849690985761]]},"properties":{"layer":"LKZ1315-MLU1","infraType":"water","geomType":"pipe","source":"order_55299/NIS_ZH_WVZ.dxf","_dedupKey":"2683729.7,1246997.3|2683732.5,1246994.5"}},{"type":"Feature","geometry":{"type":"LineString","coordinates":[[8.547215395550658,47.36848219984544],[8.54721218320803,47.36848435353868],[8.547211295386285,47.36848495574153],[8.547186880719138,47.36849962732641],[8.547177370035884,47.36850516068832]]},"properties":{"layer":"LKZ1315-MLU1","infraType":"water","geomType":"pipe","source":"order_55299/NIS_ZH_WVZ.dxf","_dedupKey":"2683730.7,1246998.2|2683733.6,1246995.7"}},{"type":"Feature","geometry":{"type":"LineString","coordinates":[[8.54734547839078,47.36858132828599],[8.547343104803689,47.368582430491536],[8.547342881819453,47.36858253157896],[8.5473412827129,47.36858331151892]]},"properties":{"layer":"LKZ1315-MLU1","infraType":"water","geomType":"pipe","source":"order_55299/NIS_ZH_WVZ.dxf","_dedupKey":"2683743,1247007.1|2683743.3,1247006.8"}},{"type":"Feature","geometry":{"type":"LineString","coordinates":[[8.5473412827129,47.36858331151892],[8.5472975774951,47.3686043839658]]},"properties":{"layer":"LKZ1315-MLU1","infraType":"water","geomType":"pipe","source":"order_55299/NIS_ZH_WVZ.dxf","_dedupKey":"2683739.6,1247009.4|2683743,1247007.1"}},{"type":"Feature","geometry":{"type":"LineString","coordinates":[[8.547823281796195,47.36906480953832],[8.547820026874083,47.36906619007242],[8.547817652713814,47.36906726530744],[8.547803210304906,47.36907377258375],[8.547801608196313,47.36907440863601],[8.547798430080508,47.369075662499505]]},"properties":{"layer":"LKZ1315-MLU1","infraType":"water","geomType":"pipe","source":"order_55299/NIS_ZH_WVZ.dxf","_dedupKey":"2683776.7,1247062.3|2683778.6,1247061.1"}},{"type":"Feature","geometry":{"type":"LineString","coordinates":[[8.547777747393237,47.36908452346784],[8.547768376761546,47.369088517358286]]},"properties":{"layer":"LKZ1315-MLU1","infraType":"water","geomType":"pipe","source":"order_55299/NIS_ZH_WVZ.dxf","_dedupKey":"2683774.4,1247063.7|2683775.1,1247063.2"}},{"type":"Feature","geometry":{"type":"LineString","coordinates":[[8.547897645056302,47.36919928375753],[8.547895747968335,47.36919974274073]]},"properties":{"layer":"LKZ1315-MLU1","infraType":"water","geomType":"pipe","source":"order_55299/NIS_ZH_WVZ.dxf","_dedupKey":"2683783.9,1247076.2|2683784,1247076.1"}},{"type":"Feature","geometry":{"type":"LineString","coordinates":[[8.547865773166803,47.369206192309754],[8.547863174843638,47.36920667601733],[8.547847866211718,47.36920655318324]]},"properties":{"layer":"LKZ1315-MLU1","infraType":"water","geomType":"pipe","source":"order_55299/NIS_ZH_WVZ.dxf","_dedupKey":"2683780.2,1247076.9|2683781.6,1247076.9"}},{"type":"Feature","geometry":{"type":"LineString","coordinates":[[8.547653669385094,47.36888590525254],[8.547656451106633,47.368884691179794],[8.547660388401509,47.368883016252525]]},"properties":{"layer":"LKZ1315-MLU1","infraType":"water","geomType":"pipe","source":"order_55299/NIS_ZH_WVZ.dxf","_dedupKey":"2683766.1,1247041|2683766.6,1247040.7"}},{"type":"Feature","geometry":{"type":"LineString","coordinates":[[8.547956848844764,47.36931979010996],[8.547946225110575,47.36932210495823]]},"properties":{"layer":"LKZ1314-MLU1","infraType":"water","geomType":"pipe","source":"order_55299/NIS_ZH_WVZ.dxf","_dedupKey":"2683787.5,1247089.8|2683788.3,1247089.6"}},{"type":"Feature","geometry":{"type":"LineString","coordinates":[[8.547901889266829,47.369347249498745],[8.547899594749632,47.36934642598978],[8.547898740971462,47.36934611935876]]},"properties":{"layer":"LKZ1317-MLU1","infraType":"water","geomType":"pipe","source":"order_55299/NIS_ZH_WVZ.dxf","_dedupKey":"2683783.9,1247092.5|2683784.1,1247092.6"}},{"type":"Feature","geometry":{"type":"LineString","coordinates":[[8.547898740971462,47.36934611935876],[8.547893471749589,47.36934423600382]]},"properties":{"layer":"LKZ1317-MLU1","infraType":"water","geomType":"pipe","source":"order_55299/NIS_ZH_WVZ.dxf","_dedupKey":"2683783.5,1247092.2|2683783.9,1247092.5"}},{"type":"Feature","geometry":{"type":"LineString","coordinates":[[8.547066595488287,47.3694129188048],[8.547127812506861,47.36933869685639]]},"properties":{"layer":"LKZ1315-MLU1","infraType":"water","geomType":"pipe","source":"order_55299/NIS_ZH_WVZ.dxf","_dedupKey":"2683720.9,1247099|2683725.6,1247090.8"}},{"type":"Feature","geometry":{"type":"LineString","coordinates":[[8.547730098832483,47.36945954883628],[8.547706023175696,47.3694510727018]]},"properties":{"layer":"LKZ1310-MLU1","infraType":"water","geomType":"pipe","source":"order_55299/NIS_ZH_WVZ.dxf","_dedupKey":"2683769.1,1247103.9|2683770.9,1247104.9"}},{"type":"Feature","geometry":{"type":"LineString","coordinates":[[8.54744430872821,47.36867127571149],[8.547439845234424,47.368666749016356],[8.547435395166234,47.36866223118728],[8.547336118202082,47.36855653749964],[8.547170745761498,47.36844065694114],[8.547099625861762,47.36840853414468],[8.547036332902495,47.36837968239426]]},"properties":{"layer":"LKZ1313-MLU1","infraType":"water","geomType":"pipe","source":"order_55299/NIS_ZH_WVZ.dxf","_dedupKey":"2683720.2,1246984.1|2683750.6,1247016.9"}},{"type":"Feature","geometry":{"type":"LineString","coordinates":[[8.546729576375565,47.36805526467682],[8.546734258507154,47.36805056925231]]},"properties":{"layer":"LKZ1315-MLU1","infraType":"water","geomType":"pipe","source":"order_55299/NIS_ZH_WVZ.dxf","_dedupKey":"2683697.6,1246947.7|2683697.9,1246947.2"}},{"type":"Feature","geometry":{"type":"LineString","coordinates":[[8.546720447547827,47.368063879681806],[8.546722460308727,47.36806198038053],[8.546729576375565,47.36805526467682]]},"properties":{"layer":"LKZ1315-MLU1","infraType":"water","geomType":"pipe","source":"order_55299/NIS_ZH_WVZ.dxf","_dedupKey":"2683696.9,1246948.6|2683697.6,1246947.7"}},{"type":"Feature","geometry":{"type":"LineString","coordinates":[[8.547068334783626,47.36840387811468],[8.547163006378929,47.36844987031586],[8.547197269018241,47.368473900379605],[8.54721218320803,47.36848435353868],[8.547323704572323,47.36856254849858],[8.547343104803689,47.368582430491536],[8.54740537806967,47.36864626508391],[8.547422519205224,47.36866383900203],[8.547424331975401,47.368665692594426]]},"properties":{"layer":"LKZ1319-MLU1","infraType":"water","geomType":"pipe","source":"order_55299/NIS_ZH_WVZ.dxf","_dedupKey":"2683722.6,1246986.8|2683749.1,1247016.3"}},{"type":"Feature","geometry":{"type":"LineString","coordinates":[[8.550351979600622,47.3690919767442],[8.550344298531947,47.369100155328525]]},"properties":{"layer":"LKZ1317-MLU1","infraType":"water","geomType":"pipe","source":"order_55299/NIS_ZH_WVZ.dxf","_dedupKey":"2683969,1247067.7|2683969.5,1247066.8"}},{"type":"Feature","geometry":{"type":"LineString","coordinates":[[8.550365046426581,47.369079203756044],[8.55036368833569,47.369080746007846]]},"properties":{"layer":"LKZ1317-MLU1","infraType":"water","geomType":"pipe","source":"order_55299/NIS_ZH_WVZ.dxf","_dedupKey":"2683970.4,1247065.6|2683970.6,1247065.4"}},{"type":"Feature","geometry":{"type":"LineString","coordinates":[[8.55036368833569,47.369080746007846],[8.550362045201094,47.369082587844055],[8.550358784608186,47.36908432831182],[8.550351979600622,47.3690919767442]]},"properties":{"layer":"LKZ1317-MLU1","infraType":"water","geomType":"pipe","source":"order_55299/NIS_ZH_WVZ.dxf","_dedupKey":"2683969.5,1247066.8|2683970.4,1247065.6"}},{"type":"Feature","geometry":{"type":"LineString","coordinates":[[8.54864073893446,47.36991182105493],[8.548619374651821,47.369888593961164],[8.548519645018743,47.36978300458379],[8.548386106047676,47.36964085978622],[8.548311850893056,47.369560643699856],[8.548099773143669,47.369488003195116],[8.547949187737755,47.36933085578792],[8.547945210281371,47.369322330589235],[8.547888750643217,47.36920134811769],[8.54783546476838,47.36908716247014],[8.547817652713814,47.36906726530744],[8.547772553266384,47.36901688470131]]},"properties":{"layer":"LKZ1313-MLU1","infraType":"water","geomType":"pipe","source":"order_55299/NIS_ZH_WVZ.dxf","_dedupKey":"2683774.8,1247055.7|2683839,1247156.1"}},{"type":"Feature","geometry":{"type":"LineString","coordinates":[[8.550381997393147,47.36908633567747],[8.550365046426581,47.369079203756044],[8.550349569368976,47.36907227352928],[8.550332452887583,47.369073076938875],[8.550298806735602,47.369058378848926]]},"properties":{"layer":"LKZ1314-MLU1","infraType":"water","geomType":"pipe","source":"order_55299/NIS_ZH_WVZ.dxf","_dedupKey":"2683965.6,1247063|2683971.8,1247066.2"}},{"type":"Feature","geometry":{"type":"LineString","coordinates":[[8.549944153291507,47.369164147907625],[8.549948842174302,47.36915978510891],[8.549941356063787,47.36915508969836]]},"properties":{"layer":"LKZ1315-MLU1","infraType":"water","geomType":"pipe","source":"order_55299/NIS_ZH_WVZ.dxf","_dedupKey":"2683938.4,1247073.4|2683938.6,1247074.4"}},{"type":"Feature","geometry":{"type":"LineString","coordinates":[[8.547010552476857,47.36835987057402],[8.547022227726238,47.368365470463075],[8.547024442479438,47.368373922658456],[8.547025750891581,47.36837890242107],[8.547026642686683,47.36838231202719],[8.547057906148545,47.36839901286547],[8.547068334783626,47.36840387811468]]},"properties":{"layer":"LKZ1319-MLU1","infraType":"water","geomType":"pipe","source":"order_55299/NIS_ZH_WVZ.dxf","_dedupKey":"2683718.3,1246981.9|2683722.6,1246986.8"}},{"type":"Feature","geometry":{"type":"LineString","coordinates":[[8.547770072730728,47.3690141200198],[8.547772553266384,47.36901688470131]]},"properties":{"layer":"LKZ1313-MLU1","infraType":"water","geomType":"pipe","source":"order_55299/NIS_ZH_WVZ.dxf","_dedupKey":"2683774.7,1247055.4|2683774.8,1247055.7"}},{"type":"Feature","geometry":{"type":"LineString","coordinates":[[8.547772870823332,47.36900987441509],[8.547823281796195,47.36906480953832],[8.547840443179002,47.36908270702632],[8.547897645056302,47.36919928375753],[8.547955754575204,47.36931747087138]]},"properties":{"layer":"LKZ1314-MLU1","infraType":"water","geomType":"pipe","source":"order_55299/NIS_ZH_WVZ.dxf","_dedupKey":"2683774.9,1247054.9|2683788.2,1247089.3"}},{"type":"Feature","geometry":{"type":"LineString","coordinates":[[8.547627035712274,47.36893647996473],[8.547623638918616,47.36893804175895]]},"properties":{"layer":"LKZ1315-MLU1","infraType":"water","geomType":"pipe","source":"order_55299/NIS_ZH_WVZ.dxf","_dedupKey":"2683763.7,1247046.8|2683764,1247046.6"}},{"type":"Feature","geometry":{"type":"LineString","coordinates":[[8.547768491198099,47.36904056301392],[8.547801608196313,47.36907440863601],[8.547820669424704,47.369093889022],[8.547873699766487,47.369204703941854],[8.54793142291685,47.36932532347345],[8.547937402779851,47.3693378143001],[8.548093247326152,47.36949890505877]]},"properties":{"layer":"LKZ1319-MLU1","infraType":"water","geomType":"pipe","source":"order_55299/NIS_ZH_WVZ.dxf","_dedupKey":"2683774.5,1247058.3|2683798.3,1247109.6"}},{"type":"Feature","geometry":{"type":"LineString","coordinates":[[8.547768491198099,47.36904056301392],[8.547770649475448,47.36903483935065],[8.547766718431845,47.36903045147763]]},"properties":{"layer":"LKZ1319-MLU1","infraType":"water","geomType":"pipe","source":"order_55299/NIS_ZH_WVZ.dxf","_dedupKey":"2683774.4,1247057.2|2683774.5,1247058.3"}},{"type":"Feature","geometry":{"type":"LineString","coordinates":[[8.54742141635489,47.3686636516958],[8.54740537806967,47.36864626508391],[8.54734547839078,47.36858132828599],[8.547325270155039,47.368559520088276],[8.547215395550658,47.36848219984544],[8.547200849211753,47.368471608228504],[8.5471642657763,47.36844612523282],[8.54708808258022,47.368408644929495],[8.547075271076244,47.36840252523679]]},"properties":{"layer":"LKZ1314-MLU1","infraType":"water","geomType":"pipe","source":"order_55299/NIS_ZH_WVZ.dxf","_dedupKey":"2683723.2,1246986.7|2683748.9,1247016.1"}},{"type":"Feature","geometry":{"type":"LineString","coordinates":[[8.547473527005813,47.368685756275816],[8.547474965566426,47.368687442551796],[8.54747701497984,47.368689851571965],[8.547479009945754,47.36869218915345],[8.547479018442587,47.36869641680154],[8.547486916031486,47.36870499433249]]},"properties":{"layer":"LKZ1314-MLU1","infraType":"water","geomType":"pipe","source":"order_55299/NIS_ZH_WVZ.dxf","_dedupKey":"2683752.8,1247018.6|2683753.8,1247020.7"}},{"type":"Feature","geometry":{"type":"LineString","coordinates":[[8.54742141635489,47.3686636516958],[8.547422519205224,47.36866383900203],[8.547437094914255,47.368666289681016],[8.547439845234424,47.368666749016356],[8.547460254026877,47.36867018713265],[8.54747206140853,47.368684043273845],[8.547473527005813,47.368685756275816]]},"properties":{"layer":"LKZ1314-MLU1","infraType":"water","geomType":"pipe","source":"order_55299/NIS_ZH_WVZ.dxf","_dedupKey":"2683748.9,1247016.1|2683752.8,1247018.6"}},{"type":"Feature","geometry":{"type":"LineString","coordinates":[[8.547768607525168,47.369005426766606],[8.547772870823332,47.36900987441509]]},"properties":{"layer":"LKZ1314-MLU1","infraType":"water","geomType":"pipe","source":"order_55299/NIS_ZH_WVZ.dxf","_dedupKey":"2683774.6,1247054.4|2683774.9,1247054.9"}},{"type":"Feature","geometry":{"type":"LineString","coordinates":[[8.547911460342368,47.369335706726716],[8.547901889266829,47.369347249498745],[8.547893135708879,47.36935799284354]]},"properties":{"layer":"LKZ1314-MLU1","infraType":"water","geomType":"pipe","source":"order_55299/NIS_ZH_WVZ.dxf","_dedupKey":"2683783.4,1247093.8|2683784.8,1247091.3"}},{"type":"Feature","geometry":{"type":"LineString","coordinates":[[8.547893471749589,47.36934423600382],[8.547821557164168,47.36931854382772]]},"properties":{"layer":"LKZ1317-MLU1","infraType":"water","geomType":"pipe","source":"order_55299/NIS_ZH_WVZ.dxf","_dedupKey":"2683778.1,1247089.3|2683783.5,1247092.2"}},{"type":"Feature","geometry":{"type":"LineString","coordinates":[[8.547955754575204,47.36931747087138],[8.547956848844764,47.36931979010996]]},"properties":{"layer":"LKZ1314-MLU1","infraType":"water","geomType":"pipe","source":"order_55299/NIS_ZH_WVZ.dxf","_dedupKey":"2683788.2,1247089.3|2683788.3,1247089.6"}},{"type":"Feature","geometry":{"type":"LineString","coordinates":[[8.549035870675493,47.36871946414216],[8.549026378120802,47.368712512184715],[8.548946273686612,47.36865340142458],[8.548943633941013,47.36865125896494],[8.548921462831412,47.36863504691701],[8.54887384059703,47.368642844766484]]},"properties":{"layer":"LKZ1315-MLU1","infraType":"water","geomType":"pipe","source":"order_55299/NIS_ZH_WVZ.dxf","_dedupKey":"2683858.6,1247015.3|2683870.7,1247024"}},{"type":"Feature","geometry":{"type":"LineString","coordinates":[[8.54887384059703,47.368642844766484],[8.548870950517813,47.36864330431627]]},"properties":{"layer":"LKZ1315-MLU1","infraType":"water","geomType":"pipe","source":"order_55299/NIS_ZH_WVZ.dxf","_dedupKey":"2683858.4,1247015.4|2683858.6,1247015.3"}},{"type":"Feature","geometry":{"type":"LineString","coordinates":[[8.548870950517813,47.36864330431627],[8.548866767820467,47.36864400117072],[8.548803805635709,47.368666059872254],[8.548796411776816,47.3686670574453]]},"properties":{"layer":"LKZ1315-MLU1","infraType":"water","geomType":"pipe","source":"order_55299/NIS_ZH_WVZ.dxf","_dedupKey":"2683852.7,1247017.9|2683858.4,1247015.4"}},{"type":"Feature","geometry":{"type":"LineString","coordinates":[[8.549388762904265,47.36884948725175],[8.549374423581263,47.368837418705716]]},"properties":{"layer":"LKZ1315-MLU1","infraType":"water","geomType":"pipe","source":"order_55299/NIS_ZH_WVZ.dxf","_dedupKey":"2683896.1,1247037.5|2683897.2,1247038.8"}},{"type":"Feature","geometry":{"type":"LineString","coordinates":[[8.549374423581263,47.368837418705716],[8.549366095138877,47.3688304195998]]},"properties":{"layer":"LKZ1315-MLU1","infraType":"water","geomType":"pipe","source":"order_55299/NIS_ZH_WVZ.dxf","_dedupKey":"2683895.5,1247036.7|2683896.1,1247037.5"}},{"type":"Feature","geometry":{"type":"LineString","coordinates":[[8.549366095138877,47.3688304195998],[8.549357187354019,47.368822940325465],[8.5493476189265,47.36881489171273]]},"properties":{"layer":"LKZ1315-MLU1","infraType":"water","geomType":"pipe","source":"order_55299/NIS_ZH_WVZ.dxf","_dedupKey":"2683894.1,1247034.9|2683895.5,1247036.7"}},{"type":"Feature","geometry":{"type":"LineString","coordinates":[[8.5493476189265,47.36881489171273],[8.549319769203205,47.36879367906353],[8.54930839341596,47.368800561823534]]},"properties":{"layer":"LKZ1315-MLU1","infraType":"water","geomType":"pipe","source":"order_55299/NIS_ZH_WVZ.dxf","_dedupKey":"2683891.2,1247033.3|2683894.1,1247034.9"}},{"type":"Feature","geometry":{"type":"LineString","coordinates":[[8.549832643610273,47.36860974188819],[8.549829512117187,47.36860878254728]]},"properties":{"layer":"LKZ1315-MLU1","infraType":"water","geomType":"pipe","source":"order_55299/NIS_ZH_WVZ.dxf","_dedupKey":"2683930.8,1247012.5|2683931.1,1247012.7"}},{"type":"Feature","geometry":{"type":"LineString","coordinates":[[8.549829512117187,47.36860878254728],[8.54982696664714,47.36860798847645]]},"properties":{"layer":"LKZ1315-MLU1","infraType":"water","geomType":"pipe","source":"order_55299/NIS_ZH_WVZ.dxf","_dedupKey":"2683930.7,1247012.5|2683930.8,1247012.5"}},{"type":"Feature","geometry":{"type":"LineString","coordinates":[[8.547579029814328,47.36844086629115],[8.547581075911006,47.368438660819066],[8.547582280264894,47.36843736294602],[8.547583824400254,47.368437123240646],[8.54758552093604,47.36843529892197]]},"properties":{"layer":"LKZ1315-MLU1","infraType":"water","geomType":"pipe","source":"order_55299/NIS_ZH_WVZ.dxf","_dedupKey":"2683761.1,1246991.5|2683761.6,1246990.9"}},{"type":"Feature","geometry":{"type":"LineString","coordinates":[[8.547575048680441,47.36843915945305],[8.547579029814328,47.36844086629115],[8.547581984160868,47.36844222318104],[8.547590472990638,47.368446126535126]]},"properties":{"layer":"LKZ1315-MLU1","infraType":"water","geomType":"pipe","source":"order_55299/NIS_ZH_WVZ.dxf","_dedupKey":"2683760.8,1246991.3|2683762,1246992.1"}},{"type":"Feature","geometry":{"type":"LineString","coordinates":[[8.54731356349548,47.368339781517285],[8.547324044948466,47.3683452758985],[8.547336181735737,47.36834887439792]]},"properties":{"layer":"LKZ1315-MLU1","infraType":"water","geomType":"pipe","source":"order_55299/NIS_ZH_WVZ.dxf","_dedupKey":"2683741.2,1246980|2683742.9,1246981"}},{"type":"Feature","geometry":{"type":"LineString","coordinates":[[8.547616079002841,47.368401534482516],[8.547607366989212,47.36841045139118]]},"properties":{"layer":"LKZ1315-MLU1","infraType":"water","geomType":"pipe","source":"order_55299/NIS_ZH_WVZ.dxf","_dedupKey":"2683763.3,1246988.1|2683764,1246987.1"}},{"type":"Feature","geometry":{"type":"LineString","coordinates":[[8.547598383957288,47.36841525111335],[8.547602195581549,47.368411355587035],[8.547605176028272,47.36841269423541],[8.547607366989212,47.36841045139118]]},"properties":{"layer":"LKZ1315-MLU1","infraType":"water","geomType":"pipe","source":"order_55299/NIS_ZH_WVZ.dxf","_dedupKey":"2683762.6,1246988.6|2683763.3,1246988.1"}},{"type":"Feature","geometry":{"type":"LineString","coordinates":[[8.547715349916185,47.36850246954989],[8.54771658579569,47.368501414242296]]},"properties":{"layer":"LKZ1315-MLU1","infraType":"water","geomType":"pipe","source":"order_55299/NIS_ZH_WVZ.dxf","_dedupKey":"2683771.3,1246998.5|2683771.4,1246998.4"}},{"type":"Feature","geometry":{"type":"LineString","coordinates":[[8.547700553078817,47.368494480004664],[8.547715349916185,47.36850246954989]]},"properties":{"layer":"LKZ1315-MLU1","infraType":"water","geomType":"pipe","source":"order_55299/NIS_ZH_WVZ.dxf","_dedupKey":"2683770.2,1246997.6|2683771.3,1246998.5"}},{"type":"Feature","geometry":{"type":"LineString","coordinates":[[8.547660388401509,47.368883016252525],[8.547667658728214,47.36887989707906],[8.547678839497916,47.36887508524467]]},"properties":{"layer":"LKZ1315-MLU1","infraType":"water","geomType":"pipe","source":"order_55299/NIS_ZH_WVZ.dxf","_dedupKey":"2683766.6,1247040.7|2683768,1247039.9"}},{"type":"Feature","geometry":{"type":"LineString","coordinates":[[8.547678839497916,47.36887508524467],[8.547807511898197,47.36881979764478]]},"properties":{"layer":"LKZ1315-MLU1","infraType":"water","geomType":"pipe","source":"order_55299/NIS_ZH_WVZ.dxf","_dedupKey":"2683768,1247039.9|2683777.8,1247033.8"}},{"type":"Feature","geometry":{"type":"LineString","coordinates":[[8.547807511898197,47.36881979764478],[8.54782150120661,47.36881378945251],[8.54781783067563,47.36880983084735]]},"properties":{"layer":"LKZ1315-MLU1","infraType":"water","geomType":"pipe","source":"order_55299/NIS_ZH_WVZ.dxf","_dedupKey":"2683777.8,1247033.8|2683778.6,1247032.7"}},{"type":"Feature","geometry":{"type":"LineString","coordinates":[[8.547437094914255,47.368666289681016],[8.547436192301978,47.36866872704208],[8.547435178032226,47.36867152528188],[8.547428428364336,47.36867039372266],[8.547425930310009,47.368669967945934],[8.547424527180853,47.368673804363226],[8.54738842580237,47.3686918804153]]},"properties":{"layer":"LKZ1315-MLU1","infraType":"water","geomType":"pipe","source":"order_55299/NIS_ZH_WVZ.dxf","_dedupKey":"2683746.3,1247019.2|2683750.1,1247016.4"}},{"type":"Feature","geometry":{"type":"LineString","coordinates":[[8.547679349920587,47.368912347329555],[8.547676554960281,47.36891356152993],[8.547676003836067,47.36891380069641],[8.547673327080586,47.36891496878583],[8.547661626006802,47.368913228137295],[8.547657991308867,47.36891481020733],[8.5476364458153,47.368924201155714],[8.547630327538513,47.36893496415411],[8.547627035712274,47.36893647996473]]},"properties":{"layer":"LKZ1315-MLU1","infraType":"water","geomType":"pipe","source":"order_55299/NIS_ZH_WVZ.dxf","_dedupKey":"2683764,1247046.6|2683768,1247044"}},{"type":"Feature","geometry":{"type":"LineString","coordinates":[[8.54755148028726,47.36877901636881],[8.547549632091766,47.36877991564038],[8.547548255966994,47.36878059449537],[8.547536984082347,47.368786117810494],[8.547504413658855,47.36880208211259]]},"properties":{"layer":"LKZ1315-MLU1","infraType":"water","geomType":"pipe","source":"order_55299/NIS_ZH_WVZ.dxf","_dedupKey":"2683754.9,1247031.6|2683758.5,1247029"}},{"type":"Feature","geometry":{"type":"LineString","coordinates":[[8.547730098832483,47.36945954883628],[8.54773325587814,47.36946046301285],[8.547737903527631,47.36946047235379],[8.5477484037668,47.36946431140582],[8.54774275261155,47.369471435874615],[8.547745327561639,47.369472373630906],[8.547748823229497,47.36947365335715]]},"properties":{"layer":"LKZ1310-MLU1","infraType":"water","geomType":"pipe","source":"order_55299/NIS_ZH_WVZ.dxf","_dedupKey":"2683770.9,1247104.9|2683772.3,1247106.5"}},{"type":"Feature","geometry":{"type":"LineString","coordinates":[[8.547612465484042,47.369572020552084],[8.547638605185714,47.36958042291651],[8.547652274466015,47.36958829736423],[8.547655770326351,47.36958958608663]]},"properties":{"layer":"LKZ1315-MLU1","infraType":"water","geomType":"pipe","source":"order_55299/NIS_ZH_WVZ.dxf","_dedupKey":"2683761.9,1247117.3|2683765.1,1247119.3"}},{"type":"Feature","geometry":{"type":"LineString","coordinates":[[8.546705743154064,47.36805713945232],[8.546720447547827,47.368063879681806],[8.546723080970622,47.368065086754626],[8.546726382630762,47.36806659325183]]},"properties":{"layer":"LKZ1315-MLU1","infraType":"water","geomType":"pipe","source":"order_55299/NIS_ZH_WVZ.dxf","_dedupKey":"2683695.8,1246947.9|2683697.3,1246949"}},{"type":"Feature","geometry":{"type":"LineString","coordinates":[[8.551207495715593,47.36831068446853],[8.550847595772074,47.36855177638031],[8.550843874243087,47.36855426790084],[8.550841254175811,47.368556245084584],[8.550830803382452,47.36856429745795],[8.550829070908769,47.36856566341742],[8.550413489932936,47.36890191033137],[8.550271107511179,47.36901710574158],[8.550268138979956,47.369019518033795],[8.55017922553424,47.36909174146932],[8.550179030154172,47.36909189626763],[8.55000670992302,47.36923186430924],[8.54978627937355,47.369410911204554],[8.549782803141602,47.36941374214579],[8.54976721776745,47.369427025033126],[8.549724168809789,47.36946368970917]]},"properties":{"layer":"LKZ1319-MLU1","infraType":"water","geomType":"pipe","source":"order_55299/NIS_ZH_WVZ.dxf","_dedupKey":"2683921.5,1247107.5|2684035.4,1246980.9"}},{"type":"Feature","geometry":{"type":"LineString","coordinates":[[8.54972725815548,47.3694658008405],[8.549758773125529,47.36943923176362],[8.549764342242273,47.36943453667891],[8.549770969572876,47.36942915677572],[8.549773937961987,47.3694267355032],[8.550010823460266,47.36923419945234],[8.55018388058495,47.36909464708588],[8.550254670599035,47.36903589294511]]},"properties":{"layer":"LKZ1313-MLU1","infraType":"water","geomType":"pipe","source":"order_55299/NIS_ZH_WVZ.dxf","_dedupKey":"2683921.8,1247107.7|2683962.3,1247060.5"}},{"type":"Feature","geometry":{"type":"LineString","coordinates":[[8.550254670599035,47.36903589294511],[8.550260191179488,47.36903141418637],[8.550417697440277,47.368904307521774],[8.55049466345281,47.368841418961004],[8.550816980103136,47.36858205211929],[8.550851449042314,47.36855432988428],[8.550856565805141,47.36855080847274],[8.550924552194898,47.368505609640074],[8.550983765559419,47.36846574844194],[8.550999650744796,47.36845543989655],[8.5510918559495,47.368392593042216],[8.551174775729029,47.36833654595682],[8.551191169887087,47.36832525200692]]},"properties":{"layer":"LKZ1313-MLU1","infraType":"water","geomType":"pipe","source":"order_55299/NIS_ZH_WVZ.dxf","_dedupKey":"2683962.3,1247060.5|2684034.1,1246982.5"}},{"type":"Feature","geometry":{"type":"LineString","coordinates":[[8.55042405153316,47.369104218055675],[8.550422609701997,47.36910555422528],[8.550371360127695,47.36915592577931]]},"properties":{"layer":"LKZ1315-MLU1","infraType":"water","geomType":"pipe","source":"order_55299/NIS_ZH_WVZ.dxf","_dedupKey":"2683970.9,1247074|2683975,1247068.3"}},{"type":"Feature","geometry":{"type":"LineString","coordinates":[[8.54951303972306,47.36964123433038],[8.549509407617348,47.369639128413716],[8.549506928036857,47.36963768604967],[8.549431964704153,47.369594096817025]]},"properties":{"layer":"LKZ1315-MLU1","infraType":"water","geomType":"pipe","source":"order_55299/NIS_ZH_WVZ.dxf","_dedupKey":"2683899.3,1247121.7|2683905.3,1247127"}},{"type":"Feature","geometry":{"type":"LineString","coordinates":[[8.550254670599035,47.36903589294511],[8.550267184791554,47.369042968638496]]},"properties":{"layer":"LKZ1314-MLU1","infraType":"water","geomType":"pipe","source":"order_55299/NIS_ZH_WVZ.dxf","_dedupKey":"2683962.3,1247060.5|2683963.2,1247061.3"}},{"type":"Feature","geometry":{"type":"LineString","coordinates":[[8.550267184791554,47.369042968638496],[8.550269124348157,47.36904391245432]]},"properties":{"layer":"LKZ1314-MLU1","infraType":"water","geomType":"pipe","source":"order_55299/NIS_ZH_WVZ.dxf","_dedupKey":"2683963.2,1247061.3|2683963.4,1247061.4"}},{"type":"Feature","geometry":{"type":"LineString","coordinates":[[8.550381997393147,47.36908633567747],[8.55042405153316,47.369104218055675],[8.55058272864487,47.369170990859395],[8.550637941937142,47.36919448539134],[8.550714564544128,47.36922810021692],[8.55084672516147,47.369281086509254],[8.550894779937325,47.36930035016107],[8.550897810841102,47.369301562306966],[8.550900079694584,47.36930813391961],[8.550924511036145,47.36931840500169],[8.550934302800819,47.36931683549448],[8.551019084538698,47.3693524764143],[8.551058838529972,47.36936924732506],[8.551125378227903,47.36939870427735],[8.551298049590148,47.369470414591625],[8.551452253708403,47.36953465668459]]},"properties":{"layer":"LKZ1314-MLU1","infraType":"water","geomType":"pipe","source":"order_55299/NIS_ZH_WVZ.dxf","_dedupKey":"2683971.8,1247066.2|2684051.9,1247117.2"}},{"type":"Feature","geometry":{"type":"LineString","coordinates":[[8.547794389305388,47.369077455362245],[8.547788223268403,47.36908019513666],[8.547782631650916,47.36908254260222],[8.547777747393237,47.36908452346784]]},"properties":{"layer":"LKZ1315-MLU1","infraType":"water","geomType":"pipe","source":"order_55299/NIS_ZH_WVZ.dxf","_dedupKey":"2683775.1,1247063.2|2683776.4,1247062.5"}},{"type":"Feature","geometry":{"type":"LineString","coordinates":[[8.547798430080508,47.369075662499505],[8.547795911238422,47.36907678409935]]},"properties":{"layer":"LKZ1315-MLU1","infraType":"water","geomType":"pipe","source":"order_55299/NIS_ZH_WVZ.dxf","_dedupKey":"2683776.5,1247062.4|2683776.7,1247062.3"}},{"type":"Feature","geometry":{"type":"LineString","coordinates":[[8.547795911238422,47.36907678409935],[8.547794389305388,47.369077455362245]]},"properties":{"layer":"LKZ1315-MLU1","infraType":"water","geomType":"pipe","source":"order_55299/NIS_ZH_WVZ.dxf","_dedupKey":"2683776.4,1247062.5|2683776.5,1247062.4"}},{"type":"Feature","geometry":{"type":"LineString","coordinates":[[8.547895747968335,47.36919974274073],[8.547893560769324,47.36920025848118],[8.547888750643217,47.36920134811769],[8.547875691204416,47.36920432500942],[8.547873699766487,47.369204703941854],[8.54786785708303,47.36920580349411]]},"properties":{"layer":"LKZ1315-MLU1","infraType":"water","geomType":"pipe","source":"order_55299/NIS_ZH_WVZ.dxf","_dedupKey":"2683781.7,1247076.8|2683783.9,1247076.2"}},{"type":"Feature","geometry":{"type":"LineString","coordinates":[[8.54786785708303,47.36920580349411],[8.547865773166803,47.369206192309754]]},"properties":{"layer":"LKZ1315-MLU1","infraType":"water","geomType":"pipe","source":"order_55299/NIS_ZH_WVZ.dxf","_dedupKey":"2683781.6,1247076.9|2683781.7,1247076.8"}},{"type":"Feature","geometry":{"type":"LineString","coordinates":[[8.54748763195598,47.36871522396189],[8.547531885590121,47.36876125014255],[8.547549632091766,47.36877991564038],[8.54757516190271,47.36880675497503],[8.54761857178998,47.36885231247977],[8.547662218020772,47.36889840740904],[8.547676554960281,47.36891356152993],[8.547705580719148,47.36894423518945],[8.547748749789445,47.36899029868743],[8.547761275342287,47.36900430082042]]},"properties":{"layer":"LKZ1313-MLU1","infraType":"water","geomType":"pipe","source":"order_55299/NIS_ZH_WVZ.dxf","_dedupKey":"2683753.8,1247021.9|2683774,1247054.3"}},{"type":"Feature","geometry":{"type":"LineString","coordinates":[[8.547761275342287,47.36900430082042],[8.547770072730728,47.3690141200198]]},"properties":{"layer":"LKZ1313-MLU1","infraType":"water","geomType":"pipe","source":"order_55299/NIS_ZH_WVZ.dxf","_dedupKey":"2683774,1247054.3|2683774.7,1247055.4"}},{"type":"Feature","geometry":{"type":"LineString","coordinates":[[8.547511815331216,47.36872825965698],[8.547519318281248,47.368735050935925],[8.547520974042802,47.36874717851766],[8.54755148028726,47.36877901636881],[8.54764717265839,47.368879113315664],[8.547651869088856,47.36888401556328],[8.547653669385094,47.36888590525254],[8.54765549597,47.36888778569418],[8.547679349920587,47.368912347329555],[8.54776565711613,47.369002351766284]]},"properties":{"layer":"LKZ1314-MLU1","infraType":"water","geomType":"pipe","source":"order_55299/NIS_ZH_WVZ.dxf","_dedupKey":"2683755.6,1247023.4|2683774.4,1247054.1"}},{"type":"Feature","geometry":{"type":"LineString","coordinates":[[8.54776565711613,47.369002351766284],[8.547768607525168,47.369005426766606]]},"properties":{"layer":"LKZ1314-MLU1","infraType":"water","geomType":"pipe","source":"order_55299/NIS_ZH_WVZ.dxf","_dedupKey":"2683774.4,1247054.1|2683774.6,1247054.4"}},{"type":"Feature","geometry":{"type":"LineString","coordinates":[[8.547766718431845,47.36903045147763],[8.547747734941463,47.36901025072273]]},"properties":{"layer":"LKZ1319-MLU1","infraType":"water","geomType":"pipe","source":"order_55299/NIS_ZH_WVZ.dxf","_dedupKey":"2683773,1247055|2683774.4,1247057.2"}},{"type":"Feature","geometry":{"type":"LineString","coordinates":[[8.547747734941463,47.36901025072273],[8.547730525479428,47.36899194890014],[8.547657991308867,47.36891481020733],[8.547536984082347,47.368786117810494],[8.54743176473236,47.36867420263016],[8.547428428364336,47.36867039372266],[8.547424331975401,47.368665692594426]]},"properties":{"layer":"LKZ1319-MLU1","infraType":"water","geomType":"pipe","source":"order_55299/NIS_ZH_WVZ.dxf","_dedupKey":"2683749.1,1247016.3|2683773,1247055"}},{"type":"Feature","geometry":{"type":"LineString","coordinates":[[8.547946225110575,47.36932210495823],[8.547945210281371,47.369322330589235],[8.547931726079275,47.36932525759556],[8.54793142291685,47.36932532347345],[8.547927943261366,47.36932608550215],[8.547925610253051,47.369326593648395]]},"properties":{"layer":"LKZ1314-MLU1","infraType":"water","geomType":"pipe","source":"order_55299/NIS_ZH_WVZ.dxf","_dedupKey":"2683785.9,1247090.3|2683787.5,1247089.8"}},{"type":"Feature","geometry":{"type":"LineString","coordinates":[[8.547925610253051,47.369326593648395],[8.547917227046272,47.36932841023113],[8.547915343527498,47.369330794050256],[8.547911460342368,47.369335706726716]]},"properties":{"layer":"LKZ1314-MLU1","infraType":"water","geomType":"pipe","source":"order_55299/NIS_ZH_WVZ.dxf","_dedupKey":"2683784.8,1247091.3|2683785.9,1247090.3"}},{"type":"Feature","geometry":{"type":"LineString","coordinates":[[8.549508824687221,47.36936590571586],[8.549505345819647,47.36936861074165]]},"properties":{"layer":"LKZ1315-MLU1","infraType":"water","geomType":"pipe","source":"order_55299/NIS_ZH_WVZ.dxf","_dedupKey":"2683905.2,1247096.7|2683905.4,1247096.4"}},{"type":"Feature","geometry":{"type":"LineString","coordinates":[[8.549508824687221,47.36936590571586],[8.549521369474652,47.369356025297776]]},"properties":{"layer":"LKZ1315-MLU1","infraType":"water","geomType":"pipe","source":"order_55299/NIS_ZH_WVZ.dxf","_dedupKey":"2683905.4,1247096.4|2683906.4,1247095.3"}},{"type":"Feature","geometry":{"type":"LineString","coordinates":[[8.549557586344136,47.36932571403607],[8.54955624699491,47.36932498031943],[8.549550059288153,47.369321594685246]]},"properties":{"layer":"LKZ1315-MLU1","infraType":"water","geomType":"pipe","source":"order_55299/NIS_ZH_WVZ.dxf","_dedupKey":"2683908.6,1247091.5|2683909.2,1247092"}},{"type":"Feature","geometry":{"type":"LineString","coordinates":[[8.549550059288153,47.369321594685246],[8.549383229410724,47.36923016215826]]},"properties":{"layer":"LKZ1315-MLU1","infraType":"water","geomType":"pipe","source":"order_55299/NIS_ZH_WVZ.dxf","_dedupKey":"2683896.2,1247081.1|2683908.6,1247091.5"}},{"type":"Feature","geometry":{"type":"LineString","coordinates":[[8.5496563675759,47.36938383515309],[8.549658028762378,47.36938476366647]]},"properties":{"layer":"LKZ1315-MLU1","infraType":"water","geomType":"pipe","source":"order_55299/NIS_ZH_WVZ.dxf","_dedupKey":"2683916.5,1247098.5|2683916.7,1247098.6"}},{"type":"Feature","geometry":{"type":"LineString","coordinates":[[8.54970278582114,47.369351914525446],[8.549697381981773,47.36935564553406],[8.549680880561178,47.36936881128962],[8.54966213796104,47.36938498499837],[8.549660536123168,47.369386268726224]]},"properties":{"layer":"LKZ1317-MLU1","infraType":"water","geomType":"pipe","source":"order_55299/NIS_ZH_WVZ.dxf","_dedupKey":"2683916.9,1247098.8|2683920.1,1247095"}},{"type":"Feature","geometry":{"type":"LineString","coordinates":[[8.549658028762378,47.36938476366647],[8.549660536123168,47.369386268726224]]},"properties":{"layer":"LKZ1315-MLU1","infraType":"water","geomType":"pipe","source":"order_55299/NIS_ZH_WVZ.dxf","_dedupKey":"2683916.7,1247098.6|2683916.9,1247098.8"}},{"type":"Feature","geometry":{"type":"LineString","coordinates":[[8.549660536123168,47.369386268726224],[8.549676609101882,47.36939510928371],[8.549677439414296,47.36939556005023]]},"properties":{"layer":"LKZ1314-MLU1","infraType":"water","geomType":"pipe","source":"order_55299/NIS_ZH_WVZ.dxf","_dedupKey":"2683916.9,1247098.8|2683918.1,1247099.9"}},{"type":"Feature","geometry":{"type":"LineString","coordinates":[[8.549565467333634,47.36933029773091],[8.549558861378001,47.369326538323],[8.549557586344136,47.36932571403607]]},"properties":{"layer":"LKZ1315-MLU1","infraType":"water","geomType":"pipe","source":"order_55299/NIS_ZH_WVZ.dxf","_dedupKey":"2683909.2,1247092|2683909.8,1247092.5"}},{"type":"Feature","geometry":{"type":"LineString","coordinates":[[8.5496563675759,47.36938383515309],[8.549654866182017,47.36938295007841]]},"properties":{"layer":"LKZ1315-MLU1","infraType":"water","geomType":"pipe","source":"order_55299/NIS_ZH_WVZ.dxf","_dedupKey":"2683916.4,1247098.4|2683916.5,1247098.5"}},{"type":"Feature","geometry":{"type":"LineString","coordinates":[[8.549654866182017,47.36938295007841],[8.549565467333634,47.36933029773091]]},"properties":{"layer":"LKZ1315-MLU1","infraType":"water","geomType":"pipe","source":"order_55299/NIS_ZH_WVZ.dxf","_dedupKey":"2683909.8,1247092.5|2683916.4,1247098.4"}},{"type":"Feature","geometry":{"type":"LineString","coordinates":[[8.549136155919646,47.36909265410534],[8.549132834519922,47.36909084203017],[8.549120235601919,47.36908159919363]]},"properties":{"layer":"LKZ1314-MLU1","infraType":"water","geomType":"pipe","source":"order_55299/NIS_ZH_WVZ.dxf","_dedupKey":"2683876.5,1247064.4|2683877.7,1247065.6"}},{"type":"Feature","geometry":{"type":"LineString","coordinates":[[8.54911243578386,47.3690694677398],[8.54911140535065,47.369068308274876],[8.549110088678976,47.369066755774554]]},"properties":{"layer":"LKZ1315-MLU1","infraType":"water","geomType":"pipe","source":"order_55299/NIS_ZH_WVZ.dxf","_dedupKey":"2683875.8,1247062.7|2683876,1247063"}},{"type":"Feature","geometry":{"type":"LineString","coordinates":[[8.549110088678976,47.369066755774554],[8.54910863850462,47.36906515058668],[8.549098437737408,47.36906933247105],[8.549098328836934,47.36906918959529],[8.549095857346298,47.369066226960875]]},"properties":{"layer":"LKZ1315-MLU1","infraType":"water","geomType":"pipe","source":"order_55299/NIS_ZH_WVZ.dxf","_dedupKey":"2683874.7,1247062.6|2683875.8,1247062.7"}},{"type":"Feature","geometry":{"type":"LineString","coordinates":[[8.546730446400598,47.36837355939945],[8.546729577724554,47.368373171946246],[8.546725742798467,47.368371490661886],[8.546723711599943,47.36837059264226]]},"properties":{"layer":"LKZ1310-MLU1","infraType":"water","geomType":"pipe","source":"order_55299/NIS_ZH_WVZ.dxf","_dedupKey":"2683696.6,1246982.8|2683697.2,1246983.1"}},{"type":"Feature","geometry":{"type":"LineString","coordinates":[[8.546753599201594,47.368351047235315],[8.54675664805547,47.368352493191104],[8.546785481934167,47.36836442298756],[8.546787151976584,47.36836514456797]]},"properties":{"layer":"LKZ1315-MLU1","infraType":"water","geomType":"pipe","source":"order_55299/NIS_ZH_WVZ.dxf","_dedupKey":"2683698.9,1246980.6|2683701.4,1246982.2"}},{"type":"Feature","geometry":{"type":"LineString","coordinates":[[8.546787151976584,47.36836514456797],[8.546804172725418,47.368372483229024]]},"properties":{"layer":"LKZ1315-MLU1","infraType":"water","geomType":"pipe","source":"order_55299/NIS_ZH_WVZ.dxf","_dedupKey":"2683701.4,1246982.2|2683702.7,1246983"}},{"type":"Feature","geometry":{"type":"LineString","coordinates":[[8.546804172725418,47.368372483229024],[8.546807780743576,47.36837407673625],[8.546808575337526,47.368376632735476],[8.546813920709566,47.36837900114772]]},"properties":{"layer":"LKZ1315-MLU1","infraType":"water","geomType":"pipe","source":"order_55299/NIS_ZH_WVZ.dxf","_dedupKey":"2683702.7,1246983|2683703.4,1246983.8"}},{"type":"Feature","geometry":{"type":"LineString","coordinates":[[8.547492800146447,47.368694431482844],[8.547495969810113,47.36869786419188],[8.547502214790521,47.36870464955902],[8.547490993391914,47.36870941679096]]},"properties":{"layer":"LKZ1314-MLU1","infraType":"water","geomType":"pipe","source":"order_55299/NIS_ZH_WVZ.dxf","_dedupKey":"2683754.1,1247021.2|2683754.2,1247019.6"}},{"type":"Feature","geometry":{"type":"LineString","coordinates":[[8.547488451670993,47.36868970579152],[8.547492800146447,47.368694431482844]]},"properties":{"layer":"LKZ1314-MLU1","infraType":"water","geomType":"pipe","source":"order_55299/NIS_ZH_WVZ.dxf","_dedupKey":"2683753.9,1247019|2683754.2,1247019.6"}},{"type":"Feature","geometry":{"type":"LineString","coordinates":[[8.547462543029535,47.36868347800795],[8.54747206140853,47.368684043273845],[8.547483886528024,47.36868474830583],[8.547488451670993,47.36868970579152]]},"properties":{"layer":"LKZ1314-MLU1","infraType":"water","geomType":"pipe","source":"order_55299/NIS_ZH_WVZ.dxf","_dedupKey":"2683752,1247018.3|2683753.9,1247019"}},{"type":"Feature","geometry":{"type":"LineString","coordinates":[[8.55018388058495,47.36909464708588],[8.550179802263822,47.369092095725826]]},"properties":{"layer":"LKZ1315-MLU1","infraType":"water","geomType":"pipe","source":"order_55299/NIS_ZH_WVZ.dxf","_dedupKey":"2683956.5,1247066.7|2683956.8,1247066.9"}},{"type":"Feature","geometry":{"type":"LineString","coordinates":[[8.550271107511179,47.36901710574158],[8.55026876294315,47.36901578802667],[8.55026245233553,47.3690122237097],[8.550261840600351,47.369007651054346],[8.550208584839131,47.36898277023859],[8.550204225982194,47.36898073430416],[8.550194683732279,47.368988552993855],[8.550185041355872,47.36898395031242]]},"properties":{"layer":"LKZ1319-MLU1","infraType":"water","geomType":"pipe","source":"order_55299/NIS_ZH_WVZ.dxf","_dedupKey":"2683957.1,1247054.6|2683963.6,1247058.4"}},{"type":"Feature","geometry":{"type":"LineString","coordinates":[[8.547134489040646,47.36958399394323],[8.547150684153463,47.36958981130039]]},"properties":{"layer":"LKZ1315-MLU1","infraType":"water","geomType":"pipe","source":"order_55299/NIS_ZH_WVZ.dxf","_dedupKey":"2683725.8,1247118.1|2683727,1247118.7"}},{"type":"Feature","geometry":{"type":"LineString","coordinates":[[8.547057442340405,47.36968717931944],[8.547055171809397,47.3696792313921],[8.54705398658858,47.36967699397485],[8.54706108763337,47.369665726845774],[8.547062864737034,47.36966331707702]]},"properties":{"layer":"LKZ1315-MLU1","infraType":"water","geomType":"pipe","source":"order_55299/NIS_ZH_WVZ.dxf","_dedupKey":"2683719.8,1247129.5|2683720.2,1247126.8"}},{"type":"Feature","geometry":{"type":"LineString","coordinates":[[8.547062864737034,47.36966331707702],[8.547120558630068,47.36958520705915]]},"properties":{"layer":"LKZ1315-MLU1","infraType":"water","geomType":"pipe","source":"order_55299/NIS_ZH_WVZ.dxf","_dedupKey":"2683720.2,1247126.8|2683724.7,1247118.2"}},{"type":"Feature","geometry":{"type":"LineString","coordinates":[[8.547120558630068,47.36958520705915],[8.54712426682011,47.36958015216743],[8.547125524309893,47.36957822412833],[8.547128969836283,47.369573909360945]]},"properties":{"layer":"LKZ1315-MLU1","infraType":"water","geomType":"pipe","source":"order_55299/NIS_ZH_WVZ.dxf","_dedupKey":"2683724.7,1247118.2|2683725.4,1247117"}},{"type":"Feature","geometry":{"type":"LineString","coordinates":[[8.547128969836283,47.369573909360945],[8.547201115181162,47.369482086894166]]},"properties":{"layer":"LKZ1315-MLU1","infraType":"water","geomType":"pipe","source":"order_55299/NIS_ZH_WVZ.dxf","_dedupKey":"2683725.4,1247117|2683731,1247106.8"}},{"type":"Feature","geometry":{"type":"LineString","coordinates":[[8.547201115181162,47.369482086894166],[8.547213350863943,47.36946559825076],[8.547202785595394,47.36946181374557]]},"properties":{"layer":"LKZ1315-MLU1","infraType":"water","geomType":"pipe","source":"order_55299/NIS_ZH_WVZ.dxf","_dedupKey":"2683731,1247106.8|2683731.1,1247104.6"}},{"type":"Feature","geometry":{"type":"LineString","coordinates":[[8.546921491780399,47.36936006141228],[8.546920678543595,47.36935788339033],[8.546919921063324,47.369355839760836]]},"properties":{"layer":"LKZ1315-MLU1","infraType":"water","geomType":"pipe","source":"order_55299/NIS_ZH_WVZ.dxf","_dedupKey":"2683709.9,1247092.5|2683710,1247093"}},{"type":"Feature","geometry":{"type":"LineString","coordinates":[[8.54712426682011,47.36958015216743],[8.547127843965281,47.36958153007724],[8.547132047223974,47.36958309087636],[8.547134489040646,47.36958399394323]]},"properties":{"layer":"LKZ1315-MLU1","infraType":"water","geomType":"pipe","source":"order_55299/NIS_ZH_WVZ.dxf","_dedupKey":"2683725,1247117.6|2683725.8,1247118.1"}},{"type":"Feature","geometry":{"type":"LineString","coordinates":[[8.547202785595394,47.36946181374557],[8.547066595488287,47.3694129188048],[8.546922615361613,47.36936379262012],[8.546921491780399,47.36936006141228]]},"properties":{"layer":"LKZ1315-MLU1","infraType":"water","geomType":"pipe","source":"order_55299/NIS_ZH_WVZ.dxf","_dedupKey":"2683710,1247093|2683731.1,1247104.6"}},{"type":"Feature","geometry":{"type":"LineString","coordinates":[[8.546919921063324,47.369355839760836],[8.546918233635745,47.369351736166394],[8.546917706997021,47.369349969172]]},"properties":{"layer":"LKZ1315-MLU1","infraType":"water","geomType":"pipe","source":"order_55299/NIS_ZH_WVZ.dxf","_dedupKey":"2683709.8,1247091.8|2683709.9,1247092.5"}},{"type":"Feature","geometry":{"type":"LineString","coordinates":[[8.546917706997021,47.369349969172],[8.546892523101588,47.36926525147416]]},"properties":{"layer":"LKZ1315-MLU1","infraType":"water","geomType":"pipe","source":"order_55299/NIS_ZH_WVZ.dxf","_dedupKey":"2683708,1247082.4|2683709.8,1247091.8"}},{"type":"Feature","geometry":{"type":"LineString","coordinates":[[8.547825001424005,47.369377168242785],[8.547821454305916,47.36937596097427],[8.547819014171319,47.36937513886218],[8.547824865462653,47.36936681610996],[8.54781642460368,47.36936331709448]]},"properties":{"layer":"LKZ1315-MLU1","infraType":"water","geomType":"pipe","source":"order_55299/NIS_ZH_WVZ.dxf","_dedupKey":"2683777.6,1247094.3|2683778.2,1247095.8"}},{"type":"Feature","geometry":{"type":"LineString","coordinates":[[8.54781642460368,47.36936331709448],[8.547814167368255,47.36936237628869],[8.547786441385705,47.36935091285008]]},"properties":{"layer":"LKZ1315-MLU1","infraType":"water","geomType":"pipe","source":"order_55299/NIS_ZH_WVZ.dxf","_dedupKey":"2683775.4,1247092.9|2683777.6,1247094.3"}},{"type":"Feature","geometry":{"type":"LineString","coordinates":[[8.546969292584164,47.370468238854365],[8.546974871769542,47.370457642985016],[8.54716034306988,47.37021982994998],[8.54727600589066,47.37007234148535],[8.547425063567799,47.36988231799415],[8.547522507772085,47.36975720422141],[8.547523992432223,47.369745829071995],[8.547541692609098,47.36973488292462],[8.547655770326351,47.36958958608663],[8.547691154889405,47.369545304926035],[8.547748823229497,47.36947365335715],[8.547825001424005,47.369377168242785],[8.547828324793567,47.36937334936098],[8.547861339791345,47.36936728438326],[8.547889572239725,47.36936236273851],[8.547893135708879,47.36935799284354]]},"properties":{"layer":"LKZ1314-MLU1","infraType":"water","geomType":"pipe","source":"order_55299/NIS_ZH_WVZ.dxf","_dedupKey":"2683711.9,1247216.2|2683783.4,1247093.8"}},{"type":"Feature","geometry":{"type":"LineString","coordinates":[[8.549521369474652,47.369356025297776],[8.549522659039607,47.36935500543533],[8.549524211508063,47.369355800068725],[8.549532976819798,47.36934817780833]]},"properties":{"layer":"LKZ1315-MLU1","infraType":"water","geomType":"pipe","source":"order_55299/NIS_ZH_WVZ.dxf","_dedupKey":"2683906.4,1247095.3|2683907.3,1247094.4"}},{"type":"Feature","geometry":{"type":"LineString","coordinates":[[8.549546092003522,47.36933707755311],[8.549555212858943,47.36932936191941],[8.549557115234135,47.36932788640368],[8.549558861378001,47.369326538323]]},"properties":{"layer":"LKZ1315-MLU1","infraType":"water","geomType":"pipe","source":"order_55299/NIS_ZH_WVZ.dxf","_dedupKey":"2683908.3,1247093.2|2683909.3,1247092.1"}},{"type":"Feature","geometry":{"type":"LineString","coordinates":[[8.549383229410724,47.36923016215826],[8.549366736973225,47.36922088483094],[8.54936970180865,47.36921829269464],[8.549374411918688,47.369214946170004]]},"properties":{"layer":"LKZ1315-MLU1","infraType":"water","geomType":"pipe","source":"order_55299/NIS_ZH_WVZ.dxf","_dedupKey":"2683895.5,1247079.4|2683896.2,1247081.1"}},{"type":"Feature","geometry":{"type":"LineString","coordinates":[[8.550179802263822,47.369092095725826],[8.55017922553424,47.36909174146932],[8.5501774278435,47.36909061638328],[8.55017709685437,47.36908871259205],[8.550170910260771,47.36908538095119]]},"properties":{"layer":"LKZ1315-MLU1","infraType":"water","geomType":"pipe","source":"order_55299/NIS_ZH_WVZ.dxf","_dedupKey":"2683955.9,1247065.9|2683956.5,1247066.7"}},{"type":"Feature","geometry":{"type":"LineString","coordinates":[[8.549832643610273,47.36860974188819],[8.549835855424945,47.36861201375154],[8.549856591355814,47.368626692264876]]},"properties":{"layer":"LKZ1315-MLU1","infraType":"water","geomType":"pipe","source":"order_55299/NIS_ZH_WVZ.dxf","_dedupKey":"2683931.1,1247012.7|2683932.9,1247014.6"}},{"type":"Feature","geometry":{"type":"LineString","coordinates":[[8.547590472990638,47.368446126535126],[8.547700553078817,47.368494480004664]]},"properties":{"layer":"LKZ1315-MLU1","infraType":"water","geomType":"pipe","source":"order_55299/NIS_ZH_WVZ.dxf","_dedupKey":"2683762,1246992.1|2683770.2,1246997.6"}},{"type":"Feature","geometry":{"type":"LineString","coordinates":[[8.547336181735737,47.36834887439792],[8.547396333195918,47.36836672806502],[8.547415137894989,47.36837325793595],[8.547442890611773,47.3683834888666],[8.54747909856903,47.368397281658815],[8.547575048680441,47.36843915945305]]},"properties":{"layer":"LKZ1315-MLU1","infraType":"water","geomType":"pipe","source":"order_55299/NIS_ZH_WVZ.dxf","_dedupKey":"2683742.9,1246981|2683760.8,1246991.3"}},{"type":"Feature","geometry":{"type":"LineString","coordinates":[[8.54758552093604,47.36843529892197],[8.547598383957288,47.36841525111335]]},"properties":{"layer":"LKZ1315-MLU1","infraType":"water","geomType":"pipe","source":"order_55299/NIS_ZH_WVZ.dxf","_dedupKey":"2683761.6,1246990.9|2683762.6,1246988.6"}},{"type":"Feature","geometry":{"type":"LineString","coordinates":[[8.549532976819798,47.36934817780833],[8.549546092003522,47.36933707755311]]},"properties":{"layer":"LKZ1315-MLU1","infraType":"water","geomType":"pipe","source":"order_55299/NIS_ZH_WVZ.dxf","_dedupKey":"2683907.3,1247094.4|2683908.3,1247093.2"}},{"type":"Feature","geometry":{"type":"LineString","coordinates":[[8.549374411918688,47.369214946170004],[8.549420913600795,47.36918194543134],[8.549422215651749,47.36918088946915]]},"properties":{"layer":"LKZ1315-MLU1","infraType":"water","geomType":"pipe","source":"order_55299/NIS_ZH_WVZ.dxf","_dedupKey":"2683895.5,1247079.4|2683899.2,1247075.7"}},{"type":"Feature","geometry":{"type":"LineString","coordinates":[[8.550170910260771,47.36908538095119],[8.550118719185564,47.36905504776827],[8.55010973048183,47.36904877468302],[8.550063164591487,47.369022785981436]]},"properties":{"layer":"LKZ1315-MLU1","infraType":"water","geomType":"pipe","source":"order_55299/NIS_ZH_WVZ.dxf","_dedupKey":"2683947.8,1247058.8|2683955.9,1247065.9"}},{"type":"Feature","geometry":{"type":"LineString","coordinates":[[8.548857022378053,47.36920978316621],[8.548854547082456,47.36920790897898],[8.548799403878611,47.36916612574652],[8.5488001000229,47.369157591633716],[8.5488096316982,47.36915179707698]]},"properties":{"layer":"LKZ1315-MLU1","infraType":"water","geomType":"pipe","source":"order_55299/NIS_ZH_WVZ.dxf","_dedupKey":"2683853,1247071.8|2683856.5,1247078.3"}},{"type":"Feature","geometry":{"type":"LineString","coordinates":[[8.55020078902343,47.36883241898461],[8.550213587477135,47.36883471551082],[8.550105843865053,47.36876203697124],[8.55011864229775,47.36876433350805]]},"properties":{"layer":"LKZ1315-MLU1","infraType":"water","geomType":"pipe","source":"order_55299/NIS_ZH_WVZ.dxf","_dedupKey":"2683952.4,1247030.1|2683958.5,1247037.8"}},{"type":"Feature","geometry":{"type":"LineString","coordinates":[[8.549713833607322,47.369230193529916],[8.549713981344123,47.36923918728031],[8.549754729238154,47.36918996049541],[8.549754876981748,47.36919895424586]]},"properties":{"layer":"LKZ1315-MLU1","infraType":"water","geomType":"pipe","source":"order_55299/NIS_ZH_WVZ.dxf","_dedupKey":"2683921.1,1247081.5|2683924.3,1247078.1"}},{"type":"Feature","geometry":{"type":"LineString","coordinates":[[8.550420242549563,47.36952024546909],[8.550417778773234,47.36952908445379],[8.550639838136261,47.36935393356128],[8.550637374404062,47.369362772551106]]},"properties":{"layer":"LKZ1315-MLU1","infraType":"water","geomType":"pipe","source":"order_55299/NIS_ZH_WVZ.dxf","_dedupKey":"2683974,1247114.5|2683990.7,1247097.2"}},{"type":"Feature","geometry":{"type":"LineString","coordinates":[[8.54931296954261,47.36876409636514],[8.549309057263983,47.36877268839633],[8.549370977956066,47.368733692530355],[8.54936706568903,47.36874228456358]]},"properties":{"layer":"LKZ1315-MLU1","infraType":"water","geomType":"pipe","source":"order_55299/NIS_ZH_WVZ.dxf","_dedupKey":"2683891.6,1247029.3|2683895.7,1247026.9"}},{"type":"Feature","geometry":{"type":"LineString","coordinates":[[8.547884519744448,47.36877023229624],[8.547875990464714,47.3687771145606],[8.548174015201493,47.36870374778472],[8.54816548596981,47.36871063007067]]},"properties":{"layer":"LKZ1315-MLU1","infraType":"water","geomType":"pipe","source":"order_55299/NIS_ZH_WVZ.dxf","_dedupKey":"2683783.7,1247028.4|2683805,1247022.1"}},{"type":"Feature","geometry":{"type":"Point","coordinates":[8.54970278582114,47.369351914525446]},"properties":{"layer":"LKZ1322-MSU-","infraType":"water","geomType":"fitting","source":"order_55299/NIS_ZH_WVZ.dxf","_dedupKey":"2683920.1,1247095"}},{"type":"Feature","geometry":{"type":"Point","coordinates":[8.54962463212743,47.36868003434103]},"properties":{"layer":"LKZ1322-MSU-","infraType":"water","geomType":"fitting","source":"order_55299/NIS_ZH_WVZ.dxf","_dedupKey":"2683915.3,1247020.2"}},{"type":"Feature","geometry":{"type":"Point","coordinates":[8.548519690294743,47.369459582861744]},"properties":{"layer":"LKZ1322-MSU-","infraType":"water","geomType":"fitting","source":"order_55299/NIS_ZH_WVZ.dxf","_dedupKey":"2683830.6,1247105.7"}},{"type":"Feature","geometry":{"type":"Point","coordinates":[8.548550892301877,47.368993800978664]},"properties":{"layer":"LKZ1322-MSU-","infraType":"water","geomType":"fitting","source":"order_55299/NIS_ZH_WVZ.dxf","_dedupKey":"2683833.7,1247054"}},{"type":"Feature","geometry":{"type":"Point","coordinates":[8.550344298531947,47.369100155328525]},"properties":{"layer":"LKZ1322-MSU-","infraType":"water","geomType":"fitting","source":"order_55299/NIS_ZH_WVZ.dxf","_dedupKey":"2683969,1247067.7"}},{"type":"Feature","geometry":{"type":"Point","coordinates":[8.547821557164168,47.36931854382772]},"properties":{"layer":"LKZ1322-MSU-","infraType":"water","geomType":"fitting","source":"order_55299/NIS_ZH_WVZ.dxf","_dedupKey":"2683778.1,1247089.3"}},{"type":"Feature","geometry":{"type":"Point","coordinates":[8.550185041355872,47.36898395031242]},"properties":{"layer":"LKZ1325-MSU-","infraType":"water","geomType":"fitting","source":"order_55299/NIS_ZH_WVZ.dxf","_dedupKey":"2683957.1,1247054.6"}},{"type":"Feature","geometry":{"type":"Point","coordinates":[8.547706023175696,47.3694510727018]},"properties":{"layer":"LKZ1325-MSU-","infraType":"water","geomType":"fitting","source":"order_55299/NIS_ZH_WVZ.dxf","_dedupKey":"2683769.1,1247103.9"}},{"type":"Feature","geometry":{"type":"Point","coordinates":[8.549246716597615,47.368886222260365]},"properties":{"layer":"LKZ1325-MSU-","infraType":"water","geomType":"fitting","source":"order_55299/NIS_ZH_WVZ.dxf","_dedupKey":"2683886.4,1247042.8"}},{"type":"Feature","geometry":{"type":"Point","coordinates":[8.549712107022923,47.3692413731474]},"properties":{"layer":"LKZ1325-MSU-","infraType":"water","geomType":"fitting","source":"order_55299/NIS_ZH_WVZ.dxf","_dedupKey":"2683921,1247082.7"}},{"type":"Feature","geometry":{"type":"Point","coordinates":[8.548463890969455,47.36861104695538]},"properties":{"layer":"LKZ1325-MSU-","infraType":"water","geomType":"fitting","source":"order_55299/NIS_ZH_WVZ.dxf","_dedupKey":"2683827.7,1247011.3"}},{"type":"Feature","geometry":{"type":"Point","coordinates":[8.548463566488193,47.368589101855484]},"properties":{"layer":"LKZ1325-MSU-","infraType":"water","geomType":"fitting","source":"order_55299/NIS_ZH_WVZ.dxf","_dedupKey":"2683827.7,1247008.9"}},{"type":"Feature","geometry":{"type":"Point","coordinates":[8.550267184791554,47.369042968638496]},"properties":{"layer":"LKZ1321-MSU-","infraType":"water","geomType":"fitting","source":"order_55299/NIS_ZH_WVZ.dxf","_dedupKey":"2683963.2,1247061.3"}},{"type":"Feature","geometry":{"type":"Point","coordinates":[8.550422609701997,47.36910555422528]},"properties":{"layer":"LKZ1321-MSU-","infraType":"water","geomType":"fitting","source":"order_55299/NIS_ZH_WVZ.dxf","_dedupKey":"2683974.9,1247068.4"}},{"type":"Feature","geometry":{"type":"Point","coordinates":[8.550179802263822,47.369092095725826]},"properties":{"layer":"LKZ1321-MSU-","infraType":"water","geomType":"fitting","source":"order_55299/NIS_ZH_WVZ.dxf","_dedupKey":"2683956.5,1247066.7"}},{"type":"Feature","geometry":{"type":"Point","coordinates":[8.55026876294315,47.36901578802667]},"properties":{"layer":"LKZ1321-MSU-","infraType":"water","geomType":"fitting","source":"order_55299/NIS_ZH_WVZ.dxf","_dedupKey":"2683963.4,1247058.3"}},{"type":"Feature","geometry":{"type":"Point","coordinates":[8.550260191179488,47.36903141418637]},"properties":{"layer":"LKZ1321-MSU-","infraType":"water","geomType":"fitting","source":"order_55299/NIS_ZH_WVZ.dxf","_dedupKey":"2683962.7,1247060"}},{"type":"Feature","geometry":{"type":"Point","coordinates":[8.550007058421071,47.369232067844806]},"properties":{"layer":"LKZ1321-MSU-","infraType":"water","geomType":"fitting","source":"order_55299/NIS_ZH_WVZ.dxf","_dedupKey":"2683943.3,1247082"}},{"type":"Feature","geometry":{"type":"Point","coordinates":[8.549721061237765,47.36941179048139]},"properties":{"layer":"LKZ1321-MSU-","infraType":"water","geomType":"fitting","source":"order_55299/NIS_ZH_WVZ.dxf","_dedupKey":"2683921.4,1247101.7"}},{"type":"Feature","geometry":{"type":"Point","coordinates":[8.549773937961987,47.3694267355032]},"properties":{"layer":"LKZ1321-MSU-","infraType":"water","geomType":"fitting","source":"order_55299/NIS_ZH_WVZ.dxf","_dedupKey":"2683925.4,1247103.4"}},{"type":"Feature","geometry":{"type":"Point","coordinates":[8.549766092282121,47.36942638820831]},"properties":{"layer":"LKZ1321-MSU-","infraType":"water","geomType":"fitting","source":"order_55299/NIS_ZH_WVZ.dxf","_dedupKey":"2683924.8,1247103.4"}},{"type":"Feature","geometry":{"type":"Point","coordinates":[8.55049829535549,47.3688435158538]},"properties":{"layer":"LKZ1321-MSU-","infraType":"water","geomType":"fitting","source":"order_55299/NIS_ZH_WVZ.dxf","_dedupKey":"2683981,1247039.4"}},{"type":"Feature","geometry":{"type":"Point","coordinates":[8.550414026198284,47.368902228995495]},"properties":{"layer":"LKZ1321-MSU-","infraType":"water","geomType":"fitting","source":"order_55299/NIS_ZH_WVZ.dxf","_dedupKey":"2683974.5,1247045.8"}},{"type":"Feature","geometry":{"type":"Point","coordinates":[8.550218543286897,47.3683377294177]},"properties":{"layer":"LKZ1321-MSU-","infraType":"water","geomType":"fitting","source":"order_55299/NIS_ZH_WVZ.dxf","_dedupKey":"2683960.7,1246982.8"}},{"type":"Feature","geometry":{"type":"Point","coordinates":[8.549829512117187,47.36860878254728]},"properties":{"layer":"LKZ1321-MSU-","infraType":"water","geomType":"fitting","source":"order_55299/NIS_ZH_WVZ.dxf","_dedupKey":"2683930.8,1247012.5"}},{"type":"Feature","geometry":{"type":"Point","coordinates":[8.549664532464156,47.3687203896622]},"properties":{"layer":"LKZ1321-MSU-","infraType":"water","geomType":"fitting","source":"order_55299/NIS_ZH_WVZ.dxf","_dedupKey":"2683918.2,1247024.8"}},{"type":"Feature","geometry":{"type":"Point","coordinates":[8.549410116446577,47.36886711931587]},"properties":{"layer":"LKZ1321-MSU-","infraType":"water","geomType":"fitting","source":"order_55299/NIS_ZH_WVZ.dxf","_dedupKey":"2683898.8,1247040.8"}},{"type":"Feature","geometry":{"type":"Point","coordinates":[8.548978091885456,47.36914102961356]},"properties":{"layer":"LKZ1321-MSU-","infraType":"water","geomType":"fitting","source":"order_55299/NIS_ZH_WVZ.dxf","_dedupKey":"2683865.7,1247070.8"}},{"type":"Feature","geometry":{"type":"Point","coordinates":[8.549026378120802,47.368712512184715]},"properties":{"layer":"LKZ1321-MSU-","infraType":"water","geomType":"fitting","source":"order_55299/NIS_ZH_WVZ.dxf","_dedupKey":"2683870,1247023.2"}},{"type":"Feature","geometry":{"type":"Point","coordinates":[8.549509407617348,47.369639128413716]},"properties":{"layer":"LKZ1321-MSU-","infraType":"water","geomType":"fitting","source":"order_55299/NIS_ZH_WVZ.dxf","_dedupKey":"2683905,1247126.7"}},{"type":"Feature","geometry":{"type":"Point","coordinates":[8.550590186476423,47.36836566206354]},"properties":{"layer":"LKZ1321-MSU-","infraType":"water","geomType":"fitting","source":"order_55299/NIS_ZH_WVZ.dxf","_dedupKey":"2683988.7,1246986.3"}},{"type":"Feature","geometry":{"type":"Point","coordinates":[8.547196824733327,47.36847418349421]},"properties":{"layer":"LKZ1321-MSU-","infraType":"water","geomType":"fitting","source":"order_55299/NIS_ZH_WVZ.dxf","_dedupKey":"2683732.2,1246994.8"}},{"type":"Feature","geometry":{"type":"Point","coordinates":[8.547211295386285,47.36848495574153]},"properties":{"layer":"LKZ1321-MSU-","infraType":"water","geomType":"fitting","source":"order_55299/NIS_ZH_WVZ.dxf","_dedupKey":"2683733.3,1246996"}},{"type":"Feature","geometry":{"type":"Point","coordinates":[8.547342881819453,47.36858253157896]},"properties":{"layer":"LKZ1321-MSU-","infraType":"water","geomType":"fitting","source":"order_55299/NIS_ZH_WVZ.dxf","_dedupKey":"2683743.1,1247007"}},{"type":"Feature","geometry":{"type":"Point","coordinates":[8.54748276271605,47.36871028738606]},"properties":{"layer":"LKZ1321-MSU-","infraType":"water","geomType":"fitting","source":"order_55299/NIS_ZH_WVZ.dxf","_dedupKey":"2683753.4,1247021.3"}},{"type":"Feature","geometry":{"type":"Point","coordinates":[8.54747701497984,47.368689851571965]},"properties":{"layer":"LKZ1321-MSU-","infraType":"water","geomType":"fitting","source":"order_55299/NIS_ZH_WVZ.dxf","_dedupKey":"2683753,1247019"}},{"type":"Feature","geometry":{"type":"Point","coordinates":[8.547511815331216,47.36872825965698]},"properties":{"layer":"LKZ1321-MSU-","infraType":"water","geomType":"fitting","source":"order_55299/NIS_ZH_WVZ.dxf","_dedupKey":"2683755.6,1247023.4"}},{"type":"Feature","geometry":{"type":"Point","coordinates":[8.547803210304906,47.36907377258375]},"properties":{"layer":"LKZ1321-MSU-","infraType":"water","geomType":"fitting","source":"order_55299/NIS_ZH_WVZ.dxf","_dedupKey":"2683777.1,1247062.1"}},{"type":"Feature","geometry":{"type":"Point","coordinates":[8.546723080970622,47.368065086754626]},"properties":{"layer":"LKZ1321-MSU-","infraType":"water","geomType":"fitting","source":"order_55299/NIS_ZH_WVZ.dxf","_dedupKey":"2683697.1,1246948.8"}},{"type":"Feature","geometry":{"type":"Point","coordinates":[8.546722460308727,47.36806198038053]},"properties":{"layer":"LKZ1321-MSU-","infraType":"water","geomType":"fitting","source":"order_55299/NIS_ZH_WVZ.dxf","_dedupKey":"2683697,1246948.4"}},{"type":"Feature","geometry":{"type":"Point","coordinates":[8.547548255966994,47.36878059449537]},"properties":{"layer":"LKZ1321-MSU-","infraType":"water","geomType":"fitting","source":"order_55299/NIS_ZH_WVZ.dxf","_dedupKey":"2683758.3,1247029.2"}},{"type":"Feature","geometry":{"type":"Point","coordinates":[8.547676003836067,47.36891380069641]},"properties":{"layer":"LKZ1321-MSU-","infraType":"water","geomType":"fitting","source":"order_55299/NIS_ZH_WVZ.dxf","_dedupKey":"2683767.7,1247044.2"}},{"type":"Feature","geometry":{"type":"Point","coordinates":[8.547436192301978,47.36866872704208]},"properties":{"layer":"LKZ1321-MSU-","infraType":"water","geomType":"fitting","source":"order_55299/NIS_ZH_WVZ.dxf","_dedupKey":"2683750,1247016.7"}},{"type":"Feature","geometry":{"type":"Point","coordinates":[8.54859872139914,47.36937300047466]},"properties":{"layer":"LKZ1321-MSU-","infraType":"water","geomType":"fitting","source":"order_55299/NIS_ZH_WVZ.dxf","_dedupKey":"2683836.7,1247096.2"}},{"type":"Feature","geometry":{"type":"Point","coordinates":[8.547495969810113,47.36869786419188]},"properties":{"layer":"LKZ1321-MSU-","infraType":"water","geomType":"fitting","source":"order_55299/NIS_ZH_WVZ.dxf","_dedupKey":"2683754.5,1247020"}},{"type":"Feature","geometry":{"type":"Point","coordinates":[8.547875691204416,47.36920432500942]},"properties":{"layer":"LKZ1321-MSU-","infraType":"water","geomType":"fitting","source":"order_55299/NIS_ZH_WVZ.dxf","_dedupKey":"2683782.3,1247076.7"}},{"type":"Feature","geometry":{"type":"Point","coordinates":[8.547893135708879,47.36935799284354]},"properties":{"layer":"LKZ1321-MSU-","infraType":"water","geomType":"fitting","source":"order_55299/NIS_ZH_WVZ.dxf","_dedupKey":"2683783.4,1247093.8"}},{"type":"Feature","geometry":{"type":"Point","coordinates":[8.547899594749632,47.36934642598978]},"properties":{"layer":"LKZ1321-MSU-","infraType":"water","geomType":"fitting","source":"order_55299/NIS_ZH_WVZ.dxf","_dedupKey":"2683783.9,1247092.5"}},{"type":"Feature","geometry":{"type":"Point","coordinates":[8.548493403664922,47.369462569991654]},"properties":{"layer":"LKZ1323-MSU-","infraType":"water","geomType":"fitting","source":"order_55299/NIS_ZH_WVZ.dxf","_dedupKey":"2683828.6,1247106"}},{"type":"Feature","geometry":{"type":"Point","coordinates":[8.547435395166234,47.36866223118728]},"properties":{"layer":"LKZ1323-MSU-","infraType":"water","geomType":"fitting","source":"order_55299/NIS_ZH_WVZ.dxf","_dedupKey":"2683749.9,1247015.9"}},{"type":"Feature","geometry":{"type":"Point","coordinates":[8.547474965566426,47.368687442551796]},"properties":{"layer":"LKZ1323-MSU-","infraType":"water","geomType":"fitting","source":"order_55299/NIS_ZH_WVZ.dxf","_dedupKey":"2683752.9,1247018.8"}},{"type":"Feature","geometry":{"type":"Point","coordinates":[8.547502274752972,47.36871962594049]},"properties":{"layer":"LKZ1323-MSU-","infraType":"water","geomType":"fitting","source":"order_55299/NIS_ZH_WVZ.dxf","_dedupKey":"2683754.9,1247022.4"}},{"type":"Feature","geometry":{"type":"Point","coordinates":[8.547956848844764,47.36931979010996]},"properties":{"layer":"LKZ1323-MSU-","infraType":"water","geomType":"fitting","source":"order_55299/NIS_ZH_WVZ.dxf","_dedupKey":"2683788.3,1247089.6"}},{"type":"Feature","geometry":{"type":"Point","coordinates":[8.54764717265839,47.368879113315664]},"properties":{"layer":"LKZ1323-MSU-","infraType":"water","geomType":"fitting","source":"order_55299/NIS_ZH_WVZ.dxf","_dedupKey":"2683765.6,1247040.3"}},{"type":"Feature","geometry":{"type":"Point","coordinates":[8.547581075911006,47.368438660819066]},"properties":{"layer":"LKZ1321-MSU-","infraType":"water","geomType":"fitting","source":"order_55299/NIS_ZH_WVZ.dxf","_dedupKey":"2683761.3,1246991.2"}},{"type":"Feature","geometry":{"type":"Point","coordinates":[8.547581984160868,47.36844222318104]},"properties":{"layer":"LKZ1321-MSU-","infraType":"water","geomType":"fitting","source":"order_55299/NIS_ZH_WVZ.dxf","_dedupKey":"2683761.4,1246991.6"}},{"type":"Feature","geometry":{"type":"Point","coordinates":[8.547745327561639,47.369472373630906]},"properties":{"layer":"LKZ1321-MSU-","infraType":"water","geomType":"fitting","source":"order_55299/NIS_ZH_WVZ.dxf","_dedupKey":"2683772.1,1247106.3"}},{"type":"Feature","geometry":{"type":"Point","coordinates":[8.547652274466015,47.36958829736423]},"properties":{"layer":"LKZ1321-MSU-","infraType":"water","geomType":"fitting","source":"order_55299/NIS_ZH_WVZ.dxf","_dedupKey":"2683764.9,1247119.1"}},{"type":"Feature","geometry":{"type":"Point","coordinates":[8.547821454305916,47.36937596097427]},"properties":{"layer":"LKZ1321-MSU-","infraType":"water","geomType":"fitting","source":"order_55299/NIS_ZH_WVZ.dxf","_dedupKey":"2683778,1247095.7"}},{"type":"Feature","geometry":{"type":"Point","coordinates":[8.550268138979956,47.369019518033795]},"properties":{"layer":"LKZ1321-MSU-","infraType":"water","geomType":"fitting","source":"order_55299/NIS_ZH_WVZ.dxf","_dedupKey":"2683963.3,1247058.7"}},{"type":"Feature","geometry":{"type":"Point","coordinates":[8.549557115234135,47.36932788640368]},"properties":{"layer":"LKZ1321-MSU-","infraType":"water","geomType":"fitting","source":"order_55299/NIS_ZH_WVZ.dxf","_dedupKey":"2683909.1,1247092.2"}},{"type":"Feature","geometry":{"type":"Point","coordinates":[8.54955624699491,47.36932498031943]},"properties":{"layer":"LKZ1321-MSU-","infraType":"water","geomType":"fitting","source":"order_55299/NIS_ZH_WVZ.dxf","_dedupKey":"2683909.1,1247091.9"}},{"type":"Feature","geometry":{"type":"Point","coordinates":[8.54675664805547,47.368352493191104]},"properties":{"layer":"LKZ1321-MSU-","infraType":"water","geomType":"fitting","source":"order_55299/NIS_ZH_WVZ.dxf","_dedupKey":"2683699.2,1246980.8"}},{"type":"Feature","geometry":{"type":"Point","coordinates":[8.546725742798467,47.368371490661886]},"properties":{"layer":"LKZ1321-MSU-","infraType":"water","geomType":"fitting","source":"order_55299/NIS_ZH_WVZ.dxf","_dedupKey":"2683696.8,1246982.9"}},{"type":"Feature","geometry":{"type":"Point","coordinates":[8.547127843965281,47.36958153007724]},"properties":{"layer":"LKZ1321-MSU-","infraType":"water","geomType":"fitting","source":"order_55299/NIS_ZH_WVZ.dxf","_dedupKey":"2683725.3,1247117.8"}},{"type":"Feature","geometry":{"type":"Point","coordinates":[8.547125524309893,47.36957822412833]},"properties":{"layer":"LKZ1321-MSU-","infraType":"water","geomType":"fitting","source":"order_55299/NIS_ZH_WVZ.dxf","_dedupKey":"2683725.1,1247117.4"}},{"type":"Feature","geometry":{"type":"Point","coordinates":[8.546920678543595,47.36935788339033]},"properties":{"layer":"LKZ1321-MSU-","infraType":"water","geomType":"fitting","source":"order_55299/NIS_ZH_WVZ.dxf","_dedupKey":"2683710,1247092.7"}},{"type":"Feature","geometry":{"type":"Point","coordinates":[8.548854547082456,47.36920790897898]},"properties":{"layer":"LKZ1321-MSU-","infraType":"water","geomType":"fitting","source":"order_55299/NIS_ZH_WVZ.dxf","_dedupKey":"2683856.3,1247078.1"}},{"type":"Feature","geometry":{"type":"Point","coordinates":[8.548658708264943,47.36933327699501]},"properties":{"layer":"LKZ1321-MSU-","infraType":"water","geomType":"fitting","source":"order_55299/NIS_ZH_WVZ.dxf","_dedupKey":"2683841.3,1247091.8"}},{"type":"Feature","geometry":{"type":"Point","coordinates":[8.549295557198707,47.368935621835526]},"properties":{"layer":"LKZ1321-MSU-","infraType":"water","geomType":"fitting","source":"order_55299/NIS_ZH_WVZ.dxf","_dedupKey":"2683890,1247048.3"}},{"type":"Feature","geometry":{"type":"Point","coordinates":[8.547653669385094,47.36888590525254]},"properties":{"layer":"LKZ1321-MSU-","infraType":"water","geomType":"fitting","source":"order_55299/NIS_ZH_WVZ.dxf","_dedupKey":"2683766.1,1247041"}},{"type":"Feature","geometry":{"type":"Point","coordinates":[8.54911243578386,47.3690694677398]},"properties":{"layer":"LKZ1321-MSU-","infraType":"water","geomType":"fitting","source":"order_55299/NIS_ZH_WVZ.dxf","_dedupKey":"2683876,1247063"}},{"type":"Feature","geometry":{"type":"LineString","coordinates":[[8.538684863894192,47.366107221790585],[8.538658812262295,47.36614014935095],[8.538590992952626,47.366225880523714],[8.538523999267598,47.36631056934598],[8.538462308384668,47.36638854221274],[8.538393275681235,47.36647581398926],[8.538493715251365,47.36651249328487],[8.538610963626478,47.36655530002302],[8.538730666964678,47.36659900976092],[8.538711867036039,47.36662278313972]]},"properties":{"layer":"LKZ1315-MLU1","infraType":"water","geomType":"pipe","source":"order_55300/NIS_ZH_WVZ.dxf","_dedupKey":"2683093,1246722.6|2683094.3,1246779.9"}},{"type":"Feature","geometry":{"type":"LineString","coordinates":[[8.53913777248853,47.36625166900561],[8.539080771684388,47.36632782547575]]},"properties":{"layer":"LKZ1315-MLU1","infraType":"water","geomType":"pipe","source":"order_55300/NIS_ZH_WVZ.dxf","_dedupKey":"2683122.6,1246747.5|2683127,1246739.1"}},{"type":"Feature","geometry":{"type":"LineString","coordinates":[[8.539683894425366,47.36742509991399],[8.53974804647543,47.367436182024]]},"properties":{"layer":"LKZ1315-MLU1","infraType":"water","geomType":"pipe","source":"order_55300/NIS_ZH_WVZ.dxf","_dedupKey":"2683166.4,1246870.2|2683171.3,1246871.5"}},{"type":"Feature","geometry":{"type":"LineString","coordinates":[[8.539495381886663,47.36728083349394],[8.539443861101594,47.36725949330836],[8.53914083003788,47.36759719000744],[8.539112323651533,47.367591398891655],[8.53908061273338,47.36758494567459],[8.5390552441529,47.367579790289376],[8.539060935377934,47.36756686399169],[8.539131855833455,47.36758128212556],[8.539427043626649,47.36725231354777],[8.53947428257647,47.36719966438171],[8.539520460294671,47.367148203676244]]},"properties":{"layer":"LKZ1315-MLU1","infraType":"water","geomType":"pipe","source":"order_55300/NIS_ZH_WVZ.dxf","_dedupKey":"2683152.4,1246853.9|2683154.5,1246839.2"}},{"type":"Feature","geometry":{"type":"LineString","coordinates":[[8.539060935377934,47.36756686399169],[8.538775392708393,47.367508821956925]]},"properties":{"layer":"LKZ1315-MLU1","infraType":"water","geomType":"pipe","source":"order_55300/NIS_ZH_WVZ.dxf","_dedupKey":"2683097.7,1246878.5|2683119.2,1246885.3"}},{"type":"Feature","geometry":{"type":"LineString","coordinates":[[8.538828095104416,47.367604739038605],[8.53885684258964,47.36753945717902],[8.538979151678443,47.36756432397403],[8.539010862386393,47.36757076822563],[8.539036217720765,47.36757592374678],[8.539026732332564,47.36759746757391]]},"properties":{"layer":"LKZ1315-MLU1","infraType":"water","geomType":"pipe","source":"order_55300/NIS_ZH_WVZ.dxf","_dedupKey":"2683101.5,1246889.2|2683116.5,1246888.6"}},{"type":"Feature","geometry":{"type":"LineString","coordinates":[[8.539036217720765,47.36757592374678],[8.5390552441529,47.367579790289376]]},"properties":{"layer":"LKZ1315-MLU1","infraType":"water","geomType":"pipe","source":"order_55300/NIS_ZH_WVZ.dxf","_dedupKey":"2683117.3,1246886.2|2683118.7,1246886.7"}},{"type":"Feature","geometry":{"type":"LineString","coordinates":[[8.539376041854137,47.366750186020695],[8.539151188416678,47.36700224138348],[8.539109105855719,47.367049417205386],[8.53947428257647,47.36719966438171]]},"properties":{"layer":"LKZ1315-MLU1","infraType":"water","geomType":"pipe","source":"order_55300/NIS_ZH_WVZ.dxf","_dedupKey":"2683144.2,1246794.8|2683150.9,1246844.9"}},{"type":"Feature","geometry":{"type":"LineString","coordinates":[[8.539813704199478,47.36784576231623],[8.539474440488526,47.36777794371523],[8.539329741874946,47.3677486043403],[8.539325475905077,47.367747835431324],[8.539313663100737,47.3677374506579],[8.53925899708466,47.36768884005597]]},"properties":{"layer":"LKZ1314-MLU1","infraType":"water","geomType":"pipe","source":"order_55300/NIS_ZH_WVZ.dxf","_dedupKey":"2683133.9,1246899|2683175.6,1246917.1"}},{"type":"Feature","geometry":{"type":"LineString","coordinates":[[8.53925899708466,47.36768884005597],[8.539257492383394,47.3676877839712],[8.539245386929258,47.367685668530754],[8.53924146402781,47.36768484237852]]},"properties":{"layer":"LKZ1314-MLU1","infraType":"water","geomType":"pipe","source":"order_55300/NIS_ZH_WVZ.dxf","_dedupKey":"2683132.6,1246898.6|2683133.9,1246899"}},{"type":"Feature","geometry":{"type":"LineString","coordinates":[[8.53924146402781,47.36768484237852],[8.539233126207948,47.367683086820385]]},"properties":{"layer":"LKZ1314-MLU1","infraType":"water","geomType":"pipe","source":"order_55300/NIS_ZH_WVZ.dxf","_dedupKey":"2683132,1246898.4|2683132.6,1246898.6"}},{"type":"Feature","geometry":{"type":"LineString","coordinates":[[8.539233126207948,47.367683086820385],[8.539224774965408,47.36768132239436]]},"properties":{"layer":"LKZ1314-MLU1","infraType":"water","geomType":"pipe","source":"order_55300/NIS_ZH_WVZ.dxf","_dedupKey":"2683131.4,1246898.2|2683132,1246898.4"}},{"type":"Feature","geometry":{"type":"LineString","coordinates":[[8.53909576557808,47.36769299506751],[8.539104973670737,47.36767405347821]]},"properties":{"layer":"LKZ1317-MLU1","infraType":"water","geomType":"pipe","source":"order_55300/NIS_ZH_WVZ.dxf","_dedupKey":"2683121.6,1246899.3|2683122.3,1246897.2"}},{"type":"Feature","geometry":{"type":"LineString","coordinates":[[8.539222295313385,47.3677067933282],[8.53922167036331,47.367706664356156],[8.539212256323825,47.36770344384597]]},"properties":{"layer":"LKZ1314-MLU1","infraType":"water","geomType":"pipe","source":"order_55300/NIS_ZH_WVZ.dxf","_dedupKey":"2683130.4,1246900.6|2683131.1,1246901"}},{"type":"Feature","geometry":{"type":"LineString","coordinates":[[8.539212256323825,47.36770344384597],[8.539209823357195,47.367699752029466],[8.539208046031472,47.36769703443754]]},"properties":{"layer":"LKZ1314-MLU1","infraType":"water","geomType":"pipe","source":"order_55300/NIS_ZH_WVZ.dxf","_dedupKey":"2683130.1,1246899.9|2683130.4,1246900.6"}},{"type":"Feature","geometry":{"type":"LineString","coordinates":[[8.539208046031472,47.36769703443754],[8.539205353011125,47.36769293132172]]},"properties":{"layer":"LKZ1314-MLU1","infraType":"water","geomType":"pipe","source":"order_55300/NIS_ZH_WVZ.dxf","_dedupKey":"2683129.9,1246899.4|2683130.1,1246899.9"}},{"type":"Feature","geometry":{"type":"LineString","coordinates":[[8.539205353011125,47.36769293132172],[8.539200486894444,47.36768553869494]]},"properties":{"layer":"LKZ1314-MLU1","infraType":"water","geomType":"pipe","source":"order_55300/NIS_ZH_WVZ.dxf","_dedupKey":"2683129.5,1246898.6|2683129.9,1246899.4"}},{"type":"Feature","geometry":{"type":"LineString","coordinates":[[8.539200486894444,47.36768553869494],[8.53918430504681,47.36769183658516]]},"properties":{"layer":"LKZ1313-MLU1","infraType":"water","geomType":"pipe","source":"order_55300/NIS_ZH_WVZ.dxf","_dedupKey":"2683128.3,1246899.3|2683129.5,1246898.6"}},{"type":"Feature","geometry":{"type":"LineString","coordinates":[[8.539168098260927,47.36769756801573],[8.539099471048878,47.36772177125442],[8.53909167483116,47.3677244451388]]},"properties":{"layer":"LKZ1313-MLU1","infraType":"water","geomType":"pipe","source":"order_55300/NIS_ZH_WVZ.dxf","_dedupKey":"2683121.2,1246902.8|2683127,1246899.9"}},{"type":"Feature","geometry":{"type":"LineString","coordinates":[[8.53909167483116,47.3677244451388],[8.538995756259816,47.36775618542997],[8.538623518496314,47.36770018329659]]},"properties":{"layer":"LKZ1313-MLU1","infraType":"water","geomType":"pipe","source":"order_55300/NIS_ZH_WVZ.dxf","_dedupKey":"2683085.9,1246899.6|2683121.2,1246902.8"}},{"type":"Feature","geometry":{"type":"LineString","coordinates":[[8.53918430504681,47.36769183658516],[8.539187133301404,47.367697359647956],[8.539188637650529,47.367700322710654],[8.539191964291298,47.36770561614521],[8.539200780762576,47.367706827435704]]},"properties":{"layer":"LKZ1318-MLU1","infraType":"water","geomType":"pipe","source":"order_55300/NIS_ZH_WVZ.dxf","_dedupKey":"2683128.3,1246899.3|2683129.5,1246901"}},{"type":"Feature","geometry":{"type":"LineString","coordinates":[[8.539785697974347,47.36784560656145],[8.539273717413637,47.367743858091245],[8.539258187276996,47.36774901639104],[8.539255822820877,47.36774864313624]]},"properties":{"layer":"LKZ1319-MLU1","infraType":"water","geomType":"pipe","source":"order_55300/NIS_ZH_WVZ.dxf","_dedupKey":"2683133.6,1246905.7|2683173.5,1246917"}},{"type":"Feature","geometry":{"type":"LineString","coordinates":[[8.539255822820877,47.36774864313624],[8.539204659665916,47.3677401535174],[8.539166210915937,47.36773377352354],[8.539155312783146,47.36773049518902],[8.539099471048878,47.36772177125442],[8.53904950038164,47.367713962832184],[8.5390241087377,47.36770961722377]]},"properties":{"layer":"LKZ1319-MLU1","infraType":"water","geomType":"pipe","source":"order_55300/NIS_ZH_WVZ.dxf","_dedupKey":"2683116.2,1246901.1|2683133.6,1246905.7"}},{"type":"Feature","geometry":{"type":"LineString","coordinates":[[8.539235482370659,47.367677928131876],[8.539233126207948,47.367683086820385]]},"properties":{"layer":"LKZ1314-MLU1","infraType":"water","geomType":"pipe","source":"order_55300/NIS_ZH_WVZ.dxf","_dedupKey":"2683132,1246898.4|2683132.2,1246897.8"}},{"type":"Feature","geometry":{"type":"LineString","coordinates":[[8.539233126207948,47.367683086820385],[8.539231010789031,47.367687721495464],[8.539222295313385,47.3677067933282]]},"properties":{"layer":"LKZ1314-MLU1","infraType":"water","geomType":"pipe","source":"order_55300/NIS_ZH_WVZ.dxf","_dedupKey":"2683131.1,1246901|2683132,1246898.4"}},{"type":"Feature","geometry":{"type":"LineString","coordinates":[[8.539222295313385,47.3677067933282],[8.539219952385672,47.36771195189026]]},"properties":{"layer":"LKZ1314-MLU1","infraType":"water","geomType":"pipe","source":"order_55300/NIS_ZH_WVZ.dxf","_dedupKey":"2683130.9,1246901.6|2683131.1,1246901"}},{"type":"Feature","geometry":{"type":"LineString","coordinates":[[8.539219952385672,47.36771195189026],[8.539218736354105,47.36771461704998],[8.5392132428202,47.36772493287514],[8.539211321559977,47.367728711159536],[8.539204659665916,47.3677401535174],[8.539194980649492,47.36775680583639],[8.539191699335076,47.3677620453009],[8.539154503383513,47.36781250276736]]},"properties":{"layer":"LKZ1314-MLU1","infraType":"water","geomType":"pipe","source":"order_55300/NIS_ZH_WVZ.dxf","_dedupKey":"2683125.8,1246912.7|2683130.9,1246901.6"}},{"type":"Feature","geometry":{"type":"LineString","coordinates":[[8.5390241087377,47.36770961722377],[8.53900533760484,47.3676963123221],[8.538624869842248,47.36761745095276],[8.538591349865692,47.36763240531731],[8.53857388071345,47.367629576300985]]},"properties":{"layer":"LKZ1319-MLU1","infraType":"water","geomType":"pipe","source":"order_55300/NIS_ZH_WVZ.dxf","_dedupKey":"2683082.3,1246891.7|2683116.2,1246901.1"}},{"type":"Feature","geometry":{"type":"LineString","coordinates":[[8.54004010025426,47.3672075917232],[8.540050479726808,47.367183205803336],[8.540076131419973,47.367118762703036]]},"properties":{"layer":"LKZ1317-MLU1","infraType":"water","geomType":"pipe","source":"order_55300/NIS_ZH_WVZ.dxf","_dedupKey":"2683193.7,1246846.4|2683196.5,1246836.5"}},{"type":"Feature","geometry":{"type":"LineString","coordinates":[[8.539766071553895,47.36713325104828],[8.539767806170488,47.367131336531266],[8.539874260466148,47.36701362730607],[8.539884600072426,47.36700205089069],[8.539895112736426,47.3669873155223]]},"properties":{"layer":"LKZ1314-MLU1","infraType":"water","geomType":"pipe","source":"order_55300/NIS_ZH_WVZ.dxf","_dedupKey":"2683173.1,1246837.8|2683183.1,1246821.7"}},{"type":"Feature","geometry":{"type":"LineString","coordinates":[[8.539884600072426,47.36700205089069],[8.53989392211009,47.367005308203794],[8.539894909107362,47.36700565859906],[8.539901945028038,47.36700848795206]]},"properties":{"layer":"LKZ1310-MLU1","infraType":"water","geomType":"pipe","source":"order_55300/NIS_ZH_WVZ.dxf","_dedupKey":"2683182.2,1246823.3|2683183.5,1246824.1"}},{"type":"Feature","geometry":{"type":"LineString","coordinates":[[8.539959877289592,47.3670274280539],[8.539965940616353,47.36702932218543]]},"properties":{"layer":"LKZ1310-MLU1","infraType":"water","geomType":"pipe","source":"order_55300/NIS_ZH_WVZ.dxf","_dedupKey":"2683187.9,1246826.2|2683188.3,1246826.5"}},{"type":"Feature","geometry":{"type":"LineString","coordinates":[[8.539965940616353,47.36702932218543],[8.539973686531859,47.367031910889466],[8.539975916120119,47.36702767989257]]},"properties":{"layer":"LKZ1310-MLU1","infraType":"water","geomType":"pipe","source":"order_55300/NIS_ZH_WVZ.dxf","_dedupKey":"2683188.3,1246826.5|2683189.1,1246826.3"}},{"type":"Feature","geometry":{"type":"LineString","coordinates":[[8.539874260466148,47.36701362730607],[8.539868150186864,47.36701138280617],[8.539863264620681,47.367009459449385]]},"properties":{"layer":"LKZ1315-MLU1","infraType":"water","geomType":"pipe","source":"order_55300/NIS_ZH_WVZ.dxf","_dedupKey":"2683180.6,1246824.1|2683181.4,1246824.6"}},{"type":"Feature","geometry":{"type":"LineString","coordinates":[[8.539863264620681,47.367009459449385],[8.539773883756133,47.366973674361354]]},"properties":{"layer":"LKZ1315-MLU1","infraType":"water","geomType":"pipe","source":"order_55300/NIS_ZH_WVZ.dxf","_dedupKey":"2683173.9,1246820.1|2683180.6,1246824.1"}},{"type":"Feature","geometry":{"type":"LineString","coordinates":[[8.53955705202117,47.367317278732614],[8.539551820221336,47.36731525971622],[8.539548201668946,47.36731378302188]]},"properties":{"layer":"LKZ1315-MLU1","infraType":"water","geomType":"pipe","source":"order_55300/NIS_ZH_WVZ.dxf","_dedupKey":"2683156.4,1246857.6|2683157,1246858"}},{"type":"Feature","geometry":{"type":"LineString","coordinates":[[8.539548201668946,47.36731378302188],[8.539545877364757,47.367312788724334],[8.539526546693224,47.36729290478203],[8.539499014229959,47.36728233704393]]},"properties":{"layer":"LKZ1315-MLU1","infraType":"water","geomType":"pipe","source":"order_55300/NIS_ZH_WVZ.dxf","_dedupKey":"2683152.7,1246854.1|2683156.4,1246857.6"}},{"type":"Feature","geometry":{"type":"LineString","coordinates":[[8.53956817857321,47.367305335040044],[8.539570983511858,47.36730652264909],[8.539582697325336,47.36731147526379]]},"properties":{"layer":"LKZ1315-MLU1","infraType":"water","geomType":"pipe","source":"order_55300/NIS_ZH_WVZ.dxf","_dedupKey":"2683157.9,1246856.7|2683159,1246857.4"}},{"type":"Feature","geometry":{"type":"LineString","coordinates":[[8.539582697325336,47.36731147526379],[8.539609718574404,47.36732229072474]]},"properties":{"layer":"LKZ1315-MLU1","infraType":"water","geomType":"pipe","source":"order_55300/NIS_ZH_WVZ.dxf","_dedupKey":"2683159,1246857.4|2683161,1246858.6"}},{"type":"Feature","geometry":{"type":"LineString","coordinates":[[8.539609718574404,47.36732229072474],[8.53962628421287,47.36732945486941],[8.539642703129282,47.36733656643942]]},"properties":{"layer":"LKZ1315-MLU1","infraType":"water","geomType":"pipe","source":"order_55300/NIS_ZH_WVZ.dxf","_dedupKey":"2683161,1246858.6|2683163.5,1246860.3"}},{"type":"Feature","geometry":{"type":"LineString","coordinates":[[8.53905200878869,47.3676847496429],[8.539046929768235,47.3676837186155],[8.539044390815006,47.36768323008191]]},"properties":{"layer":"LKZ1315-MLU1","infraType":"water","geomType":"pipe","source":"order_55300/NIS_ZH_WVZ.dxf","_dedupKey":"2683117.7,1246898.2|2683118.3,1246898.4"}},{"type":"Feature","geometry":{"type":"LineString","coordinates":[[8.539044390815006,47.36768323008191],[8.539041838438633,47.36768273268096]]},"properties":{"layer":"LKZ1315-MLU1","infraType":"water","geomType":"pipe","source":"order_55300/NIS_ZH_WVZ.dxf","_dedupKey":"2683117.5,1246898.1|2683117.7,1246898.2"}},{"type":"Feature","geometry":{"type":"LineString","coordinates":[[8.539041838438633,47.36768273268096],[8.538813249149156,47.36763855833129],[8.538827667115669,47.36760581353945]]},"properties":{"layer":"LKZ1315-MLU1","infraType":"water","geomType":"pipe","source":"order_55300/NIS_ZH_WVZ.dxf","_dedupKey":"2683101.5,1246889.3|2683117.5,1246898.1"}},{"type":"Feature","geometry":{"type":"LineString","coordinates":[[8.538827667115669,47.36760581353945],[8.538828095104416,47.367604739038605]]},"properties":{"layer":"LKZ1315-MLU1","infraType":"water","geomType":"pipe","source":"order_55300/NIS_ZH_WVZ.dxf","_dedupKey":"2683101.5,1246889.2|2683101.5,1246889.3"}},{"type":"Feature","geometry":{"type":"LineString","coordinates":[[8.539499014229959,47.36728233704393],[8.53949715918168,47.36728162611773]]},"properties":{"layer":"LKZ1315-MLU1","infraType":"water","geomType":"pipe","source":"order_55300/NIS_ZH_WVZ.dxf","_dedupKey":"2683152.5,1246854|2683152.7,1246854.1"}},{"type":"Feature","geometry":{"type":"LineString","coordinates":[[8.53949715918168,47.36728162611773],[8.539495381886663,47.36728083349394]]},"properties":{"layer":"LKZ1315-MLU1","infraType":"water","geomType":"pipe","source":"order_55300/NIS_ZH_WVZ.dxf","_dedupKey":"2683152.4,1246853.9|2683152.5,1246854"}},{"type":"Feature","geometry":{"type":"LineString","coordinates":[[8.539901945028038,47.36700848795206],[8.539908062043246,47.36701041755528],[8.539959877289592,47.3670274280539]]},"properties":{"layer":"LKZ1310-MLU1","infraType":"water","geomType":"pipe","source":"order_55300/NIS_ZH_WVZ.dxf","_dedupKey":"2683183.5,1246824.1|2683187.9,1246826.2"}},{"type":"Feature","geometry":{"type":"LineString","coordinates":[[8.541701690451756,47.36705811995088],[8.541702006682723,47.36706700415324]]},"properties":{"layer":"LKZ1314-MLU1","infraType":"water","geomType":"pipe","source":"order_55300/NIS_ZH_WVZ.dxf","_dedupKey":"2683319.4,1246831.5|2683319.4,1246832.5"}},{"type":"Feature","geometry":{"type":"LineString","coordinates":[[8.541717849165266,47.36735657808767],[8.541695140668924,47.367074310836834]]},"properties":{"layer":"LKZ1319-MLU1","infraType":"water","geomType":"pipe","source":"order_55300/NIS_ZH_WVZ.dxf","_dedupKey":"2683318.9,1246833.3|2683320.2,1246864.7"}},{"type":"Feature","geometry":{"type":"LineString","coordinates":[[8.54165686974438,47.36706883848645],[8.541649988349365,47.36706900315357]]},"properties":{"layer":"LKZ1319-MLU1","infraType":"water","geomType":"pipe","source":"order_55300/NIS_ZH_WVZ.dxf","_dedupKey":"2683315.5,1246832.7|2683316,1246832.6"}},{"type":"Feature","geometry":{"type":"LineString","coordinates":[[8.54174134712038,47.36683239431552],[8.541885028723907,47.36677617836395],[8.542008386379749,47.36672314279291],[8.542022817669602,47.366716735290915],[8.542024326742911,47.36671608221686],[8.54203124211673,47.36671308372503],[8.542041137948292,47.366715273954284],[8.542074856826794,47.36672279558882]]},"properties":{"layer":"LKZ1319-MLU1","infraType":"water","geomType":"pipe","source":"order_55300/NIS_ZH_WVZ.dxf","_dedupKey":"2683322.8,1246806.4|2683348.1,1246794.6"}},{"type":"Feature","geometry":{"type":"LineString","coordinates":[[8.542074856826794,47.36672279558882],[8.542269877210837,47.36677058548859],[8.542388334489882,47.36679358750172],[8.542391880212367,47.36679410232087]]},"properties":{"layer":"LKZ1319-MLU1","infraType":"water","geomType":"pipe","source":"order_55300/NIS_ZH_WVZ.dxf","_dedupKey":"2683348.1,1246794.6|2683371.9,1246802.9"}},{"type":"Feature","geometry":{"type":"LineString","coordinates":[[8.541401907544,47.36660099700378],[8.54141744219279,47.36660376310626],[8.542003006857236,47.36671078985253],[8.542024326742911,47.36671608221686],[8.542267257362365,47.36677642140081],[8.542386317036007,47.36679974148572],[8.542391459988918,47.36680066381327]]},"properties":{"layer":"LKZ1313-MLU1","infraType":"water","geomType":"pipe","source":"order_55300/NIS_ZH_WVZ.dxf","_dedupKey":"2683297.5,1246780.4|2683371.9,1246803.6"}},{"type":"Feature","geometry":{"type":"LineString","coordinates":[[8.542077824813655,47.36671586793977],[8.542272602026303,47.366764703597376],[8.542390334592715,47.366787874446686],[8.542395132257077,47.36678874610286]]},"properties":{"layer":"LKZ1314-MLU1","infraType":"water","geomType":"pipe","source":"order_55300/NIS_ZH_WVZ.dxf","_dedupKey":"2683348.3,1246793.8|2683372.2,1246802.3"}},{"type":"Feature","geometry":{"type":"LineString","coordinates":[[8.542074856826794,47.36672279558882],[8.542076403645838,47.3667194885795]]},"properties":{"layer":"LKZ1319-MLU1","infraType":"water","geomType":"pipe","source":"order_55300/NIS_ZH_WVZ.dxf","_dedupKey":"2683348.1,1246794.6|2683348.2,1246794.2"}},{"type":"Feature","geometry":{"type":"LineString","coordinates":[[8.542076403645838,47.3667194885795],[8.542077824813655,47.36671586793977]]},"properties":{"layer":"LKZ1314-MLU1","infraType":"water","geomType":"pipe","source":"order_55300/NIS_ZH_WVZ.dxf","_dedupKey":"2683348.2,1246794.2|2683348.3,1246793.8"}},{"type":"Feature","geometry":{"type":"LineString","coordinates":[[8.541369845933417,47.36674527075253],[8.541344255245187,47.36678185555648],[8.541343676308477,47.36678267064892]]},"properties":{"layer":"LKZ1315-MLU1","infraType":"water","geomType":"pipe","source":"order_55300/NIS_ZH_WVZ.dxf","_dedupKey":"2683292.8,1246800.5|2683294.8,1246796.4"}},{"type":"Feature","geometry":{"type":"LineString","coordinates":[[8.541702006682723,47.36706700415324],[8.541698312521103,47.36706699445976],[8.54169480461335,47.367067027963095],[8.541633224284947,47.36706761608767],[8.541616543687375,47.36706770342919]]},"properties":{"layer":"LKZ1310-MLU1","infraType":"water","geomType":"pipe","source":"order_55300/NIS_ZH_WVZ.dxf","_dedupKey":"2683313,1246832.5|2683319.4,1246832.5"}},{"type":"Feature","geometry":{"type":"LineString","coordinates":[[8.541616543687375,47.36706770342919],[8.541613895837612,47.367067710726076]]},"properties":{"layer":"LKZ1310-MLU1","infraType":"water","geomType":"pipe","source":"order_55300/NIS_ZH_WVZ.dxf","_dedupKey":"2683312.8,1246832.5|2683313,1246832.5"}},{"type":"Feature","geometry":{"type":"LineString","coordinates":[[8.541649988349365,47.36706900315357],[8.541600027069844,47.36706995703689]]},"properties":{"layer":"LKZ1319-MLU1","infraType":"water","geomType":"pipe","source":"order_55300/NIS_ZH_WVZ.dxf","_dedupKey":"2683311.7,1246832.7|2683315.5,1246832.7"}},{"type":"Feature","geometry":{"type":"LineString","coordinates":[[8.541429386124296,47.36656159666069],[8.541440453254793,47.36656920883677]]},"properties":{"layer":"LKZ1314-MLU1","infraType":"water","geomType":"pipe","source":"order_55300/NIS_ZH_WVZ.dxf","_dedupKey":"2683299.6,1246776|2683300.4,1246776.9"}},{"type":"Feature","geometry":{"type":"LineString","coordinates":[[8.541440453254793,47.36656920883677],[8.541443546383356,47.36657152703962]]},"properties":{"layer":"LKZ1314-MLU1","infraType":"water","geomType":"pipe","source":"order_55300/NIS_ZH_WVZ.dxf","_dedupKey":"2683300.4,1246776.9|2683300.7,1246777.1"}},{"type":"Feature","geometry":{"type":"LineString","coordinates":[[8.541443546383356,47.36657152703962],[8.541450051079876,47.36657619638509],[8.541456577014822,47.36658125231951],[8.541486139305887,47.36660417755794],[8.541759448534485,47.36665527752115]]},"properties":{"layer":"LKZ1314-MLU1","infraType":"water","geomType":"pipe","source":"order_55300/NIS_ZH_WVZ.dxf","_dedupKey":"2683300.7,1246777.1|2683324.4,1246786.8"}},{"type":"Feature","geometry":{"type":"LineString","coordinates":[[8.541401907544,47.36660099700378],[8.54140574101388,47.36659110169917],[8.541412328247697,47.36657607984148],[8.541429386124296,47.36656159666069]]},"properties":{"layer":"LKZ1313-MLU1","infraType":"water","geomType":"pipe","source":"order_55300/NIS_ZH_WVZ.dxf","_dedupKey":"2683297.5,1246780.4|2683299.6,1246776"}},{"type":"Feature","geometry":{"type":"LineString","coordinates":[[8.540360316604222,47.366482037066746],[8.540379949036014,47.36646270807556],[8.540404175240932,47.36645360773508]]},"properties":{"layer":"LKZ1313-MLU1","infraType":"water","geomType":"pipe","source":"order_55300/NIS_ZH_WVZ.dxf","_dedupKey":"2683219,1246766|2683222.3,1246762.9"}},{"type":"Feature","geometry":{"type":"LineString","coordinates":[[8.540404175240932,47.36645360773508],[8.54041000086245,47.36645169016116],[8.540438110038766,47.36644853455497],[8.540453747570739,47.36644731494706],[8.54046228674351,47.36644664879609],[8.540588906854815,47.36646750588089]]},"properties":{"layer":"LKZ1313-MLU1","infraType":"water","geomType":"pipe","source":"order_55300/NIS_ZH_WVZ.dxf","_dedupKey":"2683222.3,1246762.9|2683236.3,1246764.7"}},{"type":"Feature","geometry":{"type":"LineString","coordinates":[[8.54138312474225,47.36659801904375],[8.541401907544,47.36660099700378]]},"properties":{"layer":"LKZ1313-MLU1","infraType":"water","geomType":"pipe","source":"order_55300/NIS_ZH_WVZ.dxf","_dedupKey":"2683296.1,1246780|2683297.5,1246780.4"}},{"type":"Feature","geometry":{"type":"LineString","coordinates":[[8.540458332339737,47.366464793787586],[8.540454700103504,47.36647098113209],[8.540436585192488,47.36650415720698],[8.540490800184775,47.36654184244585]]},"properties":{"layer":"LKZ1318-MLU1","infraType":"water","geomType":"pipe","source":"order_55300/NIS_ZH_WVZ.dxf","_dedupKey":"2683226.4,1246764.2|2683228.8,1246772.8"}},{"type":"Feature","geometry":{"type":"LineString","coordinates":[[8.540438110038766,47.36644853455497],[8.540436851084161,47.36644143139046],[8.54042516060108,47.366440805313644],[8.540413536304452,47.36644017860424]]},"properties":{"layer":"LKZ1318-MLU1","infraType":"water","geomType":"pipe","source":"order_55300/NIS_ZH_WVZ.dxf","_dedupKey":"2683223.1,1246761.4|2683224.9,1246762.4"}},{"type":"Feature","geometry":{"type":"LineString","coordinates":[[8.540458332339737,47.366464793787586],[8.540453747570739,47.36644731494706],[8.540449824506386,47.36643238442022],[8.540425778256258,47.366432254015216],[8.540416779976425,47.36643440874543],[8.540405298817248,47.366437504667715]]},"properties":{"layer":"LKZ1318-MLU1","infraType":"water","geomType":"pipe","source":"order_55300/NIS_ZH_WVZ.dxf","_dedupKey":"2683222.5,1246761.1|2683226.4,1246764.2"}},{"type":"Feature","geometry":{"type":"LineString","coordinates":[[8.541429386124296,47.36656159666069],[8.541418907203699,47.366554257717176],[8.541411256108558,47.36654921252416],[8.541299661963881,47.36647711134311]]},"properties":{"layer":"LKZ1313-MLU1","infraType":"water","geomType":"pipe","source":"order_55300/NIS_ZH_WVZ.dxf","_dedupKey":"2683289.9,1246766.5|2683299.6,1246776"}},{"type":"Feature","geometry":{"type":"LineString","coordinates":[[8.540424390447594,47.36613897091517],[8.54040362700388,47.36615866151812],[8.540346774930189,47.36617849848834]]},"properties":{"layer":"LKZ1318-MLU1","infraType":"water","geomType":"pipe","source":"order_55300/NIS_ZH_WVZ.dxf","_dedupKey":"2683218.4,1246732.3|2683224.4,1246728"}},{"type":"Feature","geometry":{"type":"LineString","coordinates":[[8.539986695036212,47.367007248039265],[8.540008004711623,47.367010768825324]]},"properties":{"layer":"LKZ1310-MLU1","infraType":"water","geomType":"pipe","source":"order_55300/NIS_ZH_WVZ.dxf","_dedupKey":"2683190,1246824|2683191.6,1246824.4"}},{"type":"Feature","geometry":{"type":"LineString","coordinates":[[8.54062138579808,47.36653355331227],[8.540636832039528,47.36653588859496],[8.540691445661025,47.36656338741125],[8.540760187425754,47.36657429023019]]},"properties":{"layer":"LKZ1314-MLU1","infraType":"water","geomType":"pipe","source":"order_55300/NIS_ZH_WVZ.dxf","_dedupKey":"2683238.6,1246772|2683249,1246776.7"}},{"type":"Feature","geometry":{"type":"LineString","coordinates":[[8.541299661963881,47.36647711134311],[8.541264332666806,47.36645444800505],[8.541205629238227,47.366416778988416],[8.541146912655451,47.366379110067875],[8.541088196155716,47.36634144111702],[8.541027802400265,47.36630269073612],[8.54101349470812,47.36629842866834],[8.540939119583124,47.36627759513564],[8.540864189600006,47.366258098135305],[8.540786386680956,47.366237962861156],[8.540761167673088,47.36622721143306],[8.540692553742721,47.36619941447749],[8.540618812752221,47.366169534548035],[8.540537286524891,47.36617038437368]]},"properties":{"layer":"LKZ1313-MLU1","infraType":"water","geomType":"pipe","source":"order_55300/NIS_ZH_WVZ.dxf","_dedupKey":"2683232.8,1246731.6|2683289.9,1246766.5"}},{"type":"Feature","geometry":{"type":"LineString","coordinates":[[8.54167832382896,47.36706845368471],[8.54165686974438,47.36706883848645]]},"properties":{"layer":"LKZ1319-MLU1","infraType":"water","geomType":"pipe","source":"order_55300/NIS_ZH_WVZ.dxf","_dedupKey":"2683316,1246832.6|2683317.6,1246832.6"}},{"type":"Feature","geometry":{"type":"LineString","coordinates":[[8.541682426674928,47.36706837851912],[8.54167832382896,47.36706845368471]]},"properties":{"layer":"LKZ1319-MLU1","infraType":"water","geomType":"pipe","source":"order_55300/NIS_ZH_WVZ.dxf","_dedupKey":"2683317.6,1246832.6|2683317.9,1246832.6"}},{"type":"Feature","geometry":{"type":"LineString","coordinates":[[8.541695140668924,47.367074310836834],[8.541694928065576,47.36707107460812],[8.541692447860678,47.367070225765055]]},"properties":{"layer":"LKZ1319-MLU1","infraType":"water","geomType":"pipe","source":"order_55300/NIS_ZH_WVZ.dxf","_dedupKey":"2683318.7,1246832.8|2683318.9,1246833.3"}},{"type":"Feature","geometry":{"type":"LineString","coordinates":[[8.540760187425754,47.36657429023019],[8.54092548535308,47.36659916748892],[8.541003621047631,47.366612957905154],[8.54101371272722,47.366619500012355],[8.541043852992154,47.36661724237936],[8.541359911407893,47.366672081997805]]},"properties":{"layer":"LKZ1314-MLU1","infraType":"water","geomType":"pipe","source":"order_55300/NIS_ZH_WVZ.dxf","_dedupKey":"2683249,1246776.7|2683294.2,1246788.2"}},{"type":"Feature","geometry":{"type":"LineString","coordinates":[[8.541605984438197,47.366897148006466],[8.541612193415798,47.36689456106886],[8.541715348682638,47.366850543008695],[8.54174134712038,47.36683239431552]]},"properties":{"layer":"LKZ1319-MLU1","infraType":"water","geomType":"pipe","source":"order_55300/NIS_ZH_WVZ.dxf","_dedupKey":"2683312.4,1246813.5|2683322.8,1246806.4"}},{"type":"Feature","geometry":{"type":"LineString","coordinates":[[8.540261664130504,47.36662864578414],[8.540377296556187,47.36659381990306],[8.540421977994223,47.36659558847759],[8.540434394240306,47.36659161110252],[8.540528784568073,47.366557176612716],[8.540546623768867,47.366550376975496],[8.54060330367069,47.36653116222122],[8.540619088873992,47.36653324240748],[8.54062138579808,47.36653355331227]]},"properties":{"layer":"LKZ1314-MLU1","infraType":"water","geomType":"pipe","source":"order_55300/NIS_ZH_WVZ.dxf","_dedupKey":"2683211.3,1246782.2|2683238.6,1246772"}},{"type":"Feature","geometry":{"type":"LineString","coordinates":[[8.539895112736426,47.3669873155223],[8.539895691883313,47.36698650943062],[8.539899037177335,47.36698180904341],[8.53991724004822,47.36697914381327],[8.53993038731068,47.366977219415645],[8.540244298934931,47.366633398953276],[8.540261664130504,47.36662864578414]]},"properties":{"layer":"LKZ1314-MLU1","infraType":"water","geomType":"pipe","source":"order_55300/NIS_ZH_WVZ.dxf","_dedupKey":"2683183.1,1246821.7|2683211.3,1246782.2"}},{"type":"Feature","geometry":{"type":"LineString","coordinates":[[8.54184098255531,47.36667012332925],[8.54194689699773,47.36668780352695],[8.542042235198771,47.36670815729007],[8.542077824813655,47.36671586793977]]},"properties":{"layer":"LKZ1314-MLU1","infraType":"water","geomType":"pipe","source":"order_55300/NIS_ZH_WVZ.dxf","_dedupKey":"2683330.5,1246788.5|2683348.3,1246793.8"}},{"type":"Feature","geometry":{"type":"LineString","coordinates":[[8.54184098255531,47.36667012332925],[8.541828374399048,47.366668021957345],[8.541813304628512,47.36665189364806],[8.541785447270568,47.36664610598862],[8.541759448534485,47.36665527752115]]},"properties":{"layer":"LKZ1314-MLU1","infraType":"water","geomType":"pipe","source":"order_55300/NIS_ZH_WVZ.dxf","_dedupKey":"2683324.4,1246786.8|2683330.5,1246788.5"}},{"type":"Feature","geometry":{"type":"LineString","coordinates":[[8.541359911407893,47.366672081997805],[8.541409424087721,47.366696822689974],[8.541429248504153,47.36671814983212],[8.541455684315055,47.36674802221329],[8.54146974257328,47.36676389936704],[8.541487592149231,47.3667704033344],[8.541513651683092,47.36680256406734],[8.541602544908836,47.366898566109526],[8.541700836773636,47.3670047058211],[8.541701536283012,47.36704810980509],[8.541701690451756,47.36705811995088]]},"properties":{"layer":"LKZ1314-MLU1","infraType":"water","geomType":"pipe","source":"order_55300/NIS_ZH_WVZ.dxf","_dedupKey":"2683294.2,1246788.2|2683319.4,1246831.5"}},{"type":"Feature","geometry":{"type":"LineString","coordinates":[[8.541169210495204,47.36764994984513],[8.54115051007725,47.36771563113024]]},"properties":{"layer":"LKZ1319-MLU1","infraType":"water","geomType":"pipe","source":"order_55300/NIS_ZH_WVZ.dxf","_dedupKey":"2683276.7,1246904|2683278.3,1246896.7"}},{"type":"Feature","geometry":{"type":"LineString","coordinates":[[8.541158177131324,47.367713758908245],[8.541160625216625,47.367704731381565],[8.541172621712299,47.36766060353377],[8.541175069792713,47.36765157600668],[8.541177367359175,47.36764743428937]]},"properties":{"layer":"LKZ1314-MLU1","infraType":"water","geomType":"pipe","source":"order_55300/NIS_ZH_WVZ.dxf","_dedupKey":"2683277.3,1246903.8|2683278.9,1246896.5"}},{"type":"Feature","geometry":{"type":"LineString","coordinates":[[8.539975916120119,47.36702767989257],[8.539986695036212,47.367007248039265]]},"properties":{"layer":"LKZ1310-MLU1","infraType":"water","geomType":"pipe","source":"order_55300/NIS_ZH_WVZ.dxf","_dedupKey":"2683189.1,1246826.3|2683190,1246824"}},{"type":"Feature","geometry":{"type":"LineString","coordinates":[[8.540685247461834,47.36664655287778],[8.540664733980064,47.36665272140698]]},"properties":{"layer":"LKZ1315-MLU1","infraType":"water","geomType":"pipe","source":"order_55300/NIS_ZH_WVZ.dxf","_dedupKey":"2683241.7,1246785.3|2683243.3,1246784.7"}},{"type":"Feature","geometry":{"type":"LineString","coordinates":[[8.541692447860678,47.367070225765055],[8.541686794268648,47.367068300824876],[8.541682426674928,47.36706837851912]]},"properties":{"layer":"LKZ1319-MLU1","infraType":"water","geomType":"pipe","source":"order_55300/NIS_ZH_WVZ.dxf","_dedupKey":"2683317.9,1246832.6|2683318.7,1246832.8"}},{"type":"Feature","geometry":{"type":"LineString","coordinates":[[8.540760187425754,47.36657429023019],[8.540759222075662,47.366576908039995],[8.540751487408459,47.36659663628411],[8.54074007753329,47.36661791078618],[8.54072235349911,47.36663540460452],[8.54070298460471,47.36664122040221]]},"properties":{"layer":"LKZ1314-MLU1","infraType":"water","geomType":"pipe","source":"order_55300/NIS_ZH_WVZ.dxf","_dedupKey":"2683244.6,1246784.1|2683249,1246776.7"}},{"type":"Feature","geometry":{"type":"LineString","coordinates":[[8.541429248504153,47.36671814983212],[8.541425915810263,47.36671961188573],[8.541370990753936,47.36674364968721],[8.541369845933417,47.36674527075253]]},"properties":{"layer":"LKZ1315-MLU1","infraType":"water","geomType":"pipe","source":"order_55300/NIS_ZH_WVZ.dxf","_dedupKey":"2683294.8,1246796.4|2683299.4,1246793.4"}},{"type":"Feature","geometry":{"type":"LineString","coordinates":[[8.541605984438197,47.366897148006466],[8.541608278674282,47.366899887612],[8.54170802903329,47.367007407639406],[8.541706501753845,47.36704429340651],[8.541701536283012,47.36704810980509],[8.541698981765212,47.36705006816329],[8.541694997777585,47.36706676525846],[8.54169480461335,47.367067027963095],[8.541692447860678,47.367070225765055]]},"properties":{"layer":"LKZ1319-MLU1","infraType":"water","geomType":"pipe","source":"order_55300/NIS_ZH_WVZ.dxf","_dedupKey":"2683312.4,1246813.5|2683318.7,1246832.8"}},{"type":"Feature","geometry":{"type":"LineString","coordinates":[[8.540588906854815,47.36646750588089],[8.540653678603029,47.366478509607504]]},"properties":{"layer":"LKZ1313-MLU1","infraType":"water","geomType":"pipe","source":"order_55300/NIS_ZH_WVZ.dxf","_dedupKey":"2683236.3,1246764.7|2683241.2,1246765.9"}},{"type":"Feature","geometry":{"type":"LineString","coordinates":[[8.540653678603029,47.366478509607504],[8.540663420358618,47.36648029664183],[8.540740550932231,47.36649351213952],[8.540819058253737,47.36650607579056],[8.540897357535256,47.36651882127728],[8.540974777768618,47.36653195289834],[8.541052346997613,47.366545244958566],[8.541130381429433,47.366558622477754],[8.541210619114485,47.366570980447456],[8.541288686110752,47.36658336808119],[8.541342147679105,47.366591636933265],[8.541356678550944,47.366593881912976]]},"properties":{"layer":"LKZ1313-MLU1","infraType":"water","geomType":"pipe","source":"order_55300/NIS_ZH_WVZ.dxf","_dedupKey":"2683241.2,1246765.9|2683294.1,1246779.5"}},{"type":"Feature","geometry":{"type":"LineString","coordinates":[[8.541363554804558,47.36659475175587],[8.54138312474225,47.36659801904375]]},"properties":{"layer":"LKZ1313-MLU1","infraType":"water","geomType":"pipe","source":"order_55300/NIS_ZH_WVZ.dxf","_dedupKey":"2683294.6,1246779.6|2683296.1,1246780"}},{"type":"Feature","geometry":{"type":"LineString","coordinates":[[8.541356678550944,47.366593881912976],[8.541363554804558,47.36659475175587]]},"properties":{"layer":"LKZ1313-MLU1","infraType":"water","geomType":"pipe","source":"order_55300/NIS_ZH_WVZ.dxf","_dedupKey":"2683294.1,1246779.5|2683294.6,1246779.6"}},{"type":"Feature","geometry":{"type":"LineString","coordinates":[[8.541459634425483,47.36695752685838],[8.541602544908836,47.366898566109526],[8.541605984438197,47.366897148006466]]},"properties":{"layer":"LKZ1319-MLU1","infraType":"water","geomType":"pipe","source":"order_55300/NIS_ZH_WVZ.dxf","_dedupKey":"2683301.3,1246820.1|2683312.4,1246813.5"}},{"type":"Feature","geometry":{"type":"LineString","coordinates":[[8.541459634425483,47.36695752685838],[8.5414515922578,47.366966221018515],[8.5413673439603,47.367002592329385],[8.541351762952722,47.36705711686249],[8.54132088867825,47.367162798980395],[8.5412889500776,47.367268239382256],[8.541255957003736,47.36737391471678],[8.541245253379232,47.367407568861054],[8.541232684096855,47.367447042694764],[8.54120600540028,47.3675309074226],[8.541172800259455,47.36763914836759],[8.541169210495204,47.36764994984513]]},"properties":{"layer":"LKZ1319-MLU1","infraType":"water","geomType":"pipe","source":"order_55300/NIS_ZH_WVZ.dxf","_dedupKey":"2683278.3,1246896.7|2683301.3,1246820.1"}},{"type":"Feature","geometry":{"type":"LineString","coordinates":[[8.541218694983826,47.367514532022355],[8.541222585476037,47.36751507057176],[8.541225440281119,47.36751546609067],[8.541228560952309,47.367515913042325],[8.54124474824723,47.3675182141858],[8.541362019509922,47.36753630822737],[8.54136717370734,47.367537131546676],[8.54137167722075,47.36753786213163]]},"properties":{"layer":"LKZ1315-MLU1","infraType":"water","geomType":"pipe","source":"order_55300/NIS_ZH_WVZ.dxf","_dedupKey":"2683282.2,1246881.7|2683293.7,1246884.5"}},{"type":"Feature","geometry":{"type":"LineString","coordinates":[[8.541702006682723,47.36706700415324],[8.54172188523934,47.36736735172622]]},"properties":{"layer":"LKZ1314-MLU1","infraType":"water","geomType":"pipe","source":"order_55300/NIS_ZH_WVZ.dxf","_dedupKey":"2683319.4,1246832.5|2683320.4,1246865.9"}},{"type":"Feature","geometry":{"type":"LineString","coordinates":[[8.54172188523934,47.36736735172622],[8.541722141490618,47.36737013777951],[8.541722444525922,47.36737326520226],[8.541739390474033,47.36762209847115],[8.541740037814407,47.3676316271613],[8.541755905279938,47.367647262120016],[8.541766789655515,47.36765818623042],[8.541782823107699,47.367871227443075],[8.541782984582275,47.36787583142401],[8.541785460602446,47.36792958085564],[8.541790132067362,47.368031838216694],[8.541796567713313,47.36813872922273]]},"properties":{"layer":"LKZ1314-MLU1","infraType":"water","geomType":"pipe","source":"order_55300/NIS_ZH_WVZ.dxf","_dedupKey":"2683320.4,1246865.9|2683324.9,1246951.7"}},{"type":"Feature","geometry":{"type":"LineString","coordinates":[[8.541717849165266,47.36735657808767],[8.541718016216162,47.36738064755052],[8.5417328754383,47.36761565719363],[8.541739390474033,47.36762209847115],[8.541760152650504,47.367642652009515],[8.541778786811662,47.3676621014743],[8.54179311402466,47.36786370814073],[8.54179384985079,47.367875592717375],[8.541801172325654,47.36799462772177],[8.541813092588889,47.36813366002613]]},"properties":{"layer":"LKZ1319-MLU1","infraType":"water","geomType":"pipe","source":"order_55300/NIS_ZH_WVZ.dxf","_dedupKey":"2683320.2,1246864.7|2683326.1,1246951.2"}},{"type":"Feature","geometry":{"type":"LineString","coordinates":[[8.541722141490618,47.36737013777951],[8.541773687871185,47.36736771148957],[8.54180526375634,47.36736570980466],[8.541811892235879,47.36736419826983],[8.541820392756811,47.36736357736483]]},"properties":{"layer":"LKZ1317-MLU1","infraType":"water","geomType":"pipe","source":"order_55300/NIS_ZH_WVZ.dxf","_dedupKey":"2683320.5,1246866.2|2683327.9,1246865.6"}},{"type":"Feature","geometry":{"type":"LineString","coordinates":[[8.54012519199642,47.36728439047486],[8.54013000297074,47.3672897506838],[8.540137781331484,47.36729839281131],[8.540031410620424,47.36756625769119],[8.54002084653592,47.36757145868887],[8.540018146981685,47.36757985892677],[8.540023705545465,47.36758615650253],[8.539966118537015,47.36773840902707],[8.539924059356034,47.36785336344236],[8.539923111870388,47.36785556729584]]},"properties":{"layer":"LKZ1314-MLU1","infraType":"water","geomType":"pipe","source":"order_55300/NIS_ZH_WVZ.dxf","_dedupKey":"2683183.8,1246918.3|2683200,1246855"}},{"type":"Feature","geometry":{"type":"LineString","coordinates":[[8.54010897104197,47.36726635695888],[8.540073421154492,47.367214434104724],[8.54004010025426,47.3672075917232],[8.539836603814992,47.36716286527592],[8.539829348430413,47.36715005338232],[8.539802224238882,47.367145148775144],[8.539788645818449,47.36714286753292],[8.539786971774335,47.367142586653344],[8.53976883770448,47.36713448399818],[8.539766071553895,47.36713325104828]]},"properties":{"layer":"LKZ1314-MLU1","infraType":"water","geomType":"pipe","source":"order_55300/NIS_ZH_WVZ.dxf","_dedupKey":"2683173.1,1246837.8|2683198.8,1246853"}},{"type":"Feature","geometry":{"type":"LineString","coordinates":[[8.540145243574452,47.367253930519546],[8.540162707567927,47.367225114368445],[8.540183321837302,47.367191131930625],[8.540214777073741,47.36711089191203],[8.540219192359977,47.36710030746912],[8.540233076789173,47.36709625314791],[8.540257995925128,47.367101448541504],[8.540277215668839,47.36711018841647],[8.540414009044047,47.367130570868326],[8.54049119521994,47.367157323727454]]},"properties":{"layer":"LKZ1314-MLU1","infraType":"water","geomType":"pipe","source":"order_55300/NIS_ZH_WVZ.dxf","_dedupKey":"2683201.5,1246851.6|2683227.8,1246841.2"}},{"type":"Feature","geometry":{"type":"LineString","coordinates":[[8.540110692148764,47.36726827450437],[8.540113514413381,47.36726709620764],[8.540137879066293,47.36725698715071],[8.540145243574452,47.367253930519546]]},"properties":{"layer":"LKZ1314-MLU1","infraType":"water","geomType":"pipe","source":"order_55300/NIS_ZH_WVZ.dxf","_dedupKey":"2683198.9,1246853.2|2683201.5,1246851.6"}},{"type":"Feature","geometry":{"type":"LineString","coordinates":[[8.539966118537015,47.36773840902707],[8.539959814578033,47.367737047904214],[8.53995652966569,47.367736341624784],[8.53993600842918,47.367731904798]]},"properties":{"layer":"LKZ1317-MLU1","infraType":"water","geomType":"pipe","source":"order_55300/NIS_ZH_WVZ.dxf","_dedupKey":"2683185,1246904.5|2683187.3,1246905.3"}},{"type":"Feature","geometry":{"type":"LineString","coordinates":[[8.53993600842918,47.367731904798],[8.539922137001401,47.367728906751594]]},"properties":{"layer":"LKZ1317-MLU1","infraType":"water","geomType":"pipe","source":"order_55300/NIS_ZH_WVZ.dxf","_dedupKey":"2683183.9,1246904.2|2683185,1246904.5"}},{"type":"Feature","geometry":{"type":"LineString","coordinates":[[8.54010897104197,47.36726635695888],[8.540110692148764,47.36726827450437]]},"properties":{"layer":"LKZ1314-MLU1","infraType":"water","geomType":"pipe","source":"order_55300/NIS_ZH_WVZ.dxf","_dedupKey":"2683198.8,1246853|2683198.9,1246853.2"}},{"type":"Feature","geometry":{"type":"LineString","coordinates":[[8.540110692148764,47.36726827450437],[8.54011242649313,47.3672701919236],[8.54012519199642,47.36728439047486]]},"properties":{"layer":"LKZ1314-MLU1","infraType":"water","geomType":"pipe","source":"order_55300/NIS_ZH_WVZ.dxf","_dedupKey":"2683198.9,1246853.2|2683200,1246855"}},{"type":"Feature","geometry":{"type":"LineString","coordinates":[[8.540864963058514,47.36710619082521],[8.54086716818272,47.367111665825085]]},"properties":{"layer":"LKZ1317-MLU1","infraType":"water","geomType":"pipe","source":"order_55300/NIS_ZH_WVZ.dxf","_dedupKey":"2683256.1,1246836|2683256.3,1246836.6"}},{"type":"Feature","geometry":{"type":"LineString","coordinates":[[8.54086716818272,47.367111665825085],[8.540867419658342,47.367112302081686],[8.540861532326923,47.367113158837434]]},"properties":{"layer":"LKZ1317-MLU1","infraType":"water","geomType":"pipe","source":"order_55300/NIS_ZH_WVZ.dxf","_dedupKey":"2683255.9,1246836.7|2683256.3,1246836.6"}},{"type":"Feature","geometry":{"type":"LineString","coordinates":[[8.540575279131183,47.36716804431045],[8.540563555126688,47.36717028802293],[8.540559962279866,47.36717197741201],[8.54055497927941,47.36717430972567],[8.540549771242413,47.36717664418619]]},"properties":{"layer":"LKZ1317-MLU1","infraType":"water","geomType":"pipe","source":"order_55300/NIS_ZH_WVZ.dxf","_dedupKey":"2683232.2,1246843.5|2683234.2,1246842.5"}},{"type":"Feature","geometry":{"type":"LineString","coordinates":[[8.54115051007725,47.36771563113024],[8.541149066931391,47.367720754158434],[8.541154416850265,47.367726558938706],[8.541161283786623,47.367734013342165],[8.541104166099396,47.36792097430462],[8.541099726670474,47.36793550788603],[8.541097619369339,47.36794116796734]]},"properties":{"layer":"LKZ1319-MLU1","infraType":"water","geomType":"pipe","source":"order_55300/NIS_ZH_WVZ.dxf","_dedupKey":"2683272.4,1246929|2683276.7,1246904"}},{"type":"Feature","geometry":{"type":"LineString","coordinates":[[8.542391459988918,47.36680066381327],[8.542407503351741,47.366803694776564],[8.543283905420429,47.36696905732067],[8.543914179569443,47.36707751779138]]},"properties":{"layer":"LKZ1313-MLU1","infraType":"water","geomType":"pipe","source":"order_55300/NIS_ZH_WVZ.dxf","_dedupKey":"2683371.9,1246803.6|2683486.5,1246836"}},{"type":"Feature","geometry":{"type":"LineString","coordinates":[[8.543917590131036,47.367068319075834],[8.54328644502734,47.3669599928871],[8.542410022331763,47.36679746403777],[8.542391880212367,47.36679410232087]]},"properties":{"layer":"LKZ1319-MLU1","infraType":"water","geomType":"pipe","source":"order_55300/NIS_ZH_WVZ.dxf","_dedupKey":"2683371.9,1246802.9|2683486.8,1246835"}},{"type":"Feature","geometry":{"type":"LineString","coordinates":[[8.543920023182856,47.367061783289614],[8.543288938934058,47.36695319567275],[8.542412582682577,47.36679195251677],[8.542395132257077,47.36678874610286]]},"properties":{"layer":"LKZ1314-MLU1","infraType":"water","geomType":"pipe","source":"order_55300/NIS_ZH_WVZ.dxf","_dedupKey":"2683372.2,1246802.3|2683486.9,1246834.3"}},{"type":"Feature","geometry":{"type":"LineString","coordinates":[[8.538939743764221,47.36617527990366],[8.538987860018471,47.36619273985037],[8.539054160039933,47.36621688083655],[8.539098686790545,47.36623298068826],[8.539139960115412,47.36624796913863],[8.53913777248853,47.36625166900561]]},"properties":{"layer":"LKZ1315-MLU1","infraType":"water","geomType":"pipe","source":"order_55300/NIS_ZH_WVZ.dxf","_dedupKey":"2683112.2,1246730.4|2683127,1246739.1"}},{"type":"Feature","geometry":{"type":"LineString","coordinates":[[8.54070298460471,47.36664122040221],[8.540685247461834,47.36664655287778]]},"properties":{"layer":"LKZ1314-MLU1","infraType":"water","geomType":"pipe","source":"order_55300/NIS_ZH_WVZ.dxf","_dedupKey":"2683243.3,1246784.7|2683244.6,1246784.1"}},{"type":"Feature","geometry":{"type":"LineString","coordinates":[[8.540121675251077,47.366743176108905],[8.540119927422525,47.36674509075771]]},"properties":{"layer":"LKZ1313-MLU1","infraType":"water","geomType":"pipe","source":"order_55300/NIS_ZH_WVZ.dxf","_dedupKey":"2683200.4,1246795|2683200.6,1246794.8"}},{"type":"Feature","geometry":{"type":"LineString","coordinates":[[8.53918430504681,47.36769183658516],[8.539168098260927,47.36769756801573]]},"properties":{"layer":"LKZ1313-MLU1","infraType":"water","geomType":"pipe","source":"order_55300/NIS_ZH_WVZ.dxf","_dedupKey":"2683127,1246899.9|2683128.3,1246899.3"}},{"type":"Feature","geometry":{"type":"LineString","coordinates":[[8.539214278257829,47.36768017209282],[8.539200486894444,47.36768553869494]]},"properties":{"layer":"LKZ1313-MLU1","infraType":"water","geomType":"pipe","source":"order_55300/NIS_ZH_WVZ.dxf","_dedupKey":"2683129.5,1246898.6|2683130.6,1246898"}},{"type":"Feature","geometry":{"type":"LineString","coordinates":[[8.539214278257829,47.36768017209282],[8.539216077690506,47.367679471313615],[8.539223459260992,47.36767659448331]]},"properties":{"layer":"LKZ1313-MLU1","infraType":"water","geomType":"pipe","source":"order_55300/NIS_ZH_WVZ.dxf","_dedupKey":"2683130.6,1246898|2683131.3,1246897.6"}},{"type":"Feature","geometry":{"type":"LineString","coordinates":[[8.540121675251077,47.366743176108905],[8.540360316604222,47.366482037066746]]},"properties":{"layer":"LKZ1313-MLU1","infraType":"water","geomType":"pipe","source":"order_55300/NIS_ZH_WVZ.dxf","_dedupKey":"2683200.6,1246794.8|2683219,1246766"}},{"type":"Feature","geometry":{"type":"LineString","coordinates":[[8.539346291643453,47.36753569311009],[8.539338995703558,47.367542715901095],[8.539341703951893,47.367552045056556],[8.539289281461762,47.36761080629435],[8.539276328203869,47.36761379919198],[8.539247383153823,47.36764447866487],[8.539237318817461,47.367673889795626],[8.539235482370659,47.367677928131876]]},"properties":{"layer":"LKZ1314-MLU1","infraType":"water","geomType":"pipe","source":"order_55300/NIS_ZH_WVZ.dxf","_dedupKey":"2683132.2,1246897.8|2683140.8,1246882.1"}},{"type":"Feature","geometry":{"type":"LineString","coordinates":[[8.53945517723244,47.36742471649639],[8.539440395585112,47.367427645883616],[8.539425759750713,47.36744404862881]]},"properties":{"layer":"LKZ1314-MLU1","infraType":"water","geomType":"pipe","source":"order_55300/NIS_ZH_WVZ.dxf","_dedupKey":"2683146.9,1246872|2683149.2,1246869.9"}},{"type":"Feature","geometry":{"type":"LineString","coordinates":[[8.539425759750713,47.36744404862881],[8.539385777256479,47.36749034099307],[8.539351094817636,47.36753105980265],[8.539346291643453,47.36753569311009]]},"properties":{"layer":"LKZ1314-MLU1","infraType":"water","geomType":"pipe","source":"order_55300/NIS_ZH_WVZ.dxf","_dedupKey":"2683140.8,1246882.1|2683146.9,1246872"}},{"type":"Feature","geometry":{"type":"LineString","coordinates":[[8.539523527368628,47.367347372272974],[8.539521573456764,47.36734956772633],[8.539517937119017,47.36735364121446],[8.539506465098118,47.36735590940227],[8.539500388350929,47.3673629835493],[8.539502274512266,47.36737097126355],[8.53945517723244,47.36742471649639]]},"properties":{"layer":"LKZ1314-MLU1","infraType":"water","geomType":"pipe","source":"order_55300/NIS_ZH_WVZ.dxf","_dedupKey":"2683149.2,1246869.9|2683154.4,1246861.3"}},{"type":"Feature","geometry":{"type":"LineString","coordinates":[[8.539766071553895,47.36713325104828],[8.539764363597763,47.36713517430622],[8.539737901641711,47.36716489474101],[8.539659699357603,47.367203033164984],[8.539607821089804,47.367261186696325],[8.539569899779337,47.36730341165893],[8.53956817857321,47.367305335040044],[8.53956640385996,47.367307231945716],[8.53955705202117,47.367317278732614],[8.539552102529239,47.36732187746335],[8.539529522777935,47.36734084760474]]},"properties":{"layer":"LKZ1314-MLU1","infraType":"water","geomType":"pipe","source":"order_55300/NIS_ZH_WVZ.dxf","_dedupKey":"2683154.9,1246860.6|2683173.1,1246837.8"}},{"type":"Feature","geometry":{"type":"LineString","coordinates":[[8.539523527368628,47.367347372272974],[8.539524796409973,47.367345992912185],[8.53952654427962,47.367344078272765],[8.539528305572336,47.36734217250053],[8.539529522777935,47.36734084760474]]},"properties":{"layer":"LKZ1314-MLU1","infraType":"water","geomType":"pipe","source":"order_55300/NIS_ZH_WVZ.dxf","_dedupKey":"2683154.4,1246861.3|2683154.9,1246860.6"}},{"type":"Feature","geometry":{"type":"LineString","coordinates":[[8.53952654427962,47.367344078272765],[8.53952936264257,47.36734527475005],[8.539531925222184,47.36734626677669]]},"properties":{"layer":"LKZ1315-MLU1","infraType":"water","geomType":"pipe","source":"order_55300/NIS_ZH_WVZ.dxf","_dedupKey":"2683154.7,1246861|2683155.1,1246861.2"}},{"type":"Feature","geometry":{"type":"LineString","coordinates":[[8.539531925222184,47.36734626677669],[8.539536863571415,47.367348180649195],[8.539540902376318,47.36736359583659],[8.539573267411711,47.36737992837282],[8.539578950175764,47.36739673113305],[8.539582115131553,47.36739804124229]]},"properties":{"layer":"LKZ1315-MLU1","infraType":"water","geomType":"pipe","source":"order_55300/NIS_ZH_WVZ.dxf","_dedupKey":"2683155.1,1246861.2|2683158.8,1246867"}},{"type":"Feature","geometry":{"type":"LineString","coordinates":[[8.539582115131553,47.36739804124229],[8.53958596114224,47.367399632704426]]},"properties":{"layer":"LKZ1315-MLU1","infraType":"water","geomType":"pipe","source":"order_55300/NIS_ZH_WVZ.dxf","_dedupKey":"2683158.8,1246867|2683159.1,1246867.2"}},{"type":"Feature","geometry":{"type":"LineString","coordinates":[[8.540861532326923,47.367113158837434],[8.540575279131183,47.36716804431045]]},"properties":{"layer":"LKZ1317-MLU1","infraType":"water","geomType":"pipe","source":"order_55300/NIS_ZH_WVZ.dxf","_dedupKey":"2683234.2,1246842.5|2683255.9,1246836.7"}},{"type":"Feature","geometry":{"type":"LineString","coordinates":[[8.541087780350587,47.36794365459771],[8.541090744385297,47.36793396550167],[8.541094256812485,47.36791942277894],[8.541095977465114,47.36791299280455],[8.54109810600053,47.3679077193125],[8.541154416850265,47.367726558938706],[8.541156614444771,47.36771950374383],[8.541158177131324,47.367713758908245]]},"properties":{"layer":"LKZ1314-MLU1","infraType":"water","geomType":"pipe","source":"order_55300/NIS_ZH_WVZ.dxf","_dedupKey":"2683271.7,1246929.3|2683277.3,1246903.8"}},{"type":"Feature","geometry":{"type":"LineString","coordinates":[[8.54123852824582,47.36744921770258],[8.541237324567554,47.36745311510414],[8.541236294681115,47.367456453146424],[8.5412222105737,47.36750270580221],[8.541218694983826,47.367514532022355],[8.541206380269525,47.3675554336521],[8.541177367359175,47.36764743428937]]},"properties":{"layer":"LKZ1314-MLU1","infraType":"water","geomType":"pipe","source":"order_55300/NIS_ZH_WVZ.dxf","_dedupKey":"2683278.9,1246896.5|2683283.8,1246874.5"}},{"type":"Feature","geometry":{"type":"LineString","coordinates":[[8.5408685435196,47.36734403373586],[8.540700931252328,47.36731875569064],[8.540549771242413,47.36717664418619],[8.540545857661321,47.36717306546971],[8.540518403347006,47.36716884781212],[8.54049119521994,47.367157323727454]]},"properties":{"layer":"LKZ1314-MLU1","infraType":"water","geomType":"pipe","source":"order_55300/NIS_ZH_WVZ.dxf","_dedupKey":"2683227.8,1246841.2|2683256,1246862.4"}},{"type":"Feature","geometry":{"type":"LineString","coordinates":[[8.5408685435196,47.36734403373586],[8.540876491875412,47.367345523038075],[8.540925620325106,47.367394563537424],[8.541001746001111,47.36740521584438],[8.541079684837333,47.36741647146023],[8.541159823359942,47.367427813967375],[8.54119826602057,47.36743325785895],[8.541238490324087,47.36743906252574],[8.54124055115681,47.367441399584116],[8.541240203853468,47.36744445225996],[8.541239399437679,47.36744652882698],[8.54123852824582,47.36744921770258]]},"properties":{"layer":"LKZ1314-MLU1","infraType":"water","geomType":"pipe","source":"order_55300/NIS_ZH_WVZ.dxf","_dedupKey":"2683256,1246862.4|2683283.8,1246874.5"}},{"type":"Feature","geometry":{"type":"LineString","coordinates":[[8.541159823359942,47.367427813967375],[8.541164548901174,47.36741367343675]]},"properties":{"layer":"LKZ1314-MLU1","infraType":"water","geomType":"pipe","source":"order_55300/NIS_ZH_WVZ.dxf","_dedupKey":"2683277.9,1246872|2683278.3,1246870.5"}},{"type":"Feature","geometry":{"type":"LineString","coordinates":[[8.541164548901174,47.36741367343675],[8.541167124570736,47.367406974438246],[8.541168105013313,47.367404446433156],[8.541169373921521,47.367401142090344]]},"properties":{"layer":"LKZ1317-MLU1","infraType":"water","geomType":"pipe","source":"order_55300/NIS_ZH_WVZ.dxf","_dedupKey":"2683278.3,1246870.5|2683278.7,1246869.1"}},{"type":"Feature","geometry":{"type":"LineString","coordinates":[[8.539224774965408,47.36768132239436],[8.539220852250272,47.36768050523482],[8.539220039561107,47.367680261114664],[8.539216077690506,47.367679471313615],[8.53920472399493,47.367677213777895],[8.539157248478285,47.36768508717319],[8.539146117019337,47.367687181171014],[8.539105853165065,47.36769485090043],[8.53909576557808,47.36769299506751]]},"properties":{"layer":"LKZ1314-MLU1","infraType":"water","geomType":"pipe","source":"order_55300/NIS_ZH_WVZ.dxf","_dedupKey":"2683121.6,1246899.3|2683131.4,1246898.2"}},{"type":"Feature","geometry":{"type":"LineString","coordinates":[[8.53909576557808,47.36769299506751],[8.53905200878869,47.3676847496429]]},"properties":{"layer":"LKZ1315-MLU1","infraType":"water","geomType":"pipe","source":"order_55300/NIS_ZH_WVZ.dxf","_dedupKey":"2683118.3,1246898.4|2683121.6,1246899.3"}},{"type":"Feature","geometry":{"type":"LineString","coordinates":[[8.541167124570736,47.367406974438246],[8.541163935115067,47.36740640220929],[8.541154726950216,47.36740481701099],[8.541146199848935,47.36740351315575]]},"properties":{"layer":"LKZ1315-MLU1","infraType":"water","geomType":"pipe","source":"order_55300/NIS_ZH_WVZ.dxf","_dedupKey":"2683276.9,1246869.3|2683278.5,1246869.7"}},{"type":"Feature","geometry":{"type":"LineString","coordinates":[[8.541146199848935,47.36740351315575],[8.541144406466216,47.36740322443979],[8.541114860079794,47.36738812475639],[8.541117530146337,47.36736550341966],[8.541122910951014,47.367338232692845],[8.541110730323261,47.36733696371081],[8.541107923828655,47.36733634284896]]},"properties":{"layer":"LKZ1315-MLU1","infraType":"water","geomType":"pipe","source":"order_55300/NIS_ZH_WVZ.dxf","_dedupKey":"2683274.1,1246861.8|2683276.9,1246869.3"}},{"type":"Feature","geometry":{"type":"LineString","coordinates":[[8.540685247461834,47.36664655287778],[8.540698266932456,47.366666631782294],[8.540644638565709,47.36668295700221],[8.540633120426714,47.36666441093496],[8.540621919630446,47.36666762114021]]},"properties":{"layer":"LKZ1310-MLU1","infraType":"water","geomType":"pipe","source":"order_55300/NIS_ZH_WVZ.dxf","_dedupKey":"2683238.5,1246786.9|2683243.3,1246784.7"}},{"type":"Feature","geometry":{"type":"LineString","coordinates":[[8.540621429289178,47.36667080111172],[8.54063305382837,47.36670602319872]]},"properties":{"layer":"LKZ1310-MLU1","infraType":"water","geomType":"pipe","source":"order_55300/NIS_ZH_WVZ.dxf","_dedupKey":"2683238.4,1246787.3|2683239.2,1246791.2"}},{"type":"Feature","geometry":{"type":"LineString","coordinates":[[8.540621919630446,47.36666762114021],[8.540620488477812,47.36666820149095],[8.54061880786158,47.36666888316878],[8.540621429289178,47.36667080111172]]},"properties":{"layer":"LKZ1310-MLU1","infraType":"water","geomType":"pipe","source":"order_55300/NIS_ZH_WVZ.dxf","_dedupKey":"2683238.4,1246787.3|2683238.5,1246786.9"}},{"type":"Feature","geometry":{"type":"LineString","coordinates":[[8.54063305382837,47.36670602319872],[8.540633195310889,47.36670646261176],[8.540631498368333,47.366708916492804],[8.540629298370298,47.36671201383042],[8.540626261485293,47.36671433657398],[8.540623384267118,47.36671541646135],[8.540619522692792,47.366715633210056],[8.540610853264983,47.36671448359196],[8.540604238036167,47.366713431310416],[8.540603507639231,47.36671524630738],[8.540602814165608,47.366716926024516]]},"properties":{"layer":"LKZ1310-MLU1","infraType":"water","geomType":"pipe","source":"order_55300/NIS_ZH_WVZ.dxf","_dedupKey":"2683236.9,1246792.4|2683239.2,1246791.2"}},{"type":"Feature","geometry":{"type":"LineString","coordinates":[[8.540602814165608,47.366716926024516],[8.54059051862949,47.36672546281368]]},"properties":{"layer":"LKZ1310-MLU1","infraType":"water","geomType":"pipe","source":"order_55300/NIS_ZH_WVZ.dxf","_dedupKey":"2683236,1246793.3|2683236.9,1246792.4"}},{"type":"Feature","geometry":{"type":"Point","coordinates":[8.540076131419973,47.367118762703036]},"properties":{"layer":"LKZ1322-MSU-","infraType":"water","geomType":"fitting","source":"order_55300/NIS_ZH_WVZ.dxf","_dedupKey":"2683196.5,1246836.5"}},{"type":"Feature","geometry":{"type":"Point","coordinates":[8.539104973670737,47.36767405347821]},"properties":{"layer":"LKZ1322-MSU-","infraType":"water","geomType":"fitting","source":"order_55300/NIS_ZH_WVZ.dxf","_dedupKey":"2683122.3,1246897.2"}},{"type":"Feature","geometry":{"type":"Point","coordinates":[8.539922137001401,47.367728906751594]},"properties":{"layer":"LKZ1322-MSU-","infraType":"water","geomType":"fitting","source":"order_55300/NIS_ZH_WVZ.dxf","_dedupKey":"2683183.9,1246904.2"}},{"type":"Feature","geometry":{"type":"Point","coordinates":[8.541820392756811,47.36736357736483]},"properties":{"layer":"LKZ1322-MSU-","infraType":"water","geomType":"fitting","source":"order_55300/NIS_ZH_WVZ.dxf","_dedupKey":"2683327.9,1246865.6"}},{"type":"Feature","geometry":{"type":"Point","coordinates":[8.541169373921521,47.367401142090344]},"properties":{"layer":"LKZ1322-MSU-","infraType":"water","geomType":"fitting","source":"order_55300/NIS_ZH_WVZ.dxf","_dedupKey":"2683278.7,1246869.1"}},{"type":"Feature","geometry":{"type":"Point","coordinates":[8.541600027069844,47.36706995703689]},"properties":{"layer":"LKZ1325-MSU-","infraType":"water","geomType":"fitting","source":"order_55300/NIS_ZH_WVZ.dxf","_dedupKey":"2683311.7,1246832.7"}},{"type":"Feature","geometry":{"type":"Point","coordinates":[8.540008004711623,47.367010768825324]},"properties":{"layer":"LKZ1325-MSU-","infraType":"water","geomType":"fitting","source":"order_55300/NIS_ZH_WVZ.dxf","_dedupKey":"2683191.6,1246824.4"}},{"type":"Feature","geometry":{"type":"Point","coordinates":[8.54059051862949,47.36672546281368]},"properties":{"layer":"LKZ1325-MSU-","infraType":"water","geomType":"fitting","source":"order_55300/NIS_ZH_WVZ.dxf","_dedupKey":"2683236,1246793.3"}},{"type":"Feature","geometry":{"type":"Point","coordinates":[8.539245386929258,47.367685668530754]},"properties":{"layer":"LKZ1321-MSU-","infraType":"water","geomType":"fitting","source":"order_55300/NIS_ZH_WVZ.dxf","_dedupKey":"2683132.9,1246898.7"}},{"type":"Feature","geometry":{"type":"Point","coordinates":[8.539220039561107,47.367680261114664]},"properties":{"layer":"LKZ1321-MSU-","infraType":"water","geomType":"fitting","source":"order_55300/NIS_ZH_WVZ.dxf","_dedupKey":"2683131,1246898"}},{"type":"Feature","geometry":{"type":"Point","coordinates":[8.539188637650529,47.367700322710654]},"properties":{"layer":"LKZ1321-MSU-","infraType":"water","geomType":"fitting","source":"order_55300/NIS_ZH_WVZ.dxf","_dedupKey":"2683128.6,1246900.2"}},{"type":"Feature","geometry":{"type":"Point","coordinates":[8.539218736354105,47.36771461704998]},"properties":{"layer":"LKZ1321-MSU-","infraType":"water","geomType":"fitting","source":"order_55300/NIS_ZH_WVZ.dxf","_dedupKey":"2683130.8,1246901.8"}},{"type":"Feature","geometry":{"type":"Point","coordinates":[8.539209823357195,47.367699752029466]},"properties":{"layer":"LKZ1321-MSU-","infraType":"water","geomType":"fitting","source":"order_55300/NIS_ZH_WVZ.dxf","_dedupKey":"2683130.2,1246900.2"}},{"type":"Feature","geometry":{"type":"Point","coordinates":[8.539231010789031,47.367687721495464]},"properties":{"layer":"LKZ1321-MSU-","infraType":"water","geomType":"fitting","source":"order_55300/NIS_ZH_WVZ.dxf","_dedupKey":"2683131.8,1246898.9"}},{"type":"Feature","geometry":{"type":"Point","coordinates":[8.539046929768235,47.3676837186155]},"properties":{"layer":"LKZ1321-MSU-","infraType":"water","geomType":"fitting","source":"order_55300/NIS_ZH_WVZ.dxf","_dedupKey":"2683117.9,1246898.2"}},{"type":"Feature","geometry":{"type":"Point","coordinates":[8.541698312521103,47.36706699445976]},"properties":{"layer":"LKZ1321-MSU-","infraType":"water","geomType":"fitting","source":"order_55300/NIS_ZH_WVZ.dxf","_dedupKey":"2683319.1,1246832.5"}},{"type":"Feature","geometry":{"type":"Point","coordinates":[8.54172188523934,47.36736735172622]},"properties":{"layer":"LKZ1321-MSU-","infraType":"water","geomType":"fitting","source":"order_55300/NIS_ZH_WVZ.dxf","_dedupKey":"2683320.4,1246865.9"}},{"type":"Feature","geometry":{"type":"Point","coordinates":[8.541717849165266,47.36735657808767]},"properties":{"layer":"LKZ1321-MSU-","infraType":"water","geomType":"fitting","source":"order_55300/NIS_ZH_WVZ.dxf","_dedupKey":"2683320.2,1246864.7"}},{"type":"Feature","geometry":{"type":"Point","coordinates":[8.539868150186864,47.36701138280617]},"properties":{"layer":"LKZ1321-MSU-","infraType":"water","geomType":"fitting","source":"order_55300/NIS_ZH_WVZ.dxf","_dedupKey":"2683181,1246824.4"}},{"type":"Feature","geometry":{"type":"Point","coordinates":[8.542076403645838,47.3667194885795]},"properties":{"layer":"LKZ1321-MSU-","infraType":"water","geomType":"fitting","source":"order_55300/NIS_ZH_WVZ.dxf","_dedupKey":"2683348.2,1246794.2"}},{"type":"Feature","geometry":{"type":"Point","coordinates":[8.540416779976425,47.36643440874543]},"properties":{"layer":"LKZ1321-MSU-","infraType":"water","geomType":"fitting","source":"order_55300/NIS_ZH_WVZ.dxf","_dedupKey":"2683223.3,1246760.8"}},{"type":"Feature","geometry":{"type":"Point","coordinates":[8.54141744219279,47.36660376310626]},"properties":{"layer":"LKZ1321-MSU-","infraType":"water","geomType":"fitting","source":"order_55300/NIS_ZH_WVZ.dxf","_dedupKey":"2683298.6,1246780.7"}},{"type":"Feature","geometry":{"type":"Point","coordinates":[8.541363554804558,47.36659475175587]},"properties":{"layer":"LKZ1321-MSU-","infraType":"water","geomType":"fitting","source":"order_55300/NIS_ZH_WVZ.dxf","_dedupKey":"2683294.6,1246779.6"}},{"type":"Feature","geometry":{"type":"Point","coordinates":[8.54140574101388,47.36659110169917]},"properties":{"layer":"LKZ1321-MSU-","infraType":"water","geomType":"fitting","source":"order_55300/NIS_ZH_WVZ.dxf","_dedupKey":"2683297.8,1246779.3"}},{"type":"Feature","geometry":{"type":"Point","coordinates":[8.541450051079876,47.36657619638509]},"properties":{"layer":"LKZ1321-MSU-","infraType":"water","geomType":"fitting","source":"order_55300/NIS_ZH_WVZ.dxf","_dedupKey":"2683301.1,1246777.7"}},{"type":"Feature","geometry":{"type":"Point","coordinates":[8.541418907203699,47.366554257717176]},"properties":{"layer":"LKZ1321-MSU-","infraType":"water","geomType":"fitting","source":"order_55300/NIS_ZH_WVZ.dxf","_dedupKey":"2683298.8,1246775.2"}},{"type":"Feature","geometry":{"type":"Point","coordinates":[8.539551820221336,47.36731525971622]},"properties":{"layer":"LKZ1321-MSU-","infraType":"water","geomType":"fitting","source":"order_55300/NIS_ZH_WVZ.dxf","_dedupKey":"2683156.6,1246857.8"}},{"type":"Feature","geometry":{"type":"Point","coordinates":[8.541425915810263,47.36671961188573]},"properties":{"layer":"LKZ1321-MSU-","infraType":"water","geomType":"fitting","source":"order_55300/NIS_ZH_WVZ.dxf","_dedupKey":"2683299.1,1246793.6"}},{"type":"Feature","geometry":{"type":"Point","coordinates":[8.541455684315055,47.36674802221329]},"properties":{"layer":"LKZ1321-MSU-","infraType":"water","geomType":"fitting","source":"order_55300/NIS_ZH_WVZ.dxf","_dedupKey":"2683301.3,1246796.8"}},{"type":"Feature","geometry":{"type":"Point","coordinates":[8.540759222075662,47.366576908039995]},"properties":{"layer":"LKZ1321-MSU-","infraType":"water","geomType":"fitting","source":"order_55300/NIS_ZH_WVZ.dxf","_dedupKey":"2683249,1246777"}},{"type":"Feature","geometry":{"type":"Point","coordinates":[8.539895691883313,47.36698650943062]},"properties":{"layer":"LKZ1321-MSU-","infraType":"water","geomType":"fitting","source":"order_55300/NIS_ZH_WVZ.dxf","_dedupKey":"2683183.1,1246821.6"}},{"type":"Feature","geometry":{"type":"Point","coordinates":[8.541612193415798,47.36689456106886]},"properties":{"layer":"LKZ1321-MSU-","infraType":"water","geomType":"fitting","source":"order_55300/NIS_ZH_WVZ.dxf","_dedupKey":"2683312.9,1246813.2"}},{"type":"Feature","geometry":{"type":"Point","coordinates":[8.541608278674282,47.366899887612]},"properties":{"layer":"LKZ1321-MSU-","infraType":"water","geomType":"fitting","source":"order_55300/NIS_ZH_WVZ.dxf","_dedupKey":"2683312.6,1246813.8"}},{"type":"Feature","geometry":{"type":"Point","coordinates":[8.541682426674928,47.36706837851912]},"properties":{"layer":"LKZ1321-MSU-","infraType":"water","geomType":"fitting","source":"order_55300/NIS_ZH_WVZ.dxf","_dedupKey":"2683317.9,1246832.6"}},{"type":"Feature","geometry":{"type":"Point","coordinates":[8.539237318817461,47.367673889795626]},"properties":{"layer":"LKZ1321-MSU-","infraType":"water","geomType":"fitting","source":"order_55300/NIS_ZH_WVZ.dxf","_dedupKey":"2683132.3,1246897.3"}},{"type":"Feature","geometry":{"type":"Point","coordinates":[8.539894909107362,47.36700565859906]},"properties":{"layer":"LKZ1321-MSU-","infraType":"water","geomType":"fitting","source":"order_55300/NIS_ZH_WVZ.dxf","_dedupKey":"2683183,1246823.7"}},{"type":"Feature","geometry":{"type":"Point","coordinates":[8.54042516060108,47.366440805313644]},"properties":{"layer":"LKZ1321-MSU-","infraType":"water","geomType":"fitting","source":"order_55300/NIS_ZH_WVZ.dxf","_dedupKey":"2683224,1246761.5"}},{"type":"Feature","geometry":{"type":"Point","coordinates":[8.543283905420429,47.36696905732067]},"properties":{"layer":"LKZ1323-MSU-","infraType":"water","geomType":"fitting","source":"order_55300/NIS_ZH_WVZ.dxf","_dedupKey":"2683439,1246823.3"}},{"type":"Feature","geometry":{"type":"Point","coordinates":[8.54328644502734,47.3669599928871]},"properties":{"layer":"LKZ1323-MSU-","infraType":"water","geomType":"fitting","source":"order_55300/NIS_ZH_WVZ.dxf","_dedupKey":"2683439.3,1246822.3"}},{"type":"Feature","geometry":{"type":"Point","coordinates":[8.543288938934058,47.36695319567275]},"properties":{"layer":"LKZ1323-MSU-","infraType":"water","geomType":"fitting","source":"order_55300/NIS_ZH_WVZ.dxf","_dedupKey":"2683439.4,1246821.5"}},{"type":"Feature","geometry":{"type":"Point","coordinates":[8.539329741874946,47.3677486043403]},"properties":{"layer":"LKZ1323-MSU-","infraType":"water","geomType":"fitting","source":"order_55300/NIS_ZH_WVZ.dxf","_dedupKey":"2683139.2,1246905.7"}},{"type":"Feature","geometry":{"type":"Point","coordinates":[8.539211321559977,47.367728711159536]},"properties":{"layer":"LKZ1323-MSU-","infraType":"water","geomType":"fitting","source":"order_55300/NIS_ZH_WVZ.dxf","_dedupKey":"2683130.3,1246903.4"}},{"type":"Feature","geometry":{"type":"Point","coordinates":[8.54013000297074,47.3672897506838]},"properties":{"layer":"LKZ1323-MSU-","infraType":"water","geomType":"fitting","source":"order_55300/NIS_ZH_WVZ.dxf","_dedupKey":"2683200.3,1246855.6"}},{"type":"Feature","geometry":{"type":"Point","coordinates":[8.542041137948292,47.366715273954284]},"properties":{"layer":"LKZ1323-MSU-","infraType":"water","geomType":"fitting","source":"order_55300/NIS_ZH_WVZ.dxf","_dedupKey":"2683345.6,1246793.7"}},{"type":"Feature","geometry":{"type":"Point","coordinates":[8.541411256108558,47.36654921252416]},"properties":{"layer":"LKZ1323-MSU-","infraType":"water","geomType":"fitting","source":"order_55300/NIS_ZH_WVZ.dxf","_dedupKey":"2683298.3,1246774.6"}},{"type":"Feature","geometry":{"type":"Point","coordinates":[8.542388334489882,47.36679358750172]},"properties":{"layer":"LKZ1323-MSU-","infraType":"water","geomType":"fitting","source":"order_55300/NIS_ZH_WVZ.dxf","_dedupKey":"2683371.7,1246802.8"}},{"type":"Feature","geometry":{"type":"Point","coordinates":[8.542390334592715,47.366787874446686]},"properties":{"layer":"LKZ1323-MSU-","infraType":"water","geomType":"fitting","source":"order_55300/NIS_ZH_WVZ.dxf","_dedupKey":"2683371.8,1246802.2"}},{"type":"Feature","geometry":{"type":"Point","coordinates":[8.542386317036007,47.36679974148572]},"properties":{"layer":"LKZ1323-MSU-","infraType":"water","geomType":"fitting","source":"order_55300/NIS_ZH_WVZ.dxf","_dedupKey":"2683371.5,1246803.5"}},{"type":"Feature","geometry":{"type":"Point","coordinates":[8.541342147679105,47.366591636933265]},"properties":{"layer":"LKZ1323-MSU-","infraType":"water","geomType":"fitting","source":"order_55300/NIS_ZH_WVZ.dxf","_dedupKey":"2683293,1246779.3"}},{"type":"Feature","geometry":{"type":"Point","coordinates":[8.541222585476037,47.36751507057176]},"properties":{"layer":"LKZ1321-MSU-","infraType":"water","geomType":"fitting","source":"order_55300/NIS_ZH_WVZ.dxf","_dedupKey":"2683282.5,1246881.8"}},{"type":"Feature","geometry":{"type":"Point","coordinates":[8.541722444525922,47.36737326520226]},"properties":{"layer":"LKZ1321-MSU-","infraType":"water","geomType":"fitting","source":"order_55300/NIS_ZH_WVZ.dxf","_dedupKey":"2683320.5,1246866.6"}},{"type":"Feature","geometry":{"type":"Point","coordinates":[8.540137879066293,47.36725698715071]},"properties":{"layer":"LKZ1323-MSU-","infraType":"water","geomType":"fitting","source":"order_55300/NIS_ZH_WVZ.dxf","_dedupKey":"2683201,1246851.9"}},{"type":"Feature","geometry":{"type":"Point","coordinates":[8.540559962279866,47.36717197741201]},"properties":{"layer":"LKZ1321-MSU-","infraType":"water","geomType":"fitting","source":"order_55300/NIS_ZH_WVZ.dxf","_dedupKey":"2683233,1246842.9"}},{"type":"Feature","geometry":{"type":"Point","coordinates":[8.540119927422525,47.36674509075771]},"properties":{"layer":"LKZ1323-MSU-","infraType":"water","geomType":"fitting","source":"order_55300/NIS_ZH_WVZ.dxf","_dedupKey":"2683200.4,1246795"}},{"type":"Feature","geometry":{"type":"Point","coordinates":[8.539223459260992,47.36767659448331]},"properties":{"layer":"LKZ1323-MSU-","infraType":"water","geomType":"fitting","source":"order_55300/NIS_ZH_WVZ.dxf","_dedupKey":"2683131.3,1246897.6"}},{"type":"Feature","geometry":{"type":"Point","coordinates":[8.539521573456764,47.36734956772633]},"properties":{"layer":"LKZ1323-MSU-","infraType":"water","geomType":"fitting","source":"order_55300/NIS_ZH_WVZ.dxf","_dedupKey":"2683154.3,1246861.6"}},{"type":"Feature","geometry":{"type":"Point","coordinates":[8.541237324567554,47.36745311510414]},"properties":{"layer":"LKZ1323-MSU-","infraType":"water","geomType":"fitting","source":"order_55300/NIS_ZH_WVZ.dxf","_dedupKey":"2683283.7,1246874.9"}},{"type":"Feature","geometry":{"type":"Point","coordinates":[8.541239399437679,47.36744652882698]},"properties":{"layer":"LKZ1321-MSU-","infraType":"water","geomType":"fitting","source":"order_55300/NIS_ZH_WVZ.dxf","_dedupKey":"2683283.9,1246874.2"}},{"type":"Feature","geometry":{"type":"Point","coordinates":[8.541163935115067,47.36740640220929]},"properties":{"layer":"LKZ1321-MSU-","infraType":"water","geomType":"fitting","source":"order_55300/NIS_ZH_WVZ.dxf","_dedupKey":"2683278.2,1246869.6"}},{"type":"Feature","geometry":{"type":"Point","coordinates":[8.539766071553895,47.36713325104828]},"properties":{"layer":"LKZ1321-MSU-","infraType":"water","geomType":"fitting","source":"order_55300/NIS_ZH_WVZ.dxf","_dedupKey":"2683173.1,1246837.8"}},{"type":"Feature","geometry":{"type":"Point","coordinates":[8.53956817857321,47.367305335040044]},"properties":{"layer":"LKZ1321-MSU-","infraType":"water","geomType":"fitting","source":"order_55300/NIS_ZH_WVZ.dxf","_dedupKey":"2683157.9,1246856.7"}},{"type":"Feature","geometry":{"type":"Point","coordinates":[8.540110692148764,47.36726827450437]},"properties":{"layer":"LKZ1321-MSU-","infraType":"water","geomType":"fitting","source":"order_55300/NIS_ZH_WVZ.dxf","_dedupKey":"2683198.9,1246853.2"}},{"type":"Feature","geometry":{"type":"Point","coordinates":[8.53952654427962,47.367344078272765]},"properties":{"layer":"LKZ1321-MSU-","infraType":"water","geomType":"fitting","source":"order_55300/NIS_ZH_WVZ.dxf","_dedupKey":"2683154.7,1246861"}},{"type":"Feature","geometry":{"type":"LineString","coordinates":[[8.540215150108335,47.3689639901731],[8.540207209348615,47.36899043071399],[8.540353222015312,47.36901077031783]]},"properties":{"layer":"LKZ1315-MLU1","infraType":"water","geomType":"pipe","source":"order_55301/NIS_ZH_WVZ.dxf","_dedupKey":"2683204.2,1247041.8|2683214.5,1247047.1"}},{"type":"Feature","geometry":{"type":"LineString","coordinates":[[8.540207209348615,47.36899043071399],[8.540168302711724,47.368985008900474]]},"properties":{"layer":"LKZ1315-MLU1","infraType":"water","geomType":"pipe","source":"order_55301/NIS_ZH_WVZ.dxf","_dedupKey":"2683200.6,1247044.1|2683203.5,1247044.7"}},{"type":"Feature","geometry":{"type":"LineString","coordinates":[[8.53974482040858,47.368348546804356],[8.539724753631312,47.36834496914131],[8.539709663815001,47.36834196469366]]},"properties":{"layer":"LKZ1317-MLU1","infraType":"water","geomType":"pipe","source":"order_55301/NIS_ZH_WVZ.dxf","_dedupKey":"2683166.9,1246972.1|2683169.6,1246972.9"}},{"type":"Feature","geometry":{"type":"LineString","coordinates":[[8.539922456586888,47.36785717468257],[8.539923111870388,47.36785556729584]]},"properties":{"layer":"LKZ1314-MLU1","infraType":"water","geomType":"pipe","source":"order_55301/NIS_ZH_WVZ.dxf","_dedupKey":"2683183.8,1246918.3|2683183.8,1246918.4"}},{"type":"Feature","geometry":{"type":"LineString","coordinates":[[8.539908409299516,47.368251359558634],[8.539911901586962,47.36825184797849],[8.539914478058787,47.368252228193604]]},"properties":{"layer":"LKZ1315-MLU1","infraType":"water","geomType":"pipe","source":"order_55301/NIS_ZH_WVZ.dxf","_dedupKey":"2683182.1,1246962.2|2683182.6,1246962.4"}},{"type":"Feature","geometry":{"type":"LineString","coordinates":[[8.539914478058787,47.368252228193604],[8.539987785316423,47.36826291704548]]},"properties":{"layer":"LKZ1315-MLU1","infraType":"water","geomType":"pipe","source":"order_55301/NIS_ZH_WVZ.dxf","_dedupKey":"2683182.6,1246962.4|2683188.1,1246963.6"}},{"type":"Feature","geometry":{"type":"LineString","coordinates":[[8.53983019691601,47.368433294764905],[8.539836212929591,47.368434172902184],[8.539847354313638,47.368435757764495]]},"properties":{"layer":"LKZ1315-MLU1","infraType":"water","geomType":"pipe","source":"order_55301/NIS_ZH_WVZ.dxf","_dedupKey":"2683175.9,1246982.4|2683177.2,1246982.7"}},{"type":"Feature","geometry":{"type":"LineString","coordinates":[[8.539847354313638,47.368435757764495],[8.53984890833021,47.36843599481206],[8.539885822138434,47.36844175056198]]},"properties":{"layer":"LKZ1315-MLU1","infraType":"water","geomType":"pipe","source":"order_55301/NIS_ZH_WVZ.dxf","_dedupKey":"2683177.2,1246982.7|2683180.1,1246983.4"}},{"type":"Feature","geometry":{"type":"LineString","coordinates":[[8.539885822138434,47.36844175056198],[8.539917385354949,47.36844679273039]]},"properties":{"layer":"LKZ1315-MLU1","infraType":"water","geomType":"pipe","source":"order_55301/NIS_ZH_WVZ.dxf","_dedupKey":"2683180.1,1246983.4|2683182.5,1246984"}},{"type":"Feature","geometry":{"type":"LineString","coordinates":[[8.540061162907412,47.36788675036801],[8.54005799786611,47.36788607892893],[8.539922456586888,47.36785717468257]]},"properties":{"layer":"LKZ1314-MLU1","infraType":"water","geomType":"pipe","source":"order_55301/NIS_ZH_WVZ.dxf","_dedupKey":"2683183.8,1246918.4|2683194.2,1246921.9"}},{"type":"Feature","geometry":{"type":"LineString","coordinates":[[8.539922456586888,47.36785717468257],[8.539894713669177,47.367851178584935],[8.539891561683884,47.36785049802165]]},"properties":{"layer":"LKZ1314-MLU1","infraType":"water","geomType":"pipe","source":"order_55301/NIS_ZH_WVZ.dxf","_dedupKey":"2683181.4,1246917.7|2683183.8,1246918.4"}},{"type":"Feature","geometry":{"type":"LineString","coordinates":[[8.539891561683884,47.36785049802165],[8.539888397018448,47.36784984456461],[8.539845181465312,47.36784089265562],[8.539815595640446,47.367846310977555],[8.539813704199478,47.36784576231623]]},"properties":{"layer":"LKZ1314-MLU1","infraType":"water","geomType":"pipe","source":"order_55301/NIS_ZH_WVZ.dxf","_dedupKey":"2683175.6,1246917.1|2683181.4,1246917.7"}},{"type":"Feature","geometry":{"type":"LineString","coordinates":[[8.540343315425574,47.36794331039896],[8.540255694037864,47.36793253342783],[8.540094800424175,47.36791274042171],[8.540071483104171,47.36789601591046],[8.540057986180871,47.36789320320687],[8.53989957381232,47.367860199363996],[8.539885923580483,47.36786342385424],[8.539883947231294,47.36786389245666],[8.53986955407141,47.367861277175116],[8.539859367548289,47.367850148342335],[8.539841939689369,47.36784676142321],[8.539817334956819,47.36785167349965],[8.539785697974347,47.36784560656145]]},"properties":{"layer":"LKZ1319-MLU1","infraType":"water","geomType":"pipe","source":"order_55301/NIS_ZH_WVZ.dxf","_dedupKey":"2683173.5,1246917|2683215.4,1246928.5"}},{"type":"Feature","geometry":{"type":"LineString","coordinates":[[8.541228667641239,47.36908813114762],[8.541219346553277,47.36908686186108]]},"properties":{"layer":"LKZ1317-MLU1","infraType":"water","geomType":"pipe","source":"order_55301/NIS_ZH_WVZ.dxf","_dedupKey":"2683279.8,1247056.5|2683280.5,1247056.7"}},{"type":"Feature","geometry":{"type":"LineString","coordinates":[[8.541227826432115,47.36909099064332],[8.54122443567698,47.36910245585893]]},"properties":{"layer":"LKZ1315-MLU1","infraType":"water","geomType":"pipe","source":"order_55301/NIS_ZH_WVZ.dxf","_dedupKey":"2683280.2,1247058.3|2683280.4,1247057"}},{"type":"Feature","geometry":{"type":"LineString","coordinates":[[8.53857388071345,47.367629576300985],[8.538566917524067,47.36762834731297]]},"properties":{"layer":"LKZ1319-MLU1","infraType":"water","geomType":"pipe","source":"order_55301/NIS_ZH_WVZ.dxf","_dedupKey":"2683081.7,1246891.6|2683082.3,1246891.7"}},{"type":"Feature","geometry":{"type":"LineString","coordinates":[[8.537544840803951,47.36877396678189],[8.537549018465487,47.36877622979263]]},"properties":{"layer":"LKZ1314-MLU1","infraType":"water","geomType":"pipe","source":"order_55301/NIS_ZH_WVZ.dxf","_dedupKey":"2683002.8,1247017.8|2683003.1,1247018.1"}},{"type":"Feature","geometry":{"type":"LineString","coordinates":[[8.537524979052971,47.36875657023052],[8.537537043888122,47.36876312984456],[8.53753911743377,47.36877058508829],[8.537543339628504,47.368773081549534]]},"properties":{"layer":"LKZ1314-MLU1","infraType":"water","geomType":"pipe","source":"order_55301/NIS_ZH_WVZ.dxf","_dedupKey":"2683001.3,1247015.9|2683002.7,1247017.7"}},{"type":"Feature","geometry":{"type":"LineString","coordinates":[[8.537543339628504,47.368773081549534],[8.537544840803951,47.36877396678189]]},"properties":{"layer":"LKZ1314-MLU1","infraType":"water","geomType":"pipe","source":"order_55301/NIS_ZH_WVZ.dxf","_dedupKey":"2683002.7,1247017.7|2683002.8,1247017.8"}},{"type":"Feature","geometry":{"type":"LineString","coordinates":[[8.537226545944915,47.36861036855098],[8.537283275677089,47.36863837955229],[8.537374651786097,47.36868290886016],[8.537483681148228,47.36873660711397],[8.537524979052971,47.36875657023052]]},"properties":{"layer":"LKZ1314-MLU1","infraType":"water","geomType":"pipe","source":"order_55301/NIS_ZH_WVZ.dxf","_dedupKey":"2682979,1246999.3|2683001.3,1247015.9"}},{"type":"Feature","geometry":{"type":"LineString","coordinates":[[8.53790311597778,47.36748673281773],[8.537901648072575,47.367488743714006],[8.537891004140366,47.36750613371315],[8.537881997397111,47.367518165005585],[8.537873721265496,47.36752902896828],[8.537870227734972,47.36753361376777],[8.537835631451308,47.36757856800917],[8.537821652194488,47.367590880495065],[8.537796059304018,47.36761015781511],[8.537784602692136,47.36762345374595],[8.537787766527307,47.36763113248569],[8.537784222813992,47.3676358526872],[8.537780473047755,47.367640853699484],[8.537780383166428,47.367640989482204],[8.537759472349395,47.36766901949845],[8.537591849075556,47.3678898085401],[8.537526661516512,47.3679762245806],[8.537514019685759,47.36798341505284],[8.53750775990585,47.3679919030713],[8.537504857540293,47.36800590016159],[8.537468952002707,47.36805224299619],[8.537420062357684,47.36811551229351]]},"properties":{"layer":"LKZ1314-MLU1","infraType":"water","geomType":"pipe","source":"order_55301/NIS_ZH_WVZ.dxf","_dedupKey":"2682994.4,1246944.5|2683031.8,1246875.1"}},{"type":"Feature","geometry":{"type":"LineString","coordinates":[[8.537759472349395,47.36766901949845],[8.537760059437117,47.3676692387903]]},"properties":{"layer":"LKZ1315-MLU1","infraType":"water","geomType":"pipe","source":"order_55301/NIS_ZH_WVZ.dxf","_dedupKey":"2683020.7,1246895.2|2683020.7,1246895.3"}},{"type":"Feature","geometry":{"type":"LineString","coordinates":[[8.537591849075556,47.3678898085401],[8.537585525321711,47.36788748499468],[8.537578348985452,47.36788490870173],[8.537569999212886,47.3678819297963]]},"properties":{"layer":"LKZ1315-MLU1","infraType":"water","geomType":"pipe","source":"order_55301/NIS_ZH_WVZ.dxf","_dedupKey":"2683006.1,1246918.7|2683007.7,1246919.6"}},{"type":"Feature","geometry":{"type":"LineString","coordinates":[[8.537569999212886,47.3678819297963],[8.537442447204663,47.367838446441866],[8.53742815908986,47.367830000996705],[8.537413979202457,47.36782552138386]]},"properties":{"layer":"LKZ1315-MLU1","infraType":"water","geomType":"pipe","source":"order_55301/NIS_ZH_WVZ.dxf","_dedupKey":"2682994.4,1246912.3|2683006.1,1246918.7"}},{"type":"Feature","geometry":{"type":"LineString","coordinates":[[8.537413979202457,47.36782552138386],[8.537404914618758,47.36782254926701]]},"properties":{"layer":"LKZ1315-MLU1","infraType":"water","geomType":"pipe","source":"order_55301/NIS_ZH_WVZ.dxf","_dedupKey":"2682993.7,1246911.9|2682994.4,1246912.3"}},{"type":"Feature","geometry":{"type":"LineString","coordinates":[[8.537468952002707,47.36805224299619],[8.537450112706717,47.368045253092916]]},"properties":{"layer":"LKZ1317-MLU1","infraType":"water","geomType":"pipe","source":"order_55301/NIS_ZH_WVZ.dxf","_dedupKey":"2682996.7,1246936.7|2682998.2,1246937.5"}},{"type":"Feature","geometry":{"type":"LineString","coordinates":[[8.538565980504048,47.369216675887294],[8.53859300377028,47.369195468820585],[8.538619394378552,47.3691744026998],[8.538634231114402,47.36916256769718],[8.538699576734874,47.36911013324627],[8.538721859083978,47.3691042900501],[8.538724953843994,47.3691034779951]]},"properties":{"layer":"LKZ1314-MLU1","infraType":"water","geomType":"pipe","source":"order_55301/NIS_ZH_WVZ.dxf","_dedupKey":"2683079.2,1247068.1|2683091.4,1247055.7"}},{"type":"Feature","geometry":{"type":"LineString","coordinates":[[8.538724953843994,47.3691034779951],[8.538724404961883,47.36910126141989],[8.538721410631243,47.36908512564762],[8.538724435977771,47.36908095006605],[8.53877114998414,47.369016225746215],[8.538775324168737,47.36901061798594]]},"properties":{"layer":"LKZ1314-MLU1","infraType":"water","geomType":"pipe","source":"order_55301/NIS_ZH_WVZ.dxf","_dedupKey":"2683091.4,1247055.7|2683095.3,1247045.5"}},{"type":"Feature","geometry":{"type":"LineString","coordinates":[[8.53877114998414,47.369016225746215],[8.538768166881457,47.36901539062569],[8.538765117218272,47.36901453814879],[8.53875977490982,47.3690065293759],[8.538740369089826,47.368997134375206]]},"properties":{"layer":"LKZ1315-MLU1","infraType":"water","geomType":"pipe","source":"order_55301/NIS_ZH_WVZ.dxf","_dedupKey":"2683092.7,1247043.9|2683095,1247046.1"}},{"type":"Feature","geometry":{"type":"LineString","coordinates":[[8.538775324168737,47.36901061798594],[8.538779320959739,47.36901181225204],[8.53879023219822,47.3690150725079]]},"properties":{"layer":"LKZ1317-MLU1","infraType":"water","geomType":"pipe","source":"order_55301/NIS_ZH_WVZ.dxf","_dedupKey":"2683095.3,1247045.5|2683096.5,1247046"}},{"type":"Feature","geometry":{"type":"LineString","coordinates":[[8.53879023219822,47.3690150725079],[8.538817143660001,47.36902310070328],[8.538832781695467,47.369026999561726]]},"properties":{"layer":"LKZ1317-MLU1","infraType":"water","geomType":"pipe","source":"order_55301/NIS_ZH_WVZ.dxf","_dedupKey":"2683096.5,1247046|2683099.6,1247047.3"}},{"type":"Feature","geometry":{"type":"LineString","coordinates":[[8.538775324168737,47.36901061798594],[8.538778246387853,47.36900657831237]]},"properties":{"layer":"LKZ1315-MLU1","infraType":"water","geomType":"pipe","source":"order_55301/NIS_ZH_WVZ.dxf","_dedupKey":"2683095.3,1247045.5|2683095.6,1247045"}},{"type":"Feature","geometry":{"type":"LineString","coordinates":[[8.53888500421284,47.36878525203811],[8.538886908222242,47.36878320099511]]},"properties":{"layer":"LKZ1315-MLU1","infraType":"water","geomType":"pipe","source":"order_55301/NIS_ZH_WVZ.dxf","_dedupKey":"2683104,1247020.5|2683104.1,1247020.3"}},{"type":"Feature","geometry":{"type":"LineString","coordinates":[[8.538886908222242,47.36878320099511],[8.538895954372714,47.36877436253355],[8.53888755823558,47.36877043067743],[8.538885032342966,47.36876929436441]]},"properties":{"layer":"LKZ1315-MLU1","infraType":"water","geomType":"pipe","source":"order_55301/NIS_ZH_WVZ.dxf","_dedupKey":"2683104,1247018.7|2683104.1,1247020.3"}},{"type":"Feature","geometry":{"type":"LineString","coordinates":[[8.538724953843994,47.3691034779951],[8.538728174240855,47.36910297957375],[8.538733110553641,47.36910222193946]]},"properties":{"layer":"LKZ1314-MLU1","infraType":"water","geomType":"pipe","source":"order_55301/NIS_ZH_WVZ.dxf","_dedupKey":"2683091.4,1247055.7|2683092,1247055.6"}},{"type":"Feature","geometry":{"type":"LineString","coordinates":[[8.538733110553641,47.36910222193946],[8.538879131335335,47.3691268180359],[8.538955278882776,47.36913907263581],[8.539091215457445,47.36916069718626],[8.539176682485193,47.36917414015797],[8.53919012165226,47.36918183788556],[8.53921101397104,47.36918498500456],[8.539217113200394,47.369186042284795],[8.539223051161112,47.36918698416433],[8.539239269252413,47.36918947419674],[8.539251351574924,47.36918917016388],[8.539395532787205,47.369211219521226],[8.539399133636216,47.3692118328545]]},"properties":{"layer":"LKZ1314-MLU1","infraType":"water","geomType":"pipe","source":"order_55301/NIS_ZH_WVZ.dxf","_dedupKey":"2683092,1247055.6|2683142.1,1247068.5"}},{"type":"Feature","geometry":{"type":"LineString","coordinates":[[8.539661747053374,47.368563765333306],[8.539655051023361,47.36858253009758],[8.539635952100085,47.36863286915897]]},"properties":{"layer":"LKZ1314-MLU1","infraType":"water","geomType":"pipe","source":"order_55301/NIS_ZH_WVZ.dxf","_dedupKey":"2683160.9,1247004.4|2683163,1246996.7"}},{"type":"Feature","geometry":{"type":"LineString","coordinates":[[8.539635952100085,47.36863286915897],[8.539595990750698,47.36873791773498],[8.539586821858826,47.368763245544756],[8.539562008590751,47.368831809275996],[8.539562511645391,47.368836293063865],[8.539546558845712,47.36888447026403],[8.53954255996851,47.36888830433658],[8.539531219187138,47.36891938275669],[8.539434481715974,47.36917700853895],[8.539420741541289,47.36921308413329],[8.539419912594845,47.369215259866074]]},"properties":{"layer":"LKZ1314-MLU1","infraType":"water","geomType":"pipe","source":"order_55301/NIS_ZH_WVZ.dxf","_dedupKey":"2683143.7,1247068.9|2683160.9,1247004.4"}},{"type":"Feature","geometry":{"type":"LineString","coordinates":[[8.539595990750698,47.36873791773498],[8.539588069070001,47.36873644607961]]},"properties":{"layer":"LKZ1317-MLU1","infraType":"water","geomType":"pipe","source":"order_55301/NIS_ZH_WVZ.dxf","_dedupKey":"2683157.1,1247015.8|2683157.7,1247016"}},{"type":"Feature","geometry":{"type":"LineString","coordinates":[[8.539588069070001,47.36873644607961],[8.539567254524936,47.368732569680844]]},"properties":{"layer":"LKZ1317-MLU1","infraType":"water","geomType":"pipe","source":"order_55301/NIS_ZH_WVZ.dxf","_dedupKey":"2683155.6,1247015.4|2683157.1,1247015.8"}},{"type":"Feature","geometry":{"type":"LineString","coordinates":[[8.539567254524936,47.368732569680844],[8.539560621927878,47.36873132860522]]},"properties":{"layer":"LKZ1317-MLU1","infraType":"water","geomType":"pipe","source":"order_55301/NIS_ZH_WVZ.dxf","_dedupKey":"2683155.1,1247015.2|2683155.6,1247015.4"}},{"type":"Feature","geometry":{"type":"LineString","coordinates":[[8.539531219187138,47.36891938275669],[8.539527291681836,47.36891897942979],[8.539479582387022,47.36891109565974]]},"properties":{"layer":"LKZ1315-MLU1","infraType":"water","geomType":"pipe","source":"order_55301/NIS_ZH_WVZ.dxf","_dedupKey":"2683148.7,1247035.1|2683152.6,1247036.1"}},{"type":"Feature","geometry":{"type":"LineString","coordinates":[[8.539479582387022,47.36891109565974],[8.539442590036685,47.36890475584154]]},"properties":{"layer":"LKZ1315-MLU1","infraType":"water","geomType":"pipe","source":"order_55301/NIS_ZH_WVZ.dxf","_dedupKey":"2683145.9,1247034.4|2683148.7,1247035.1"}},{"type":"Feature","geometry":{"type":"LineString","coordinates":[[8.539442590036685,47.36890475584154],[8.539422616849388,47.36890123120369]]},"properties":{"layer":"LKZ1315-MLU1","infraType":"water","geomType":"pipe","source":"order_55301/NIS_ZH_WVZ.dxf","_dedupKey":"2683144.4,1247034|2683145.9,1247034.4"}},{"type":"Feature","geometry":{"type":"LineString","coordinates":[[8.539805810391728,47.36849108728739],[8.53980857108816,47.36849141177757],[8.539813950395684,47.3684922330204],[8.539830955089291,47.3684949943187]]},"properties":{"layer":"LKZ1317-MLU1","infraType":"water","geomType":"pipe","source":"order_55301/NIS_ZH_WVZ.dxf","_dedupKey":"2683174,1246988.8|2683175.9,1246989.3"}},{"type":"Feature","geometry":{"type":"LineString","coordinates":[[8.539769239302741,47.368588457725075],[8.53976713122893,47.36859472945741],[8.539745431647194,47.36865248735098]]},"properties":{"layer":"LKZ1314-MLU1","infraType":"water","geomType":"pipe","source":"order_55301/NIS_ZH_WVZ.dxf","_dedupKey":"2683169.2,1247006.7|2683171.1,1246999.6"}},{"type":"Feature","geometry":{"type":"LineString","coordinates":[[8.53976713122893,47.36859472945741],[8.539769839908256,47.36859509942026],[8.539776538124784,47.36859631287273],[8.539846532946042,47.3686081487973]]},"properties":{"layer":"LKZ1315-MLU1","infraType":"water","geomType":"pipe","source":"order_55301/NIS_ZH_WVZ.dxf","_dedupKey":"2683170.9,1247000.3|2683176.9,1247001.8"}},{"type":"Feature","geometry":{"type":"LineString","coordinates":[[8.539846532946042,47.3686081487973],[8.539858211680746,47.368610106332085]]},"properties":{"layer":"LKZ1315-MLU1","infraType":"water","geomType":"pipe","source":"order_55301/NIS_ZH_WVZ.dxf","_dedupKey":"2683176.9,1247001.8|2683177.7,1247002.1"}},{"type":"Feature","geometry":{"type":"LineString","coordinates":[[8.539745431647194,47.36865248735098],[8.53967628179858,47.368836054096164],[8.539675452868446,47.36883822983102]]},"properties":{"layer":"LKZ1314-MLU1","infraType":"water","geomType":"pipe","source":"order_55301/NIS_ZH_WVZ.dxf","_dedupKey":"2683163.6,1247027.2|2683169.2,1247006.7"}},{"type":"Feature","geometry":{"type":"LineString","coordinates":[[8.539602173103283,47.369030849033216],[8.539627235591622,47.36903525162771]]},"properties":{"layer":"LKZ1317-MLU1","infraType":"water","geomType":"pipe","source":"order_55301/NIS_ZH_WVZ.dxf","_dedupKey":"2683157.8,1247048.6|2683159.6,1247049.1"}},{"type":"Feature","geometry":{"type":"LineString","coordinates":[[8.540016301327467,47.368845270488386],[8.540021843066306,47.36882767708636]]},"properties":{"layer":"LKZ1315-MLU1","infraType":"water","geomType":"pipe","source":"order_55301/NIS_ZH_WVZ.dxf","_dedupKey":"2683189.3,1247028.4|2683189.8,1247026.4"}},{"type":"Feature","geometry":{"type":"LineString","coordinates":[[8.539777890342,47.368850224267916],[8.53968378568254,47.3688397335418]]},"properties":{"layer":"LKZ1314-MLU1","infraType":"water","geomType":"pipe","source":"order_55301/NIS_ZH_WVZ.dxf","_dedupKey":"2683164.2,1247027.4|2683171.3,1247028.7"}},{"type":"Feature","geometry":{"type":"LineString","coordinates":[[8.53968378568254,47.3688397335418],[8.539678655631697,47.36883880197462],[8.539675452868446,47.36883822983102]]},"properties":{"layer":"LKZ1314-MLU1","infraType":"water","geomType":"pipe","source":"order_55301/NIS_ZH_WVZ.dxf","_dedupKey":"2683163.6,1247027.2|2683164.2,1247027.4"}},{"type":"Feature","geometry":{"type":"LineString","coordinates":[[8.5407375003894,47.36884617174617],[8.54073491101701,47.36884580966253]]},"properties":{"layer":"LKZ1315-MLU1","infraType":"water","geomType":"pipe","source":"order_55301/NIS_ZH_WVZ.dxf","_dedupKey":"2683243.6,1247029.2|2683243.8,1247029.3"}},{"type":"Feature","geometry":{"type":"LineString","coordinates":[[8.539891561683884,47.36785049802165],[8.539890626505596,47.367852656781714],[8.539885923580483,47.36786342385424],[8.539877201157035,47.36788343130025],[8.539871550876843,47.36789704987532],[8.53986574081142,47.36791318861819],[8.539855283256111,47.36794662438867],[8.539876725832054,47.36799373447579],[8.53974482040858,47.368348546804356],[8.539740173559313,47.368361391215544],[8.539665979470247,47.368553290603586],[8.539661747053374,47.368563765333306]]},"properties":{"layer":"LKZ1314-MLU1","infraType":"water","geomType":"pipe","source":"order_55301/NIS_ZH_WVZ.dxf","_dedupKey":"2683163,1246996.7|2683181.4,1246917.7"}},{"type":"Feature","geometry":{"type":"LineString","coordinates":[[8.539769239302741,47.368588457725075],[8.539772852635327,47.368578780467395],[8.539805810391728,47.36849108728739],[8.53983019691601,47.368433294764905],[8.539851725152284,47.36837814707938],[8.539871902632735,47.36832427158984],[8.53988350982737,47.36831700077132],[8.539908409299516,47.368251359558634],[8.539911827177166,47.36824183707654],[8.539903513541608,47.368231643876776],[8.539979746265612,47.36803658555453],[8.54000294810777,47.368002218680466],[8.540032066293696,47.36794532547329],[8.540036004163486,47.367937902894845],[8.540057986180871,47.36789320320687],[8.540060108039551,47.36788888328547],[8.540061162907412,47.36788675036801]]},"properties":{"layer":"LKZ1314-MLU1","infraType":"water","geomType":"pipe","source":"order_55301/NIS_ZH_WVZ.dxf","_dedupKey":"2683171.1,1246999.6|2683194.2,1246921.9"}},{"type":"Feature","geometry":{"type":"LineString","coordinates":[[8.541858705494922,47.36787392079614],[8.541897339640034,47.36787452323128]]},"properties":{"layer":"LKZ1315-MLU1","infraType":"water","geomType":"pipe","source":"order_55301/NIS_ZH_WVZ.dxf","_dedupKey":"2683330,1246922.4|2683332.9,1246922.5"}},{"type":"Feature","geometry":{"type":"LineString","coordinates":[[8.541750248888968,47.36833174903922],[8.5417153745415,47.368334339905836]]},"properties":{"layer":"LKZ1315-MLU1","infraType":"water","geomType":"pipe","source":"order_55301/NIS_ZH_WVZ.dxf","_dedupKey":"2683318.4,1246973.4|2683321.1,1246973.1"}},{"type":"Feature","geometry":{"type":"LineString","coordinates":[[8.538531315139542,47.36768290918163],[8.538536204185323,47.367683717161896],[8.53860059755224,47.367696866497724],[8.538623518496314,47.36770018329659]]},"properties":{"layer":"LKZ1313-MLU1","infraType":"water","geomType":"pipe","source":"order_55301/NIS_ZH_WVZ.dxf","_dedupKey":"2683079,1246897.6|2683085.9,1246899.6"}},{"type":"Feature","geometry":{"type":"LineString","coordinates":[[8.53845432020997,47.36945655152905],[8.538332504142096,47.36931650552126],[8.538087085517438,47.369133946583176],[8.538020140073225,47.36908315853719],[8.53796715675745,47.369042959782924],[8.53796053892873,47.36903794051052],[8.537958319624568,47.369036261550036]]},"properties":{"layer":"LKZ1314-MLU1","infraType":"water","geomType":"pipe","source":"order_55301/NIS_ZH_WVZ.dxf","_dedupKey":"2683033.6,1247047.4|2683070.4,1247094.7"}},{"type":"Feature","geometry":{"type":"LineString","coordinates":[[8.537958319624568,47.369036261550036],[8.537956113743896,47.3690345914569],[8.53795158061644,47.36903114448382],[8.537945218390623,47.36902632067111],[8.537943283186522,47.36901658834412],[8.537939441667191,47.36899724035202],[8.537938540313165,47.36899269738343],[8.537913961033544,47.36897512092018]]},"properties":{"layer":"LKZ1314-MLU1","infraType":"water","geomType":"pipe","source":"order_55301/NIS_ZH_WVZ.dxf","_dedupKey":"2683030.3,1247040.6|2683033.6,1247047.4"}},{"type":"Feature","geometry":{"type":"LineString","coordinates":[[8.537913961033544,47.36897512092018],[8.537910914910011,47.36897443929503],[8.537892211123268,47.368972755313],[8.537689725621187,47.368824454236425],[8.53767472091081,47.368814018716385],[8.537660290005766,47.36881407507836],[8.537650176302487,47.36881417131499],[8.537645051778377,47.36881414811566]]},"properties":{"layer":"LKZ1314-MLU1","infraType":"water","geomType":"pipe","source":"order_55301/NIS_ZH_WVZ.dxf","_dedupKey":"2683010.3,1247022.4|2683030.3,1247040.6"}},{"type":"Feature","geometry":{"type":"LineString","coordinates":[[8.537645051778377,47.36881414811566],[8.537618437544461,47.36881474317296],[8.537549018465487,47.36877622979263]]},"properties":{"layer":"LKZ1314-MLU1","infraType":"water","geomType":"pipe","source":"order_55301/NIS_ZH_WVZ.dxf","_dedupKey":"2683003.1,1247018.1|2683010.3,1247022.4"}},{"type":"Feature","geometry":{"type":"LineString","coordinates":[[8.537660290005766,47.36881407507836],[8.53766087206831,47.368819187782016],[8.53766118495922,47.36882216220043]]},"properties":{"layer":"LKZ1315-MLU1","infraType":"water","geomType":"pipe","source":"order_55301/NIS_ZH_WVZ.dxf","_dedupKey":"2683011.4,1247022.4|2683011.5,1247023.3"}},{"type":"Feature","geometry":{"type":"LineString","coordinates":[[8.537650717179485,47.36883205752826],[8.53762382417002,47.36884738930044],[8.537618900807162,47.368850701387636]]},"properties":{"layer":"LKZ1315-MLU1","infraType":"water","geomType":"pipe","source":"order_55301/NIS_ZH_WVZ.dxf","_dedupKey":"2683008.2,1247026.5|2683010.7,1247024.4"}},{"type":"Feature","geometry":{"type":"LineString","coordinates":[[8.53766118495922,47.36882216220043],[8.537661785227389,47.368826231293],[8.537650717179485,47.36883205752826]]},"properties":{"layer":"LKZ1315-MLU1","infraType":"water","geomType":"pipe","source":"order_55301/NIS_ZH_WVZ.dxf","_dedupKey":"2683010.7,1247024.4|2683011.5,1247023.3"}},{"type":"Feature","geometry":{"type":"LineString","coordinates":[[8.53844354119033,47.36928129365956],[8.538401079185762,47.36923638939674],[8.538368954234157,47.36921311898441],[8.538254701901275,47.36913032698583],[8.538245655693935,47.36912376569244],[8.538190578910294,47.36908350601381],[8.538191205523647,47.36907857969943],[8.538185188872607,47.369074463226994],[8.538179588718798,47.36907063962928],[8.538172013557187,47.369069920170766],[8.538165293327172,47.36906507279267],[8.538144004152596,47.369049740830256],[8.538101088597767,47.36902391050119],[8.538097321267703,47.36902164360417],[8.538092401069967,47.36901291117089],[8.538079767945334,47.36900512468776],[8.538077313881201,47.369003618872185]]},"properties":{"layer":"LKZ1314-MLU1","infraType":"water","geomType":"pipe","source":"order_55301/NIS_ZH_WVZ.dxf","_dedupKey":"2683042.6,1247043.9|2683069.9,1247075.2"}},{"type":"Feature","geometry":{"type":"LineString","coordinates":[[8.538245655693935,47.36912376569244],[8.538247772778773,47.36912241425397],[8.538250383999234,47.369120626343616],[8.538252014064028,47.36911941446902],[8.53826081545592,47.369113465834204],[8.53828336267455,47.369097995387065]]},"properties":{"layer":"LKZ1315-MLU1","infraType":"water","geomType":"pipe","source":"order_55301/NIS_ZH_WVZ.dxf","_dedupKey":"2683055.2,1247057.5|2683058,1247054.6"}},{"type":"Feature","geometry":{"type":"LineString","coordinates":[[8.537180578346618,47.36844282128644],[8.537192250346223,47.36843032394195],[8.537197426717606,47.36841937258037],[8.537203550083884,47.368403617794115],[8.537222303276256,47.368392933079534],[8.537224505131196,47.36839055540564],[8.537233860928314,47.36837617311518],[8.53736918589988,47.36818902795947],[8.537370533778578,47.36818697323685],[8.537371881657176,47.36818491851423],[8.537420062357684,47.36811551229351]]},"properties":{"layer":"LKZ1314-MLU1","infraType":"water","geomType":"pipe","source":"order_55301/NIS_ZH_WVZ.dxf","_dedupKey":"2682975.8,1246980.6|2682994.4,1246944.5"}},{"type":"Feature","geometry":{"type":"LineString","coordinates":[[8.537370533778578,47.36818697323685],[8.53737344239171,47.368188051970854],[8.537380381222171,47.36819066651669]]},"properties":{"layer":"LKZ1315-MLU1","infraType":"water","geomType":"pipe","source":"order_55301/NIS_ZH_WVZ.dxf","_dedupKey":"2682990.5,1246952.4|2682991.3,1246952.8"}},{"type":"Feature","geometry":{"type":"LineString","coordinates":[[8.537380381222171,47.36819066651669],[8.537403329463551,47.36819915551288]]},"properties":{"layer":"LKZ1315-MLU1","infraType":"water","geomType":"pipe","source":"order_55301/NIS_ZH_WVZ.dxf","_dedupKey":"2682991.3,1246952.8|2682993,1246953.8"}},{"type":"Feature","geometry":{"type":"LineString","coordinates":[[8.537403329463551,47.36819915551288],[8.537429338430194,47.36820903662052],[8.537435489754785,47.36821134382466]]},"properties":{"layer":"LKZ1315-MLU1","infraType":"water","geomType":"pipe","source":"order_55301/NIS_ZH_WVZ.dxf","_dedupKey":"2682993,1246953.8|2682995.4,1246955.2"}},{"type":"Feature","geometry":{"type":"LineString","coordinates":[[8.536912135806988,47.36968790150472],[8.536914338943948,47.3696862254478],[8.536920133812593,47.369682149512904],[8.536931574822194,47.369682202633136],[8.536949131607262,47.3696866861761],[8.537001998358305,47.36968075037333],[8.537014906198413,47.36967038214773],[8.537357158298612,47.36945878121931],[8.53744612269329,47.36940422483861],[8.537463966484761,47.369390517376445],[8.537465344480438,47.36938157208117],[8.537479539948698,47.369371371454],[8.537493208358988,47.36937028792799],[8.53752180458738,47.36935278115036],[8.537565591975333,47.36932584683196],[8.537690600303291,47.36925091510298],[8.53789930879435,47.36912175543817],[8.537900919118158,47.3691035339223],[8.537902957219895,47.36907459510764],[8.537903787850798,47.36907121401966],[8.537914257318569,47.36906461087954],[8.537918650354953,47.36906190650269],[8.537922425290086,47.369059405901965]]},"properties":{"layer":"LKZ1314-MLU1","infraType":"water","geomType":"pipe","source":"order_55301/NIS_ZH_WVZ.dxf","_dedupKey":"2682953.6,1247118.8|2683030.8,1247050"}},{"type":"Feature","geometry":{"type":"LineString","coordinates":[[8.537922425290086,47.369059405901965],[8.537955861318203,47.36903776015344],[8.537958319624568,47.369036261550036]]},"properties":{"layer":"LKZ1314-MLU1","infraType":"water","geomType":"pipe","source":"order_55301/NIS_ZH_WVZ.dxf","_dedupKey":"2683030.8,1247050|2683033.6,1247047.4"}},{"type":"Feature","geometry":{"type":"LineString","coordinates":[[8.537900919118158,47.3691035339223],[8.537893723518714,47.3691032426004],[8.537892398430253,47.36910319224583]]},"properties":{"layer":"LKZ1315-MLU1","infraType":"water","geomType":"pipe","source":"order_55301/NIS_ZH_WVZ.dxf","_dedupKey":"2683028.5,1247054.8|2683029.1,1247054.9"}},{"type":"Feature","geometry":{"type":"LineString","coordinates":[[8.538077313881201,47.369003618872185],[8.538079543614439,47.369001951534],[8.538100922752358,47.36898633932352],[8.538134644619097,47.36895994135949],[8.53814660251429,47.36894397806357],[8.53816048078552,47.36892483019049]]},"properties":{"layer":"LKZ1314-MLU1","infraType":"water","geomType":"pipe","source":"order_55301/NIS_ZH_WVZ.dxf","_dedupKey":"2683042.6,1247043.9|2683049,1247035.3"}},{"type":"Feature","geometry":{"type":"LineString","coordinates":[[8.538323456680004,47.3685871836169],[8.538315206098954,47.368584527645744],[8.53829533946926,47.368576531207694]]},"properties":{"layer":"LKZ1315-MLU1","infraType":"water","geomType":"pipe","source":"order_55301/NIS_ZH_WVZ.dxf","_dedupKey":"2683059.8,1246996.7|2683061.9,1246997.9"}},{"type":"Feature","geometry":{"type":"LineString","coordinates":[[8.5377656493593,47.36767129045983],[8.537773800546574,47.367674271240986],[8.537793847499842,47.36767497997404],[8.537824734491275,47.36768578604565],[8.5378264960978,47.367688386870775],[8.537827592517868,47.36768890715022]]},"properties":{"layer":"LKZ1315-MLU1","infraType":"water","geomType":"pipe","source":"order_55301/NIS_ZH_WVZ.dxf","_dedupKey":"2683021.2,1246895.5|2683025.8,1246897.5"}},{"type":"Feature","geometry":{"type":"LineString","coordinates":[[8.540344722618158,47.36793900628452],[8.540256473494328,47.36792796544715],[8.540226976834946,47.36792424394144],[8.540097402037464,47.36790793018571],[8.540070947958185,47.367888698953884],[8.540064340443124,47.3678873857073],[8.540061162907412,47.36788675036801]]},"properties":{"layer":"LKZ1314-MLU1","infraType":"water","geomType":"pipe","source":"order_55301/NIS_ZH_WVZ.dxf","_dedupKey":"2683194.2,1246921.9|2683215.5,1246928"}},{"type":"Feature","geometry":{"type":"LineString","coordinates":[[8.54104318617537,47.36808957698567],[8.541058225200915,47.36803954627569],[8.541058894652629,47.36803734506641]]},"properties":{"layer":"LKZ1314-MLU1","infraType":"water","geomType":"pipe","source":"order_55301/NIS_ZH_WVZ.dxf","_dedupKey":"2683268.1,1246945.5|2683269.3,1246939.7"}},{"type":"Feature","geometry":{"type":"LineString","coordinates":[[8.5410700051443,47.36802591410739],[8.541061211257942,47.36802964108671],[8.541046943960625,47.36803567809458],[8.541037795630714,47.36803955237777],[8.540528772824324,47.36796901240586],[8.540343315425574,47.36794331039896]]},"properties":{"layer":"LKZ1319-MLU1","infraType":"water","geomType":"pipe","source":"order_55301/NIS_ZH_WVZ.dxf","_dedupKey":"2683215.4,1246928.5|2683270.2,1246938.4"}},{"type":"Feature","geometry":{"type":"LineString","coordinates":[[8.541058894652629,47.36803734506641],[8.541055654627653,47.368036890254075],[8.541046943960625,47.36803567809458],[8.540530264711428,47.36796368203272],[8.540508237108147,47.36796131956999],[8.540344722618158,47.36793900628452]]},"properties":{"layer":"LKZ1314-MLU1","infraType":"water","geomType":"pipe","source":"order_55301/NIS_ZH_WVZ.dxf","_dedupKey":"2683215.5,1246928|2683269.3,1246939.7"}},{"type":"Feature","geometry":{"type":"LineString","coordinates":[[8.541750120088974,47.367930745957345],[8.541688012744025,47.367932787356224]]},"properties":{"layer":"LKZ1315-MLU1","infraType":"water","geomType":"pipe","source":"order_55301/NIS_ZH_WVZ.dxf","_dedupKey":"2683317,1246928.7|2683321.7,1246928.6"}},{"type":"Feature","geometry":{"type":"LineString","coordinates":[[8.540530264711428,47.36796368203272],[8.540529526780936,47.36796641460651],[8.540529390276058,47.36796685667174]]},"properties":{"layer":"LKZ1315-MLU1","infraType":"water","geomType":"pipe","source":"order_55301/NIS_ZH_WVZ.dxf","_dedupKey":"2683229.4,1246931.3|2683229.5,1246930.9"}},{"type":"Feature","geometry":{"type":"LineString","coordinates":[[8.540529390276058,47.36796685667174],[8.540528772824324,47.36796901240586],[8.54052846437729,47.36797010376297],[8.540533623125182,47.36797627020147],[8.540486222497735,47.36809538657136]]},"properties":{"layer":"LKZ1315-MLU1","infraType":"water","geomType":"pipe","source":"order_55301/NIS_ZH_WVZ.dxf","_dedupKey":"2683226,1246945.5|2683229.4,1246931.3"}},{"type":"Feature","geometry":{"type":"LineString","coordinates":[[8.540012860158148,47.36885430745528],[8.540016301327467,47.368845270488386]]},"properties":{"layer":"LKZ1315-MLU1","infraType":"water","geomType":"pipe","source":"order_55301/NIS_ZH_WVZ.dxf","_dedupKey":"2683189,1247029.4|2683189.3,1247028.4"}},{"type":"Feature","geometry":{"type":"LineString","coordinates":[[8.540203779506841,47.368875712206915],[8.540204778921174,47.368872176573305]]},"properties":{"layer":"LKZ1315-MLU1","infraType":"water","geomType":"pipe","source":"order_55301/NIS_ZH_WVZ.dxf","_dedupKey":"2683203.4,1247032|2683203.5,1247031.6"}},{"type":"Feature","geometry":{"type":"LineString","coordinates":[[8.539777890342,47.368850224267916],[8.539794213564132,47.36885203858279],[8.539812273463852,47.368847548723124],[8.5400120408923,47.36887553484304],[8.540086749265571,47.36888606635497],[8.540196918811914,47.36889995662352],[8.540226752345273,47.368903935787465],[8.540244941535734,47.36890634391245],[8.540260276226942,47.36890837447881],[8.540269586253231,47.36890975188978],[8.540347972349384,47.36892140853015],[8.540415071026816,47.36893082505683],[8.540472292693714,47.368938977501614],[8.540536938693505,47.36894823745283],[8.540668405488363,47.368966916399415],[8.540681067912798,47.36896457377554],[8.540693307840124,47.3689622891526],[8.540732665158965,47.36896773347454]]},"properties":{"layer":"LKZ1314-MLU1","infraType":"water","geomType":"pipe","source":"order_55301/NIS_ZH_WVZ.dxf","_dedupKey":"2683171.3,1247028.7|2683243.2,1247042.8"}},{"type":"Feature","geometry":{"type":"LineString","coordinates":[[8.540210789914687,47.3688542278751],[8.540204778921174,47.368872176573305]]},"properties":{"layer":"LKZ1315-MLU1","infraType":"water","geomType":"pipe","source":"order_55301/NIS_ZH_WVZ.dxf","_dedupKey":"2683203.5,1247031.6|2683204,1247029.6"}},{"type":"Feature","geometry":{"type":"LineString","coordinates":[[8.540536018765902,47.36895113367492],[8.540536155459153,47.368950700603236],[8.540536938693505,47.36894823745283]]},"properties":{"layer":"LKZ1315-MLU1","infraType":"water","geomType":"pipe","source":"order_55301/NIS_ZH_WVZ.dxf","_dedupKey":"2683228.4,1247040.7|2683228.5,1247040.4"}},{"type":"Feature","geometry":{"type":"LineString","coordinates":[[8.541119948129577,47.368300599345844],[8.541138750366382,47.368303208365624]]},"properties":{"layer":"LKZ1315-MLU1","infraType":"water","geomType":"pipe","source":"order_55301/NIS_ZH_WVZ.dxf","_dedupKey":"2683273.5,1246969|2683274.9,1246969.3"}},{"type":"Feature","geometry":{"type":"LineString","coordinates":[[8.541034602574333,47.3682885059329],[8.541119948129577,47.368300599345844]]},"properties":{"layer":"LKZ1315-MLU1","infraType":"water","geomType":"pipe","source":"order_55301/NIS_ZH_WVZ.dxf","_dedupKey":"2683267.1,1246967.6|2683273.5,1246969"}},{"type":"Feature","geometry":{"type":"LineString","coordinates":[[8.537892398430253,47.36910319224583],[8.537890423757288,47.36910310309789]]},"properties":{"layer":"LKZ1315-MLU1","infraType":"water","geomType":"pipe","source":"order_55301/NIS_ZH_WVZ.dxf","_dedupKey":"2683028.4,1247054.8|2683028.5,1247054.8"}},{"type":"Feature","geometry":{"type":"LineString","coordinates":[[8.537890423757288,47.36910310309789],[8.537865908230431,47.36910210408473],[8.53781530105613,47.36906412244064]]},"properties":{"layer":"LKZ1315-MLU1","infraType":"water","geomType":"pipe","source":"order_55301/NIS_ZH_WVZ.dxf","_dedupKey":"2683022.7,1247050.4|2683028.4,1247054.8"}},{"type":"Feature","geometry":{"type":"LineString","coordinates":[[8.540226976834946,47.36792424394144],[8.540229229640422,47.367916009873326]]},"properties":{"layer":"LKZ1315-MLU1","infraType":"water","geomType":"pipe","source":"order_55301/NIS_ZH_WVZ.dxf","_dedupKey":"2683206.7,1246926.2|2683206.9,1246925.3"}},{"type":"Feature","geometry":{"type":"LineString","coordinates":[[8.541897339640034,47.36787452323128],[8.541903221409985,47.367874673934814],[8.541908407292745,47.3678399210588],[8.542076809011775,47.36785141823039]]},"properties":{"layer":"LKZ1315-MLU1","infraType":"water","geomType":"pipe","source":"order_55301/NIS_ZH_WVZ.dxf","_dedupKey":"2683332.9,1246922.5|2683346.5,1246920.1"}},{"type":"Feature","geometry":{"type":"LineString","coordinates":[[8.538077313881201,47.369003618872185],[8.5380748728696,47.36900210393709]]},"properties":{"layer":"LKZ1314-MLU1","infraType":"water","geomType":"pipe","source":"order_55301/NIS_ZH_WVZ.dxf","_dedupKey":"2683042.4,1247043.8|2683042.6,1247043.9"}},{"type":"Feature","geometry":{"type":"LineString","coordinates":[[8.540732665158965,47.36896773347454],[8.540767308541003,47.36897252114316],[8.540770548620431,47.36897297596349]]},"properties":{"layer":"LKZ1314-MLU1","infraType":"water","geomType":"pipe","source":"order_55301/NIS_ZH_WVZ.dxf","_dedupKey":"2683243.2,1247042.8|2683246.1,1247043.4"}},{"type":"Feature","geometry":{"type":"LineString","coordinates":[[8.540770548620431,47.36897297596349],[8.540773813874061,47.368973367577404],[8.540777066075817,47.36897376831087]]},"properties":{"layer":"LKZ1314-MLU1","infraType":"water","geomType":"pipe","source":"order_55301/NIS_ZH_WVZ.dxf","_dedupKey":"2683246.1,1247043.4|2683246.6,1247043.5"}},{"type":"Feature","geometry":{"type":"LineString","coordinates":[[8.540786178718529,47.36874594193671],[8.540766046983915,47.36874307569043]]},"properties":{"layer":"LKZ1315-MLU1","infraType":"water","geomType":"pipe","source":"order_55301/NIS_ZH_WVZ.dxf","_dedupKey":"2683246.1,1247017.8|2683247.6,1247018.2"}},{"type":"Feature","geometry":{"type":"LineString","coordinates":[[8.540770548620431,47.36897297596349],[8.540769879145042,47.36897517717044],[8.54076787071856,47.36898178079129],[8.540713019754694,47.36915939185555]]},"properties":{"layer":"LKZ1314-MLU1","infraType":"water","geomType":"pipe","source":"order_55301/NIS_ZH_WVZ.dxf","_dedupKey":"2683241.4,1247064|2683246.1,1247043.4"}},{"type":"Feature","geometry":{"type":"LineString","coordinates":[[8.540838185733213,47.36875292061895],[8.540834294968526,47.3687523730634]]},"properties":{"layer":"LKZ1315-MLU1","infraType":"water","geomType":"pipe","source":"order_55301/NIS_ZH_WVZ.dxf","_dedupKey":"2683251.2,1247018.9|2683251.5,1247019"}},{"type":"Feature","geometry":{"type":"LineString","coordinates":[[8.540834294968526,47.3687523730634],[8.540786178718529,47.36874594193671]]},"properties":{"layer":"LKZ1315-MLU1","infraType":"water","geomType":"pipe","source":"order_55301/NIS_ZH_WVZ.dxf","_dedupKey":"2683247.6,1247018.2|2683251.2,1247018.9"}},{"type":"Feature","geometry":{"type":"LineString","coordinates":[[8.54080717041324,47.36885443911378],[8.540803279641455,47.36885389155717]]},"properties":{"layer":"LKZ1315-MLU1","infraType":"water","geomType":"pipe","source":"order_55301/NIS_ZH_WVZ.dxf","_dedupKey":"2683248.7,1247030.2|2683249,1247030.2"}},{"type":"Feature","geometry":{"type":"LineString","coordinates":[[8.540803279641455,47.36885389155717],[8.540787562535613,47.36885193667338],[8.540769699786336,47.36884994829122],[8.540756070691312,47.36884844122662],[8.5407375003894,47.36884617174617]]},"properties":{"layer":"LKZ1315-MLU1","infraType":"water","geomType":"pipe","source":"order_55301/NIS_ZH_WVZ.dxf","_dedupKey":"2683243.8,1247029.3|2683248.7,1247030.2"}},{"type":"Feature","geometry":{"type":"LineString","coordinates":[[8.540508237108147,47.36796131956999],[8.540509075735578,47.367958334171135],[8.540509646186079,47.36795646673066]]},"properties":{"layer":"LKZ1315-MLU1","infraType":"water","geomType":"pipe","source":"order_55301/NIS_ZH_WVZ.dxf","_dedupKey":"2683227.9,1246930.6|2683228,1246930.1"}},{"type":"Feature","geometry":{"type":"LineString","coordinates":[[8.537760059437117,47.3676692387903],[8.537762740951866,47.36767022072894],[8.5377656493593,47.36767129045983]]},"properties":{"layer":"LKZ1315-MLU1","infraType":"water","geomType":"pipe","source":"order_55301/NIS_ZH_WVZ.dxf","_dedupKey":"2683020.7,1246895.3|2683021.2,1246895.5"}},{"type":"Feature","geometry":{"type":"LineString","coordinates":[[8.538764361563304,47.36830619483684],[8.538811516679992,47.368325750894805]]},"properties":{"layer":"LKZ1315-MLU1","infraType":"water","geomType":"pipe","source":"order_55301/NIS_ZH_WVZ.dxf","_dedupKey":"2683095.6,1246967.1|2683099.1,1246969.4"}},{"type":"Feature","geometry":{"type":"LineString","coordinates":[[8.538174239974017,47.36884663026306],[8.53817760577502,47.36884804644051],[8.538180984814037,47.368849462491845],[8.538183242043091,47.368850412479624],[8.538256567638092,47.36888122441902]]},"properties":{"layer":"LKZ1315-MLU1","infraType":"water","geomType":"pipe","source":"order_55301/NIS_ZH_WVZ.dxf","_dedupKey":"2683050.2,1247026.6|2683056.4,1247030.5"}},{"type":"Feature","geometry":{"type":"LineString","coordinates":[[8.538382968529513,47.36861011231652],[8.538379771304056,47.36860852363196],[8.538323456680004,47.3685871836169]]},"properties":{"layer":"LKZ1315-MLU1","infraType":"water","geomType":"pipe","source":"order_55301/NIS_ZH_WVZ.dxf","_dedupKey":"2683061.9,1246997.9|2683066.3,1247000.5"}},{"type":"Feature","geometry":{"type":"LineString","coordinates":[[8.540196918811914,47.36889995662352],[8.540197671682828,47.36889730486683],[8.540203779506841,47.368875712206915]]},"properties":{"layer":"LKZ1315-MLU1","infraType":"water","geomType":"pipe","source":"order_55301/NIS_ZH_WVZ.dxf","_dedupKey":"2683202.9,1247034.7|2683203.4,1247032"}},{"type":"Feature","geometry":{"type":"LineString","coordinates":[[8.540226752345273,47.368903935787465],[8.540226225076688,47.36890661237813],[8.540218913217108,47.36894426388307],[8.540215409890548,47.36896310617],[8.540215150108335,47.3689639901731]]},"properties":{"layer":"LKZ1315-MLU1","infraType":"water","geomType":"pipe","source":"order_55301/NIS_ZH_WVZ.dxf","_dedupKey":"2683204.2,1247041.8|2683205.1,1247035.1"}},{"type":"Feature","geometry":{"type":"LineString","coordinates":[[8.54035895250146,47.368874825813755],[8.540348778350348,47.36891876526077],[8.540347972349384,47.36892140853015]]},"properties":{"layer":"LKZ1315-MLU1","infraType":"water","geomType":"pipe","source":"order_55301/NIS_ZH_WVZ.dxf","_dedupKey":"2683214.2,1247037.2|2683215.2,1247032"}},{"type":"Feature","geometry":{"type":"LineString","coordinates":[[8.54042887673078,47.3688845032244],[8.540415890262441,47.36892818166067],[8.540415071026816,47.36893082505683]]},"properties":{"layer":"LKZ1315-MLU1","infraType":"water","geomType":"pipe","source":"order_55301/NIS_ZH_WVZ.dxf","_dedupKey":"2683219.3,1247038.3|2683220.4,1247033.2"}},{"type":"Feature","geometry":{"type":"LineString","coordinates":[[8.540086749265571,47.36888606635497],[8.540085924209356,47.368889069610404],[8.540075077047263,47.36892608018317],[8.540070154009038,47.36894285812303]]},"properties":{"layer":"LKZ1315-MLU1","infraType":"water","geomType":"pipe","source":"order_55301/NIS_ZH_WVZ.dxf","_dedupKey":"2683193.2,1247039.3|2683194.6,1247033"}},{"type":"Feature","geometry":{"type":"LineString","coordinates":[[8.538974053611424,47.36796006955941],[8.538969864514337,47.367958535316426],[8.538880078367221,47.367925613858425]]},"properties":{"layer":"LKZ1315-MLU1","infraType":"water","geomType":"pipe","source":"order_55301/NIS_ZH_WVZ.dxf","_dedupKey":"2683104.9,1246924.9|2683112,1246928.9"}},{"type":"Feature","geometry":{"type":"LineString","coordinates":[[8.53881683944437,47.36812688024102],[8.538812753455865,47.36812521008281],[8.538796075778937,47.368118397700165],[8.538786662123552,47.368114556485764],[8.538781895077323,47.368112604968815],[8.538777128217045,47.36811066244505],[8.538757392586502,47.368102592877364]]},"properties":{"layer":"LKZ1315-MLU1","infraType":"water","geomType":"pipe","source":"order_55301/NIS_ZH_WVZ.dxf","_dedupKey":"2683095.4,1246944.5|2683099.8,1246947.3"}},{"type":"Feature","geometry":{"type":"LineString","coordinates":[[8.5400120408923,47.36887553484304],[8.540012915187601,47.36887235121543],[8.540013751627393,47.36886925790041],[8.540009682724822,47.36886457424356],[8.540012860158148,47.36885430745528]]},"properties":{"layer":"LKZ1315-MLU1","infraType":"water","geomType":"pipe","source":"order_55301/NIS_ZH_WVZ.dxf","_dedupKey":"2683188.9,1247031.7|2683189,1247029.4"}},{"type":"Feature","geometry":{"type":"LineString","coordinates":[[8.53880508024012,47.368139621455114],[8.538806804046065,47.368140387613536],[8.53881345839392,47.368143328609364],[8.538815154425526,47.368144032066134],[8.538829484465603,47.368150003274074]]},"properties":{"layer":"LKZ1317-MLU1","infraType":"water","geomType":"pipe","source":"order_55301/NIS_ZH_WVZ.dxf","_dedupKey":"2683098.9,1246948.7|2683100.8,1246949.8"}},{"type":"Feature","geometry":{"type":"LineString","coordinates":[[8.540777066075817,47.36897376831087],[8.540787101048394,47.36897498584487],[8.540948394705891,47.36899474710883]]},"properties":{"layer":"LKZ1314-MLU1","infraType":"water","geomType":"pipe","source":"order_55301/NIS_ZH_WVZ.dxf","_dedupKey":"2683246.6,1247043.5|2683259.5,1247046"}},{"type":"Feature","geometry":{"type":"LineString","coordinates":[[8.541237340953522,47.36906320372104],[8.54122767539618,47.36910289267959]]},"properties":{"layer":"LKZ1319-MLU1","infraType":"water","geomType":"pipe","source":"order_55301/NIS_ZH_WVZ.dxf","_dedupKey":"2683280.4,1247058.3|2683281.2,1247053.9"}},{"type":"Feature","geometry":{"type":"LineString","coordinates":[[8.541228694776812,47.36904719392277],[8.541227982040795,47.369049863293704],[8.5412271458547,47.36905296561076]]},"properties":{"layer":"LKZ1314-MLU1","infraType":"water","geomType":"pipe","source":"order_55301/NIS_ZH_WVZ.dxf","_dedupKey":"2683280.4,1247052.8|2683280.6,1247052.1"}},{"type":"Feature","geometry":{"type":"LineString","coordinates":[[8.5412271458547,47.36905296561076],[8.541226544074728,47.3690552381355],[8.541236102695155,47.369056469173245],[8.541235254512518,47.36906091188345]]},"properties":{"layer":"LKZ1314-MLU1","infraType":"water","geomType":"pipe","source":"order_55301/NIS_ZH_WVZ.dxf","_dedupKey":"2683280.4,1247052.8|2683281,1247053.7"}},{"type":"Feature","geometry":{"type":"LineString","coordinates":[[8.541237340953522,47.36906320372104],[8.541238471782055,47.3690589831915],[8.541239133209778,47.369057033922964],[8.54124295409107,47.36905740222904],[8.541254412798452,47.36905895694204],[8.54145839586364,47.36908775486637],[8.541614427357924,47.369108491950776],[8.541620189538065,47.3691092554829]]},"properties":{"layer":"LKZ1319-MLU1","infraType":"water","geomType":"pipe","source":"order_55301/NIS_ZH_WVZ.dxf","_dedupKey":"2683281.2,1247053.9|2683310,1247059.4"}},{"type":"Feature","geometry":{"type":"LineString","coordinates":[[8.541235254512518,47.36906091188345],[8.541228667641239,47.36908813114762]]},"properties":{"layer":"LKZ1314-MLU1","infraType":"water","geomType":"pipe","source":"order_55301/NIS_ZH_WVZ.dxf","_dedupKey":"2683280.5,1247056.7|2683281,1247053.7"}},{"type":"Feature","geometry":{"type":"LineString","coordinates":[[8.541228667641239,47.36908813114762],[8.541227826432115,47.36909099064332]]},"properties":{"layer":"LKZ1315-MLU1","infraType":"water","geomType":"pipe","source":"order_55301/NIS_ZH_WVZ.dxf","_dedupKey":"2683280.4,1247057|2683280.5,1247056.7"}},{"type":"Feature","geometry":{"type":"LineString","coordinates":[[8.538681865343642,47.368277521460755],[8.53857110139798,47.368397087556595],[8.538568215446576,47.36840031731636],[8.538562628314214,47.368406748090585],[8.538522413056148,47.368454022816955],[8.538501657343636,47.36847544904013],[8.538497327640547,47.368488920038544],[8.538488294778643,47.36849519472358],[8.538382968529513,47.36861011231652],[8.538174239974017,47.36884663026306],[8.538144660343683,47.36887998703746],[8.53816048078552,47.36892483019049]]},"properties":{"layer":"LKZ1314-MLU1","infraType":"water","geomType":"pipe","source":"order_55301/NIS_ZH_WVZ.dxf","_dedupKey":"2683049,1247035.3|2683089.4,1246963.9"}},{"type":"Feature","geometry":{"type":"LineString","coordinates":[[8.539154503383513,47.36781250276736],[8.539151313721897,47.36781641007376],[8.539143796039118,47.367819108292885],[8.53911438868859,47.36781906467279],[8.539103632864903,47.3678213979562],[8.53908767356071,47.36783847890654],[8.538974053611424,47.36796006955941],[8.538941854191053,47.367996671781746],[8.538875670023655,47.368063569608815],[8.538868843612963,47.368078593584876],[8.53885083328354,47.368089325466634],[8.53881683944437,47.36812688024102],[8.53880508024012,47.368139621455114],[8.538685174392139,47.368273622026486]]},"properties":{"layer":"LKZ1314-MLU1","infraType":"water","geomType":"pipe","source":"order_55301/NIS_ZH_WVZ.dxf","_dedupKey":"2683089.7,1246963.4|2683125.8,1246912.7"}},{"type":"Feature","geometry":{"type":"LineString","coordinates":[[8.538685174392139,47.368273622026486],[8.538683519867952,47.368275571743645],[8.538681865343642,47.368277521460755]]},"properties":{"layer":"LKZ1314-MLU1","infraType":"water","geomType":"pipe","source":"order_55301/NIS_ZH_WVZ.dxf","_dedupKey":"2683089.4,1246963.9|2683089.7,1246963.4"}},{"type":"Feature","geometry":{"type":"LineString","coordinates":[[8.538683519867952,47.368275571743645],[8.538686389727348,47.36827669578972]]},"properties":{"layer":"LKZ1315-MLU1","infraType":"water","geomType":"pipe","source":"order_55301/NIS_ZH_WVZ.dxf","_dedupKey":"2683089.5,1246963.6|2683089.8,1246963.8"}},{"type":"Feature","geometry":{"type":"LineString","coordinates":[[8.538686389727348,47.36827669578972],[8.538692009193726,47.368278891056114],[8.538697521831057,47.36828104236389],[8.538746962012189,47.368300333814375],[8.538753454118623,47.36830182813882],[8.538764361563304,47.36830619483684]]},"properties":{"layer":"LKZ1315-MLU1","infraType":"water","geomType":"pipe","source":"order_55301/NIS_ZH_WVZ.dxf","_dedupKey":"2683089.8,1246963.8|2683095.6,1246967.1"}},{"type":"Feature","geometry":{"type":"LineString","coordinates":[[8.541095977465114,47.36791299280455],[8.541092882503005,47.36791250962314]]},"properties":{"layer":"LKZ1315-MLU1","infraType":"water","geomType":"pipe","source":"order_55301/NIS_ZH_WVZ.dxf","_dedupKey":"2683272.1,1246925.8|2683272.3,1246925.9"}},{"type":"Feature","geometry":{"type":"LineString","coordinates":[[8.541092882503005,47.36791250962314],[8.541087981089811,47.367911746844555],[8.541083464683064,47.367911034361754],[8.541066953621824,47.36790844844011]]},"properties":{"layer":"LKZ1315-MLU1","infraType":"water","geomType":"pipe","source":"order_55301/NIS_ZH_WVZ.dxf","_dedupKey":"2683270.1,1246925.4|2683272.1,1246925.8"}},{"type":"Feature","geometry":{"type":"LineString","coordinates":[[8.541050176880322,47.36790582007623],[8.541047081919046,47.36790533689357],[8.541043601765622,47.36790479442136],[8.541025569500489,47.36790227698467]]},"properties":{"layer":"LKZ1315-MLU1","infraType":"water","geomType":"pipe","source":"order_55301/NIS_ZH_WVZ.dxf","_dedupKey":"2683267,1246924.6|2683268.9,1246925"}},{"type":"Feature","geometry":{"type":"LineString","coordinates":[[8.541025569500489,47.36790227698467],[8.5410201917217,47.36790152774525]]},"properties":{"layer":"LKZ1315-MLU1","infraType":"water","geomType":"pipe","source":"order_55301/NIS_ZH_WVZ.dxf","_dedupKey":"2683266.6,1246924.5|2683267,1246924.6"}},{"type":"Feature","geometry":{"type":"LineString","coordinates":[[8.541782984582275,47.36787583142401],[8.541786690734845,47.36787577803459],[8.54179384985079,47.367875592717375],[8.541858705494922,47.36787392079614]]},"properties":{"layer":"LKZ1315-MLU1","infraType":"water","geomType":"pipe","source":"order_55301/NIS_ZH_WVZ.dxf","_dedupKey":"2683324.3,1246922.5|2683330,1246922.4"}},{"type":"Feature","geometry":{"type":"LineString","coordinates":[[8.541785460602446,47.36792958085564],[8.541781768986484,47.367929697072206],[8.541765984157637,47.36793021663989],[8.541750120088974,47.367930745957345]]},"properties":{"layer":"LKZ1315-MLU1","infraType":"water","geomType":"pipe","source":"order_55301/NIS_ZH_WVZ.dxf","_dedupKey":"2683321.7,1246928.6|2683324.4,1246928.5"}},{"type":"Feature","geometry":{"type":"LineString","coordinates":[[8.541813092588889,47.36813366002613],[8.541831603630976,47.3684548893284],[8.541832698868584,47.368473903632506],[8.541840098870082,47.368578122844276],[8.541840376909295,47.36858196112214],[8.541844266089413,47.368610582555306],[8.541855189229306,47.368617611381445],[8.541859535073293,47.36867597544771],[8.541862750268296,47.368730248519704],[8.541866492585813,47.36878376096224],[8.541869658043726,47.3688164371281],[8.541858958814464,47.36882406827555],[8.54186154448047,47.368854959942524],[8.541866326463415,47.36893375684167],[8.541869045544763,47.368972374075355],[8.541871073624588,47.36899615589561],[8.541863005112823,47.36900486831872],[8.541863225787042,47.36901745043911],[8.541863333157723,47.369023278276885],[8.541839708763309,47.36903911053396],[8.54176739138024,47.369117915227335]]},"properties":{"layer":"LKZ1319-MLU1","infraType":"water","geomType":"pipe","source":"order_55301/NIS_ZH_WVZ.dxf","_dedupKey":"2683321.1,1247060.6|2683326.1,1246951.2"}},{"type":"Feature","geometry":{"type":"LineString","coordinates":[[8.54182902875017,47.36857806667017],[8.541840098870082,47.368578122844276],[8.541884776482842,47.36857834373651],[8.541887216071592,47.368580425300784],[8.541900507321762,47.36858096398143]]},"properties":{"layer":"LKZ1317-MLU1","infraType":"water","geomType":"pipe","source":"order_55301/NIS_ZH_WVZ.dxf","_dedupKey":"2683326.6,1247000.6|2683332,1247001"}},{"type":"Feature","geometry":{"type":"LineString","coordinates":[[8.541821009140916,47.36845542229133],[8.541824699304302,47.36845523412643],[8.541831603630976,47.3684548893284],[8.541832185532849,47.36845485678476],[8.54183568376027,47.36845691024793]]},"properties":{"layer":"LKZ1315-MLU1","infraType":"water","geomType":"pipe","source":"order_55301/NIS_ZH_WVZ.dxf","_dedupKey":"2683326.2,1246987|2683327.3,1246987.1"}},{"type":"Feature","geometry":{"type":"LineString","coordinates":[[8.54183568376027,47.36845691024793],[8.541838316394031,47.36845680414514]]},"properties":{"layer":"LKZ1315-MLU1","infraType":"water","geomType":"pipe","source":"order_55301/NIS_ZH_WVZ.dxf","_dedupKey":"2683327.3,1246987.1|2683327.5,1246987.1"}},{"type":"Feature","geometry":{"type":"LineString","coordinates":[[8.54177518169535,47.36832989177319],[8.541750248888968,47.36833174903922]]},"properties":{"layer":"LKZ1315-MLU1","infraType":"water","geomType":"pipe","source":"order_55301/NIS_ZH_WVZ.dxf","_dedupKey":"2683321.1,1246973.1|2683323,1246973"}},{"type":"Feature","geometry":{"type":"LineString","coordinates":[[8.54181260432829,47.36832887768696],[8.541808502315982,47.36832899782409],[8.541799504587576,47.36832927266436],[8.541797747557094,47.36832818304177],[8.54177518169535,47.36832989177319]]},"properties":{"layer":"LKZ1315-MLU1","infraType":"water","geomType":"pipe","source":"order_55301/NIS_ZH_WVZ.dxf","_dedupKey":"2683323,1246973|2683325.8,1246972.9"}},{"type":"Feature","geometry":{"type":"LineString","coordinates":[[8.54084104559414,47.36874395213936],[8.540839889230263,47.36874757922844],[8.540838185733213,47.36875292061895],[8.540824457313931,47.36879783852362],[8.54080717041324,47.36885443911378],[8.54077335350777,47.3689639090643],[8.540771231333624,47.36897077463023],[8.540770548620431,47.36897297596349]]},"properties":{"layer":"LKZ1314-MLU1","infraType":"water","geomType":"pipe","source":"order_55301/NIS_ZH_WVZ.dxf","_dedupKey":"2683246.1,1247043.4|2683251.8,1247018"}},{"type":"Feature","geometry":{"type":"LineString","coordinates":[[8.54084104559414,47.36874395213936],[8.540842128295514,47.36874060460319],[8.540890415156161,47.368719427936064],[8.540918708154898,47.36862393516485],[8.540937507807893,47.36856174311586],[8.540928548775048,47.368552365712524],[8.540932511488498,47.36853910500856],[8.540944442546014,47.36853341414011],[8.540945579709406,47.36852949938777],[8.540979283034229,47.36842289091126],[8.540982132625148,47.36841342779116],[8.541022477319004,47.36828672368721],[8.541045951864078,47.36821371078889]]},"properties":{"layer":"LKZ1314-MLU1","infraType":"water","geomType":"pipe","source":"order_55301/NIS_ZH_WVZ.dxf","_dedupKey":"2683251.8,1247018|2683268.1,1246959.3"}},{"type":"Feature","geometry":{"type":"LineString","coordinates":[[8.540945579709406,47.36852949938777],[8.541015952712518,47.36853976583789],[8.541021566297838,47.36853910958234],[8.541047672408984,47.36854340296022],[8.541056791835,47.368552212128414]]},"properties":{"layer":"LKZ1317-MLU1","infraType":"water","geomType":"pipe","source":"order_55301/NIS_ZH_WVZ.dxf","_dedupKey":"2683260,1246994.3|2683268.4,1246996.9"}},{"type":"Feature","geometry":{"type":"LineString","coordinates":[[8.541022477319004,47.36828672368721],[8.54102635537186,47.36828729834301],[8.541032012855066,47.36828812586912]]},"properties":{"layer":"LKZ1315-MLU1","infraType":"water","geomType":"pipe","source":"order_55301/NIS_ZH_WVZ.dxf","_dedupKey":"2683266.2,1246967.4|2683266.9,1246967.5"}},{"type":"Feature","geometry":{"type":"LineString","coordinates":[[8.541032012855066,47.36828812586912],[8.541034602574333,47.3682885059329]]},"properties":{"layer":"LKZ1315-MLU1","infraType":"water","geomType":"pipe","source":"order_55301/NIS_ZH_WVZ.dxf","_dedupKey":"2683266.9,1246967.5|2683267.1,1246967.6"}},{"type":"Feature","geometry":{"type":"LineString","coordinates":[[8.541852960732218,47.36867627211938],[8.541848740111526,47.36867642037603]]},"properties":{"layer":"LKZ1315-MLU1","infraType":"water","geomType":"pipe","source":"order_55301/NIS_ZH_WVZ.dxf","_dedupKey":"2683328,1247011.6|2683328.3,1247011.5"}},{"type":"Feature","geometry":{"type":"LineString","coordinates":[[8.541848740111526,47.36867642037603],[8.5418460146163,47.36867651837074],[8.541816933593267,47.36867755173703]]},"properties":{"layer":"LKZ1315-MLU1","infraType":"water","geomType":"pipe","source":"order_55301/NIS_ZH_WVZ.dxf","_dedupKey":"2683325.6,1247011.7|2683328,1247011.6"}},{"type":"Feature","geometry":{"type":"LineString","coordinates":[[8.540918708154898,47.36862393516485],[8.540914805834689,47.36862346867877],[8.540912735162703,47.36862321858596],[8.540910196891433,47.36862276606709],[8.540906373254204,47.36862226284917]]},"properties":{"layer":"LKZ1315-MLU1","infraType":"water","geomType":"pipe","source":"order_55301/NIS_ZH_WVZ.dxf","_dedupKey":"2683256.9,1247004.5|2683257.8,1247004.7"}},{"type":"Feature","geometry":{"type":"LineString","coordinates":[[8.540917195002967,47.36840476455697],[8.540914618330644,47.368404375370886]]},"properties":{"layer":"LKZ1315-MLU1","infraType":"water","geomType":"pipe","source":"order_55301/NIS_ZH_WVZ.dxf","_dedupKey":"2683257.9,1246980.3|2683258,1246980.4"}},{"type":"Feature","geometry":{"type":"LineString","coordinates":[[8.540917195002967,47.36840476455697],[8.540978242069752,47.36841288923378],[8.540982132625148,47.36841342779116]]},"properties":{"layer":"LKZ1315-MLU1","infraType":"water","geomType":"pipe","source":"order_55301/NIS_ZH_WVZ.dxf","_dedupKey":"2683258,1246980.4|2683262.9,1246981.4"}},{"type":"Feature","geometry":{"type":"LineString","coordinates":[[8.541858790983088,47.36901556783567],[8.541859351999031,47.36901580534626],[8.541861382209541,47.36901665848438],[8.541863225787042,47.36901745043911],[8.541863399368372,47.369017520742354],[8.541865189436065,47.36901828622262],[8.541882224184308,47.3690224861593],[8.541907399217674,47.36901824283702]]},"properties":{"layer":"LKZ1315-MLU1","infraType":"water","geomType":"pipe","source":"order_55301/NIS_ZH_WVZ.dxf","_dedupKey":"2683328.2,1247049.3|2683331.9,1247049.6"}},{"type":"Feature","geometry":{"type":"LineString","coordinates":[[8.540948394705891,47.36899474710883],[8.540985891238707,47.36901585168417],[8.541141755889548,47.369035583539],[8.541228694776812,47.36904719392277],[8.541461867530016,47.369079563108556],[8.541615936764112,47.369101452317295],[8.541620607667634,47.36910194742079],[8.541640923451393,47.36910410114419],[8.54166796993249,47.369090476041976],[8.541732998014176,47.36909898507937],[8.541762527383307,47.369110648619134],[8.541765397538772,47.36911178158176]]},"properties":{"layer":"LKZ1314-MLU1","infraType":"water","geomType":"pipe","source":"order_55301/NIS_ZH_WVZ.dxf","_dedupKey":"2683259.5,1247046|2683321,1247059.9"}},{"type":"Feature","geometry":{"type":"LineString","coordinates":[[8.541796567713313,47.36813872922273],[8.54181260432829,47.36832887768696],[8.54181281340766,47.368331943039955],[8.541821009140916,47.36845542229133],[8.54182902875017,47.36857806667017],[8.541831148226269,47.36861010517816],[8.541847637440728,47.36862057995686],[8.541852960732218,47.36867627211938],[8.541857327050836,47.368730507210564],[8.541861009525114,47.3687836874039],[8.541862597677586,47.36881500237672],[8.541848116594677,47.3688260698176],[8.541854173720575,47.36893449358935],[8.54185726385214,47.36898784135047],[8.541858790983088,47.36901556783567],[8.541859058416888,47.36901889349019],[8.54185934448618,47.36902247982637],[8.541836426631018,47.369035984582865],[8.541767052162225,47.369109840814325],[8.541765397538772,47.36911178158176]]},"properties":{"layer":"LKZ1314-MLU1","infraType":"water","geomType":"pipe","source":"order_55301/NIS_ZH_WVZ.dxf","_dedupKey":"2683321,1247059.9|2683324.9,1246951.7"}},{"type":"Feature","geometry":{"type":"LineString","coordinates":[[8.539655493871564,47.36890911303197],[8.539675511411472,47.36885516715262],[8.53967316682487,47.36884550171994],[8.539674756873827,47.36884043128412],[8.539675452868446,47.36883822983102]]},"properties":{"layer":"LKZ1314-MLU1","infraType":"water","geomType":"pipe","source":"order_55301/NIS_ZH_WVZ.dxf","_dedupKey":"2683162,1247035.1|2683163.6,1247027.2"}},{"type":"Feature","geometry":{"type":"LineString","coordinates":[[8.53962176545946,47.36897682626269],[8.53964358442226,47.368924194501645],[8.539650168577719,47.368910908857075],[8.539655493871564,47.36890911303197]]},"properties":{"layer":"LKZ1314-MLU1","infraType":"water","geomType":"pipe","source":"order_55301/NIS_ZH_WVZ.dxf","_dedupKey":"2683159.3,1247042.6|2683162,1247035.1"}},{"type":"Feature","geometry":{"type":"LineString","coordinates":[[8.539514389018569,47.36932194145691],[8.53950140959636,47.369304452656],[8.539503122159964,47.36929954296861],[8.53951170503194,47.369275965816556],[8.53951780008733,47.369259509553785],[8.539531637028265,47.36925312603292],[8.539541995182459,47.36922575399151],[8.539533850720177,47.36921606288356],[8.539602173103283,47.369030849033216],[8.53962176545946,47.36897682626269]]},"properties":{"layer":"LKZ1314-MLU1","infraType":"water","geomType":"pipe","source":"order_55301/NIS_ZH_WVZ.dxf","_dedupKey":"2683150.7,1247080.8|2683159.3,1247042.6"}},{"type":"Feature","geometry":{"type":"LineString","coordinates":[[8.539635952100085,47.36863286915897],[8.539638277627764,47.368633278757976]]},"properties":{"layer":"LKZ1314-MLU1","infraType":"water","geomType":"pipe","source":"order_55301/NIS_ZH_WVZ.dxf","_dedupKey":"2683160.9,1247004.4|2683161.1,1247004.4"}},{"type":"Feature","geometry":{"type":"LineString","coordinates":[[8.53964838910104,47.368634999389755],[8.539741248926715,47.36865190656152],[8.539745431647194,47.36865248735098]]},"properties":{"layer":"LKZ1314-MLU1","infraType":"water","geomType":"pipe","source":"order_55301/NIS_ZH_WVZ.dxf","_dedupKey":"2683161.9,1247004.6|2683169.2,1247006.7"}},{"type":"Feature","geometry":{"type":"LineString","coordinates":[[8.539638277627764,47.368633278757976],[8.53964838910104,47.368634999389755]]},"properties":{"layer":"LKZ1314-MLU1","infraType":"water","geomType":"pipe","source":"order_55301/NIS_ZH_WVZ.dxf","_dedupKey":"2683161.1,1247004.4|2683161.9,1247004.6"}},{"type":"Feature","geometry":{"type":"LineString","coordinates":[[8.54173434554185,47.36868102110993],[8.54176344203945,47.368680095558666]]},"properties":{"layer":"LKZ1315-MLU1","infraType":"water","geomType":"pipe","source":"order_55301/NIS_ZH_WVZ.dxf","_dedupKey":"2683319.3,1247012|2683321.5,1247011.9"}},{"type":"Feature","geometry":{"type":"LineString","coordinates":[[8.54176344203945,47.368680095558666],[8.541816933593267,47.36867755173703]]},"properties":{"layer":"LKZ1315-MLU1","infraType":"water","geomType":"pipe","source":"order_55301/NIS_ZH_WVZ.dxf","_dedupKey":"2683321.5,1247011.9|2683325.6,1247011.7"}},{"type":"Feature","geometry":{"type":"LineString","coordinates":[[8.54104318617537,47.36808957698567],[8.54107437138681,47.36811988085673],[8.541047935611639,47.368207197348276],[8.541046968167446,47.368210354888625],[8.541045951864078,47.36821371078889]]},"properties":{"layer":"LKZ1314-MLU1","infraType":"water","geomType":"pipe","source":"order_55301/NIS_ZH_WVZ.dxf","_dedupKey":"2683268.1,1246945.5|2683268.1,1246959.3"}},{"type":"Feature","geometry":{"type":"LineString","coordinates":[[8.540256473494328,47.36792796544715],[8.54025580518481,47.3679321455758],[8.540255694037864,47.36793253342783],[8.540229338541646,47.36802187287011]]},"properties":{"layer":"LKZ1314-MLU1","infraType":"water","geomType":"pipe","source":"order_55301/NIS_ZH_WVZ.dxf","_dedupKey":"2683206.7,1246937.1|2683208.9,1246926.7"}},{"type":"Feature","geometry":{"type":"LineString","coordinates":[[8.540229338541646,47.36802187287011],[8.540227737891446,47.368027708005286]]},"properties":{"layer":"LKZ1314-MLU1","infraType":"water","geomType":"pipe","source":"order_55301/NIS_ZH_WVZ.dxf","_dedupKey":"2683206.6,1246937.7|2683206.7,1246937.1"}},{"type":"Feature","geometry":{"type":"LineString","coordinates":[[8.540227737891446,47.368027708005286],[8.540233592040675,47.36802844374286],[8.540295387355435,47.36803628279],[8.540293663484505,47.36804192120792]]},"properties":{"layer":"LKZ1315-MLU1","infraType":"water","geomType":"pipe","source":"order_55301/NIS_ZH_WVZ.dxf","_dedupKey":"2683206.6,1246937.7|2683211.5,1246939.4"}},{"type":"Feature","geometry":{"type":"LineString","coordinates":[[8.540824457313931,47.36879783852362],[8.540828613582036,47.36879841952652],[8.540952262946055,47.36881620127218],[8.540962224180149,47.36882217793338],[8.541004503043785,47.36882804403646]]},"properties":{"layer":"LKZ1315-MLU1","infraType":"water","geomType":"pipe","source":"order_55301/NIS_ZH_WVZ.dxf","_dedupKey":"2683250.4,1247024|2683264,1247027.5"}},{"type":"Feature","geometry":{"type":"LineString","coordinates":[[8.538829484465603,47.368150003274074],[8.53884270273063,47.36815599406603],[8.53888890636965,47.368176926419835]]},"properties":{"layer":"LKZ1317-MLU1","infraType":"water","geomType":"pipe","source":"order_55301/NIS_ZH_WVZ.dxf","_dedupKey":"2683100.8,1246949.8|2683105.2,1246952.9"}},{"type":"Feature","geometry":{"type":"LineString","coordinates":[[8.537673143850132,47.36747750657595],[8.537641838123745,47.367519595971864]]},"properties":{"layer":"LKZ1315-MLU1","infraType":"water","geomType":"pipe","source":"order_55301/NIS_ZH_WVZ.dxf","_dedupKey":"2683012,1246878.5|2683014.5,1246873.9"}},{"type":"Feature","geometry":{"type":"LineString","coordinates":[[8.538170987810638,47.36756367314975],[8.538176420876798,47.36756453893209],[8.538566917524067,47.36762834731297]]},"properties":{"layer":"LKZ1319-MLU1","infraType":"water","geomType":"pipe","source":"order_55301/NIS_ZH_WVZ.dxf","_dedupKey":"2683051.9,1246884|2683081.7,1246891.6"}},{"type":"Feature","geometry":{"type":"LineString","coordinates":[[8.538531315139542,47.36768290918163],[8.538119689027805,47.367615352952214],[8.538110470462156,47.36761390253801]]},"properties":{"layer":"LKZ1313-MLU1","infraType":"water","geomType":"pipe","source":"order_55301/NIS_ZH_WVZ.dxf","_dedupKey":"2683047.3,1246889.5|2683079,1246897.6"}},{"type":"Feature","geometry":{"type":"LineString","coordinates":[[8.538895270783144,47.368789354974524],[8.53888500421284,47.36878525203811]]},"properties":{"layer":"LKZ1315-MLU1","infraType":"water","geomType":"pipe","source":"order_55301/NIS_ZH_WVZ.dxf","_dedupKey":"2683104,1247020.5|2683104.7,1247021"}},{"type":"Feature","geometry":{"type":"LineString","coordinates":[[8.538918842417148,47.36882673916826],[8.538921338405926,47.368822577618914],[8.538932371661323,47.36880416736956],[8.538895270783144,47.368789354974524]]},"properties":{"layer":"LKZ1315-MLU1","infraType":"water","geomType":"pipe","source":"order_55301/NIS_ZH_WVZ.dxf","_dedupKey":"2683104.7,1247021|2683106.5,1247025.2"}},{"type":"Feature","geometry":{"type":"LineString","coordinates":[[8.538778246387853,47.36900657831237],[8.538797684886525,47.36897970453178],[8.538803201545347,47.36897755611256],[8.53881646212323,47.368961850191525],[8.538815089574156,47.36895693392095],[8.538875496901126,47.36890004882518],[8.538917344823691,47.36882923609786]]},"properties":{"layer":"LKZ1315-MLU1","infraType":"water","geomType":"pipe","source":"order_55301/NIS_ZH_WVZ.dxf","_dedupKey":"2683095.6,1247045|2683106.3,1247025.4"}},{"type":"Feature","geometry":{"type":"LineString","coordinates":[[8.538917344823691,47.36882923609786],[8.538918842417148,47.36882673916826]]},"properties":{"layer":"LKZ1315-MLU1","infraType":"water","geomType":"pipe","source":"order_55301/NIS_ZH_WVZ.dxf","_dedupKey":"2683106.3,1247025.4|2683106.5,1247025.2"}},{"type":"Feature","geometry":{"type":"LineString","coordinates":[[8.538411287829472,47.36904450651947],[8.538397724602726,47.36903528070731],[8.53839115630379,47.369039723889536]]},"properties":{"layer":"LKZ1315-MLU1","infraType":"water","geomType":"pipe","source":"order_55301/NIS_ZH_WVZ.dxf","_dedupKey":"2683066.3,1247048.3|2683067.8,1247048.8"}},{"type":"Feature","geometry":{"type":"LineString","coordinates":[[8.538375199095714,47.36905051709687],[8.538307478735693,47.36909631755918],[8.538286339359251,47.36909595213207],[8.53828336267455,47.369097995387065]]},"properties":{"layer":"LKZ1315-MLU1","infraType":"water","geomType":"pipe","source":"order_55301/NIS_ZH_WVZ.dxf","_dedupKey":"2683058,1247054.6|2683065.1,1247049.5"}},{"type":"Feature","geometry":{"type":"LineString","coordinates":[[8.541086720435716,47.367976272174296],[8.541083824227522,47.36798668023552],[8.54107828745553,47.36800321222078],[8.541075994418252,47.36800949474053],[8.5410700051443,47.36802591410739]]},"properties":{"layer":"LKZ1319-MLU1","infraType":"water","geomType":"pipe","source":"order_55301/NIS_ZH_WVZ.dxf","_dedupKey":"2683270.2,1246938.4|2683271.5,1246932.9"}},{"type":"Feature","geometry":{"type":"LineString","coordinates":[[8.541097619369339,47.36794116796734],[8.54109210362327,47.36795871620604],[8.541086720435716,47.367976272174296]]},"properties":{"layer":"LKZ1319-MLU1","infraType":"water","geomType":"pipe","source":"order_55301/NIS_ZH_WVZ.dxf","_dedupKey":"2683271.5,1246932.9|2683272.4,1246929"}},{"type":"Feature","geometry":{"type":"LineString","coordinates":[[8.537784340909898,47.36750608742908],[8.5378681618267,47.36753294979823]]},"properties":{"layer":"LKZ1319-MLU1","infraType":"water","geomType":"pipe","source":"order_55301/NIS_ZH_WVZ.dxf","_dedupKey":"2683022.8,1246877.1|2683029.1,1246880.2"}},{"type":"Feature","geometry":{"type":"LineString","coordinates":[[8.5378681618267,47.36753294979823],[8.537870227734972,47.36753361376777],[8.537954914926381,47.3675607466796],[8.537964396978602,47.36755828170475],[8.537982294405406,47.367553631760615]]},"properties":{"layer":"LKZ1319-MLU1","infraType":"water","geomType":"pipe","source":"order_55301/NIS_ZH_WVZ.dxf","_dedupKey":"2683029.1,1246880.2|2683037.7,1246882.6"}},{"type":"Feature","geometry":{"type":"LineString","coordinates":[[8.537982294405406,47.367553631760615],[8.537987779768276,47.36755189745345],[8.53802314347471,47.367541594201434],[8.538099850716119,47.367560563403366],[8.538117327660576,47.367565056521016],[8.538149399962723,47.36756271829232],[8.538164531931267,47.36756264619657]]},"properties":{"layer":"LKZ1319-MLU1","infraType":"water","geomType":"pipe","source":"order_55301/NIS_ZH_WVZ.dxf","_dedupKey":"2683037.7,1246882.6|2683051.5,1246883.8"}},{"type":"Feature","geometry":{"type":"LineString","coordinates":[[8.538164531931267,47.36756264619657],[8.538170987810638,47.36756367314975]]},"properties":{"layer":"LKZ1319-MLU1","infraType":"water","geomType":"pipe","source":"order_55301/NIS_ZH_WVZ.dxf","_dedupKey":"2683051.5,1246883.8|2683051.9,1246884"}},{"type":"Feature","geometry":{"type":"LineString","coordinates":[[8.538110470462156,47.36761390253801],[8.538102739508654,47.3676126808309]]},"properties":{"layer":"LKZ1313-MLU1","infraType":"water","geomType":"pipe","source":"order_55301/NIS_ZH_WVZ.dxf","_dedupKey":"2683046.7,1246889.3|2683047.3,1246889.5"}},{"type":"Feature","geometry":{"type":"LineString","coordinates":[[8.538102739508654,47.3676126808309],[8.538088021501217,47.36761035626586],[8.538050519149406,47.36760427272841],[8.538021055194061,47.367577081985026]]},"properties":{"layer":"LKZ1313-MLU1","infraType":"water","geomType":"pipe","source":"order_55301/NIS_ZH_WVZ.dxf","_dedupKey":"2683040.6,1246885.3|2683046.7,1246889.3"}},{"type":"Feature","geometry":{"type":"LineString","coordinates":[[8.538021055194061,47.367577081985026],[8.538004372458264,47.367571294985495],[8.537964396978602,47.36755828170475],[8.537931859423283,47.36754768927422],[8.537873721265496,47.36752902896828],[8.537859726560454,47.36752453865256],[8.537787582078174,47.36750082140194]]},"properties":{"layer":"LKZ1313-MLU1","infraType":"water","geomType":"pipe","source":"order_55301/NIS_ZH_WVZ.dxf","_dedupKey":"2683023.1,1246876.6|2683040.6,1246885.3"}},{"type":"Feature","geometry":{"type":"LineString","coordinates":[[8.538753747341742,47.36810110741727],[8.538751477453399,47.36810018454671],[8.538749646876287,47.36809681080889],[8.538732902471299,47.368089972067345]]},"properties":{"layer":"LKZ1315-MLU1","infraType":"water","geomType":"pipe","source":"order_55301/NIS_ZH_WVZ.dxf","_dedupKey":"2683093.6,1246943.1|2683095.1,1246944.3"}},{"type":"Feature","geometry":{"type":"LineString","coordinates":[[8.538753747341742,47.36810110741727],[8.538757392586502,47.368102592877364]]},"properties":{"layer":"LKZ1315-MLU1","infraType":"water","geomType":"pipe","source":"order_55301/NIS_ZH_WVZ.dxf","_dedupKey":"2683095.1,1246944.3|2683095.4,1246944.5"}},{"type":"Feature","geometry":{"type":"LineString","coordinates":[[8.540518097059755,47.36900714659161],[8.540536018765902,47.36895113367492]]},"properties":{"layer":"LKZ1315-MLU1","infraType":"water","geomType":"pipe","source":"order_55301/NIS_ZH_WVZ.dxf","_dedupKey":"2683227,1247046.9|2683228.4,1247040.7"}},{"type":"Feature","geometry":{"type":"LineString","coordinates":[[8.540509646186079,47.36795646673066],[8.54053591230363,47.36786923293808]]},"properties":{"layer":"LKZ1315-MLU1","infraType":"water","geomType":"pipe","source":"order_55301/NIS_ZH_WVZ.dxf","_dedupKey":"2683228,1246930.1|2683230.1,1246920.4"}},{"type":"Feature","geometry":{"type":"LineString","coordinates":[[8.541066953621824,47.36790844844011],[8.541050176880322,47.36790582007623]]},"properties":{"layer":"LKZ1315-MLU1","infraType":"water","geomType":"pipe","source":"order_55301/NIS_ZH_WVZ.dxf","_dedupKey":"2683268.9,1246925|2683270.1,1246925.4"}},{"type":"Feature","geometry":{"type":"LineString","coordinates":[[8.541838316394031,47.36845680414514],[8.541936385908496,47.36845288097106]]},"properties":{"layer":"LKZ1315-MLU1","infraType":"water","geomType":"pipe","source":"order_55301/NIS_ZH_WVZ.dxf","_dedupKey":"2683327.5,1246987.1|2683334.9,1246986.8"}},{"type":"Feature","geometry":{"type":"LineString","coordinates":[[8.540906373254204,47.36862226284917],[8.540808067151474,47.368608997653155]]},"properties":{"layer":"LKZ1315-MLU1","infraType":"water","geomType":"pipe","source":"order_55301/NIS_ZH_WVZ.dxf","_dedupKey":"2683249.5,1247003|2683256.9,1247004.5"}},{"type":"Feature","geometry":{"type":"LineString","coordinates":[[8.540914618330644,47.368404375370886],[8.540872115364715,47.36839789970529]]},"properties":{"layer":"LKZ1315-MLU1","infraType":"water","geomType":"pipe","source":"order_55301/NIS_ZH_WVZ.dxf","_dedupKey":"2683254.7,1246979.6|2683257.9,1246980.3"}},{"type":"Feature","geometry":{"type":"LineString","coordinates":[[8.540293663484505,47.36804192120792],[8.540285102692543,47.368069743936815]]},"properties":{"layer":"LKZ1315-MLU1","infraType":"water","geomType":"pipe","source":"order_55301/NIS_ZH_WVZ.dxf","_dedupKey":"2683210.8,1246942.5|2683211.5,1246939.4"}},{"type":"Feature","geometry":{"type":"LineString","coordinates":[[8.53839115630379,47.369039723889536],[8.538375199095714,47.36905051709687]]},"properties":{"layer":"LKZ1315-MLU1","infraType":"water","geomType":"pipe","source":"order_55301/NIS_ZH_WVZ.dxf","_dedupKey":"2683065.1,1247049.5|2683066.3,1247048.3"}},{"type":"Feature","geometry":{"type":"LineString","coordinates":[[8.541058894652629,47.36803734506641],[8.541059550866663,47.36803514398351],[8.541061211257942,47.36802964108671],[8.54106791268421,47.36800732309227],[8.541069757875066,47.36800115278942],[8.541074982679786,47.36798554128879],[8.541078070167874,47.36797541924712]]},"properties":{"layer":"LKZ1314-MLU1","infraType":"water","geomType":"pipe","source":"order_55301/NIS_ZH_WVZ.dxf","_dedupKey":"2683269.3,1246939.7|2683270.9,1246932.8"}},{"type":"Feature","geometry":{"type":"LineString","coordinates":[[8.541078070167874,47.36797541924712],[8.541082931786487,47.36795953236268],[8.541087780350587,47.36794365459771]]},"properties":{"layer":"LKZ1314-MLU1","infraType":"water","geomType":"pipe","source":"order_55301/NIS_ZH_WVZ.dxf","_dedupKey":"2683270.9,1246932.8|2683271.7,1246929.3"}},{"type":"Feature","geometry":{"type":"LineString","coordinates":[[8.540778453920458,47.36840049360311],[8.54078254985834,47.3684090448944],[8.54079470818057,47.36837015973361],[8.540798804118735,47.3683787110244]]},"properties":{"layer":"LKZ1315-MLU1","infraType":"water","geomType":"pipe","source":"order_55301/NIS_ZH_WVZ.dxf","_dedupKey":"2683247.6,1246979.8|2683249.1,1246977.4"}},{"type":"Feature","geometry":{"type":"LineString","coordinates":[[8.540520727991357,47.36818961449881],[8.540533328363804,47.36818684071325],[8.540482943482806,47.36817952259704],[8.54049554385483,47.368176748815614]]},"properties":{"layer":"LKZ1315-MLU1","infraType":"water","geomType":"pipe","source":"order_55301/NIS_ZH_WVZ.dxf","_dedupKey":"2683226.6,1246954.6|2683228.4,1246956"}},{"type":"Feature","geometry":{"type":"LineString","coordinates":[[8.538262916922081,47.36754712836812],[8.538270562403564,47.36755447658073],[8.538255217573225,47.367440887901616],[8.538262863038387,47.36744823611493]]},"properties":{"layer":"LKZ1315-MLU1","infraType":"water","geomType":"pipe","source":"order_55301/NIS_ZH_WVZ.dxf","_dedupKey":"2683058.9,1246882.2|2683059.1,1246871.2"}},{"type":"Feature","geometry":{"type":"LineString","coordinates":[[8.537594885765156,47.36813152444857],[8.537594832887777,47.368140520106834],[8.537677930756,47.36804364314551],[8.537677877892733,47.36805263880402]]},"properties":{"layer":"LKZ1315-MLU1","infraType":"water","geomType":"pipe","source":"order_55301/NIS_ZH_WVZ.dxf","_dedupKey":"2683007.5,1246946.5|2683013.9,1246937.8"}},{"type":"Feature","geometry":{"type":"LineString","coordinates":[[8.53845083344582,47.368208758896884],[8.538464065309205,47.36820899270233],[8.538265505139735,47.36812640083195],[8.538278736981846,47.368126634658594]]},"properties":{"layer":"LKZ1315-MLU1","infraType":"water","geomType":"pipe","source":"order_55301/NIS_ZH_WVZ.dxf","_dedupKey":"2683059.2,1246946.7|2683072.1,1246956"}},{"type":"Feature","geometry":{"type":"LineString","coordinates":[[8.538546990048278,47.36886036078704],[8.538560222445076,47.368860612568184],[8.538464716988406,47.36882072003487],[8.538477949374965,47.36882097182544]]},"properties":{"layer":"LKZ1315-MLU1","infraType":"water","geomType":"pipe","source":"order_55301/NIS_ZH_WVZ.dxf","_dedupKey":"2683073.2,1247024.1|2683078.3,1247028.5"}},{"type":"Feature","geometry":{"type":"LineString","coordinates":[[8.540692794000268,47.36862809694022],[8.54069696899674,47.3686366294893],[8.540718298547946,47.368566146787686],[8.540722473543642,47.368574679336035]]},"properties":{"layer":"LKZ1315-MLU1","infraType":"water","geomType":"pipe","source":"order_55301/NIS_ZH_WVZ.dxf","_dedupKey":"2683240.8,1247005|2683243.1,1246999.1"}},{"type":"Feature","geometry":{"type":"LineString","coordinates":[[8.538705808608604,47.36855685386874],[8.538705490977486,47.36856584305462],[8.53890623776338,47.368342425119046],[8.538905920167364,47.368351414306076]]},"properties":{"layer":"LKZ1315-MLU1","infraType":"water","geomType":"pipe","source":"order_55301/NIS_ZH_WVZ.dxf","_dedupKey":"2683090.8,1246994.9|2683106.2,1246972.3"}},{"type":"Feature","geometry":{"type":"LineString","coordinates":[[8.538733715873562,47.36883962961917],[8.538746949194069,47.36883992634584],[8.538524796283552,47.36874600085383],[8.53853802957964,47.368746297604474]]},"properties":{"layer":"LKZ1315-MLU1","infraType":"water","geomType":"pipe","source":"order_55301/NIS_ZH_WVZ.dxf","_dedupKey":"2683077.8,1247015.8|2683092.5,1247026.4"}},{"type":"Feature","geometry":{"type":"Point","coordinates":[8.539709663815001,47.36834196469366]},"properties":{"layer":"LKZ1322-MSU-","infraType":"water","geomType":"fitting","source":"order_55301/NIS_ZH_WVZ.dxf","_dedupKey":"2683166.9,1246972.1"}},{"type":"Feature","geometry":{"type":"Point","coordinates":[8.541219346553277,47.36908686186108]},"properties":{"layer":"LKZ1322-MSU-","infraType":"water","geomType":"fitting","source":"order_55301/NIS_ZH_WVZ.dxf","_dedupKey":"2683279.8,1247056.5"}},{"type":"Feature","geometry":{"type":"Point","coordinates":[8.538832781695467,47.369026999561726]},"properties":{"layer":"LKZ1322-MSU-","infraType":"water","geomType":"fitting","source":"order_55301/NIS_ZH_WVZ.dxf","_dedupKey":"2683099.6,1247047.3"}},{"type":"Feature","geometry":{"type":"Point","coordinates":[8.539830955089291,47.3684949943187]},"properties":{"layer":"LKZ1322-MSU-","infraType":"water","geomType":"fitting","source":"order_55301/NIS_ZH_WVZ.dxf","_dedupKey":"2683175.9,1246989.3"}},{"type":"Feature","geometry":{"type":"Point","coordinates":[8.539560621927878,47.36873132860522]},"properties":{"layer":"LKZ1322-MSU-","infraType":"water","geomType":"fitting","source":"order_55301/NIS_ZH_WVZ.dxf","_dedupKey":"2683155.1,1247015.2"}},{"type":"Feature","geometry":{"type":"Point","coordinates":[8.539627235591622,47.36903525162771]},"properties":{"layer":"LKZ1322-MSU-","infraType":"water","geomType":"fitting","source":"order_55301/NIS_ZH_WVZ.dxf","_dedupKey":"2683159.6,1247049.1"}},{"type":"Feature","geometry":{"type":"Point","coordinates":[8.537450112706717,47.368045253092916]},"properties":{"layer":"LKZ1322-MSU-","infraType":"water","geomType":"fitting","source":"order_55301/NIS_ZH_WVZ.dxf","_dedupKey":"2682996.7,1246936.7"}},{"type":"Feature","geometry":{"type":"Point","coordinates":[8.541900507321762,47.36858096398143]},"properties":{"layer":"LKZ1322-MSU-","infraType":"water","geomType":"fitting","source":"order_55301/NIS_ZH_WVZ.dxf","_dedupKey":"2683332,1247001"}},{"type":"Feature","geometry":{"type":"Point","coordinates":[8.541056791835,47.368552212128414]},"properties":{"layer":"LKZ1322-MSU-","infraType":"water","geomType":"fitting","source":"order_55301/NIS_ZH_WVZ.dxf","_dedupKey":"2683268.4,1246996.9"}},{"type":"Feature","geometry":{"type":"Point","coordinates":[8.540227737891446,47.368027708005286]},"properties":{"layer":"LKZ1322-MSU-","infraType":"water","geomType":"fitting","source":"order_55301/NIS_ZH_WVZ.dxf","_dedupKey":"2683206.6,1246937.7"}},{"type":"Feature","geometry":{"type":"Point","coordinates":[8.53888890636965,47.368176926419835]},"properties":{"layer":"LKZ1322-MSU-","infraType":"water","geomType":"fitting","source":"order_55301/NIS_ZH_WVZ.dxf","_dedupKey":"2683105.2,1246952.9"}},{"type":"Feature","geometry":{"type":"Point","coordinates":[8.539924059356034,47.36785336344236]},"properties":{"layer":"LKZ1321-MSU-","infraType":"water","geomType":"fitting","source":"order_55301/NIS_ZH_WVZ.dxf","_dedupKey":"2683183.9,1246918"}},{"type":"Feature","geometry":{"type":"Point","coordinates":[8.539836212929591,47.368434172902184]},"properties":{"layer":"LKZ1321-MSU-","infraType":"water","geomType":"fitting","source":"order_55301/NIS_ZH_WVZ.dxf","_dedupKey":"2683176.4,1246982.5"}},{"type":"Feature","geometry":{"type":"Point","coordinates":[8.539911901586962,47.36825184797849]},"properties":{"layer":"LKZ1321-MSU-","infraType":"water","geomType":"fitting","source":"order_55301/NIS_ZH_WVZ.dxf","_dedupKey":"2683182.4,1246962.3"}},{"type":"Feature","geometry":{"type":"Point","coordinates":[8.54025580518481,47.3679321455758]},"properties":{"layer":"LKZ1321-MSU-","infraType":"water","geomType":"fitting","source":"order_55301/NIS_ZH_WVZ.dxf","_dedupKey":"2683208.8,1246927.1"}},{"type":"Feature","geometry":{"type":"Point","coordinates":[8.538768166881457,47.36901539062569]},"properties":{"layer":"LKZ1321-MSU-","infraType":"water","geomType":"fitting","source":"order_55301/NIS_ZH_WVZ.dxf","_dedupKey":"2683094.8,1247046"}},{"type":"Feature","geometry":{"type":"Point","coordinates":[8.538779320959739,47.36901181225204]},"properties":{"layer":"LKZ1321-MSU-","infraType":"water","geomType":"fitting","source":"order_55301/NIS_ZH_WVZ.dxf","_dedupKey":"2683095.6,1247045.6"}},{"type":"Feature","geometry":{"type":"Point","coordinates":[8.538921338405926,47.368822577618914]},"properties":{"layer":"LKZ1321-MSU-","infraType":"water","geomType":"fitting","source":"order_55301/NIS_ZH_WVZ.dxf","_dedupKey":"2683106.7,1247024.7"}},{"type":"Feature","geometry":{"type":"Point","coordinates":[8.53980857108816,47.36849141177757]},"properties":{"layer":"LKZ1321-MSU-","infraType":"water","geomType":"fitting","source":"order_55301/NIS_ZH_WVZ.dxf","_dedupKey":"2683174.2,1246988.8"}},{"type":"Feature","geometry":{"type":"Point","coordinates":[8.539741248926715,47.36865190656152]},"properties":{"layer":"LKZ1321-MSU-","infraType":"water","geomType":"fitting","source":"order_55301/NIS_ZH_WVZ.dxf","_dedupKey":"2683168.8,1247006.6"}},{"type":"Feature","geometry":{"type":"Point","coordinates":[8.539769839908256,47.36859509942026]},"properties":{"layer":"LKZ1321-MSU-","infraType":"water","geomType":"fitting","source":"order_55301/NIS_ZH_WVZ.dxf","_dedupKey":"2683171.1,1247000.3"}},{"type":"Feature","geometry":{"type":"Point","coordinates":[8.539527291681836,47.36891897942979]},"properties":{"layer":"LKZ1321-MSU-","infraType":"water","geomType":"fitting","source":"order_55301/NIS_ZH_WVZ.dxf","_dedupKey":"2683152.3,1247036.1"}},{"type":"Feature","geometry":{"type":"Point","coordinates":[8.537585525321711,47.36788748499468]},"properties":{"layer":"LKZ1321-MSU-","infraType":"water","geomType":"fitting","source":"order_55301/NIS_ZH_WVZ.dxf","_dedupKey":"2683007.2,1246919.3"}},{"type":"Feature","geometry":{"type":"Point","coordinates":[8.537650176302487,47.36881417131499]},"properties":{"layer":"LKZ1321-MSU-","infraType":"water","geomType":"fitting","source":"order_55301/NIS_ZH_WVZ.dxf","_dedupKey":"2683010.7,1247022.4"}},{"type":"Feature","geometry":{"type":"Point","coordinates":[8.53766087206831,47.368819187782016]},"properties":{"layer":"LKZ1321-MSU-","infraType":"water","geomType":"fitting","source":"order_55301/NIS_ZH_WVZ.dxf","_dedupKey":"2683011.5,1247023"}},{"type":"Feature","geometry":{"type":"Point","coordinates":[8.537893723518714,47.3691032426004]},"properties":{"layer":"LKZ1321-MSU-","infraType":"water","geomType":"fitting","source":"order_55301/NIS_ZH_WVZ.dxf","_dedupKey":"2683028.6,1247054.8"}},{"type":"Feature","geometry":{"type":"Point","coordinates":[8.538379771304056,47.36860852363196]},"properties":{"layer":"LKZ1321-MSU-","infraType":"water","geomType":"fitting","source":"order_55301/NIS_ZH_WVZ.dxf","_dedupKey":"2683066.1,1247000.3"}},{"type":"Feature","geometry":{"type":"Point","coordinates":[8.538969864514337,47.367958535316426]},"properties":{"layer":"LKZ1321-MSU-","infraType":"water","geomType":"fitting","source":"order_55301/NIS_ZH_WVZ.dxf","_dedupKey":"2683111.7,1246928.7"}},{"type":"Feature","geometry":{"type":"Point","coordinates":[8.538812753455865,47.36812521008281]},"properties":{"layer":"LKZ1321-MSU-","infraType":"water","geomType":"fitting","source":"order_55301/NIS_ZH_WVZ.dxf","_dedupKey":"2683099.5,1246947.1"}},{"type":"Feature","geometry":{"type":"Point","coordinates":[8.53817760577502,47.36884804644051]},"properties":{"layer":"LKZ1321-MSU-","infraType":"water","geomType":"fitting","source":"order_55301/NIS_ZH_WVZ.dxf","_dedupKey":"2683050.4,1247026.7"}},{"type":"Feature","geometry":{"type":"Point","coordinates":[8.538806804046065,47.368140387613536]},"properties":{"layer":"LKZ1321-MSU-","infraType":"water","geomType":"fitting","source":"order_55301/NIS_ZH_WVZ.dxf","_dedupKey":"2683099.1,1246948.7"}},{"type":"Feature","geometry":{"type":"Point","coordinates":[8.53857110139798,47.368397087556595]},"properties":{"layer":"LKZ1321-MSU-","infraType":"water","geomType":"fitting","source":"order_55301/NIS_ZH_WVZ.dxf","_dedupKey":"2683080.9,1246977"}},{"type":"Feature","geometry":{"type":"Point","coordinates":[8.537762740951866,47.36767022072894]},"properties":{"layer":"LKZ1321-MSU-","infraType":"water","geomType":"fitting","source":"order_55301/NIS_ZH_WVZ.dxf","_dedupKey":"2683020.9,1246895.4"}},{"type":"Feature","geometry":{"type":"Point","coordinates":[8.541092882503005,47.36791250962314]},"properties":{"layer":"LKZ1321-MSU-","infraType":"water","geomType":"fitting","source":"order_55301/NIS_ZH_WVZ.dxf","_dedupKey":"2683272.1,1246925.8"}},{"type":"Feature","geometry":{"type":"Point","coordinates":[8.54109810600053,47.3679077193125]},"properties":{"layer":"LKZ1321-MSU-","infraType":"water","geomType":"fitting","source":"order_55301/NIS_ZH_WVZ.dxf","_dedupKey":"2683272.5,1246925.3"}},{"type":"Feature","geometry":{"type":"Point","coordinates":[8.540529526780936,47.36796641460651]},"properties":{"layer":"LKZ1321-MSU-","infraType":"water","geomType":"fitting","source":"order_55301/NIS_ZH_WVZ.dxf","_dedupKey":"2683229.5,1246931.2"}},{"type":"Feature","geometry":{"type":"Point","coordinates":[8.540260276226942,47.36890837447881]},"properties":{"layer":"LKZ1321-MSU-","infraType":"water","geomType":"fitting","source":"order_55301/NIS_ZH_WVZ.dxf","_dedupKey":"2683207.6,1247035.7"}},{"type":"Feature","geometry":{"type":"Point","coordinates":[8.540085924209356,47.368889069610404]},"properties":{"layer":"LKZ1321-MSU-","infraType":"water","geomType":"fitting","source":"order_55301/NIS_ZH_WVZ.dxf","_dedupKey":"2683194.5,1247033.3"}},{"type":"Feature","geometry":{"type":"Point","coordinates":[8.540197671682828,47.36889730486683]},"properties":{"layer":"LKZ1321-MSU-","infraType":"water","geomType":"fitting","source":"order_55301/NIS_ZH_WVZ.dxf","_dedupKey":"2683202.9,1247034.4"}},{"type":"Feature","geometry":{"type":"Point","coordinates":[8.540226225076688,47.36890661237813]},"properties":{"layer":"LKZ1321-MSU-","infraType":"water","geomType":"fitting","source":"order_55301/NIS_ZH_WVZ.dxf","_dedupKey":"2683205.1,1247035.4"}},{"type":"Feature","geometry":{"type":"Point","coordinates":[8.540012915187601,47.36887235121543]},"properties":{"layer":"LKZ1321-MSU-","infraType":"water","geomType":"fitting","source":"order_55301/NIS_ZH_WVZ.dxf","_dedupKey":"2683189,1247031.4"}},{"type":"Feature","geometry":{"type":"Point","coordinates":[8.540348778350348,47.36891876526077]},"properties":{"layer":"LKZ1321-MSU-","infraType":"water","geomType":"fitting","source":"order_55301/NIS_ZH_WVZ.dxf","_dedupKey":"2683214.3,1247036.9"}},{"type":"Feature","geometry":{"type":"Point","coordinates":[8.540415890262441,47.36892818166067]},"properties":{"layer":"LKZ1321-MSU-","infraType":"water","geomType":"fitting","source":"order_55301/NIS_ZH_WVZ.dxf","_dedupKey":"2683219.4,1247038"}},{"type":"Feature","geometry":{"type":"Point","coordinates":[8.540536155459153,47.368950700603236]},"properties":{"layer":"LKZ1321-MSU-","infraType":"water","geomType":"fitting","source":"order_55301/NIS_ZH_WVZ.dxf","_dedupKey":"2683228.4,1247040.7"}},{"type":"Feature","geometry":{"type":"Point","coordinates":[8.537374651786097,47.36868290886016]},"properties":{"layer":"LKZ1323-MSU-","infraType":"water","geomType":"fitting","source":"order_55301/NIS_ZH_WVZ.dxf","_dedupKey":"2682990.1,1247007.5"}},{"type":"Feature","geometry":{"type":"Point","coordinates":[8.538119689027805,47.367615352952214]},"properties":{"layer":"LKZ1323-MSU-","infraType":"water","geomType":"fitting","source":"order_55301/NIS_ZH_WVZ.dxf","_dedupKey":"2683048,1246889.6"}},{"type":"Feature","geometry":{"type":"Point","coordinates":[8.538176420876798,47.36756453893209]},"properties":{"layer":"LKZ1323-MSU-","infraType":"water","geomType":"fitting","source":"order_55301/NIS_ZH_WVZ.dxf","_dedupKey":"2683052.4,1246884.1"}},{"type":"Feature","geometry":{"type":"Point","coordinates":[8.539675452868446,47.36883822983102]},"properties":{"layer":"LKZ1323-MSU-","infraType":"water","geomType":"fitting","source":"order_55301/NIS_ZH_WVZ.dxf","_dedupKey":"2683163.6,1247027.2"}},{"type":"Feature","geometry":{"type":"Point","coordinates":[8.538562628314214,47.368406748090585]},"properties":{"layer":"LKZ1323-MSU-","infraType":"water","geomType":"fitting","source":"order_55301/NIS_ZH_WVZ.dxf","_dedupKey":"2683080.2,1246978.1"}},{"type":"Feature","geometry":{"type":"Point","coordinates":[8.54106791268421,47.36800732309227]},"properties":{"layer":"LKZ1323-MSU-","infraType":"water","geomType":"fitting","source":"order_55301/NIS_ZH_WVZ.dxf","_dedupKey":"2683270.1,1246936.3"}},{"type":"Feature","geometry":{"type":"Point","coordinates":[8.541075994418252,47.36800949474053]},"properties":{"layer":"LKZ1323-MSU-","infraType":"water","geomType":"fitting","source":"order_55301/NIS_ZH_WVZ.dxf","_dedupKey":"2683270.7,1246936.6"}},{"type":"Feature","geometry":{"type":"Point","coordinates":[8.540244941535734,47.36890634391245]},"properties":{"layer":"LKZ1323-MSU-","infraType":"water","geomType":"fitting","source":"order_55301/NIS_ZH_WVZ.dxf","_dedupKey":"2683206.5,1247035.4"}},{"type":"Feature","geometry":{"type":"Point","coordinates":[8.540269586253231,47.36890975188978]},"properties":{"layer":"LKZ1323-MSU-","infraType":"water","geomType":"fitting","source":"order_55301/NIS_ZH_WVZ.dxf","_dedupKey":"2683208.3,1247035.8"}},{"type":"Feature","geometry":{"type":"Point","coordinates":[8.538724953843994,47.3691034779951]},"properties":{"layer":"LKZ1323-MSU-","infraType":"water","geomType":"fitting","source":"order_55301/NIS_ZH_WVZ.dxf","_dedupKey":"2683091.4,1247055.7"}},{"type":"Feature","geometry":{"type":"Point","coordinates":[8.54076787071856,47.36898178079129]},"properties":{"layer":"LKZ1323-MSU-","infraType":"water","geomType":"fitting","source":"order_55301/NIS_ZH_WVZ.dxf","_dedupKey":"2683245.9,1247044.4"}},{"type":"Feature","geometry":{"type":"Point","coordinates":[8.540787101048394,47.36897498584487]},"properties":{"layer":"LKZ1323-MSU-","infraType":"water","geomType":"fitting","source":"order_55301/NIS_ZH_WVZ.dxf","_dedupKey":"2683247.3,1247043.6"}},{"type":"Feature","geometry":{"type":"Point","coordinates":[8.54077335350777,47.3689639090643]},"properties":{"layer":"LKZ1323-MSU-","infraType":"water","geomType":"fitting","source":"order_55301/NIS_ZH_WVZ.dxf","_dedupKey":"2683246.3,1247042.4"}},{"type":"Feature","geometry":{"type":"Point","coordinates":[8.540803279641455,47.36885389155717]},"properties":{"layer":"LKZ1321-MSU-","infraType":"water","geomType":"fitting","source":"order_55301/NIS_ZH_WVZ.dxf","_dedupKey":"2683248.7,1247030.2"}},{"type":"Feature","geometry":{"type":"Point","coordinates":[8.540834294968526,47.3687523730634]},"properties":{"layer":"LKZ1321-MSU-","infraType":"water","geomType":"fitting","source":"order_55301/NIS_ZH_WVZ.dxf","_dedupKey":"2683251.2,1247018.9"}},{"type":"Feature","geometry":{"type":"Point","coordinates":[8.540828613582036,47.36879841952652]},"properties":{"layer":"LKZ1321-MSU-","infraType":"water","geomType":"fitting","source":"order_55301/NIS_ZH_WVZ.dxf","_dedupKey":"2683250.7,1247024"}},{"type":"Feature","geometry":{"type":"Point","coordinates":[8.540509075735578,47.367958334171135]},"properties":{"layer":"LKZ1321-MSU-","infraType":"water","geomType":"fitting","source":"order_55301/NIS_ZH_WVZ.dxf","_dedupKey":"2683227.9,1246930.3"}},{"type":"Feature","geometry":{"type":"Point","coordinates":[8.541227982040795,47.369049863293704]},"properties":{"layer":"LKZ1321-MSU-","infraType":"water","geomType":"fitting","source":"order_55301/NIS_ZH_WVZ.dxf","_dedupKey":"2683280.5,1247052.4"}},{"type":"Feature","geometry":{"type":"Point","coordinates":[8.541786690734845,47.36787577803459]},"properties":{"layer":"LKZ1321-MSU-","infraType":"water","geomType":"fitting","source":"order_55301/NIS_ZH_WVZ.dxf","_dedupKey":"2683324.5,1246922.5"}},{"type":"Feature","geometry":{"type":"Point","coordinates":[8.541781768986484,47.367929697072206]},"properties":{"layer":"LKZ1321-MSU-","infraType":"water","geomType":"fitting","source":"order_55301/NIS_ZH_WVZ.dxf","_dedupKey":"2683324.1,1246928.5"}},{"type":"Feature","geometry":{"type":"Point","coordinates":[8.54181281340766,47.368331943039955]},"properties":{"layer":"LKZ1321-MSU-","infraType":"water","geomType":"fitting","source":"order_55301/NIS_ZH_WVZ.dxf","_dedupKey":"2683325.8,1246973.2"}},{"type":"Feature","geometry":{"type":"Point","coordinates":[8.541808502315982,47.36832899782409]},"properties":{"layer":"LKZ1321-MSU-","infraType":"water","geomType":"fitting","source":"order_55301/NIS_ZH_WVZ.dxf","_dedupKey":"2683325.5,1246972.9"}},{"type":"Feature","geometry":{"type":"Point","coordinates":[8.541824699304302,47.36845523412643]},"properties":{"layer":"LKZ1321-MSU-","infraType":"water","geomType":"fitting","source":"order_55301/NIS_ZH_WVZ.dxf","_dedupKey":"2683326.5,1246986.9"}},{"type":"Feature","geometry":{"type":"Point","coordinates":[8.54084104559414,47.36874395213936]},"properties":{"layer":"LKZ1321-MSU-","infraType":"water","geomType":"fitting","source":"order_55301/NIS_ZH_WVZ.dxf","_dedupKey":"2683251.8,1247018"}},{"type":"Feature","geometry":{"type":"Point","coordinates":[8.540839889230263,47.36874757922844]},"properties":{"layer":"LKZ1323-MSU-","infraType":"water","geomType":"fitting","source":"order_55301/NIS_ZH_WVZ.dxf","_dedupKey":"2683251.7,1247018.4"}},{"type":"Feature","geometry":{"type":"Point","coordinates":[8.54102635537186,47.36828729834301]},"properties":{"layer":"LKZ1321-MSU-","infraType":"water","geomType":"fitting","source":"order_55301/NIS_ZH_WVZ.dxf","_dedupKey":"2683266.5,1246967.4"}},{"type":"Feature","geometry":{"type":"Point","coordinates":[8.5418460146163,47.36867651837074]},"properties":{"layer":"LKZ1321-MSU-","infraType":"water","geomType":"fitting","source":"order_55301/NIS_ZH_WVZ.dxf","_dedupKey":"2683327.8,1247011.6"}},{"type":"Feature","geometry":{"type":"Point","coordinates":[8.540914805834689,47.36862346867877]},"properties":{"layer":"LKZ1321-MSU-","infraType":"water","geomType":"fitting","source":"order_55301/NIS_ZH_WVZ.dxf","_dedupKey":"2683257.5,1247004.7"}},{"type":"Feature","geometry":{"type":"Point","coordinates":[8.540978242069752,47.36841288923378]},"properties":{"layer":"LKZ1321-MSU-","infraType":"water","geomType":"fitting","source":"order_55301/NIS_ZH_WVZ.dxf","_dedupKey":"2683262.6,1246981.3"}},{"type":"Feature","geometry":{"type":"Point","coordinates":[8.541861382209541,47.36901665848438]},"properties":{"layer":"LKZ1321-MSU-","infraType":"water","geomType":"fitting","source":"order_55301/NIS_ZH_WVZ.dxf","_dedupKey":"2683328.4,1247049.4"}},{"type":"Feature","geometry":{"type":"Point","coordinates":[8.53964838910104,47.368634999389755]},"properties":{"layer":"LKZ1321-MSU-","infraType":"water","geomType":"fitting","source":"order_55301/NIS_ZH_WVZ.dxf","_dedupKey":"2683161.9,1247004.6"}},{"type":"Feature","geometry":{"type":"Point","coordinates":[8.540233592040675,47.36802844374286]},"properties":{"layer":"LKZ1321-MSU-","infraType":"water","geomType":"fitting","source":"order_55301/NIS_ZH_WVZ.dxf","_dedupKey":"2683207,1246937.8"}},{"type":"Feature","geometry":{"type":"Point","coordinates":[8.540061162907412,47.36788675036801]},"properties":{"layer":"LKZ1321-MSU-","infraType":"water","geomType":"fitting","source":"order_55301/NIS_ZH_WVZ.dxf","_dedupKey":"2683194.2,1246921.9"}},{"type":"Feature","geometry":{"type":"Point","coordinates":[8.539891561683884,47.36785049802165]},"properties":{"layer":"LKZ1321-MSU-","infraType":"water","geomType":"fitting","source":"order_55301/NIS_ZH_WVZ.dxf","_dedupKey":"2683181.4,1246917.7"}},{"type":"Feature","geometry":{"type":"Point","coordinates":[8.537958319624568,47.369036261550036]},"properties":{"layer":"LKZ1321-MSU-","infraType":"water","geomType":"fitting","source":"order_55301/NIS_ZH_WVZ.dxf","_dedupKey":"2683033.6,1247047.4"}},{"type":"Feature","geometry":{"type":"Point","coordinates":[8.538077313881201,47.369003618872185]},"properties":{"layer":"LKZ1321-MSU-","infraType":"water","geomType":"fitting","source":"order_55301/NIS_ZH_WVZ.dxf","_dedupKey":"2683042.6,1247043.9"}},{"type":"Feature","geometry":{"type":"Point","coordinates":[8.537370533778578,47.36818697323685]},"properties":{"layer":"LKZ1321-MSU-","infraType":"water","geomType":"fitting","source":"order_55301/NIS_ZH_WVZ.dxf","_dedupKey":"2682990.5,1246952.4"}},{"type":"Feature","geometry":{"type":"Point","coordinates":[8.541058894652629,47.36803734506641]},"properties":{"layer":"LKZ1321-MSU-","infraType":"water","geomType":"fitting","source":"order_55301/NIS_ZH_WVZ.dxf","_dedupKey":"2683269.3,1246939.7"}},{"type":"Feature","geometry":{"type":"Point","coordinates":[8.538683519867952,47.368275571743645]},"properties":{"layer":"LKZ1321-MSU-","infraType":"water","geomType":"fitting","source":"order_55301/NIS_ZH_WVZ.dxf","_dedupKey":"2683089.5,1246963.6"}},{"type":"Feature","geometry":{"type":"Point","coordinates":[8.540770548620431,47.36897297596349]},"properties":{"layer":"LKZ1321-MSU-","infraType":"water","geomType":"fitting","source":"order_55301/NIS_ZH_WVZ.dxf","_dedupKey":"2683246.1,1247043.4"}},{"type":"Feature","geometry":{"type":"LineString","coordinates":[[8.540081984051513,47.3695506469486],[8.539886555746392,47.369525165187895]]},"properties":{"layer":"LKZ1315-MLU1","infraType":"water","geomType":"pipe","source":"order_55302/NIS_ZH_WVZ.dxf","_dedupKey":"2683178.5,1247103.8|2683193.2,1247106.9"}},{"type":"Feature","geometry":{"type":"LineString","coordinates":[[8.540163930812298,47.36941355285792],[8.540145361681654,47.369484395894574],[8.540369333626927,47.36951357181049]]},"properties":{"layer":"LKZ1315-MLU1","infraType":"water","geomType":"pipe","source":"order_55302/NIS_ZH_WVZ.dxf","_dedupKey":"2683199.6,1247091.7|2683214.9,1247103.1"}},{"type":"Feature","geometry":{"type":"LineString","coordinates":[[8.540145361681654,47.369484395894574],[8.540137885440547,47.36951089496147]]},"properties":{"layer":"LKZ1315-MLU1","infraType":"water","geomType":"pipe","source":"order_55302/NIS_ZH_WVZ.dxf","_dedupKey":"2683197.5,1247102.5|2683198.1,1247099.6"}},{"type":"Feature","geometry":{"type":"LineString","coordinates":[[8.53963473259036,47.36982390232473],[8.539615631544297,47.36982159274514],[8.539508378883054,47.36980861859825]]},"properties":{"layer":"LKZ1315-MLU1","infraType":"water","geomType":"pipe","source":"order_55302/NIS_ZH_WVZ.dxf","_dedupKey":"2683149.5,1247134.9|2683159,1247136.8"}},{"type":"Feature","geometry":{"type":"LineString","coordinates":[[8.539744405095112,47.369821975300844],[8.539761190875083,47.36975899311822]]},"properties":{"layer":"LKZ1315-MLU1","infraType":"water","geomType":"pipe","source":"order_55302/NIS_ZH_WVZ.dxf","_dedupKey":"2683167.3,1247136.7|2683168.6,1247129.7"}},{"type":"Feature","geometry":{"type":"LineString","coordinates":[[8.539615631544297,47.36982159274514],[8.539619625391442,47.36980661372424],[8.539630749360033,47.36980798289171]]},"properties":{"layer":"LKZ1315-MLU1","infraType":"water","geomType":"pipe","source":"order_55302/NIS_ZH_WVZ.dxf","_dedupKey":"2683157.5,1247136.5|2683158.7,1247135"}},{"type":"Feature","geometry":{"type":"LineString","coordinates":[[8.539650820310605,47.369810454131],[8.539744405095112,47.369821975300844],[8.53987333972321,47.36983784583247],[8.540125284674454,47.37006537751866]]},"properties":{"layer":"LKZ1315-MLU1","infraType":"water","geomType":"pipe","source":"order_55302/NIS_ZH_WVZ.dxf","_dedupKey":"2683160.2,1247135.3|2683195.6,1247164.1"}},{"type":"Feature","geometry":{"type":"LineString","coordinates":[[8.539706164772069,47.369719992991925],[8.539699073297685,47.369746542329054],[8.53965864415514,47.36974115284459],[8.539649783285782,47.3697717848548],[8.539644692720492,47.36978943689716],[8.53963903257977,47.36980900134117],[8.53963473259036,47.36982390232473],[8.539633558932277,47.36982797932204],[8.539628541283491,47.369845315837765],[8.539623091875718,47.36986418564496],[8.539602986720295,47.36993378389676],[8.539750339377646,47.369990676806005],[8.53971662487595,47.37002511683214]]},"properties":{"layer":"LKZ1315-MLU1","infraType":"water","geomType":"pipe","source":"order_55302/NIS_ZH_WVZ.dxf","_dedupKey":"2683164.5,1247125.3|2683164.8,1247159.2"}},{"type":"Feature","geometry":{"type":"LineString","coordinates":[[8.537668209131311,47.37000801616736],[8.537639254846463,47.369989545781515]]},"properties":{"layer":"LKZ1315-MLU1","infraType":"water","geomType":"pipe","source":"order_55302/NIS_ZH_WVZ.dxf","_dedupKey":"2683008,1247153.1|2683010.2,1247155.2"}},{"type":"Feature","geometry":{"type":"LineString","coordinates":[[8.54122767539618,47.36910289267959],[8.541198413631578,47.36920786666483],[8.541102470568786,47.36919431829355],[8.541093314922415,47.3692247373584]]},"properties":{"layer":"LKZ1319-MLU1","infraType":"water","geomType":"pipe","source":"order_55302/NIS_ZH_WVZ.dxf","_dedupKey":"2683270.1,1247071.7|2683280.4,1247058.3"}},{"type":"Feature","geometry":{"type":"LineString","coordinates":[[8.541086302254573,47.36940359204563],[8.541092409267833,47.369480568279215],[8.541049501903869,47.36948211121766],[8.541051704488224,47.36950666496327]]},"properties":{"layer":"LKZ1319-MLU1","infraType":"water","geomType":"pipe","source":"order_55302/NIS_ZH_WVZ.dxf","_dedupKey":"2683266.5,1247103|2683269.3,1247091.6"}},{"type":"Feature","geometry":{"type":"LineString","coordinates":[[8.53859300377028,47.369195468820585],[8.53859688724367,47.36919822932897],[8.538598874849322,47.36919958665842]]},"properties":{"layer":"LKZ1315-MLU1","infraType":"water","geomType":"pipe","source":"order_55302/NIS_ZH_WVZ.dxf","_dedupKey":"2683081.3,1247065.8|2683081.7,1247066.3"}},{"type":"Feature","geometry":{"type":"LineString","coordinates":[[8.538598874849322,47.36919958665842],[8.538611201087608,47.369206611420026]]},"properties":{"layer":"LKZ1315-MLU1","infraType":"water","geomType":"pipe","source":"order_55302/NIS_ZH_WVZ.dxf","_dedupKey":"2683081.7,1247066.3|2683082.6,1247067.1"}},{"type":"Feature","geometry":{"type":"LineString","coordinates":[[8.538879131335335,47.3691268180359],[8.538878615994221,47.369128792883835],[8.53887384102062,47.369145065628814],[8.538859328701221,47.36917774834019]]},"properties":{"layer":"LKZ1315-MLU1","infraType":"water","geomType":"pipe","source":"order_55302/NIS_ZH_WVZ.dxf","_dedupKey":"2683101.4,1247064.1|2683103,1247058.5"}},{"type":"Feature","geometry":{"type":"LineString","coordinates":[[8.538859328701221,47.36917774834019],[8.53885349559514,47.369190226213306]]},"properties":{"layer":"LKZ1315-MLU1","infraType":"water","geomType":"pipe","source":"order_55302/NIS_ZH_WVZ.dxf","_dedupKey":"2683101,1247065.5|2683101.4,1247064.1"}},{"type":"Feature","geometry":{"type":"LineString","coordinates":[[8.53885349559514,47.369190226213306],[8.538852699100604,47.36919205082168]]},"properties":{"layer":"LKZ1315-MLU1","infraType":"water","geomType":"pipe","source":"order_55302/NIS_ZH_WVZ.dxf","_dedupKey":"2683100.9,1247065.7|2683101,1247065.5"}},{"type":"Feature","geometry":{"type":"LineString","coordinates":[[8.538955278882776,47.36913907263581],[8.5389540743726,47.36914165672503],[8.538943922622632,47.36917198615111],[8.538943613208,47.36917303253669],[8.538936743525387,47.36919302224799],[8.538935408930756,47.36919700182507]]},"properties":{"layer":"LKZ1315-MLU1","infraType":"water","geomType":"pipe","source":"order_55302/NIS_ZH_WVZ.dxf","_dedupKey":"2683107.1,1247066.3|2683108.7,1247059.9"}},{"type":"Feature","geometry":{"type":"LineString","coordinates":[[8.538935408930756,47.36919700182507],[8.538932232499484,47.36920604522998]]},"properties":{"layer":"LKZ1315-MLU1","infraType":"water","geomType":"pipe","source":"order_55302/NIS_ZH_WVZ.dxf","_dedupKey":"2683106.9,1247067.3|2683107.1,1247066.3"}},{"type":"Feature","geometry":{"type":"LineString","coordinates":[[8.538932232499484,47.36920604522998],[8.538931448630242,47.36920848138912]]},"properties":{"layer":"LKZ1315-MLU1","infraType":"water","geomType":"pipe","source":"order_55302/NIS_ZH_WVZ.dxf","_dedupKey":"2683106.8,1247067.6|2683106.9,1247067.3"}},{"type":"Feature","geometry":{"type":"LineString","coordinates":[[8.539091215457445,47.36916069718626],[8.53909014351818,47.36916328900893],[8.539078306500917,47.36919600022998],[8.539071142661477,47.36920109677627],[8.539067311144585,47.36921560648531],[8.539064529862017,47.36922839710857]]},"properties":{"layer":"LKZ1315-MLU1","infraType":"water","geomType":"pipe","source":"order_55302/NIS_ZH_WVZ.dxf","_dedupKey":"2683116.8,1247070|2683119,1247062.5"}},{"type":"Feature","geometry":{"type":"LineString","coordinates":[[8.539223051161112,47.36918698416433],[8.539222195731158,47.369189160148025],[8.539211197813213,47.36922403121966],[8.539205609241598,47.36922975141983],[8.539203451782896,47.36923684216948]]},"properties":{"layer":"LKZ1315-MLU1","infraType":"water","geomType":"pipe","source":"order_55302/NIS_ZH_WVZ.dxf","_dedupKey":"2683127.3,1247071.1|2683128.9,1247065.5"}},{"type":"Feature","geometry":{"type":"LineString","coordinates":[[8.539203451782896,47.36923684216948],[8.539199895545256,47.36924865071357]]},"properties":{"layer":"LKZ1315-MLU1","infraType":"water","geomType":"pipe","source":"order_55302/NIS_ZH_WVZ.dxf","_dedupKey":"2683127,1247072.4|2683127.3,1247071.1"}},{"type":"Feature","geometry":{"type":"LineString","coordinates":[[8.539399133636216,47.3692118328545],[8.539416697502366,47.36921473280848],[8.539419912594845,47.369215259866074]]},"properties":{"layer":"LKZ1314-MLU1","infraType":"water","geomType":"pipe","source":"order_55302/NIS_ZH_WVZ.dxf","_dedupKey":"2683142.1,1247068.5|2683143.7,1247068.9"}},{"type":"Feature","geometry":{"type":"LineString","coordinates":[[8.53921101397104,47.36918498500456],[8.539211202513275,47.36918449746959],[8.539214470182218,47.36918500604159],[8.539217478982435,47.36917554145351]]},"properties":{"layer":"LKZ1310-MLU1","infraType":"water","geomType":"pipe","source":"order_55302/NIS_ZH_WVZ.dxf","_dedupKey":"2683128,1247065.3|2683128.5,1247064.3"}},{"type":"Feature","geometry":{"type":"LineString","coordinates":[[8.539417857196241,47.36917407264975],[8.539414138322595,47.36917351441283]]},"properties":{"layer":"LKZ1317-MLU1","infraType":"water","geomType":"pipe","source":"order_55302/NIS_ZH_WVZ.dxf","_dedupKey":"2683143.3,1247064.2|2683143.6,1247064.3"}},{"type":"Feature","geometry":{"type":"LineString","coordinates":[[8.539414138322595,47.36917351441283],[8.539397654593728,47.36917034330484]]},"properties":{"layer":"LKZ1317-MLU1","infraType":"water","geomType":"pipe","source":"order_55302/NIS_ZH_WVZ.dxf","_dedupKey":"2683142.1,1247063.9|2683143.3,1247064.2"}},{"type":"Feature","geometry":{"type":"LineString","coordinates":[[8.539419912594845,47.369215259866074],[8.539419070410409,47.36921743572507],[8.539300360950989,47.36952549071171]]},"properties":{"layer":"LKZ1314-MLU1","infraType":"water","geomType":"pipe","source":"order_55302/NIS_ZH_WVZ.dxf","_dedupKey":"2683134.2,1247103.3|2683143.7,1247068.9"}},{"type":"Feature","geometry":{"type":"LineString","coordinates":[[8.539434481715974,47.36917700853895],[8.539420184045865,47.369174545206796],[8.539417857196241,47.36917407264975]]},"properties":{"layer":"LKZ1317-MLU1","infraType":"water","geomType":"pipe","source":"order_55302/NIS_ZH_WVZ.dxf","_dedupKey":"2683143.6,1247064.3|2683144.9,1247064.7"}},{"type":"Feature","geometry":{"type":"LineString","coordinates":[[8.540107946144733,47.3693461013887],[8.540107294697362,47.36934597267398],[8.540101389664894,47.369340218117195]]},"properties":{"layer":"LKZ1310-MLU1","infraType":"water","geomType":"pipe","source":"order_55302/NIS_ZH_WVZ.dxf","_dedupKey":"2683195,1247083.5|2683195.5,1247084.2"}},{"type":"Feature","geometry":{"type":"LineString","coordinates":[[8.540101389664894,47.369340218117195],[8.540098826323836,47.36933791281729],[8.540094371530515,47.369334420204325]]},"properties":{"layer":"LKZ1310-MLU1","infraType":"water","geomType":"pipe","source":"order_55302/NIS_ZH_WVZ.dxf","_dedupKey":"2683194.5,1247082.9|2683195,1247083.5"}},{"type":"Feature","geometry":{"type":"LineString","coordinates":[[8.540094371530515,47.369334420204325],[8.540084440853722,47.36932607745175],[8.540088029181259,47.36931390876661]]},"properties":{"layer":"LKZ1310-MLU1","infraType":"water","geomType":"pipe","source":"order_55302/NIS_ZH_WVZ.dxf","_dedupKey":"2683194,1247080.6|2683194.5,1247082.9"}},{"type":"Feature","geometry":{"type":"LineString","coordinates":[[8.540165742618735,47.36940704107609],[8.5401654960715,47.36940792495272]]},"properties":{"layer":"LKZ1315-MLU1","infraType":"water","geomType":"pipe","source":"order_55302/NIS_ZH_WVZ.dxf","_dedupKey":"2683199.7,1247091|2683199.7,1247091.1"}},{"type":"Feature","geometry":{"type":"LineString","coordinates":[[8.5401654960715,47.36940792495272],[8.540163930812298,47.36941355285792]]},"properties":{"layer":"LKZ1315-MLU1","infraType":"water","geomType":"pipe","source":"order_55302/NIS_ZH_WVZ.dxf","_dedupKey":"2683199.6,1247091.7|2683199.7,1247091.1"}},{"type":"Feature","geometry":{"type":"LineString","coordinates":[[8.538612323470701,47.36942783653161],[8.538615069610197,47.36942488695349],[8.538620013439917,47.369420000477504]]},"properties":{"layer":"LKZ1317-MLU1","infraType":"water","geomType":"pipe","source":"order_55302/NIS_ZH_WVZ.dxf","_dedupKey":"2683082.4,1247091.7|2683083,1247090.8"}},{"type":"Feature","geometry":{"type":"LineString","coordinates":[[8.54182574187268,47.37032645999762],[8.54185953205759,47.37032708174253],[8.541859890208908,47.370322634714604],[8.541860953868598,47.37031389025842],[8.541877736496398,47.3703046088673],[8.541890081131221,47.37023315936482],[8.541898075725562,47.37022662447867],[8.541895989844832,47.37020645027701],[8.541871666468822,47.37020708739264]]},"properties":{"layer":"LKZ1315-MLU1","infraType":"water","geomType":"pipe","source":"order_55302/NIS_ZH_WVZ.dxf","_dedupKey":"2683323.7,1247195|2683327.3,1247181.8"}},{"type":"Feature","geometry":{"type":"LineString","coordinates":[[8.541381509967604,47.37032057360641],[8.541381573239471,47.370319151767816]]},"properties":{"layer":"LKZ1315-MLU1","infraType":"water","geomType":"pipe","source":"order_55302/NIS_ZH_WVZ.dxf","_dedupKey":"2683290.1,1247193.7|2683290.1,1247193.8"}},{"type":"Feature","geometry":{"type":"LineString","coordinates":[[8.541381573239471,47.370319151767816],[8.541381579494319,47.370316893924134],[8.54138162596426,47.37031593999398]]},"properties":{"layer":"LKZ1315-MLU1","infraType":"water","geomType":"pipe","source":"order_55302/NIS_ZH_WVZ.dxf","_dedupKey":"2683290.1,1247193.3|2683290.1,1247193.7"}},{"type":"Feature","geometry":{"type":"LineString","coordinates":[[8.54138162596426,47.37031593999398],[8.5413819380156,47.37030926260951]]},"properties":{"layer":"LKZ1315-MLU1","infraType":"water","geomType":"pipe","source":"order_55302/NIS_ZH_WVZ.dxf","_dedupKey":"2683290.1,1247193.3|2683290.2,1247192.6"}},{"type":"Feature","geometry":{"type":"LineString","coordinates":[[8.541437736254665,47.37032149398805],[8.541437786676124,47.37032393119369]]},"properties":{"layer":"LKZ1315-MLU1","infraType":"water","geomType":"pipe","source":"order_55302/NIS_ZH_WVZ.dxf","_dedupKey":"2683294.4,1247194|2683294.4,1247194.3"}},{"type":"Feature","geometry":{"type":"LineString","coordinates":[[8.541437786676124,47.37032393119369],[8.54143792102029,47.37032594482577],[8.54143786317372,47.37032698881612]]},"properties":{"layer":"LKZ1315-MLU1","infraType":"water","geomType":"pipe","source":"order_55302/NIS_ZH_WVZ.dxf","_dedupKey":"2683294.4,1247194.3|2683294.4,1247194.6"}},{"type":"Feature","geometry":{"type":"LineString","coordinates":[[8.54143786317372,47.37032698881612],[8.54143800627978,47.370333266068144]]},"properties":{"layer":"LKZ1315-MLU1","infraType":"water","geomType":"pipe","source":"order_55302/NIS_ZH_WVZ.dxf","_dedupKey":"2683294.4,1247194.6|2683294.4,1247195.3"}},{"type":"Feature","geometry":{"type":"LineString","coordinates":[[8.5416612024941,47.37032218460021],[8.5416611401347,47.37032429006216]]},"properties":{"layer":"LKZ1315-MLU1","infraType":"water","geomType":"pipe","source":"order_55302/NIS_ZH_WVZ.dxf","_dedupKey":"2683311.2,1247194.3|2683311.2,1247194.6"}},{"type":"Feature","geometry":{"type":"LineString","coordinates":[[8.5416611401347,47.37032429006216],[8.541660995740779,47.370326270375365],[8.541660666519416,47.370329556751194],[8.541660401044291,47.37033336423729]]},"properties":{"layer":"LKZ1315-MLU1","infraType":"water","geomType":"pipe","source":"order_55302/NIS_ZH_WVZ.dxf","_dedupKey":"2683311.2,1247194.6|2683311.2,1247195.6"}},{"type":"Feature","geometry":{"type":"LineString","coordinates":[[8.54169995569549,47.37032269602928],[8.541700153015734,47.37032135386665]]},"properties":{"layer":"LKZ1315-MLU1","infraType":"water","geomType":"pipe","source":"order_55302/NIS_ZH_WVZ.dxf","_dedupKey":"2683314.2,1247194.3|2683314.2,1247194.4"}},{"type":"Feature","geometry":{"type":"LineString","coordinates":[[8.541744012154542,47.37032418224385],[8.541743891237884,47.37032665706648]]},"properties":{"layer":"LKZ1315-MLU1","infraType":"water","geomType":"pipe","source":"order_55302/NIS_ZH_WVZ.dxf","_dedupKey":"2683317.5,1247194.6|2683317.5,1247194.9"}},{"type":"Feature","geometry":{"type":"LineString","coordinates":[[8.541743891237884,47.37032665706648],[8.541743790283807,47.37032881686803],[8.541740996073468,47.37033903506589],[8.541740750106394,47.370339945925785]]},"properties":{"layer":"LKZ1315-MLU1","infraType":"water","geomType":"pipe","source":"order_55302/NIS_ZH_WVZ.dxf","_dedupKey":"2683317.2,1247196.4|2683317.5,1247194.9"}},{"type":"Feature","geometry":{"type":"LineString","coordinates":[[8.541798146048203,47.37032572510901],[8.541798002356186,47.37032901870847]]},"properties":{"layer":"LKZ1317-MLU1","infraType":"water","geomType":"pipe","source":"order_55302/NIS_ZH_WVZ.dxf","_dedupKey":"2683321.6,1247194.9|2683321.6,1247195.2"}},{"type":"Feature","geometry":{"type":"LineString","coordinates":[[8.541798002356186,47.37032901870847],[8.541797948539786,47.370332176522204],[8.541797992206007,47.37033620593495]]},"properties":{"layer":"LKZ1317-MLU1","infraType":"water","geomType":"pipe","source":"order_55302/NIS_ZH_WVZ.dxf","_dedupKey":"2683321.6,1247195.2|2683321.6,1247196"}},{"type":"Feature","geometry":{"type":"LineString","coordinates":[[8.538586665824367,47.36979692711856],[8.53875577961178,47.369846516869956],[8.53884964566369,47.36987167273593],[8.539048129317381,47.36992518302871],[8.539082179324796,47.36995315736768]]},"properties":{"layer":"LKZ1314-MLU1","infraType":"water","geomType":"pipe","source":"order_55302/NIS_ZH_WVZ.dxf","_dedupKey":"2683079.9,1247132.7|2683117,1247150.6"}},{"type":"Feature","geometry":{"type":"LineString","coordinates":[[8.538888395081594,47.36980401987586],[8.538915533556926,47.3697563119215]]},"properties":{"layer":"LKZ1315-MLU1","infraType":"water","geomType":"pipe","source":"order_55302/NIS_ZH_WVZ.dxf","_dedupKey":"2683102.6,1247133.8|2683104.8,1247128.5"}},{"type":"Feature","geometry":{"type":"LineString","coordinates":[[8.53920882056589,47.369575764403194],[8.53921140114798,47.36957890610749],[8.53921842178464,47.369587393600135],[8.539208528155356,47.369615471798035],[8.539165973391773,47.369724529743785],[8.539159699248504,47.36974450479545],[8.539175772575355,47.36974767085376]]},"properties":{"layer":"LKZ1317-MLU1","infraType":"water","geomType":"pipe","source":"order_55302/NIS_ZH_WVZ.dxf","_dedupKey":"2683124.4,1247127.8|2683127.2,1247108.7"}},{"type":"Feature","geometry":{"type":"LineString","coordinates":[[8.539110519925329,47.369589123355055],[8.539111498148097,47.36958583979871],[8.539113060738618,47.36958007700727]]},"properties":{"layer":"LKZ1317-MLU1","infraType":"water","geomType":"pipe","source":"order_55302/NIS_ZH_WVZ.dxf","_dedupKey":"2683119.7,1247110.1|2683120,1247109.1"}},{"type":"Feature","geometry":{"type":"LineString","coordinates":[[8.539082179324796,47.36995315736768],[8.539103522643934,47.37001726035958],[8.539106115900948,47.37002486354072],[8.539084191062308,47.370087165970645],[8.539081900670684,47.37009359234096],[8.539079598711288,47.37010009977779],[8.539052259597302,47.37017913979113]]},"properties":{"layer":"LKZ1314-MLU1","infraType":"water","geomType":"pipe","source":"order_55302/NIS_ZH_WVZ.dxf","_dedupKey":"2683114.4,1247175.7|2683117,1247150.6"}},{"type":"Feature","geometry":{"type":"LineString","coordinates":[[8.539103522643934,47.37001726035958],[8.53909672413153,47.370018251634974],[8.539083296416758,47.37002009764411]]},"properties":{"layer":"LKZ1317-MLU1","infraType":"water","geomType":"pipe","source":"order_55302/NIS_ZH_WVZ.dxf","_dedupKey":"2683117,1247158|2683118.6,1247157.7"}},{"type":"Feature","geometry":{"type":"LineString","coordinates":[[8.539081900670684,47.37009359234096],[8.539078578323762,47.37009300332939],[8.539072172659385,47.37009185900928]]},"properties":{"layer":"LKZ1315-MLU1","infraType":"water","geomType":"pipe","source":"order_55302/NIS_ZH_WVZ.dxf","_dedupKey":"2683116.1,1247166|2683116.8,1247166.2"}},{"type":"Feature","geometry":{"type":"LineString","coordinates":[[8.539072172659385,47.37009185900928],[8.53901947864154,47.37008243938768]]},"properties":{"layer":"LKZ1315-MLU1","infraType":"water","geomType":"pipe","source":"order_55302/NIS_ZH_WVZ.dxf","_dedupKey":"2683112.1,1247164.9|2683116.1,1247166"}},{"type":"Feature","geometry":{"type":"LineString","coordinates":[[8.53901947864154,47.37008243938768],[8.539006667318136,47.3700801507405]]},"properties":{"layer":"LKZ1315-MLU1","infraType":"water","geomType":"pipe","source":"order_55302/NIS_ZH_WVZ.dxf","_dedupKey":"2683111.1,1247164.6|2683112.1,1247164.9"}},{"type":"Feature","geometry":{"type":"LineString","coordinates":[[8.539052259597302,47.37017913979113],[8.539050429491228,47.37018413154615],[8.539056808922263,47.370191060000124],[8.539064163967709,47.37019906757201],[8.53903205407703,47.37028561001121],[8.538985193141599,47.37041188962362],[8.538926182313077,47.370574355506726]]},"properties":{"layer":"LKZ1314-MLU1","infraType":"water","geomType":"pipe","source":"order_55302/NIS_ZH_WVZ.dxf","_dedupKey":"2683104.3,1247219.5|2683114.4,1247175.7"}},{"type":"Feature","geometry":{"type":"LineString","coordinates":[[8.539052259597302,47.37017913979113],[8.53906290477059,47.37018104428947],[8.539186925662706,47.370201945721846],[8.539211756322418,47.370206638463785]]},"properties":{"layer":"LKZ1314-MLU1","infraType":"water","geomType":"pipe","source":"order_55302/NIS_ZH_WVZ.dxf","_dedupKey":"2683114.4,1247175.7|2683126.4,1247178.9"}},{"type":"Feature","geometry":{"type":"LineString","coordinates":[[8.539211756322418,47.370206638463785],[8.539209996004011,47.37021116180848],[8.539208615005272,47.37021481800415]]},"properties":{"layer":"LKZ1314-MLU1","infraType":"water","geomType":"pipe","source":"order_55302/NIS_ZH_WVZ.dxf","_dedupKey":"2683126.2,1247179.8|2683126.4,1247178.9"}},{"type":"Feature","geometry":{"type":"LineString","coordinates":[[8.53953798799835,47.370126117152736],[8.539535928385643,47.37012448167593],[8.539527593182857,47.37011774279707],[8.53945770344607,47.370064923748814],[8.539453517408612,47.37006482871796],[8.539423677884281,47.37007212932858]]},"properties":{"layer":"LKZ1319-MLU1","infraType":"water","geomType":"pipe","source":"order_55302/NIS_ZH_WVZ.dxf","_dedupKey":"2683142.6,1247164.2|2683151.2,1247170.3"}},{"type":"Feature","geometry":{"type":"LineString","coordinates":[[8.539423677884281,47.37007212932858],[8.53941911903083,47.3700732162147],[8.539410756268833,47.370075400781644]]},"properties":{"layer":"LKZ1319-MLU1","infraType":"water","geomType":"pipe","source":"order_55302/NIS_ZH_WVZ.dxf","_dedupKey":"2683141.7,1247164.5|2683142.6,1247164.2"}},{"type":"Feature","geometry":{"type":"LineString","coordinates":[[8.539208615005272,47.37021481800415],[8.539214010129628,47.37021575606235],[8.539255384905735,47.37022332251571],[8.539263869409417,47.37022382635075],[8.539354640836395,47.37021577421347],[8.539404916287376,47.37020360138225],[8.539414577105656,47.37020656766239]]},"properties":{"layer":"LKZ1314-MLU1","infraType":"water","geomType":"pipe","source":"order_55302/NIS_ZH_WVZ.dxf","_dedupKey":"2683126.2,1247179.8|2683141.7,1247179.1"}},{"type":"Feature","geometry":{"type":"LineString","coordinates":[[8.539496402357576,47.37024618503043],[8.539495469638567,47.37024718338712]]},"properties":{"layer":"LKZ1317-MLU1","infraType":"water","geomType":"pipe","source":"order_55302/NIS_ZH_WVZ.dxf","_dedupKey":"2683147.8,1247183.7|2683147.9,1247183.6"}},{"type":"Feature","geometry":{"type":"LineString","coordinates":[[8.539495469638567,47.37024718338712],[8.539492347584417,47.37025052335994],[8.539484159535634,47.37025924574237],[8.539482747589693,47.37026076139018],[8.53947854998014,47.37026523600778]]},"properties":{"layer":"LKZ1317-MLU1","infraType":"water","geomType":"pipe","source":"order_55302/NIS_ZH_WVZ.dxf","_dedupKey":"2683146.5,1247185.7|2683147.8,1247183.7"}},{"type":"Feature","geometry":{"type":"LineString","coordinates":[[8.53947854998014,47.37026523600778],[8.539476619464166,47.370267287311925]]},"properties":{"layer":"LKZ1317-MLU1","infraType":"water","geomType":"pipe","source":"order_55302/NIS_ZH_WVZ.dxf","_dedupKey":"2683146.3,1247185.9|2683146.5,1247185.7"}},{"type":"Feature","geometry":{"type":"LineString","coordinates":[[8.53944121515389,47.36959989653523],[8.539473888460167,47.36960416366117],[8.539504247531848,47.369608569772694]]},"properties":{"layer":"LKZ1314-MLU1","infraType":"water","geomType":"pipe","source":"order_55302/NIS_ZH_WVZ.dxf","_dedupKey":"2683144.7,1247111.7|2683149.5,1247112.7"}},{"type":"Feature","geometry":{"type":"LineString","coordinates":[[8.539794005672244,47.370364926624134],[8.539792177726483,47.37036681504298]]},"properties":{"layer":"LKZ1315-MLU1","infraType":"water","geomType":"pipe","source":"order_55302/NIS_ZH_WVZ.dxf","_dedupKey":"2683170,1247197.3|2683170.2,1247197.1"}},{"type":"Feature","geometry":{"type":"LineString","coordinates":[[8.540042276782485,47.37024024331685],[8.540043315082489,47.370243714540024],[8.540050171705655,47.370257069924385]]},"properties":{"layer":"LKZ1314-MLU1","infraType":"water","geomType":"pipe","source":"order_55302/NIS_ZH_WVZ.dxf","_dedupKey":"2683189.1,1247183.5|2683189.7,1247185.4"}},{"type":"Feature","geometry":{"type":"LineString","coordinates":[[8.540050171705655,47.370257069924385],[8.540053794208967,47.370266417325105],[8.540056677181486,47.370273936766644]]},"properties":{"layer":"LKZ1314-MLU1","infraType":"water","geomType":"pipe","source":"order_55302/NIS_ZH_WVZ.dxf","_dedupKey":"2683189.7,1247185.4|2683190.1,1247187.3"}},{"type":"Feature","geometry":{"type":"LineString","coordinates":[[8.540056677181486,47.370273936766644],[8.540057052451665,47.37027479672272],[8.540063047953055,47.37028941064427],[8.54016393060579,47.37032982628139],[8.540291616463543,47.370381949738466],[8.540314605785941,47.37039107642755],[8.540343547130927,47.37039669220017],[8.540361961024171,47.37041250994079],[8.540365728879737,47.37041543340597],[8.540371815034675,47.37041649075098],[8.540425537435638,47.370427591038506],[8.54043685149685,47.370429821850934],[8.540467143321107,47.37043607236121],[8.540592362108253,47.370461701311186],[8.540613797145664,47.370466093329036],[8.540641795487469,47.37047156510683],[8.540646221111087,47.37047235943092]]},"properties":{"layer":"LKZ1314-MLU1","infraType":"water","geomType":"pipe","source":"order_55302/NIS_ZH_WVZ.dxf","_dedupKey":"2683190.1,1247187.3|2683234.4,1247209.9"}},{"type":"Feature","geometry":{"type":"LineString","coordinates":[[8.53994375630943,47.370193022705706],[8.539944862787516,47.37019210364492],[8.539945684529025,47.370191502129444],[8.539948859040353,47.370189420965275],[8.539958460887004,47.37018312275455],[8.53996512465045,47.370178813501795]]},"properties":{"layer":"LKZ1315-MLU1","infraType":"water","geomType":"pipe","source":"order_55302/NIS_ZH_WVZ.dxf","_dedupKey":"2683181.7,1247178.1|2683183.4,1247176.6"}},{"type":"Feature","geometry":{"type":"LineString","coordinates":[[8.539997705835695,47.3702176947108],[8.539995743848134,47.37021950345488],[8.539994158335018,47.37022094880289]]},"properties":{"layer":"LKZ1314-MLU1","infraType":"water","geomType":"pipe","source":"order_55302/NIS_ZH_WVZ.dxf","_dedupKey":"2683185.5,1247181.3|2683185.8,1247180.9"}},{"type":"Feature","geometry":{"type":"LineString","coordinates":[[8.539994158335018,47.37022094880289],[8.53997389084934,47.37023973504307]]},"properties":{"layer":"LKZ1314-MLU1","infraType":"water","geomType":"pipe","source":"order_55302/NIS_ZH_WVZ.dxf","_dedupKey":"2683183.9,1247183.4|2683185.5,1247181.3"}},{"type":"Feature","geometry":{"type":"LineString","coordinates":[[8.53997389084934,47.37023973504307],[8.539967410278075,47.37024522091445]]},"properties":{"layer":"LKZ1317-MLU1","infraType":"water","geomType":"pipe","source":"order_55302/NIS_ZH_WVZ.dxf","_dedupKey":"2683183.4,1247184|2683183.9,1247183.4"}},{"type":"Feature","geometry":{"type":"LineString","coordinates":[[8.53997389084934,47.37023973504307],[8.539977277828417,47.37024152876321]]},"properties":{"layer":"LKZ1315-MLU1","infraType":"water","geomType":"pipe","source":"order_55302/NIS_ZH_WVZ.dxf","_dedupKey":"2683183.9,1247183.4|2683184.2,1247183.6"}},{"type":"Feature","geometry":{"type":"LineString","coordinates":[[8.539977277828417,47.37024152876321],[8.539991705272733,47.370248335450064],[8.539985557700776,47.37025391709389]]},"properties":{"layer":"LKZ1315-MLU1","infraType":"water","geomType":"pipe","source":"order_55302/NIS_ZH_WVZ.dxf","_dedupKey":"2683184.2,1247183.6|2683184.8,1247185"}},{"type":"Feature","geometry":{"type":"LineString","coordinates":[[8.539985557700776,47.37025391709389],[8.539978431339586,47.37026083035792]]},"properties":{"layer":"LKZ1315-MLU1","infraType":"water","geomType":"pipe","source":"order_55302/NIS_ZH_WVZ.dxf","_dedupKey":"2683184.2,1247185.7|2683184.8,1247185"}},{"type":"Feature","geometry":{"type":"LineString","coordinates":[[8.54016393060579,47.37032982628139],[8.540164709101342,47.37032905426892]]},"properties":{"layer":"LKZ1315-MLU1","infraType":"water","geomType":"pipe","source":"order_55302/NIS_ZH_WVZ.dxf","_dedupKey":"2683198.2,1247193.5|2683198.2,1247193.6"}},{"type":"Feature","geometry":{"type":"LineString","coordinates":[[8.540164709101342,47.37032905426892],[8.540165228408103,47.37032855458289],[8.540165293669899,47.37032850898473]]},"properties":{"layer":"LKZ1315-MLU1","infraType":"water","geomType":"pipe","source":"order_55302/NIS_ZH_WVZ.dxf","_dedupKey":"2683198.2,1247193.5|2683198.3,1247193.4"}},{"type":"Feature","geometry":{"type":"LineString","coordinates":[[8.540165293669899,47.37032850898473],[8.540165918324735,47.37032798130854]]},"properties":{"layer":"LKZ1315-MLU1","infraType":"water","geomType":"pipe","source":"order_55302/NIS_ZH_WVZ.dxf","_dedupKey":"2683198.3,1247193.4|2683198.3,1247193.4"}},{"type":"Feature","geometry":{"type":"LineString","coordinates":[[8.540292496774722,47.370380978860624],[8.540294063470364,47.37037926383343],[8.540297987292812,47.37037499868566],[8.540300419759726,47.370372249953064]]},"properties":{"layer":"LKZ1315-MLU1","infraType":"water","geomType":"pipe","source":"order_55302/NIS_ZH_WVZ.dxf","_dedupKey":"2683207.8,1247199.4|2683208.4,1247198.4"}},{"type":"Feature","geometry":{"type":"LineString","coordinates":[[8.540018888959223,47.37021759166354],[8.540021079575842,47.370217876609686],[8.540036176675628,47.3702205661203],[8.540049322190397,47.37022300438463],[8.540051768837253,47.370222864116506],[8.54005442975535,47.37022220008609],[8.54014814839729,47.37016390827149],[8.540149428454049,47.3701630595145],[8.540150028860849,47.37016264001143]]},"properties":{"layer":"LKZ1319-MLU1","infraType":"water","geomType":"pipe","source":"order_55302/NIS_ZH_WVZ.dxf","_dedupKey":"2683187.4,1247181|2683197.4,1247175"}},{"type":"Feature","geometry":{"type":"LineString","coordinates":[[8.540150028860849,47.37016264001143],[8.540221089365614,47.370115736200894],[8.540242185362077,47.37010180839158]]},"properties":{"layer":"LKZ1319-MLU1","infraType":"water","geomType":"pipe","source":"order_55302/NIS_ZH_WVZ.dxf","_dedupKey":"2683197.4,1247175|2683204.4,1247168.3"}},{"type":"Feature","geometry":{"type":"LineString","coordinates":[[8.540042276782485,47.37024024331685],[8.540046831132951,47.370239579221334],[8.540071032837334,47.37023561544423],[8.540093951532532,47.370213133881215],[8.540096060109814,47.370210730057394],[8.54018054841376,47.37015685290824],[8.540222056754521,47.37012859004452],[8.540240601902841,47.370125777589024]]},"properties":{"layer":"LKZ1314-MLU1","infraType":"water","geomType":"pipe","source":"order_55302/NIS_ZH_WVZ.dxf","_dedupKey":"2683189.1,1247183.5|2683204.3,1247171"}},{"type":"Feature","geometry":{"type":"LineString","coordinates":[[8.54018054841376,47.37015685290824],[8.540183316961103,47.370158193767594],[8.540209081507678,47.37017860091783]]},"properties":{"layer":"LKZ1315-MLU1","infraType":"water","geomType":"pipe","source":"order_55302/NIS_ZH_WVZ.dxf","_dedupKey":"2683199.7,1247174.4|2683201.8,1247176.8"}},{"type":"Feature","geometry":{"type":"LineString","coordinates":[[8.540294999758023,47.37010166446017],[8.54025165727485,47.370108446426556],[8.540242185362077,47.37010180839158]]},"properties":{"layer":"LKZ1319-MLU1","infraType":"water","geomType":"pipe","source":"order_55302/NIS_ZH_WVZ.dxf","_dedupKey":"2683204.4,1247168.3|2683208.4,1247168.4"}},{"type":"Feature","geometry":{"type":"LineString","coordinates":[[8.538594535711471,47.369418579014095],[8.538598413201631,47.369419765427615],[8.538612323470701,47.36942783653161],[8.53866404397718,47.36945748671051],[8.538738919249427,47.36950110168234],[8.538988829209462,47.369568784336124],[8.539110519925329,47.369589123355055],[8.539119873839534,47.36959069833454],[8.539162977096167,47.36959158293989],[8.53920882056589,47.369575764403194],[8.53927133471277,47.36955164637434],[8.539300360950989,47.36952549071171]]},"properties":{"layer":"LKZ1314-MLU1","infraType":"water","geomType":"pipe","source":"order_55302/NIS_ZH_WVZ.dxf","_dedupKey":"2683081,1247090.6|2683134.2,1247103.3"}},{"type":"Feature","geometry":{"type":"LineString","coordinates":[[8.538915533556926,47.3697563119215],[8.538918620905523,47.369751290200846],[8.538919644866391,47.36974958036249]]},"properties":{"layer":"LKZ1315-MLU1","infraType":"water","geomType":"pipe","source":"order_55302/NIS_ZH_WVZ.dxf","_dedupKey":"2683104.8,1247128.5|2683105.1,1247127.8"}},{"type":"Feature","geometry":{"type":"LineString","coordinates":[[8.538586665824367,47.36979692711856],[8.538373764432624,47.369734450225],[8.53833238808707,47.369721648295744],[8.538329376434811,47.369720714488935]]},"properties":{"layer":"LKZ1314-MLU1","infraType":"water","geomType":"pipe","source":"order_55302/NIS_ZH_WVZ.dxf","_dedupKey":"2683060.5,1247123.9|2683079.9,1247132.7"}},{"type":"Feature","geometry":{"type":"LineString","coordinates":[[8.538373764432624,47.369734450225],[8.538363283460006,47.3697507682784],[8.538361153662096,47.369754071787575]]},"properties":{"layer":"LKZ1317-MLU1","infraType":"water","geomType":"pipe","source":"order_55302/NIS_ZH_WVZ.dxf","_dedupKey":"2683062.9,1247127.7|2683063.9,1247125.5"}},{"type":"Feature","geometry":{"type":"LineString","coordinates":[[8.538329376434811,47.369720714488935],[8.53832641625065,47.36971970823077],[8.538292320724736,47.36970811427708],[8.538227772735825,47.36966575896872],[8.538225344556617,47.36966422592434]]},"properties":{"layer":"LKZ1314-MLU1","infraType":"water","geomType":"pipe","source":"order_55302/NIS_ZH_WVZ.dxf","_dedupKey":"2683052.8,1247117.5|2683060.5,1247123.9"}},{"type":"Feature","geometry":{"type":"LineString","coordinates":[[8.538225344556617,47.36966422592434],[8.538227614583535,47.36966258518575],[8.538265984611083,47.36963491959962],[8.538450411882021,47.36950264392763],[8.538452390260524,47.36947146587973],[8.53845432020997,47.36945655152905]]},"properties":{"layer":"LKZ1314-MLU1","infraType":"water","geomType":"pipe","source":"order_55302/NIS_ZH_WVZ.dxf","_dedupKey":"2683052.8,1247117.5|2683070.4,1247094.7"}},{"type":"Feature","geometry":{"type":"LineString","coordinates":[[8.538447671597446,47.369471222967064],[8.538434877202091,47.36947102996698]]},"properties":{"layer":"LKZ1317-MLU1","infraType":"water","geomType":"pipe","source":"order_55302/NIS_ZH_WVZ.dxf","_dedupKey":"2683068.9,1247096.3|2683069.9,1247096.3"}},{"type":"Feature","geometry":{"type":"LineString","coordinates":[[8.538452390260524,47.36947146587973],[8.538447671597446,47.369471222967064]]},"properties":{"layer":"LKZ1317-MLU1","infraType":"water","geomType":"pipe","source":"order_55302/NIS_ZH_WVZ.dxf","_dedupKey":"2683069.9,1247096.3|2683070.2,1247096.3"}},{"type":"Feature","geometry":{"type":"LineString","coordinates":[[8.538594535711471,47.369418579014095],[8.53857893141485,47.369415678263614],[8.538457916437467,47.36929650250603],[8.53844354119033,47.36928129365956]]},"properties":{"layer":"LKZ1314-MLU1","infraType":"water","geomType":"pipe","source":"order_55302/NIS_ZH_WVZ.dxf","_dedupKey":"2683069.9,1247075.2|2683081,1247090.6"}},{"type":"Feature","geometry":{"type":"LineString","coordinates":[[8.538087085517438,47.369133946583176],[8.538083912665645,47.36913610863732],[8.538080073954424,47.36913872678737]]},"properties":{"layer":"LKZ1317-MLU1","infraType":"water","geomType":"pipe","source":"order_55302/NIS_ZH_WVZ.dxf","_dedupKey":"2683042.6,1247059|2683043.2,1247058.4"}},{"type":"Feature","geometry":{"type":"LineString","coordinates":[[8.53844354119033,47.36928129365956],[8.538446322956904,47.36928007081553],[8.538457067170935,47.36927587571128],[8.538460159672479,47.36926981951063],[8.538473136838858,47.36926154632761],[8.538485531346346,47.369253269696344]]},"properties":{"layer":"LKZ1314-MLU1","infraType":"water","geomType":"pipe","source":"order_55302/NIS_ZH_WVZ.dxf","_dedupKey":"2683069.9,1247075.2|2683073.1,1247072.1"}},{"type":"Feature","geometry":{"type":"LineString","coordinates":[[8.538485531346346,47.369253269696344],[8.538486989067568,47.369252689120394],[8.538505635225587,47.36924066494182],[8.538533648681872,47.36923728584979],[8.538565980504048,47.369216675887294]]},"properties":{"layer":"LKZ1314-MLU1","infraType":"water","geomType":"pipe","source":"order_55302/NIS_ZH_WVZ.dxf","_dedupKey":"2683073.1,1247072.1|2683079.2,1247068.1"}},{"type":"Feature","geometry":{"type":"LineString","coordinates":[[8.53744612269329,47.36940422483861],[8.537448276362888,47.3694059314186],[8.537481199639993,47.36943197398977],[8.537482147913574,47.36943365605649]]},"properties":{"layer":"LKZ1315-MLU1","infraType":"water","geomType":"pipe","source":"order_55302/NIS_ZH_WVZ.dxf","_dedupKey":"2682994.3,1247087.8|2682997,1247091.1"}},{"type":"Feature","geometry":{"type":"LineString","coordinates":[[8.537482147913574,47.36943365605649],[8.537500135826868,47.36944685171563]]},"properties":{"layer":"LKZ1315-MLU1","infraType":"water","geomType":"pipe","source":"order_55302/NIS_ZH_WVZ.dxf","_dedupKey":"2682997,1247091.1|2682998.3,1247092.6"}},{"type":"Feature","geometry":{"type":"LineString","coordinates":[[8.53752180458738,47.36935278115036],[8.537515098545763,47.369347978575846],[8.53750683762105,47.36934225529845],[8.537493237171281,47.36933314667276],[8.53748856851719,47.36932954805365],[8.53747593733521,47.36932121278261]]},"properties":{"layer":"LKZ1315-MLU1","infraType":"water","geomType":"pipe","source":"order_55302/NIS_ZH_WVZ.dxf","_dedupKey":"2682996.7,1247078.6|2683000.1,1247082.2"}},{"type":"Feature","geometry":{"type":"LineString","coordinates":[[8.53747593733521,47.36932121278261],[8.537460785055437,47.369310688687776],[8.537451450646355,47.36930427399746]]},"properties":{"layer":"LKZ1315-MLU1","infraType":"water","geomType":"pipe","source":"order_55302/NIS_ZH_WVZ.dxf","_dedupKey":"2682994.9,1247076.7|2682996.7,1247078.6"}},{"type":"Feature","geometry":{"type":"LineString","coordinates":[[8.537451450646355,47.36930427399746],[8.53742682158326,47.36928685082349],[8.537425807330665,47.369278755840796],[8.537418474936263,47.369273113675135]]},"properties":{"layer":"LKZ1315-MLU1","infraType":"water","geomType":"pipe","source":"order_55302/NIS_ZH_WVZ.dxf","_dedupKey":"2682992.4,1247073.2|2682994.9,1247076.7"}},{"type":"Feature","geometry":{"type":"LineString","coordinates":[[8.537418474936263,47.369273113675135],[8.537426441702657,47.36925942821978],[8.537225622979511,47.369110399869996]]},"properties":{"layer":"LKZ1315-MLU1","infraType":"water","geomType":"pipe","source":"order_55302/NIS_ZH_WVZ.dxf","_dedupKey":"2682978.1,1247054.9|2682992.4,1247073.2"}},{"type":"Feature","geometry":{"type":"LineString","coordinates":[[8.537565591975333,47.36932584683196],[8.537573742661431,47.369332002921425],[8.537575870597875,47.36933374572454],[8.537588787879153,47.369343112705096]]},"properties":{"layer":"LKZ1317-MLU1","infraType":"water","geomType":"pipe","source":"order_55302/NIS_ZH_WVZ.dxf","_dedupKey":"2683003.5,1247079.2|2683005.2,1247081.2"}},{"type":"Feature","geometry":{"type":"LineString","coordinates":[[8.537588787879153,47.369343112705096],[8.537592617432402,47.369345828784084]]},"properties":{"layer":"LKZ1317-MLU1","infraType":"water","geomType":"pipe","source":"order_55302/NIS_ZH_WVZ.dxf","_dedupKey":"2683005.2,1247081.2|2683005.5,1247081.5"}},{"type":"Feature","geometry":{"type":"LineString","coordinates":[[8.537592617432402,47.369345828784084],[8.53759980727829,47.36935097756174]]},"properties":{"layer":"LKZ1317-MLU1","infraType":"water","geomType":"pipe","source":"order_55302/NIS_ZH_WVZ.dxf","_dedupKey":"2683005.5,1247081.5|2683006,1247082"}},{"type":"Feature","geometry":{"type":"LineString","coordinates":[[8.537690600303291,47.36925091510298],[8.537687976443763,47.36924888018093],[8.537679217812348,47.36924213620433],[8.537676769013578,47.36924024353865],[8.53765664113944,47.369224720534355],[8.537648770125484,47.36921864274585],[8.537638275628412,47.36921054802038],[8.537631265937264,47.369205145666584],[8.537628642267675,47.369203119736525],[8.537623825588312,47.36919940559432],[8.537619721829639,47.36919623337265]]},"properties":{"layer":"LKZ1315-MLU1","infraType":"water","geomType":"pipe","source":"order_55302/NIS_ZH_WVZ.dxf","_dedupKey":"2683007.8,1247064.9|2683013,1247071"}},{"type":"Feature","geometry":{"type":"LineString","coordinates":[[8.538195547460619,47.369687060442224],[8.538223154885374,47.36966591087368],[8.538225344556617,47.36966422592434]]},"properties":{"layer":"LKZ1314-MLU1","infraType":"water","geomType":"pipe","source":"order_55302/NIS_ZH_WVZ.dxf","_dedupKey":"2683050.5,1247120|2683052.8,1247117.5"}},{"type":"Feature","geometry":{"type":"LineString","coordinates":[[8.538193065951457,47.369701557265415],[8.538191144977256,47.369690592472665],[8.538195547460619,47.369687060442224]]},"properties":{"layer":"LKZ1314-MLU1","infraType":"water","geomType":"pipe","source":"order_55302/NIS_ZH_WVZ.dxf","_dedupKey":"2683050.3,1247121.7|2683050.5,1247120"}},{"type":"Feature","geometry":{"type":"LineString","coordinates":[[8.53756885241273,47.36918855878558],[8.5375787119992,47.369182555159604],[8.537603092211983,47.369183411599124],[8.537619721829639,47.36919623337265]]},"properties":{"layer":"LKZ1315-MLU1","infraType":"water","geomType":"pipe","source":"order_55302/NIS_ZH_WVZ.dxf","_dedupKey":"2683003.9,1247064|2683007.8,1247064.9"}},{"type":"Feature","geometry":{"type":"LineString","coordinates":[[8.540347557324637,47.369198589256726],[8.540346228783067,47.36920285663839]]},"properties":{"layer":"LKZ1315-MLU1","infraType":"water","geomType":"pipe","source":"order_55302/NIS_ZH_WVZ.dxf","_dedupKey":"2683213.7,1247068.5|2683213.8,1247068"}},{"type":"Feature","geometry":{"type":"LineString","coordinates":[[8.540175093490028,47.36940398349392],[8.540171707771774,47.369403530045716]]},"properties":{"layer":"LKZ1315-MLU1","infraType":"water","geomType":"pipe","source":"order_55302/NIS_ZH_WVZ.dxf","_dedupKey":"2683200.2,1247090.6|2683200.4,1247090.7"}},{"type":"Feature","geometry":{"type":"LineString","coordinates":[[8.540183537928963,47.36940511730334],[8.540175093490028,47.36940398349392]]},"properties":{"layer":"LKZ1315-MLU1","infraType":"water","geomType":"pipe","source":"order_55302/NIS_ZH_WVZ.dxf","_dedupKey":"2683200.4,1247090.7|2683201.1,1247090.8"}},{"type":"Feature","geometry":{"type":"LineString","coordinates":[[8.540289842263432,47.36941451979154],[8.540288601875126,47.36941920910371],[8.54026795567621,47.36941644662272]]},"properties":{"layer":"LKZ1315-MLU1","infraType":"water","geomType":"pipe","source":"order_55302/NIS_ZH_WVZ.dxf","_dedupKey":"2683207.4,1247092.2|2683209.1,1247092"}},{"type":"Feature","geometry":{"type":"LineString","coordinates":[[8.540309481039207,47.36933778369325],[8.54030644435493,47.36935165620357],[8.540304930948944,47.36935722964544]]},"properties":{"layer":"LKZ1315-MLU1","infraType":"water","geomType":"pipe","source":"order_55302/NIS_ZH_WVZ.dxf","_dedupKey":"2683210.3,1247085.6|2683210.7,1247083.5"}},{"type":"Feature","geometry":{"type":"LineString","coordinates":[[8.540087735466441,47.36939261018554],[8.540088414496704,47.36939022898893]]},"properties":{"layer":"LKZ1314-MLU1","infraType":"water","geomType":"pipe","source":"order_55302/NIS_ZH_WVZ.dxf","_dedupKey":"2683193.9,1247089|2683193.9,1247089.3"}},{"type":"Feature","geometry":{"type":"LineString","coordinates":[[8.540088029181259,47.36931390876661],[8.540088232714961,47.36931222473145]]},"properties":{"layer":"LKZ1310-MLU1","infraType":"water","geomType":"pipe","source":"order_55302/NIS_ZH_WVZ.dxf","_dedupKey":"2683194,1247080.4|2683194,1247080.6"}},{"type":"Feature","geometry":{"type":"LineString","coordinates":[[8.540171707771774,47.369403530045716],[8.54017041978585,47.3694033534312],[8.540166901316285,47.369402883258594],[8.540163396084749,47.36940241295969],[8.540162095046743,47.36940224546469]]},"properties":{"layer":"LKZ1315-MLU1","infraType":"water","geomType":"pipe","source":"order_55302/NIS_ZH_WVZ.dxf","_dedupKey":"2683199.5,1247090.5|2683200.2,1247090.6"}},{"type":"Feature","geometry":{"type":"LineString","coordinates":[[8.540165742618735,47.36940704107609],[8.540166209051389,47.36940526458195],[8.540166901316285,47.369402883258594]]},"properties":{"layer":"LKZ1315-MLU1","infraType":"water","geomType":"pipe","source":"order_55302/NIS_ZH_WVZ.dxf","_dedupKey":"2683199.7,1247091|2683199.8,1247090.5"}},{"type":"Feature","geometry":{"type":"LineString","coordinates":[[8.540162095046743,47.36940224546469],[8.54013594116541,47.36939886085065]]},"properties":{"layer":"LKZ1315-MLU1","infraType":"water","geomType":"pipe","source":"order_55302/NIS_ZH_WVZ.dxf","_dedupKey":"2683197.5,1247090.1|2683199.5,1247090.5"}},{"type":"Feature","geometry":{"type":"LineString","coordinates":[[8.539217478982435,47.36917554145351],[8.539302058968799,47.369186420171076]]},"properties":{"layer":"LKZ1310-MLU1","infraType":"water","geomType":"pipe","source":"order_55302/NIS_ZH_WVZ.dxf","_dedupKey":"2683128.5,1247064.3|2683134.8,1247065.6"}},{"type":"Feature","geometry":{"type":"LineString","coordinates":[[8.539792177726483,47.37036681504298],[8.539791451992048,47.370367577554724]]},"properties":{"layer":"LKZ1315-MLU1","infraType":"water","geomType":"pipe","source":"order_55302/NIS_ZH_WVZ.dxf","_dedupKey":"2683170,1247197.3|2683170,1247197.4"}},{"type":"Feature","geometry":{"type":"LineString","coordinates":[[8.540018888959223,47.37021759166354],[8.54000613046777,47.37021594127879],[8.539948859040353,47.370189420965275],[8.539736557190444,47.37009138300595],[8.539721924089395,47.370073334306596],[8.53970492667057,47.370066462134524],[8.539685965013058,47.3700664180157],[8.539666434115647,47.37006637932014],[8.539630458700877,47.370068287413],[8.53962732832057,47.3700686590687],[8.539600966930418,47.3700898600626],[8.53953798799835,47.370126117152736]]},"properties":{"layer":"LKZ1319-MLU1","infraType":"water","geomType":"pipe","source":"order_55302/NIS_ZH_WVZ.dxf","_dedupKey":"2683151.2,1247170.3|2683187.4,1247181"}},{"type":"Feature","geometry":{"type":"LineString","coordinates":[[8.541049840519047,47.36998634946134],[8.541156325895944,47.37017728966231],[8.54118725106625,47.3702327284417]]},"properties":{"layer":"LKZ1314-MLU1","infraType":"water","geomType":"pipe","source":"order_55302/NIS_ZH_WVZ.dxf","_dedupKey":"2683265.6,1247156.3|2683275.6,1247183.9"}},{"type":"Feature","geometry":{"type":"LineString","coordinates":[[8.54118725106625,47.3702327284417],[8.541188385921672,47.37023446266869]]},"properties":{"layer":"LKZ1314-MLU1","infraType":"water","geomType":"pipe","source":"order_55302/NIS_ZH_WVZ.dxf","_dedupKey":"2683275.6,1247183.9|2683275.7,1247184.1"}},{"type":"Feature","geometry":{"type":"LineString","coordinates":[[8.540088414496704,47.36939022898893],[8.54008928224766,47.36938736924926]]},"properties":{"layer":"LKZ1314-MLU1","infraType":"water","geomType":"pipe","source":"order_55302/NIS_ZH_WVZ.dxf","_dedupKey":"2683193.9,1247089|2683194,1247088.7"}},{"type":"Feature","geometry":{"type":"LineString","coordinates":[[8.540200625195995,47.369279867696925],[8.540201207422637,47.36927792818539],[8.54020206099854,47.36927502360419],[8.540198463968109,47.36927011057474]]},"properties":{"layer":"LKZ1315-MLU1","infraType":"water","geomType":"pipe","source":"order_55302/NIS_ZH_WVZ.dxf","_dedupKey":"2683202.4,1247075.8|2683202.6,1247076.9"}},{"type":"Feature","geometry":{"type":"LineString","coordinates":[[8.54019309661044,47.36927884209111],[8.540200625195995,47.369279867696925]]},"properties":{"layer":"LKZ1314-MLU1","infraType":"water","geomType":"pipe","source":"order_55302/NIS_ZH_WVZ.dxf","_dedupKey":"2683202,1247076.8|2683202.6,1247076.9"}},{"type":"Feature","geometry":{"type":"LineString","coordinates":[[8.537606191085267,47.370232234692224],[8.537616091097915,47.37023781643457]]},"properties":{"layer":"LKZ1317-MLU1","infraType":"water","geomType":"pipe","source":"order_55302/NIS_ZH_WVZ.dxf","_dedupKey":"2683005.1,1247180|2683005.9,1247180.7"}},{"type":"Feature","geometry":{"type":"LineString","coordinates":[[8.540087735466441,47.36939261018554],[8.540132184041296,47.36939837496274],[8.54013594116541,47.36939886085065]]},"properties":{"layer":"LKZ1314-MLU1","infraType":"water","geomType":"pipe","source":"order_55302/NIS_ZH_WVZ.dxf","_dedupKey":"2683193.9,1247089.3|2683197.5,1247090.1"}},{"type":"Feature","geometry":{"type":"LineString","coordinates":[[8.540087735466441,47.36939261018554],[8.540080725935297,47.36939171454967]]},"properties":{"layer":"LKZ1315-MLU1","infraType":"water","geomType":"pipe","source":"order_55302/NIS_ZH_WVZ.dxf","_dedupKey":"2683193.3,1247089.2|2683193.9,1247089.3"}},{"type":"Feature","geometry":{"type":"LineString","coordinates":[[8.54030644435493,47.36935165620357],[8.540310082149839,47.369352134228855],[8.540327642807704,47.36935423350669]]},"properties":{"layer":"LKZ1315-MLU1","infraType":"water","geomType":"pipe","source":"order_55302/NIS_ZH_WVZ.dxf","_dedupKey":"2683210.4,1247085|2683212,1247085.3"}},{"type":"Feature","geometry":{"type":"LineString","coordinates":[[8.539791451992048,47.370367577554724],[8.53978927385973,47.370369820123074],[8.53978731650395,47.370371853698025],[8.53978477550397,47.37037447752209],[8.539782882852698,47.37037643851891],[8.539772213891382,47.37038748733283],[8.53975447931972,47.37040518795657],[8.53974680760458,47.37040621457981],[8.539743823560698,47.370409184442316]]},"properties":{"layer":"LKZ1315-MLU1","infraType":"water","geomType":"pipe","source":"order_55302/NIS_ZH_WVZ.dxf","_dedupKey":"2683166.3,1247202|2683170,1247197.4"}},{"type":"Feature","geometry":{"type":"LineString","coordinates":[[8.540323991819381,47.369275596695],[8.540322317145854,47.36928105473848],[8.54032149771429,47.36928368914029],[8.540318664335146,47.36929650727868]]},"properties":{"layer":"LKZ1315-MLU1","infraType":"water","geomType":"pipe","source":"order_55302/NIS_ZH_WVZ.dxf","_dedupKey":"2683211.5,1247078.9|2683211.9,1247076.6"}},{"type":"Feature","geometry":{"type":"LineString","coordinates":[[8.540347557324637,47.369198589256726],[8.540348436809516,47.369195657441644],[8.540354916616682,47.36919654911884]]},"properties":{"layer":"LKZ1315-MLU1","infraType":"water","geomType":"pipe","source":"order_55302/NIS_ZH_WVZ.dxf","_dedupKey":"2683213.8,1247068|2683214.3,1247067.8"}},{"type":"Feature","geometry":{"type":"LineString","coordinates":[[8.54041241116568,47.36920443813278],[8.54041889097498,47.36920532980644]]},"properties":{"layer":"LKZ1315-MLU1","infraType":"water","geomType":"pipe","source":"order_55302/NIS_ZH_WVZ.dxf","_dedupKey":"2683218.7,1247068.7|2683219.2,1247068.8"}},{"type":"Feature","geometry":{"type":"LineString","coordinates":[[8.540226572943402,47.37018822981689],[8.540236872226014,47.37019389748052]]},"properties":{"layer":"LKZ1315-MLU1","infraType":"water","geomType":"pipe","source":"order_55302/NIS_ZH_WVZ.dxf","_dedupKey":"2683203.1,1247177.9|2683203.9,1247178.6"}},{"type":"Feature","geometry":{"type":"LineString","coordinates":[[8.540209081507678,47.37017860091783],[8.540224523714842,47.370187097981734]]},"properties":{"layer":"LKZ1315-MLU1","infraType":"water","geomType":"pipe","source":"order_55302/NIS_ZH_WVZ.dxf","_dedupKey":"2683201.8,1247176.8|2683203,1247177.8"}},{"type":"Feature","geometry":{"type":"LineString","coordinates":[[8.540224523714842,47.370187097981734],[8.540226572943402,47.37018822981689]]},"properties":{"layer":"LKZ1315-MLU1","infraType":"water","geomType":"pipe","source":"order_55302/NIS_ZH_WVZ.dxf","_dedupKey":"2683203,1247177.8|2683203.1,1247177.9"}},{"type":"Feature","geometry":{"type":"LineString","coordinates":[[8.539208615005272,47.37021481800415],[8.53920724743021,47.37021848306706]]},"properties":{"layer":"LKZ1314-MLU1","infraType":"water","geomType":"pipe","source":"order_55302/NIS_ZH_WVZ.dxf","_dedupKey":"2683126.1,1247180.2|2683126.2,1247179.8"}},{"type":"Feature","geometry":{"type":"LineString","coordinates":[[8.540617098462464,47.369714363745985],[8.540614438468321,47.36971571141274],[8.540608777450895,47.36971856291752],[8.54057153078346,47.36973774513882],[8.54054566734927,47.369750342236344],[8.540469514008429,47.36974235243515]]},"properties":{"layer":"LKZ1314-MLU1","infraType":"water","geomType":"pipe","source":"order_55302/NIS_ZH_WVZ.dxf","_dedupKey":"2683222.1,1247128.6|2683233.3,1247125.6"}},{"type":"Feature","geometry":{"type":"LineString","coordinates":[[8.540582580083354,47.36966632612785],[8.540783304990175,47.36965912174867]]},"properties":{"layer":"LKZ1315-MLU1","infraType":"water","geomType":"pipe","source":"order_55302/NIS_ZH_WVZ.dxf","_dedupKey":"2683230.8,1247120.3|2683246,1247119.7"}},{"type":"Feature","geometry":{"type":"LineString","coordinates":[[8.540571358171126,47.36966598343423],[8.540575309055026,47.36966623358538],[8.540578954906398,47.36966645966117],[8.540582580083354,47.36966632612785]]},"properties":{"layer":"LKZ1315-MLU1","infraType":"water","geomType":"pipe","source":"order_55302/NIS_ZH_WVZ.dxf","_dedupKey":"2683230,1247120.2|2683230.8,1247120.3"}},{"type":"Feature","geometry":{"type":"LineString","coordinates":[[8.540783304990175,47.36965912174867],[8.54079083334075,47.369658852016265],[8.540796628631263,47.36966185506769],[8.54079940489961,47.36966164867188]]},"properties":{"layer":"LKZ1315-MLU1","infraType":"water","geomType":"pipe","source":"order_55302/NIS_ZH_WVZ.dxf","_dedupKey":"2683246,1247119.7|2683247.2,1247120"}},{"type":"Feature","geometry":{"type":"LineString","coordinates":[[8.54008928224766,47.36938736924926],[8.540090481823912,47.36938262635764],[8.540098404587926,47.36938350428871],[8.540099580474763,47.36937889655021]]},"properties":{"layer":"LKZ1314-MLU1","infraType":"water","geomType":"pipe","source":"order_55302/NIS_ZH_WVZ.dxf","_dedupKey":"2683194,1247088.7|2683194.8,1247087.8"}},{"type":"Feature","geometry":{"type":"LineString","coordinates":[[8.54010657480494,47.36935150256501],[8.540107946144733,47.3693461013887],[8.540108289490668,47.36934477582642],[8.5401180973986,47.36933820577938]]},"properties":{"layer":"LKZ1314-MLU1","infraType":"water","geomType":"pipe","source":"order_55302/NIS_ZH_WVZ.dxf","_dedupKey":"2683195.3,1247084.8|2683196.2,1247083.3"}},{"type":"Feature","geometry":{"type":"LineString","coordinates":[[8.540190044789421,47.369290061171675],[8.540199487218455,47.36928374646749],[8.540200625195995,47.369279867696925]]},"properties":{"layer":"LKZ1314-MLU1","infraType":"water","geomType":"pipe","source":"order_55302/NIS_ZH_WVZ.dxf","_dedupKey":"2683201.7,1247078|2683202.6,1247076.9"}},{"type":"Feature","geometry":{"type":"LineString","coordinates":[[8.540570654054493,47.36967035280243],[8.54061516730879,47.369712538164144],[8.540617098462464,47.369714363745985]]},"properties":{"layer":"LKZ1314-MLU1","infraType":"water","geomType":"pipe","source":"order_55302/NIS_ZH_WVZ.dxf","_dedupKey":"2683229.9,1247120.7|2683233.3,1247125.6"}},{"type":"Feature","geometry":{"type":"LineString","coordinates":[[8.541765137053659,47.36911710920385],[8.541763103118711,47.36911607619639],[8.541762087733177,47.36911563613641],[8.541747204115147,47.369109175842155],[8.541743989500644,47.369105473553475],[8.541669268768363,47.369094376532026],[8.541632135464551,47.3691106795735],[8.541620189538065,47.3691092554829]]},"properties":{"layer":"LKZ1319-MLU1","infraType":"water","geomType":"pipe","source":"order_55302/NIS_ZH_WVZ.dxf","_dedupKey":"2683310,1247059.4|2683321,1247060.5"}},{"type":"Feature","geometry":{"type":"LineString","coordinates":[[8.541765137053659,47.36911710920385],[8.54176739138024,47.369117915227335]]},"properties":{"layer":"LKZ1319-MLU1","infraType":"water","geomType":"pipe","source":"order_55302/NIS_ZH_WVZ.dxf","_dedupKey":"2683321,1247060.5|2683321.1,1247060.6"}},{"type":"Feature","geometry":{"type":"LineString","coordinates":[[8.53944121515389,47.36959989653523],[8.539443043583878,47.369594185176275],[8.539454273581926,47.36955901503373],[8.539448177826422,47.36953761069377],[8.53945645758707,47.369514099403126],[8.539473158599392,47.369457900413245],[8.539474256310719,47.3694546337049],[8.539462729013303,47.369408724361605],[8.539482790158132,47.36935751263893],[8.539504498957257,47.369347617943994]]},"properties":{"layer":"LKZ1314-MLU1","infraType":"water","geomType":"pipe","source":"order_55302/NIS_ZH_WVZ.dxf","_dedupKey":"2683144.7,1247111.7|2683149.9,1247083.7"}},{"type":"Feature","geometry":{"type":"LineString","coordinates":[[8.539504498957257,47.369347617943994],[8.539513652452298,47.36934397761188],[8.539519469229793,47.36932879231867],[8.539514389018569,47.36932194145691]]},"properties":{"layer":"LKZ1314-MLU1","infraType":"water","geomType":"pipe","source":"order_55302/NIS_ZH_WVZ.dxf","_dedupKey":"2683149.9,1247083.7|2683150.7,1247080.8"}},{"type":"Feature","geometry":{"type":"LineString","coordinates":[[8.541705284121766,47.36958840647834],[8.541560802621337,47.36959737816084],[8.541547563833308,47.36959810725512]]},"properties":{"layer":"LKZ1319-MLU1","infraType":"water","geomType":"pipe","source":"order_55302/NIS_ZH_WVZ.dxf","_dedupKey":"2683303.8,1247113.7|2683315.7,1247112.8"}},{"type":"Feature","geometry":{"type":"LineString","coordinates":[[8.541724288724058,47.36958733445407],[8.54172362719557,47.3695873587624],[8.541720756779755,47.36958749411843],[8.54172046572955,47.36958750589324],[8.541717833225773,47.36958762098667],[8.541713957279164,47.36958779293138],[8.541705284121766,47.36958840647834]]},"properties":{"layer":"LKZ1319-MLU1","infraType":"water","geomType":"pipe","source":"order_55302/NIS_ZH_WVZ.dxf","_dedupKey":"2683315.7,1247112.8|2683317.2,1247112.7"}},{"type":"Feature","geometry":{"type":"LineString","coordinates":[[8.54176739138024,47.369117915227335],[8.541764501117003,47.369120929225154],[8.541762336728839,47.3691231896919],[8.541735246949381,47.369152637714315],[8.541732448789483,47.36915562384615],[8.541681413795347,47.369209722403326],[8.541686234890719,47.369278903101254],[8.541702660239139,47.36944432910757],[8.541713053106474,47.36945067937916],[8.541719625079782,47.36951872794984],[8.541724288724058,47.36958733445407],[8.541724720990118,47.36959990555623],[8.541716720749008,47.369604884323955],[8.541727400081282,47.36971145590394],[8.541729951092757,47.36976498870715],[8.54173216914883,47.36982226667478],[8.54173305163626,47.36983164019539],[8.541735793002884,47.369847022717686]]},"properties":{"layer":"LKZ1319-MLU1","infraType":"water","geomType":"pipe","source":"order_55302/NIS_ZH_WVZ.dxf","_dedupKey":"2683317.6,1247141.6|2683321.1,1247060.6"}},{"type":"Feature","geometry":{"type":"LineString","coordinates":[[8.54114564833885,47.370180225059016],[8.541148715904056,47.37017937721848],[8.541154363640286,47.37017780312666]]},"properties":{"layer":"LKZ1319-MLU1","infraType":"water","geomType":"pipe","source":"order_55302/NIS_ZH_WVZ.dxf","_dedupKey":"2683272.5,1247178|2683273.2,1247177.7"}},{"type":"Feature","geometry":{"type":"LineString","coordinates":[[8.541154363640286,47.37017780312666],[8.541156325895944,47.37017728966231],[8.541247841659228,47.37015338845862],[8.541252029597455,47.37015293470185],[8.541375851055607,47.37016095463077]]},"properties":{"layer":"LKZ1319-MLU1","infraType":"water","geomType":"pipe","source":"order_55302/NIS_ZH_WVZ.dxf","_dedupKey":"2683273.2,1247177.7|2683289.9,1247176.1"}},{"type":"Feature","geometry":{"type":"LineString","coordinates":[[8.541386267224102,47.370161385896495],[8.54138949975315,47.3701614719707],[8.541392262749694,47.37016254299972],[8.541403554326209,47.37016688779362]]},"properties":{"layer":"LKZ1319-MLU1","infraType":"water","geomType":"pipe","source":"order_55302/NIS_ZH_WVZ.dxf","_dedupKey":"2683290.7,1247176.2|2683292,1247176.8"}},{"type":"Feature","geometry":{"type":"LineString","coordinates":[[8.541375851055607,47.37016095463077],[8.541379669598419,47.37016120601831]]},"properties":{"layer":"LKZ1319-MLU1","infraType":"water","geomType":"pipe","source":"order_55302/NIS_ZH_WVZ.dxf","_dedupKey":"2683289.9,1247176.1|2683290.2,1247176.1"}},{"type":"Feature","geometry":{"type":"LineString","coordinates":[[8.541379669598419,47.37016120601831],[8.541386267224102,47.370161385896495]]},"properties":{"layer":"LKZ1319-MLU1","infraType":"water","geomType":"pipe","source":"order_55302/NIS_ZH_WVZ.dxf","_dedupKey":"2683290.2,1247176.1|2683290.7,1247176.2"}},{"type":"Feature","geometry":{"type":"LineString","coordinates":[[8.541040436175612,47.369969537324955],[8.541049840519047,47.36998634946134]]},"properties":{"layer":"LKZ1314-MLU1","infraType":"water","geomType":"pipe","source":"order_55302/NIS_ZH_WVZ.dxf","_dedupKey":"2683264.9,1247154.5|2683265.6,1247156.3"}},{"type":"Feature","geometry":{"type":"LineString","coordinates":[[8.541224251188394,47.370321966983816],[8.541223364043127,47.37032196645745],[8.541218954607148,47.37032195457943]]},"properties":{"layer":"LKZ1314-MLU1","infraType":"water","geomType":"pipe","source":"order_55302/NIS_ZH_WVZ.dxf","_dedupKey":"2683277.8,1247193.8|2683278.2,1247193.8"}},{"type":"Feature","geometry":{"type":"LineString","coordinates":[[8.541535930130626,47.36987864236647],[8.541535544686331,47.36987537180998],[8.541531193900758,47.36983851522231]]},"properties":{"layer":"LKZ1314-MLU1","infraType":"water","geomType":"pipe","source":"order_55302/NIS_ZH_WVZ.dxf","_dedupKey":"2683302.2,1247140.4|2683302.5,1247144.9"}},{"type":"Feature","geometry":{"type":"LineString","coordinates":[[8.541531193900758,47.36983851522231],[8.54153093575983,47.36983627789323],[8.541530629903647,47.369833654227996]]},"properties":{"layer":"LKZ1317-MLU1","infraType":"water","geomType":"pipe","source":"order_55302/NIS_ZH_WVZ.dxf","_dedupKey":"2683302.1,1247139.9|2683302.2,1247140.4"}},{"type":"Feature","geometry":{"type":"LineString","coordinates":[[8.541531193900758,47.36983851522231],[8.5415343540797,47.36983830514298],[8.541537474544375,47.36983809544277],[8.541537603654112,47.36984049591679],[8.541564808168875,47.36983832916635],[8.54157489518356,47.369829894332945],[8.541568237468793,47.36978265237876],[8.54156741527354,47.369776831368334],[8.541567041923052,47.36977414538157]]},"properties":{"layer":"LKZ1315-MLU1","infraType":"water","geomType":"pipe","source":"order_55302/NIS_ZH_WVZ.dxf","_dedupKey":"2683302.2,1247140.4|2683305,1247133.3"}},{"type":"Feature","geometry":{"type":"LineString","coordinates":[[8.540934944585441,47.370226168469124],[8.54105287421698,47.37025660692993]]},"properties":{"layer":"LKZ1315-MLU1","infraType":"water","geomType":"pipe","source":"order_55302/NIS_ZH_WVZ.dxf","_dedupKey":"2683256.5,1247182.9|2683265.4,1247186.4"}},{"type":"Feature","geometry":{"type":"LineString","coordinates":[[8.54110071449145,47.37025794933221],[8.541103762063344,47.370258055170225]]},"properties":{"layer":"LKZ1315-MLU1","infraType":"water","geomType":"pipe","source":"order_55302/NIS_ZH_WVZ.dxf","_dedupKey":"2683269,1247186.6|2683269.2,1247186.6"}},{"type":"Feature","geometry":{"type":"LineString","coordinates":[[8.541103762063344,47.370258055170225],[8.541109388662761,47.37025801945399]]},"properties":{"layer":"LKZ1315-MLU1","infraType":"water","geomType":"pipe","source":"order_55302/NIS_ZH_WVZ.dxf","_dedupKey":"2683269.2,1247186.6|2683269.7,1247186.6"}},{"type":"Feature","geometry":{"type":"LineString","coordinates":[[8.541109388662761,47.37025801945399],[8.5411072043294,47.37027724495947],[8.541102599329712,47.370295306209826],[8.54109665701864,47.370314648541374]]},"properties":{"layer":"LKZ1317-MLU1","infraType":"water","geomType":"pipe","source":"order_55302/NIS_ZH_WVZ.dxf","_dedupKey":"2683268.6,1247192.9|2683269.7,1247186.6"}},{"type":"Feature","geometry":{"type":"LineString","coordinates":[[8.54109665701864,47.370314648541374],[8.54109464513742,47.37032300625326]]},"properties":{"layer":"LKZ1317-MLU1","infraType":"water","geomType":"pipe","source":"order_55302/NIS_ZH_WVZ.dxf","_dedupKey":"2683268.5,1247193.8|2683268.6,1247192.9"}},{"type":"Feature","geometry":{"type":"LineString","coordinates":[[8.54119220397194,47.37024109163213],[8.541182514245053,47.37024377473317],[8.541151641844271,47.370252344972776],[8.54113316648383,47.370257891435536],[8.541109388662761,47.37025801945399]]},"properties":{"layer":"LKZ1314-MLU1","infraType":"water","geomType":"pipe","source":"order_55302/NIS_ZH_WVZ.dxf","_dedupKey":"2683269.7,1247186.6|2683275.9,1247184.8"}},{"type":"Feature","geometry":{"type":"LineString","coordinates":[[8.54105287421698,47.37025660692993],[8.541063225972685,47.37025904475921]]},"properties":{"layer":"LKZ1315-MLU1","infraType":"water","geomType":"pipe","source":"order_55302/NIS_ZH_WVZ.dxf","_dedupKey":"2683265.4,1247186.4|2683266.2,1247186.7"}},{"type":"Feature","geometry":{"type":"LineString","coordinates":[[8.541063225972685,47.37025904475921],[8.541068537371494,47.37025721302251],[8.541098263753762,47.37025789176825],[8.54110071449145,47.37025794933221]]},"properties":{"layer":"LKZ1315-MLU1","infraType":"water","geomType":"pipe","source":"order_55302/NIS_ZH_WVZ.dxf","_dedupKey":"2683266.2,1247186.7|2683269,1247186.6"}},{"type":"Feature","geometry":{"type":"LineString","coordinates":[[8.540617098462464,47.369714363745985],[8.540619016564142,47.36971619844747],[8.540624365734013,47.36972131962546],[8.540665957775786,47.36976310107165],[8.54070894386006,47.369806983062844]]},"properties":{"layer":"LKZ1314-MLU1","infraType":"water","geomType":"pipe","source":"order_55302/NIS_ZH_WVZ.dxf","_dedupKey":"2683233.3,1247125.6|2683240.1,1247136"}},{"type":"Feature","geometry":{"type":"LineString","coordinates":[[8.54070894386006,47.369806983062844],[8.540757602018322,47.36985494868592],[8.5408025735586,47.369899432362644],[8.540843145323676,47.36994308547853],[8.540845474717154,47.369945599883174],[8.540848589400877,47.3699489523384],[8.540848887333635,47.36994927332084],[8.540850363201505,47.3699508513792]]},"properties":{"layer":"LKZ1314-MLU1","infraType":"water","geomType":"pipe","source":"order_55302/NIS_ZH_WVZ.dxf","_dedupKey":"2683240.1,1247136|2683250.6,1247152.2"}},{"type":"Feature","geometry":{"type":"LineString","coordinates":[[8.540934944585441,47.370226168469124],[8.540926358354378,47.37022394765304]]},"properties":{"layer":"LKZ1315-MLU1","infraType":"water","geomType":"pipe","source":"order_55302/NIS_ZH_WVZ.dxf","_dedupKey":"2683255.9,1247182.6|2683256.5,1247182.9"}},{"type":"Feature","geometry":{"type":"LineString","coordinates":[[8.540926358354378,47.37022394765304],[8.540922360895056,47.37022913103146]]},"properties":{"layer":"LKZ1315-MLU1","infraType":"water","geomType":"pipe","source":"order_55302/NIS_ZH_WVZ.dxf","_dedupKey":"2683255.6,1247183.2|2683255.9,1247182.6"}},{"type":"Feature","geometry":{"type":"LineString","coordinates":[[8.540240601902841,47.370125777589024],[8.54026244708273,47.37011158177115],[8.540284845579,47.37010686156377],[8.540290923087225,47.37010558025527]]},"properties":{"layer":"LKZ1314-MLU1","infraType":"water","geomType":"pipe","source":"order_55302/NIS_ZH_WVZ.dxf","_dedupKey":"2683204.3,1247171|2683208.1,1247168.8"}},{"type":"Feature","geometry":{"type":"LineString","coordinates":[[8.540295538869904,47.37009763848419],[8.540299892421196,47.37009943197085],[8.540300543980546,47.370100846990525],[8.540300571757891,47.37010090969168],[8.540301667568881,47.3701033189361]]},"properties":{"layer":"LKZ1315-MLU1","infraType":"water","geomType":"pipe","source":"order_55302/NIS_ZH_WVZ.dxf","_dedupKey":"2683208.5,1247167.9|2683208.9,1247168.5"}},{"type":"Feature","geometry":{"type":"LineString","coordinates":[[8.540463171121473,47.37005620892251],[8.540465297282664,47.37005850039453],[8.540465530324292,47.370058884963015],[8.540466051590819,47.37005976151549],[8.540467409196872,47.37006202433851]]},"properties":{"layer":"LKZ1315-MLU1","infraType":"water","geomType":"pipe","source":"order_55302/NIS_ZH_WVZ.dxf","_dedupKey":"2683221.2,1247163.5|2683221.5,1247164.1"}},{"type":"Feature","geometry":{"type":"LineString","coordinates":[[8.540602423608153,47.37002672559419],[8.540600958976773,47.37002440982284],[8.540600290639874,47.370022824056875],[8.540593972100623,47.37000796137866]]},"properties":{"layer":"LKZ1315-MLU1","infraType":"water","geomType":"pipe","source":"order_55302/NIS_ZH_WVZ.dxf","_dedupKey":"2683231.1,1247158.3|2683231.7,1247160.4"}},{"type":"Feature","geometry":{"type":"LineString","coordinates":[[8.540300266722962,47.370100885615706],[8.540294999758023,47.37010166446017]]},"properties":{"layer":"LKZ1319-MLU1","infraType":"water","geomType":"pipe","source":"order_55302/NIS_ZH_WVZ.dxf","_dedupKey":"2683208.4,1247168.4|2683208.8,1247168.3"}},{"type":"Feature","geometry":{"type":"LineString","coordinates":[[8.540519440683335,47.37004898872107],[8.540516998595725,47.37004486525245],[8.54050197637937,47.37001953428631]]},"properties":{"layer":"LKZ1317-MLU1","infraType":"water","geomType":"pipe","source":"order_55302/NIS_ZH_WVZ.dxf","_dedupKey":"2683224.2,1247159.4|2683225.4,1247162.7"}},{"type":"Feature","geometry":{"type":"LineString","coordinates":[[8.54049866757474,47.37001383593849],[8.54050197637937,47.37001953428631]]},"properties":{"layer":"LKZ1317-MLU1","infraType":"water","geomType":"pipe","source":"order_55302/NIS_ZH_WVZ.dxf","_dedupKey":"2683223.9,1247158.8|2683224.2,1247159.4"}},{"type":"Feature","geometry":{"type":"LineString","coordinates":[[8.540997312000725,47.36995933463619],[8.540995915999835,47.36996353970244]]},"properties":{"layer":"LKZ1317-MLU1","infraType":"water","geomType":"pipe","source":"order_55302/NIS_ZH_WVZ.dxf","_dedupKey":"2683261.6,1247153.7|2683261.7,1247153.3"}},{"type":"Feature","geometry":{"type":"LineString","coordinates":[[8.540606409332614,47.37002161429986],[8.540600290639874,47.370022824056875],[8.540573006928028,47.37002821159953],[8.540516998595725,47.37004486525245],[8.540493297632096,47.37005190968544],[8.540465530324292,47.370058884963015],[8.540384098693282,47.37007933416178],[8.540334412567141,47.37009181663233],[8.540306601000811,47.370099215065586],[8.540303672871133,47.37010040336953],[8.540300543980546,47.370100846990525],[8.540300266722962,47.370100885615706]]},"properties":{"layer":"LKZ1319-MLU1","infraType":"water","geomType":"pipe","source":"order_55302/NIS_ZH_WVZ.dxf","_dedupKey":"2683208.8,1247168.3|2683232.1,1247159.8"}},{"type":"Feature","geometry":{"type":"LineString","coordinates":[[8.540385856745612,47.37008239373464],[8.540384431650656,47.370080068588365],[8.540384098693282,47.37007933416178],[8.540378788332271,47.370067763077266]]},"properties":{"layer":"LKZ1315-MLU1","infraType":"water","geomType":"pipe","source":"order_55302/NIS_ZH_WVZ.dxf","_dedupKey":"2683214.8,1247164.7|2683215.3,1247166.3"}},{"type":"Feature","geometry":{"type":"LineString","coordinates":[[8.540611789515944,47.370048089679706],[8.540615107930604,47.37005233071757],[8.540614759526632,47.370060456666394],[8.540624518024453,47.37007391026419]]},"properties":{"layer":"LKZ1317-MLU1","infraType":"water","geomType":"pipe","source":"order_55302/NIS_ZH_WVZ.dxf","_dedupKey":"2683232.4,1247162.7|2683233.3,1247165.6"}},{"type":"Feature","geometry":{"type":"LineString","coordinates":[[8.540588365232116,47.3700307276379],[8.540589856153467,47.3700330341634],[8.54059059443739,47.37003416050916],[8.540594355394546,47.37003995348724],[8.54060414675233,47.37005563757162]]},"properties":{"layer":"LKZ1310-MLU1","infraType":"water","geomType":"pipe","source":"order_55302/NIS_ZH_WVZ.dxf","_dedupKey":"2683230.7,1247160.8|2683231.8,1247163.6"}},{"type":"Feature","geometry":{"type":"LineString","coordinates":[[8.54060414675233,47.37005563757162],[8.540608500196319,47.37005934701569],[8.540619760585335,47.3700756377486]]},"properties":{"layer":"LKZ1310-MLU1","infraType":"water","geomType":"pipe","source":"order_55302/NIS_ZH_WVZ.dxf","_dedupKey":"2683231.8,1247163.6|2683233,1247165.8"}},{"type":"Feature","geometry":{"type":"LineString","coordinates":[[8.540573006928028,47.37002821159953],[8.540574593861914,47.37003067912203],[8.540575731404775,47.37003382556855],[8.540575855009775,47.370034040273005],[8.5405784408233,47.370038711073605],[8.540592671964822,47.37005779794499]]},"properties":{"layer":"LKZ1319-MLU1","infraType":"water","geomType":"pipe","source":"order_55302/NIS_ZH_WVZ.dxf","_dedupKey":"2683229.5,1247160.5|2683231,1247163.8"}},{"type":"Feature","geometry":{"type":"LineString","coordinates":[[8.540592671964822,47.37005779794499],[8.540606272576508,47.370063676948114],[8.540615068964774,47.37007734661455]]},"properties":{"layer":"LKZ1319-MLU1","infraType":"water","geomType":"pipe","source":"order_55302/NIS_ZH_WVZ.dxf","_dedupKey":"2683231,1247163.8|2683232.6,1247166"}},{"type":"Feature","geometry":{"type":"LineString","coordinates":[[8.540732318681714,47.37000639850048],[8.540734412240317,47.370008393438624],[8.54073628945352,47.37001145186936]]},"properties":{"layer":"LKZ1317-MLU1","infraType":"water","geomType":"pipe","source":"order_55302/NIS_ZH_WVZ.dxf","_dedupKey":"2683241.6,1247158.2|2683241.9,1247158.8"}},{"type":"Feature","geometry":{"type":"LineString","coordinates":[[8.54073628945352,47.37001145186936],[8.540737079726489,47.37001317139838]]},"properties":{"layer":"LKZ1317-MLU1","infraType":"water","geomType":"pipe","source":"order_55302/NIS_ZH_WVZ.dxf","_dedupKey":"2683241.9,1247158.8|2683241.9,1247159"}},{"type":"Feature","geometry":{"type":"LineString","coordinates":[[8.540378788332271,47.370067763077266],[8.54037801167995,47.37006606140631],[8.540378654668118,47.370064499111265],[8.540353862316909,47.37003475474969]]},"properties":{"layer":"LKZ1315-MLU1","infraType":"water","geomType":"pipe","source":"order_55302/NIS_ZH_WVZ.dxf","_dedupKey":"2683213,1247161|2683214.8,1247164.7"}},{"type":"Feature","geometry":{"type":"LineString","coordinates":[[8.539165973391773,47.369724529743785],[8.539169297573398,47.36972520868675],[8.539172236366149,47.36972581934051]]},"properties":{"layer":"LKZ1310-MLU1","infraType":"water","geomType":"pipe","source":"order_55302/NIS_ZH_WVZ.dxf","_dedupKey":"2683123.7,1247125.2|2683124.2,1247125.4"}},{"type":"Feature","geometry":{"type":"LineString","coordinates":[[8.539172236366149,47.36972581934051],[8.539173499551508,47.369726077158916],[8.539180284435814,47.36972699298093],[8.539187625875691,47.36972793048477],[8.53919272915612,47.369728844339065],[8.53920768831026,47.36973127441172]]},"properties":{"layer":"LKZ1310-MLU1","infraType":"water","geomType":"pipe","source":"order_55302/NIS_ZH_WVZ.dxf","_dedupKey":"2683124.2,1247125.4|2683126.9,1247126"}},{"type":"Feature","geometry":{"type":"LineString","coordinates":[[8.540290923087225,47.37010558025527],[8.540301667568881,47.3701033189361],[8.540338191839824,47.37009657500102],[8.540341394190126,47.37009327921443],[8.540385856745612,47.37008239373464],[8.540417301530704,47.3700746098132],[8.540467409196872,47.37006202433851],[8.540492015898884,47.370055879780985],[8.540519440683335,47.37004898872107],[8.540575855009775,47.370034040273005],[8.540588365232116,47.3700307276379],[8.540602423608153,47.37002672559419],[8.540612779173333,47.3700235864311],[8.540626341413816,47.37001928328276],[8.540699698239393,47.36999766063159],[8.54077268095514,47.36997651824616],[8.54084604189441,47.36995253873058]]},"properties":{"layer":"LKZ1314-MLU1","infraType":"water","geomType":"pipe","source":"order_55302/NIS_ZH_WVZ.dxf","_dedupKey":"2683208.1,1247168.8|2683250.3,1247152.4"}},{"type":"Feature","geometry":{"type":"LineString","coordinates":[[8.54103457760378,47.36991289677619],[8.541032356393368,47.36991305290397],[8.541025429116036,47.36991357777436],[8.54094428395869,47.36991968636117],[8.540870967693124,47.36994326073194],[8.540853267251999,47.369949780227934],[8.540850363201505,47.3699508513792],[8.540847513776919,47.36995200296553],[8.54084604189441,47.36995253873058]]},"properties":{"layer":"LKZ1314-MLU1","infraType":"water","geomType":"pipe","source":"order_55302/NIS_ZH_WVZ.dxf","_dedupKey":"2683250.3,1247152.4|2683264.6,1247148.2"}},{"type":"Feature","geometry":{"type":"LineString","coordinates":[[8.540997312000725,47.36995933463619],[8.540998271634967,47.369956438032276],[8.540998725145112,47.36995531830456],[8.541002164139107,47.36994682104052],[8.540997970125522,47.369942498418794],[8.54097239130152,47.369939405343466],[8.540957302873247,47.36993905461307],[8.540933391780603,47.36994105486086],[8.540861776955179,47.369966232115296],[8.540858153919814,47.369967750890666],[8.540848517851666,47.3699717467448],[8.54084184200893,47.369970344241445],[8.540789324113566,47.36998866480363],[8.540749601227985,47.37000143917287],[8.540732318681714,47.37000639850048],[8.540692378939138,47.37001893204973],[8.540614207669954,47.37004721206869],[8.540611789515944,47.370048089679706]]},"properties":{"layer":"LKZ1317-MLU1","infraType":"water","geomType":"pipe","source":"order_55302/NIS_ZH_WVZ.dxf","_dedupKey":"2683232.4,1247162.7|2683261.7,1247153.3"}},{"type":"Feature","geometry":{"type":"LineString","coordinates":[[8.541188385921672,47.37023446266869],[8.54119220397194,47.37024109163213],[8.541201087254702,47.370258313511606],[8.541212954402445,47.37026295866502],[8.541225462421593,47.370290265490155],[8.541222969953893,47.37029331165568],[8.541218850584206,47.37029836128095],[8.541219007399091,47.370305942699616],[8.5412190408827,47.370307561507914],[8.541219004364029,47.37031475798049],[8.541218954607148,47.37032195457943],[8.541218863092219,47.370336734492604],[8.541218822758012,47.37033798520412],[8.541218593308386,47.370344176061046],[8.541220711669954,47.3703467284533],[8.541225892716996,47.370368681143255],[8.541231917065303,47.370371870884746],[8.541233217523212,47.37039249335549],[8.541234903684494,47.37040679754541],[8.541236251386417,47.370418181541005],[8.541235290640657,47.37042102418623],[8.541213505396957,47.37043235016168],[8.541213390128503,47.37043317881627],[8.541212030190053,47.37044360818728]]},"properties":{"layer":"LKZ1314-MLU1","infraType":"water","geomType":"pipe","source":"order_55302/NIS_ZH_WVZ.dxf","_dedupKey":"2683275.7,1247184.1|2683277.1,1247207.3"}},{"type":"Feature","geometry":{"type":"LineString","coordinates":[[8.54102429010705,47.36990587979712],[8.541024455746347,47.36990812700513],[8.541024602382016,47.36991009554468],[8.541025429116036,47.36991357777436],[8.541025660826088,47.36991453804447],[8.541026220892842,47.36992241245537],[8.5410269976381,47.36992988001613],[8.541027810762515,47.36993334438537],[8.541033319540748,47.36997563200442],[8.541042210944276,47.369992610949936],[8.541061245363121,47.37003138729092],[8.541079405859199,47.37006375842432],[8.541096834842273,47.37009404966103],[8.54111632254432,47.37012657003295],[8.541132623721538,47.370156746097074],[8.54114564833885,47.370180225059016],[8.54115612684125,47.370198394196514],[8.541165478062549,47.370212634215726],[8.541169941430644,47.370219095107124],[8.541168904386714,47.370222730053925],[8.541182514245053,47.37024377473317],[8.54119241714448,47.370259079907406],[8.541205305150827,47.370263148621845],[8.541222912193636,47.37028859874581],[8.541222969953893,47.37029331165568],[8.541223364043127,47.37032196645745],[8.541223539059782,47.370334908814684],[8.54122453447134,47.37034398441883],[8.541226119247073,47.370353387217534],[8.541229119272879,47.370365277158974],[8.541235620940624,47.37036849832437],[8.541238281032259,47.370392759848514],[8.541240068791593,47.370407494835966],[8.541241443901207,47.370418923545685],[8.541237133019107,47.37042431681541],[8.541213390128503,47.37043317881627],[8.541209211809997,47.370434738883574],[8.541207048244067,47.370437682962184],[8.541206688084026,47.37044011509197]]},"properties":{"layer":"LKZ1319-MLU1","infraType":"water","geomType":"pipe","source":"order_55302/NIS_ZH_WVZ.dxf","_dedupKey":"2683263.8,1247147.4|2683276.7,1247207"}},{"type":"Feature","geometry":{"type":"LineString","coordinates":[[8.541032356393368,47.36991305290397],[8.541032405407014,47.36991350219396],[8.541033217151622,47.369922021853846],[8.541033883562339,47.36992863592791]]},"properties":{"layer":"LKZ1314-MLU1","infraType":"water","geomType":"pipe","source":"order_55302/NIS_ZH_WVZ.dxf","_dedupKey":"2683264.4,1247148.2|2683264.5,1247149.9"}},{"type":"Feature","geometry":{"type":"LineString","coordinates":[[8.541033883562339,47.36992863592791],[8.54103477425591,47.369932009605186],[8.54103468780195,47.36993807316531],[8.54103493779972,47.36996040575072],[8.541040436175612,47.369969537324955]]},"properties":{"layer":"LKZ1314-MLU1","infraType":"water","geomType":"pipe","source":"order_55302/NIS_ZH_WVZ.dxf","_dedupKey":"2683264.5,1247149.9|2683264.9,1247154.5"}},{"type":"Feature","geometry":{"type":"LineString","coordinates":[[8.541017012874576,47.369906129157336],[8.540954849196538,47.369913882599796],[8.540924133844896,47.369924277298566],[8.540887549771798,47.369937084726764],[8.540869947685149,47.36994195717329],[8.540848887333635,47.36994927332084],[8.540840868061391,47.36995205738976],[8.540770558203281,47.369973111347896],[8.54069790042047,47.369995240098696],[8.540624511543687,47.370016593199935],[8.540606409332614,47.37002161429986]]},"properties":{"layer":"LKZ1319-MLU1","infraType":"water","geomType":"pipe","source":"order_55302/NIS_ZH_WVZ.dxf","_dedupKey":"2683232.1,1247159.8|2683263.2,1247147.4"}},{"type":"Feature","geometry":{"type":"LineString","coordinates":[[8.541735793002884,47.369847022717686],[8.54173745449096,47.369856289851455],[8.541732531241447,47.36986087942592],[8.541723448775874,47.36986155085391],[8.541564591359709,47.369873286415924],[8.541535544686331,47.36987537180998],[8.541453138120184,47.36988130390251],[8.541337970740365,47.369888996934534],[8.541141100702836,47.3698995296622],[8.541027597956877,47.36990576726902],[8.54102429010705,47.36990587979712],[8.541020982257209,47.36990599232513],[8.541017012874576,47.369906129157336]]},"properties":{"layer":"LKZ1319-MLU1","infraType":"water","geomType":"pipe","source":"order_55302/NIS_ZH_WVZ.dxf","_dedupKey":"2683263.2,1247147.4|2683317.6,1247141.6"}},{"type":"Feature","geometry":{"type":"LineString","coordinates":[[8.541727578396259,47.369844843387725],[8.541727966273664,47.36985782869006],[8.541723448775874,47.36986155085391],[8.54171562444896,47.36986799415128],[8.541555006798644,47.3698778485329],[8.541535930130626,47.36987864236647],[8.54145457160115,47.36988467239421],[8.541295645879643,47.36989503197803],[8.541137885016855,47.36990601887939],[8.541058613588579,47.36991117416506],[8.541037869612087,47.369912658466845],[8.54103457760378,47.36991289677619]]},"properties":{"layer":"LKZ1314-MLU1","infraType":"water","geomType":"pipe","source":"order_55302/NIS_ZH_WVZ.dxf","_dedupKey":"2683264.6,1247148.2|2683317,1247141.3"}},{"type":"Feature","geometry":{"type":"LineString","coordinates":[[8.541765397538772,47.36911178158176],[8.541763729677298,47.36911372247557],[8.541762087733177,47.36911563613641],[8.541736940393344,47.36914489469908],[8.541732821744104,47.369149332668044],[8.541729414429826,47.369152954278796],[8.541672667683535,47.36921320610087],[8.541678480519414,47.369267607277294],[8.541684032777885,47.369320292865964],[8.54169472166469,47.36942733211401],[8.54169598777905,47.36943860894561],[8.541707130801218,47.36946713411326],[8.541713402749636,47.36952132401098],[8.541720756779755,47.36958749411843],[8.541721569609486,47.36959478142834],[8.541709918107355,47.36960439159277],[8.541721155657024,47.36971106578388],[8.541724988123681,47.369765099072524],[8.541726922405672,47.36982210090051],[8.541727525517969,47.3698429279243],[8.541727578396259,47.369844843387725]]},"properties":{"layer":"LKZ1314-MLU1","infraType":"water","geomType":"pipe","source":"order_55302/NIS_ZH_WVZ.dxf","_dedupKey":"2683317,1247141.3|2683321,1247059.9"}},{"type":"Feature","geometry":{"type":"LineString","coordinates":[[8.539871262026047,47.369364252754],[8.539870848349974,47.36936601974868]]},"properties":{"layer":"LKZ1315-MLU1","infraType":"water","geomType":"pipe","source":"order_55302/NIS_ZH_WVZ.dxf","_dedupKey":"2683177.5,1247086.1|2683177.6,1247085.9"}},{"type":"Feature","geometry":{"type":"LineString","coordinates":[[8.53983214400648,47.36934989165653],[8.539834947991345,47.36935038664167],[8.539842217208658,47.369351675603255],[8.539856716804403,47.36936262838512],[8.539866232761835,47.36936371602066],[8.539869364909986,47.36936407294873]]},"properties":{"layer":"LKZ1315-MLU1","infraType":"water","geomType":"pipe","source":"order_55302/NIS_ZH_WVZ.dxf","_dedupKey":"2683174.6,1247084.3|2683177.4,1247085.9"}},{"type":"Feature","geometry":{"type":"LineString","coordinates":[[8.539869364909986,47.36936407294873],[8.539871262026047,47.369364252754],[8.53988707581682,47.36936639573979],[8.539894737160076,47.36936743809011]]},"properties":{"layer":"LKZ1315-MLU1","infraType":"water","geomType":"pipe","source":"order_55302/NIS_ZH_WVZ.dxf","_dedupKey":"2683177.4,1247085.9|2683179.3,1247086.3"}},{"type":"Feature","geometry":{"type":"LineString","coordinates":[[8.539918262833405,47.369370506002554],[8.539894737160076,47.36936743809011]]},"properties":{"layer":"LKZ1315-MLU1","infraType":"water","geomType":"pipe","source":"order_55302/NIS_ZH_WVZ.dxf","_dedupKey":"2683179.3,1247086.3|2683181.1,1247086.7"}},{"type":"Feature","geometry":{"type":"LineString","coordinates":[[8.540142151716452,47.36919320833525],[8.540148759801358,47.369202230421934]]},"properties":{"layer":"LKZ1315-MLU1","infraType":"water","geomType":"pipe","source":"order_55302/NIS_ZH_WVZ.dxf","_dedupKey":"2683198.3,1247067.2|2683198.8,1247068.2"}},{"type":"Feature","geometry":{"type":"LineString","coordinates":[[8.539891728861411,47.36919554236337],[8.5398937208665,47.3691958292053],[8.539911037367732,47.36919829068016],[8.539943983028953,47.36920549649069],[8.539985946793646,47.36921404652902],[8.54000997070983,47.36921816210453],[8.540037415403653,47.369222505914],[8.540055468368127,47.36922536512641],[8.540140503097971,47.36919095727863],[8.540142151716452,47.36919320833525]]},"properties":{"layer":"LKZ1315-MLU1","infraType":"water","geomType":"pipe","source":"order_55302/NIS_ZH_WVZ.dxf","_dedupKey":"2683179.4,1247067.2|2683198.3,1247067.2"}},{"type":"Feature","geometry":{"type":"LineString","coordinates":[[8.541700153015734,47.37032135386665],[8.541700314157305,47.37032018295745],[8.541703195063846,47.37030071691242]]},"properties":{"layer":"LKZ1315-MLU1","infraType":"water","geomType":"pipe","source":"order_55302/NIS_ZH_WVZ.dxf","_dedupKey":"2683314.2,1247194.3|2683314.4,1247192"}},{"type":"Feature","geometry":{"type":"LineString","coordinates":[[8.540082314847284,47.36960382315131],[8.540095018525879,47.36955220474037],[8.54012912125742,47.369414190670234]]},"properties":{"layer":"LKZ1314-MLU1","infraType":"water","geomType":"pipe","source":"order_55302/NIS_ZH_WVZ.dxf","_dedupKey":"2683193.1,1247112.8|2683197,1247091.8"}},{"type":"Feature","geometry":{"type":"LineString","coordinates":[[8.540095018525879,47.36955220474037],[8.540081984051513,47.3695506469486]]},"properties":{"layer":"LKZ1315-MLU1","infraType":"water","geomType":"pipe","source":"order_55302/NIS_ZH_WVZ.dxf","_dedupKey":"2683193.2,1247106.9|2683194.2,1247107.1"}},{"type":"Feature","geometry":{"type":"LineString","coordinates":[[8.539611652255862,47.37008857984346],[8.539608395843707,47.370091183497955],[8.539420249138711,47.37020039690154],[8.539416925829022,47.37020232655149],[8.53941578978904,47.37020437927807],[8.539414577105656,47.37020656766239]]},"properties":{"layer":"LKZ1314-MLU1","infraType":"water","geomType":"pipe","source":"order_55302/NIS_ZH_WVZ.dxf","_dedupKey":"2683141.7,1247179.1|2683156.8,1247166.2"}},{"type":"Feature","geometry":{"type":"LineString","coordinates":[[8.539683140907854,47.37007007897931],[8.539683450449745,47.37006968024174],[8.539684804602592,47.370067931268295],[8.539685965013058,47.3700664180157],[8.539686893452835,47.37006521280964],[8.539688426907517,47.370061887975055],[8.539695437402933,47.37005128782033],[8.53971662487595,47.37002511683214]]},"properties":{"layer":"LKZ1315-MLU1","infraType":"water","geomType":"pipe","source":"order_55302/NIS_ZH_WVZ.dxf","_dedupKey":"2683162.2,1247164.2|2683164.8,1247159.2"}},{"type":"Feature","geometry":{"type":"LineString","coordinates":[[8.540056784322264,47.37048802937967],[8.540052133745549,47.37048595986652],[8.540031462881405,47.37047561466189],[8.539794005672244,47.370364926624134],[8.539781418236814,47.370359379682505],[8.539537433714608,47.370251865674405],[8.539516775390412,47.370254941026545],[8.539496402357576,47.37024618503043],[8.539447218837706,47.370225317294896]]},"properties":{"layer":"LKZ1314-MLU1","infraType":"water","geomType":"pipe","source":"order_55302/NIS_ZH_WVZ.dxf","_dedupKey":"2683144.2,1247181.2|2683189.8,1247211.1"}},{"type":"Feature","geometry":{"type":"LineString","coordinates":[[8.539447218837706,47.370225317294896],[8.539439111204597,47.37022190444725],[8.539427329053147,47.37021046696285],[8.539414577105656,47.37020656766239]]},"properties":{"layer":"LKZ1314-MLU1","infraType":"water","geomType":"pipe","source":"order_55302/NIS_ZH_WVZ.dxf","_dedupKey":"2683141.7,1247179.1|2683144.2,1247181.2"}},{"type":"Feature","geometry":{"type":"LineString","coordinates":[[8.540042276782485,47.37024024331685],[8.540034369225054,47.37024138914544],[8.540011134852874,47.370231931917225],[8.540008370053604,47.37022244140912],[8.540002630069475,47.37022019338397],[8.539997705835695,47.3702176947108],[8.53994375630943,47.370193022705706],[8.53989653274808,47.370170895140596],[8.539731890804635,47.37009431493594],[8.539718140621673,47.370075421269846],[8.539707658586128,47.37007115854655],[8.539683140907854,47.37007007897931],[8.539653209252933,47.37006843035043],[8.539647109121251,47.370067975776415],[8.539630833491596,47.37007040669653],[8.539611652255862,47.37008857984346]]},"properties":{"layer":"LKZ1314-MLU1","infraType":"water","geomType":"pipe","source":"order_55302/NIS_ZH_WVZ.dxf","_dedupKey":"2683156.8,1247166.2|2683189.1,1247183.5"}},{"type":"Feature","geometry":{"type":"LineString","coordinates":[[8.538193065951457,47.369701557265415],[8.538194400891614,47.36970914546009],[8.53778288940609,47.37000813023581],[8.537759864166603,47.370026771417635]]},"properties":{"layer":"LKZ1314-MLU1","infraType":"water","geomType":"pipe","source":"order_55302/NIS_ZH_WVZ.dxf","_dedupKey":"2683017.1,1247157.3|2683050.3,1247121.7"}},{"type":"Feature","geometry":{"type":"LineString","coordinates":[[8.537756401122024,47.37002899019396],[8.537753780003168,47.370027090174695],[8.537747292938361,47.37002392264717],[8.537745460585588,47.37002303157374]]},"properties":{"layer":"LKZ1317-MLU1","infraType":"water","geomType":"pipe","source":"order_55302/NIS_ZH_WVZ.dxf","_dedupKey":"2683016,1247156.9|2683016.8,1247157.6"}},{"type":"Feature","geometry":{"type":"LineString","coordinates":[[8.537732977792956,47.37004759018271],[8.537730790500971,47.370049392036485],[8.537712473176423,47.37006454326574]]},"properties":{"layer":"LKZ1314-MLU1","infraType":"water","geomType":"pipe","source":"order_55302/NIS_ZH_WVZ.dxf","_dedupKey":"2683013.4,1247161.5|2683015,1247159.6"}},{"type":"Feature","geometry":{"type":"LineString","coordinates":[[8.537759864166603,47.370026771417635],[8.537756401122024,47.37002899019396],[8.537752632786011,47.37003181455046],[8.53773944848452,47.370042257449946],[8.537737183062166,47.37004412301344]]},"properties":{"layer":"LKZ1314-MLU1","infraType":"water","geomType":"pipe","source":"order_55302/NIS_ZH_WVZ.dxf","_dedupKey":"2683015.3,1247159.3|2683017.1,1247157.3"}},{"type":"Feature","geometry":{"type":"LineString","coordinates":[[8.537737183062166,47.37004412301344],[8.537735073715844,47.37004585216439],[8.537732977792956,47.37004759018271]]},"properties":{"layer":"LKZ1314-MLU1","infraType":"water","geomType":"pipe","source":"order_55302/NIS_ZH_WVZ.dxf","_dedupKey":"2683015,1247159.6|2683015.3,1247159.3"}},{"type":"Feature","geometry":{"type":"LineString","coordinates":[[8.537730398718551,47.370043234086815],[8.537708073743488,47.37003097924878],[8.537690944323506,47.370021544420894],[8.537674637156963,47.370012173727595],[8.5376722350833,47.37001062243304]]},"properties":{"layer":"LKZ1315-MLU1","infraType":"water","geomType":"pipe","source":"order_55302/NIS_ZH_WVZ.dxf","_dedupKey":"2683010.5,1247155.5|2683014.8,1247159.1"}},{"type":"Feature","geometry":{"type":"LineString","coordinates":[[8.537735073715844,47.37004585216439],[8.53773251519185,47.37004441929678],[8.537730398718551,47.370043234086815]]},"properties":{"layer":"LKZ1315-MLU1","infraType":"water","geomType":"pipe","source":"order_55302/NIS_ZH_WVZ.dxf","_dedupKey":"2683014.8,1247159.1|2683015.2,1247159.4"}},{"type":"Feature","geometry":{"type":"LineString","coordinates":[[8.5376722350833,47.37001062243304],[8.537668209131311,47.37000801616736]]},"properties":{"layer":"LKZ1315-MLU1","infraType":"water","geomType":"pipe","source":"order_55302/NIS_ZH_WVZ.dxf","_dedupKey":"2683010.2,1247155.2|2683010.5,1247155.5"}},{"type":"Feature","geometry":{"type":"LineString","coordinates":[[8.538327882008037,47.36972272564131],[8.538329376434811,47.369720714488935]]},"properties":{"layer":"LKZ1314-MLU1","infraType":"water","geomType":"pipe","source":"order_55302/NIS_ZH_WVZ.dxf","_dedupKey":"2683060.4,1247124.1|2683060.5,1247123.9"}},{"type":"Feature","geometry":{"type":"LineString","coordinates":[[8.537712473176423,47.37006454326574],[8.53770233366563,47.37007303222519],[8.537699066704324,47.37007577085256],[8.537697191191933,47.37007728189407],[8.537695055181285,47.370079002302845]]},"properties":{"layer":"LKZ1314-MLU1","infraType":"water","geomType":"pipe","source":"order_55302/NIS_ZH_WVZ.dxf","_dedupKey":"2683012.1,1247163.1|2683013.4,1247161.5"}},{"type":"Feature","geometry":{"type":"LineString","coordinates":[[8.537695055181285,47.370079002302845],[8.53769748336414,47.37008053535819],[8.5376994823637,47.3700818026429],[8.537745411610464,47.370107991232416],[8.537750745776732,47.37012331318355]]},"properties":{"layer":"LKZ1314-MLU1","infraType":"water","geomType":"pipe","source":"order_55302/NIS_ZH_WVZ.dxf","_dedupKey":"2683012.1,1247163.1|2683016.2,1247168.1"}},{"type":"Feature","geometry":{"type":"LineString","coordinates":[[8.536914576816944,47.36968941646408],[8.53691697774231,47.36969091381419],[8.53691990180763,47.36969273901034],[8.536925113462058,47.36969441652172],[8.53700578986853,47.369725959921354],[8.537027874184114,47.36973554562275],[8.537036458472155,47.36974089705752],[8.537084154773355,47.36977062218659],[8.537088058015089,47.369773058731546],[8.537149930290102,47.36980576133587],[8.537212502990036,47.36983968058573],[8.537274516618643,47.369873452202434],[8.537335748721665,47.369907204234984],[8.537398614751293,47.36994121054631],[8.53746226024184,47.36997512845204],[8.537463398273637,47.36997573829063],[8.537476985541925,47.3699809881257],[8.53748393862499,47.369984924817516],[8.53753971191233,47.37001656084584],[8.537594817425962,47.370047915356416],[8.537608857714856,47.370053943443786],[8.537670397810956,47.37007371390746],[8.5376861965923,47.37007448108037],[8.537690077559951,47.37007647705484],[8.537692405843998,47.37007766025004],[8.537695055181285,47.370079002302845]]},"properties":{"layer":"LKZ1314-MLU1","infraType":"water","geomType":"pipe","source":"order_55302/NIS_ZH_WVZ.dxf","_dedupKey":"2682953.7,1247118.9|2683012.1,1247163.1"}},{"type":"Feature","geometry":{"type":"LineString","coordinates":[[8.540175464891972,47.369712216940584],[8.540174650364982,47.369713807856115],[8.540157017567301,47.36977550288019]]},"properties":{"layer":"LKZ1315-MLU1","infraType":"water","geomType":"pipe","source":"order_55302/NIS_ZH_WVZ.dxf","_dedupKey":"2683198.5,1247132|2683200,1247124.9"}},{"type":"Feature","geometry":{"type":"LineString","coordinates":[[8.53973241928494,47.369644912013875],[8.539771994577508,47.36965063343789],[8.539851086618128,47.3696598819859],[8.539935049260775,47.36966518913653],[8.53995956983169,47.36967538970798],[8.540004346606688,47.3696810074841],[8.540032655215173,47.36968485731996],[8.540082049021006,47.36969156442785],[8.540149818930173,47.369700740840216],[8.54016040143126,47.36970217808663],[8.540179625874902,47.36970469328763],[8.540314276273685,47.36972228985407],[8.540392247555504,47.36973175561165]]},"properties":{"layer":"LKZ1314-MLU1","infraType":"water","geomType":"pipe","source":"order_55302/NIS_ZH_WVZ.dxf","_dedupKey":"2683166.6,1247117|2683216.3,1247127.3"}},{"type":"Feature","geometry":{"type":"LineString","coordinates":[[8.540442119095284,47.369739150636086],[8.540469514008429,47.36974235243515]]},"properties":{"layer":"LKZ1314-MLU1","infraType":"water","geomType":"pipe","source":"order_55302/NIS_ZH_WVZ.dxf","_dedupKey":"2683220.1,1247128.2|2683222.1,1247128.6"}},{"type":"Feature","geometry":{"type":"LineString","coordinates":[[8.539504247531848,47.369608569772694],[8.539509144992474,47.369609134763685],[8.539514004967879,47.36960980805356],[8.53951700586228,47.36961022021325],[8.539582702907998,47.369620334220016],[8.539657834830239,47.36963209431512],[8.539724034691735,47.369643471765485],[8.53973241928494,47.369644912013875]]},"properties":{"layer":"LKZ1314-MLU1","infraType":"water","geomType":"pipe","source":"order_55302/NIS_ZH_WVZ.dxf","_dedupKey":"2683149.5,1247112.7|2683166.6,1247117"}},{"type":"Feature","geometry":{"type":"LineString","coordinates":[[8.539509144992474,47.369609134763685],[8.539510651988358,47.36960324656419],[8.539516271511678,47.36958363753688],[8.53952255300135,47.36956081992462],[8.539522924682855,47.369555095463795],[8.53952609789575,47.36954333553693],[8.539527315964161,47.369538844339964],[8.539527894503514,47.36953672496429]]},"properties":{"layer":"LKZ1317-MLU1","infraType":"water","geomType":"pipe","source":"order_55302/NIS_ZH_WVZ.dxf","_dedupKey":"2683149.8,1247112.8|2683151.4,1247104.7"}},{"type":"Feature","geometry":{"type":"LineString","coordinates":[[8.54032149771429,47.36928368914029],[8.54032538758319,47.369284191746125],[8.540331813147908,47.36928502097603]]},"properties":{"layer":"LKZ1315-MLU1","infraType":"water","geomType":"pipe","source":"order_55302/NIS_ZH_WVZ.dxf","_dedupKey":"2683211.7,1247077.5|2683212.5,1247077.6"}},{"type":"Feature","geometry":{"type":"LineString","coordinates":[[8.540331813147908,47.36928502097603],[8.540334394381114,47.36928755097911],[8.540343804431346,47.36928863958551],[8.540346896864452,47.369288996879426]]},"properties":{"layer":"LKZ1315-MLU1","infraType":"water","geomType":"pipe","source":"order_55302/NIS_ZH_WVZ.dxf","_dedupKey":"2683212.5,1247077.6|2683213.6,1247078.1"}},{"type":"Feature","geometry":{"type":"LineString","coordinates":[[8.539724034691735,47.369643471765485],[8.539723006574489,47.369646261069505],[8.539719663719405,47.36965813955598],[8.539710419123411,47.36970416593919],[8.539707468857124,47.36971453849171],[8.539706926272984,47.36971711627834],[8.539706164772069,47.369719992991925]]},"properties":{"layer":"LKZ1315-MLU1","infraType":"water","geomType":"pipe","source":"order_55302/NIS_ZH_WVZ.dxf","_dedupKey":"2683164.5,1247125.3|2683166,1247116.8"}},{"type":"Feature","geometry":{"type":"LineString","coordinates":[[8.540179625874902,47.36970469328763],[8.540178766529783,47.369707319073505],[8.540178280352372,47.36970878092534],[8.540176099103963,47.36971087061392],[8.54017578692278,47.36971178210187]]},"properties":{"layer":"LKZ1315-MLU1","infraType":"water","geomType":"pipe","source":"order_55302/NIS_ZH_WVZ.dxf","_dedupKey":"2683200,1247124.9|2683200.3,1247124.1"}},{"type":"Feature","geometry":{"type":"LineString","coordinates":[[8.54017578692278,47.36971178210187],[8.540175464891972,47.369712216940584]]},"properties":{"layer":"LKZ1315-MLU1","infraType":"water","geomType":"pipe","source":"order_55302/NIS_ZH_WVZ.dxf","_dedupKey":"2683200,1247124.9|2683200,1247124.9"}},{"type":"Feature","geometry":{"type":"LineString","coordinates":[[8.540032655215173,47.36968485731996],[8.540033401044278,47.369681863816375],[8.540033939479295,47.36967972683023],[8.540034401971582,47.36967840013223],[8.540047372487242,47.36963264402476],[8.540049141211721,47.369626609399425],[8.540078250018912,47.369614719067094],[8.540079818177412,47.369610512370315],[8.540082314847284,47.36960382315131]]},"properties":{"layer":"LKZ1314-MLU1","infraType":"water","geomType":"pipe","source":"order_55302/NIS_ZH_WVZ.dxf","_dedupKey":"2683189.2,1247121.7|2683193.1,1247112.8"}},{"type":"Feature","geometry":{"type":"LineString","coordinates":[[8.540149818930173,47.369700740840216],[8.540149235538419,47.369703265047306],[8.540148446426873,47.36970672671256],[8.540146509573862,47.36971487680412],[8.540147647719941,47.36972510243598],[8.540130574867296,47.369772246950234]]},"properties":{"layer":"LKZ1315-MLU1","infraType":"water","geomType":"pipe","source":"order_55302/NIS_ZH_WVZ.dxf","_dedupKey":"2683196.5,1247131.6|2683198.1,1247123.6"}},{"type":"Feature","geometry":{"type":"LineString","coordinates":[[8.540392247555504,47.36973175561165],[8.54039544703436,47.36973216585436],[8.540410408515319,47.36973406503529],[8.540413315827863,47.369734433088745],[8.540416320082116,47.369735007105895],[8.540442119095284,47.369739150636086]]},"properties":{"layer":"LKZ1314-MLU1","infraType":"water","geomType":"pipe","source":"order_55302/NIS_ZH_WVZ.dxf","_dedupKey":"2683216.3,1247127.3|2683220.1,1247128.2"}},{"type":"Feature","geometry":{"type":"LineString","coordinates":[[8.540713019754694,47.36915939185555],[8.540711250747433,47.36916220622913],[8.540580869180275,47.36960790092381],[8.540573243274721,47.36965533317515]]},"properties":{"layer":"LKZ1314-MLU1","infraType":"water","geomType":"pipe","source":"order_55302/NIS_ZH_WVZ.dxf","_dedupKey":"2683230.1,1247119|2683241.4,1247064"}},{"type":"Feature","geometry":{"type":"LineString","coordinates":[[8.540570654054493,47.36967035280243],[8.540571358171126,47.36966598343423],[8.540571916816635,47.369662263105106]]},"properties":{"layer":"LKZ1314-MLU1","infraType":"water","geomType":"pipe","source":"order_55302/NIS_ZH_WVZ.dxf","_dedupKey":"2683229.9,1247120.7|2683230,1247119.8"}},{"type":"Feature","geometry":{"type":"LineString","coordinates":[[8.540573243274721,47.36965533317515],[8.540572609701492,47.36965863144678],[8.540571916816635,47.369662263105106]]},"properties":{"layer":"LKZ1314-MLU1","infraType":"water","geomType":"pipe","source":"order_55302/NIS_ZH_WVZ.dxf","_dedupKey":"2683230,1247119.8|2683230.1,1247119"}},{"type":"Feature","geometry":{"type":"LineString","coordinates":[[8.540572609701492,47.36965863144678],[8.540558715791665,47.369657774535064],[8.540540831656918,47.36965668583509],[8.540513918467566,47.36967038135497],[8.540491278335269,47.36968133755734],[8.540489338066557,47.36968227357309]]},"properties":{"layer":"LKZ1317-MLU1","infraType":"water","geomType":"pipe","source":"order_55302/NIS_ZH_WVZ.dxf","_dedupKey":"2683223.7,1247121.9|2683230.1,1247119.4"}},{"type":"Feature","geometry":{"type":"LineString","coordinates":[[8.54108624487119,47.36940273805341],[8.541086302254573,47.36940359204563]]},"properties":{"layer":"LKZ1319-MLU1","infraType":"water","geomType":"pipe","source":"order_55302/NIS_ZH_WVZ.dxf","_dedupKey":"2683269.3,1247091.5|2683269.3,1247091.6"}},{"type":"Feature","geometry":{"type":"LineString","coordinates":[[8.54026795567621,47.36941644662272],[8.540183537928963,47.36940511730334]]},"properties":{"layer":"LKZ1315-MLU1","infraType":"water","geomType":"pipe","source":"order_55302/NIS_ZH_WVZ.dxf","_dedupKey":"2683201.1,1247090.8|2683207.4,1247092.2"}},{"type":"Feature","geometry":{"type":"LineString","coordinates":[[8.540304930948944,47.36935722964544],[8.540289842263432,47.36941451979154]]},"properties":{"layer":"LKZ1315-MLU1","infraType":"water","geomType":"pipe","source":"order_55302/NIS_ZH_WVZ.dxf","_dedupKey":"2683209.1,1247092|2683210.3,1247085.6"}},{"type":"Feature","geometry":{"type":"LineString","coordinates":[[8.540318664335146,47.36929650727868],[8.540309481039207,47.36933778369325]]},"properties":{"layer":"LKZ1315-MLU1","infraType":"water","geomType":"pipe","source":"order_55302/NIS_ZH_WVZ.dxf","_dedupKey":"2683210.7,1247083.5|2683211.5,1247078.9"}},{"type":"Feature","geometry":{"type":"LineString","coordinates":[[8.540346228783067,47.36920285663839],[8.540323991819381,47.369275596695]]},"properties":{"layer":"LKZ1315-MLU1","infraType":"water","geomType":"pipe","source":"order_55302/NIS_ZH_WVZ.dxf","_dedupKey":"2683211.9,1247076.6|2683213.7,1247068.5"}},{"type":"Feature","geometry":{"type":"LineString","coordinates":[[8.540148759801358,47.369202230421934],[8.540198463968109,47.36927011057474]]},"properties":{"layer":"LKZ1315-MLU1","infraType":"water","geomType":"pipe","source":"order_55302/NIS_ZH_WVZ.dxf","_dedupKey":"2683198.8,1247068.2|2683202.4,1247075.8"}},{"type":"Feature","geometry":{"type":"LineString","coordinates":[[8.540354916616682,47.36919654911884],[8.54041241116568,47.36920443813278]]},"properties":{"layer":"LKZ1315-MLU1","infraType":"water","geomType":"pipe","source":"order_55302/NIS_ZH_WVZ.dxf","_dedupKey":"2683214.3,1247067.8|2683218.7,1247068.7"}},{"type":"Feature","geometry":{"type":"LineString","coordinates":[[8.54079940489961,47.36966164867188],[8.540811514761765,47.369660750533534]]},"properties":{"layer":"LKZ1315-MLU1","infraType":"water","geomType":"pipe","source":"order_55302/NIS_ZH_WVZ.dxf","_dedupKey":"2683247.2,1247120|2683248.1,1247119.9"}},{"type":"Feature","geometry":{"type":"LineString","coordinates":[[8.540099580474763,47.36937889655021],[8.54010657480494,47.36935150256501]]},"properties":{"layer":"LKZ1314-MLU1","infraType":"water","geomType":"pipe","source":"order_55302/NIS_ZH_WVZ.dxf","_dedupKey":"2683194.8,1247087.8|2683195.3,1247084.8"}},{"type":"Feature","geometry":{"type":"LineString","coordinates":[[8.5401180973986,47.36933820577938],[8.540154901684891,47.36931363982155],[8.540190044789421,47.369290061171675]]},"properties":{"layer":"LKZ1314-MLU1","infraType":"water","geomType":"pipe","source":"order_55302/NIS_ZH_WVZ.dxf","_dedupKey":"2683196.2,1247083.3|2683201.7,1247078"}},{"type":"Feature","geometry":{"type":"LineString","coordinates":[[8.540922360895056,47.37022913103146],[8.540889944669598,47.37027125886582]]},"properties":{"layer":"LKZ1315-MLU1","infraType":"water","geomType":"pipe","source":"order_55302/NIS_ZH_WVZ.dxf","_dedupKey":"2683253.1,1247187.8|2683255.6,1247183.2"}},{"type":"Feature","geometry":{"type":"LineString","coordinates":[[8.540269017078579,47.37008671946777],[8.540295538869904,47.37009763848419]]},"properties":{"layer":"LKZ1315-MLU1","infraType":"water","geomType":"pipe","source":"order_55302/NIS_ZH_WVZ.dxf","_dedupKey":"2683206.5,1247166.7|2683208.5,1247167.9"}},{"type":"Feature","geometry":{"type":"LineString","coordinates":[[8.540425875516634,47.37001602353968],[8.540463171121473,47.37005620892251]]},"properties":{"layer":"LKZ1315-MLU1","infraType":"water","geomType":"pipe","source":"order_55302/NIS_ZH_WVZ.dxf","_dedupKey":"2683218.4,1247159|2683221.2,1247163.5"}},{"type":"Feature","geometry":{"type":"LineString","coordinates":[[8.541093314922415,47.3692247373584],[8.54109330298645,47.369224800438396],[8.541092006090807,47.369231235360154],[8.541091504651137,47.36923643934764],[8.541091586116849,47.369240378449106],[8.541093220447745,47.36924577793405],[8.541095129338403,47.36924908792167],[8.541097385666774,47.36925447247432],[8.54109900719717,47.3692586127593],[8.541101237454644,47.36926337689477],[8.541102876501474,47.36926772390114],[8.541104305043554,47.36927213588288],[8.541105416837476,47.36927595720766],[8.541106822963945,47.36928120595298],[8.541107818034742,47.369285145328895],[8.54110854732059,47.36929095823459],[8.541108959704124,47.369295532833505],[8.541109075766844,47.36930114470394],[8.541109153142001,47.36930488595095],[8.541108338270542,47.36931029981879],[8.541107214866273,47.36931488008205],[8.54110608268781,47.369319676312806],[8.541104628924533,47.3693236480587],[8.541103159472968,47.36932814167341],[8.541101764394778,47.36933303036512],[8.541089838270663,47.36936329596983],[8.541088105699153,47.36936851170846],[8.54108726965355,47.369372261674044],[8.541086154801908,47.36937725563259],[8.541085309981934,47.36938122156568],[8.541085104457668,47.36938600895111],[8.541085503415971,47.369390574682946],[8.54108624487119,47.36940273805341]]},"properties":{"layer":"LKZ1319-MLU1","infraType":"water","geomType":"pipe","source":"order_55302/NIS_ZH_WVZ.dxf","_dedupKey":"2683269.3,1247091.5|2683270.1,1247071.7"}},{"type":"Feature","geometry":{"type":"LineString","coordinates":[[8.537056290768584,47.37064103287999],[8.537058359889693,47.37063927713928],[8.537062914899826,47.37063542887385],[8.537065400603467,47.37063332735568],[8.53706528780005,47.37062592542209],[8.537075199896748,47.37061859905873],[8.537087286527912,47.370617845457325],[8.537270133227416,47.3704824564908],[8.537272363233171,47.370480798162404],[8.537274606477041,47.37047913970798],[8.537279757364244,47.37047529476075],[8.537606191085267,47.370232234692224],[8.537612659142184,47.370227414715806],[8.5376158140932,47.37022438031698],[8.537637358237983,47.37020453891377],[8.537637423316374,47.370204484323665]]},"properties":{"layer":"LKZ1314-MLU1","infraType":"water","geomType":"pipe","source":"order_55302/NIS_ZH_WVZ.dxf","_dedupKey":"2682963,1247224.9|2683007.5,1247177"}},{"type":"Feature","geometry":{"type":"LineString","coordinates":[[8.537731216464037,47.37012720502577],[8.53773129459497,47.37012714131622],[8.537734666721304,47.370124365706666],[8.537750745776732,47.37012331318355]]},"properties":{"layer":"LKZ1314-MLU1","infraType":"water","geomType":"pipe","source":"order_55302/NIS_ZH_WVZ.dxf","_dedupKey":"2683014.7,1247168.5|2683016.2,1247168.1"}},{"type":"Feature","geometry":{"type":"LineString","coordinates":[[8.540593972100623,47.37000796137866],[8.540568823734466,47.369968685594344]]},"properties":{"layer":"LKZ1315-MLU1","infraType":"water","geomType":"pipe","source":"order_55302/NIS_ZH_WVZ.dxf","_dedupKey":"2683229.3,1247153.9|2683231.1,1247158.3"}},{"type":"Feature","geometry":{"type":"LineString","coordinates":[[8.537637423316374,47.370204484323665],[8.537684360009575,47.370165862293355],[8.537731216464037,47.37012720502577]]},"properties":{"layer":"LKZ1314-MLU1","infraType":"water","geomType":"pipe","source":"order_55302/NIS_ZH_WVZ.dxf","_dedupKey":"2683007.5,1247177|2683014.7,1247168.5"}},{"type":"Feature","geometry":{"type":"LineString","coordinates":[[8.54003521443197,47.36938577099058],[8.539918262833405,47.369370506002554]]},"properties":{"layer":"LKZ1315-MLU1","infraType":"water","geomType":"pipe","source":"order_55302/NIS_ZH_WVZ.dxf","_dedupKey":"2683181.1,1247086.7|2683189.9,1247088.5"}},{"type":"Feature","geometry":{"type":"LineString","coordinates":[[8.540080725935297,47.36939171454967],[8.540063825129215,47.3693895099951]]},"properties":{"layer":"LKZ1315-MLU1","infraType":"water","geomType":"pipe","source":"order_55302/NIS_ZH_WVZ.dxf","_dedupKey":"2683192.1,1247088.9|2683193.3,1247089.2"}},{"type":"Feature","geometry":{"type":"LineString","coordinates":[[8.540063825129215,47.3693895099951],[8.540061222868657,47.36938916600944],[8.540062469036743,47.36938475549458],[8.540039075914303,47.36938169534256],[8.540037816692193,47.36938611497678],[8.54003521443197,47.36938577099058]]},"properties":{"layer":"LKZ1315-MLU1","infraType":"water","geomType":"pipe","source":"order_55302/NIS_ZH_WVZ.dxf","_dedupKey":"2683189.9,1247088.5|2683192.1,1247088.9"}},{"type":"Feature","geometry":{"type":"LineString","coordinates":[[8.53952609789575,47.36954333553693],[8.53952947130805,47.36954383409714],[8.539532565793571,47.36954429034009],[8.539674009607875,47.36956004185552],[8.539676219089543,47.36955226696967]]},"properties":{"layer":"LKZ1315-MLU1","infraType":"water","geomType":"pipe","source":"order_55302/NIS_ZH_WVZ.dxf","_dedupKey":"2683151.2,1247105.5|2683162.5,1247106.6"}},{"type":"Feature","geometry":{"type":"LineString","coordinates":[[8.539870848349974,47.36936601974868],[8.53987037763466,47.369367589393775],[8.539870055184915,47.369368644901385]]},"properties":{"layer":"LKZ1315-MLU1","infraType":"water","geomType":"pipe","source":"order_55302/NIS_ZH_WVZ.dxf","_dedupKey":"2683177.5,1247086.1|2683177.5,1247086.4"}},{"type":"Feature","geometry":{"type":"LineString","coordinates":[[8.541224251188394,47.370321966983816],[8.541255221099576,47.3703219501868],[8.541270856180109,47.370317357320495],[8.541290650974528,47.37031798690632],[8.541381509967604,47.37032057360641],[8.541437736254665,47.37032149398805],[8.54146933971056,47.37032201978899],[8.541481359986268,47.37032638460314],[8.541511292083252,47.37032676443851],[8.541534822267469,47.37031914573771],[8.541603093799512,47.37032051771511],[8.5416612024941,47.37032218460021],[8.54169995569549,47.37032269602928],[8.541744012154542,47.37032418224385],[8.541798146048203,47.37032572510901]]},"properties":{"layer":"LKZ1314-MLU1","infraType":"water","geomType":"pipe","source":"order_55302/NIS_ZH_WVZ.dxf","_dedupKey":"2683278.2,1247193.8|2683321.6,1247194.9"}},{"type":"Feature","geometry":{"type":"LineString","coordinates":[[8.541798146048203,47.37032572510901],[8.54182574187268,47.37032645999762]]},"properties":{"layer":"LKZ1315-MLU1","infraType":"water","geomType":"pipe","source":"order_55302/NIS_ZH_WVZ.dxf","_dedupKey":"2683321.6,1247194.9|2683323.7,1247195"}},{"type":"Feature","geometry":{"type":"LineString","coordinates":[[8.53884964566369,47.36987167273593],[8.53885101554918,47.369869401903635],[8.538886486463296,47.3698071323898]]},"properties":{"layer":"LKZ1314-MLU1","infraType":"water","geomType":"pipe","source":"order_55302/NIS_ZH_WVZ.dxf","_dedupKey":"2683099.6,1247141.3|2683102.5,1247134.1"}},{"type":"Feature","geometry":{"type":"LineString","coordinates":[[8.538886486463296,47.3698071323898],[8.538888395081594,47.36980401987586]]},"properties":{"layer":"LKZ1315-MLU1","infraType":"water","geomType":"pipe","source":"order_55302/NIS_ZH_WVZ.dxf","_dedupKey":"2683102.5,1247134.1|2683102.6,1247133.8"}},{"type":"Feature","geometry":{"type":"LineString","coordinates":[[8.540134856318339,47.36940274810881],[8.54013594116541,47.36939886085065]]},"properties":{"layer":"LKZ1314-MLU1","infraType":"water","geomType":"pipe","source":"order_55302/NIS_ZH_WVZ.dxf","_dedupKey":"2683197.4,1247090.5|2683197.5,1247090.1"}},{"type":"Feature","geometry":{"type":"LineString","coordinates":[[8.54012912125742,47.369414190670234],[8.54013076181601,47.36940900280999],[8.540133425337917,47.3694078260285],[8.540134856318339,47.36940274810881]]},"properties":{"layer":"LKZ1314-MLU1","infraType":"water","geomType":"pipe","source":"order_55302/NIS_ZH_WVZ.dxf","_dedupKey":"2683197,1247091.8|2683197.4,1247090.5"}},{"type":"Feature","geometry":{"type":"LineString","coordinates":[[8.541413590595553,47.37026160090935],[8.541425342177977,47.37025745887764],[8.541344097930514,47.37025496032283],[8.541355849516876,47.370250818298146]]},"properties":{"layer":"LKZ1315-MLU1","infraType":"water","geomType":"pipe","source":"order_55302/NIS_ZH_WVZ.dxf","_dedupKey":"2683288.3,1247186.1|2683292.6,1247187.3"}},{"type":"Feature","geometry":{"type":"LineString","coordinates":[[8.537409020037737,47.36919083501708],[8.537421590680522,47.36919366583838],[8.537236046689367,47.36905210208919],[8.537248617290217,47.369054932929444]]},"properties":{"layer":"LKZ1315-MLU1","infraType":"water","geomType":"pipe","source":"order_55302/NIS_ZH_WVZ.dxf","_dedupKey":"2682980,1247048.8|2682991.9,1247064"}},{"type":"Feature","geometry":{"type":"Point","coordinates":[8.538620013439917,47.369420000477504]},"properties":{"layer":"LKZ1322-MSU-","infraType":"water","geomType":"fitting","source":"order_55302/NIS_ZH_WVZ.dxf","_dedupKey":"2683083,1247090.8"}},{"type":"Feature","geometry":{"type":"Point","coordinates":[8.539397654593728,47.36917034330484]},"properties":{"layer":"LKZ1322-MSU-","infraType":"water","geomType":"fitting","source":"order_55302/NIS_ZH_WVZ.dxf","_dedupKey":"2683142.1,1247063.9"}},{"type":"Feature","geometry":{"type":"Point","coordinates":[8.54109464513742,47.37032300625326]},"properties":{"layer":"LKZ1322-MSU-","infraType":"water","geomType":"fitting","source":"order_55302/NIS_ZH_WVZ.dxf","_dedupKey":"2683268.5,1247193.8"}},{"type":"Feature","geometry":{"type":"Point","coordinates":[8.541797992206007,47.37033620593495]},"properties":{"layer":"LKZ1322-MSU-","infraType":"water","geomType":"fitting","source":"order_55302/NIS_ZH_WVZ.dxf","_dedupKey":"2683321.6,1247196"}},{"type":"Feature","geometry":{"type":"Point","coordinates":[8.539113060738618,47.36958007700727]},"properties":{"layer":"LKZ1322-MSU-","infraType":"water","geomType":"fitting","source":"order_55302/NIS_ZH_WVZ.dxf","_dedupKey":"2683120,1247109.1"}},{"type":"Feature","geometry":{"type":"Point","coordinates":[8.539175772575355,47.36974767085376]},"properties":{"layer":"LKZ1322-MSU-","infraType":"water","geomType":"fitting","source":"order_55302/NIS_ZH_WVZ.dxf","_dedupKey":"2683124.4,1247127.8"}},{"type":"Feature","geometry":{"type":"Point","coordinates":[8.539083296416758,47.37002009764411]},"properties":{"layer":"LKZ1322-MSU-","infraType":"water","geomType":"fitting","source":"order_55302/NIS_ZH_WVZ.dxf","_dedupKey":"2683117,1247158"}},{"type":"Feature","geometry":{"type":"Point","coordinates":[8.539476619464166,47.370267287311925]},"properties":{"layer":"LKZ1322-MSU-","infraType":"water","geomType":"fitting","source":"order_55302/NIS_ZH_WVZ.dxf","_dedupKey":"2683146.3,1247185.9"}},{"type":"Feature","geometry":{"type":"Point","coordinates":[8.539967410278075,47.37024522091445]},"properties":{"layer":"LKZ1322-MSU-","infraType":"water","geomType":"fitting","source":"order_55302/NIS_ZH_WVZ.dxf","_dedupKey":"2683183.4,1247184"}},{"type":"Feature","geometry":{"type":"Point","coordinates":[8.54049866757474,47.37001383593849]},"properties":{"layer":"LKZ1322-MSU-","infraType":"water","geomType":"fitting","source":"order_55302/NIS_ZH_WVZ.dxf","_dedupKey":"2683223.9,1247158.8"}},{"type":"Feature","geometry":{"type":"Point","coordinates":[8.538361153662096,47.369754071787575]},"properties":{"layer":"LKZ1322-MSU-","infraType":"water","geomType":"fitting","source":"order_55302/NIS_ZH_WVZ.dxf","_dedupKey":"2683062.9,1247127.7"}},{"type":"Feature","geometry":{"type":"Point","coordinates":[8.538434877202091,47.36947102996698]},"properties":{"layer":"LKZ1322-MSU-","infraType":"water","geomType":"fitting","source":"order_55302/NIS_ZH_WVZ.dxf","_dedupKey":"2683068.9,1247096.3"}},{"type":"Feature","geometry":{"type":"Point","coordinates":[8.538080073954424,47.36913872678737]},"properties":{"layer":"LKZ1322-MSU-","infraType":"water","geomType":"fitting","source":"order_55302/NIS_ZH_WVZ.dxf","_dedupKey":"2683042.6,1247059"}},{"type":"Feature","geometry":{"type":"Point","coordinates":[8.53759980727829,47.36935097756174]},"properties":{"layer":"LKZ1322-MSU-","infraType":"water","geomType":"fitting","source":"order_55302/NIS_ZH_WVZ.dxf","_dedupKey":"2683006,1247082"}},{"type":"Feature","geometry":{"type":"Point","coordinates":[8.537616091097915,47.37023781643457]},"properties":{"layer":"LKZ1322-MSU-","infraType":"water","geomType":"fitting","source":"order_55302/NIS_ZH_WVZ.dxf","_dedupKey":"2683005.9,1247180.7"}},{"type":"Feature","geometry":{"type":"Point","coordinates":[8.541530629903647,47.369833654227996]},"properties":{"layer":"LKZ1322-MSU-","infraType":"water","geomType":"fitting","source":"order_55302/NIS_ZH_WVZ.dxf","_dedupKey":"2683302.1,1247139.9"}},{"type":"Feature","geometry":{"type":"Point","coordinates":[8.537745460585588,47.37002303157374]},"properties":{"layer":"LKZ1322-MSU-","infraType":"water","geomType":"fitting","source":"order_55302/NIS_ZH_WVZ.dxf","_dedupKey":"2683016,1247156.9"}},{"type":"Feature","geometry":{"type":"Point","coordinates":[8.539527894503514,47.36953672496429]},"properties":{"layer":"LKZ1322-MSU-","infraType":"water","geomType":"fitting","source":"order_55302/NIS_ZH_WVZ.dxf","_dedupKey":"2683151.4,1247104.7"}},{"type":"Feature","geometry":{"type":"Point","coordinates":[8.540489338066557,47.36968227357309]},"properties":{"layer":"LKZ1322-MSU-","infraType":"water","geomType":"fitting","source":"order_55302/NIS_ZH_WVZ.dxf","_dedupKey":"2683223.7,1247121.9"}},{"type":"Feature","geometry":{"type":"Point","coordinates":[8.541051704488224,47.36950666496327]},"properties":{"layer":"LKZ1325-MSU-","infraType":"water","geomType":"fitting","source":"order_55302/NIS_ZH_WVZ.dxf","_dedupKey":"2683266.5,1247103"}},{"type":"Feature","geometry":{"type":"Point","coordinates":[8.540088029181259,47.36931390876661]},"properties":{"layer":"LKZ1325-MSU-","infraType":"water","geomType":"fitting","source":"order_55302/NIS_ZH_WVZ.dxf","_dedupKey":"2683194,1247080.6"}},{"type":"Feature","geometry":{"type":"Point","coordinates":[8.541547563833308,47.36959810725512]},"properties":{"layer":"LKZ1325-MSU-","infraType":"water","geomType":"fitting","source":"order_55302/NIS_ZH_WVZ.dxf","_dedupKey":"2683303.8,1247113.7"}},{"type":"Feature","geometry":{"type":"Point","coordinates":[8.541403554326209,47.37016688779362]},"properties":{"layer":"LKZ1325-MSU-","infraType":"water","geomType":"fitting","source":"order_55302/NIS_ZH_WVZ.dxf","_dedupKey":"2683292,1247176.8"}},{"type":"Feature","geometry":{"type":"Point","coordinates":[8.539410756268833,47.370075400781644]},"properties":{"layer":"LKZ1325-MSU-","infraType":"water","geomType":"fitting","source":"order_55302/NIS_ZH_WVZ.dxf","_dedupKey":"2683141.7,1247164.5"}},{"type":"Feature","geometry":{"type":"Point","coordinates":[8.539302058968799,47.369186420171076]},"properties":{"layer":"LKZ1325-MSU-","infraType":"water","geomType":"fitting","source":"order_55302/NIS_ZH_WVZ.dxf","_dedupKey":"2683134.8,1247065.6"}},{"type":"Feature","geometry":{"type":"Point","coordinates":[8.537427716878726,47.37015571088063]},"properties":{"layer":"LKZ1325-MSU-","infraType":"water","geomType":"fitting","source":"order_55302/NIS_ZH_WVZ.dxf","_dedupKey":"2682991.8,1247171.3"}},{"type":"Feature","geometry":{"type":"Point","coordinates":[8.540596345616853,47.37008306626569]},"properties":{"layer":"LKZ1325-MSU-","infraType":"water","geomType":"fitting","source":"order_55302/NIS_ZH_WVZ.dxf","_dedupKey":"2683231.2,1247166.6"}},{"type":"Feature","geometry":{"type":"Point","coordinates":[8.54064714802397,47.37007590715779]},"properties":{"layer":"LKZ1325-MSU-","infraType":"water","geomType":"fitting","source":"order_55302/NIS_ZH_WVZ.dxf","_dedupKey":"2683235,1247165.9"}},{"type":"Feature","geometry":{"type":"Point","coordinates":[8.53920768831026,47.36973127441172]},"properties":{"layer":"LKZ1325-MSU-","infraType":"water","geomType":"fitting","source":"order_55302/NIS_ZH_WVZ.dxf","_dedupKey":"2683126.9,1247126"}},{"type":"Feature","geometry":{"type":"Point","coordinates":[8.53859688724367,47.36919822932897]},"properties":{"layer":"LKZ1321-MSU-","infraType":"water","geomType":"fitting","source":"order_55302/NIS_ZH_WVZ.dxf","_dedupKey":"2683081.6,1247066.1"}},{"type":"Feature","geometry":{"type":"Point","coordinates":[8.538878615994221,47.369128792883835]},"properties":{"layer":"LKZ1321-MSU-","infraType":"water","geomType":"fitting","source":"order_55302/NIS_ZH_WVZ.dxf","_dedupKey":"2683103,1247058.7"}},{"type":"Feature","geometry":{"type":"Point","coordinates":[8.5389540743726,47.36914165672503]},"properties":{"layer":"LKZ1321-MSU-","infraType":"water","geomType":"fitting","source":"order_55302/NIS_ZH_WVZ.dxf","_dedupKey":"2683108.6,1247060.2"}},{"type":"Feature","geometry":{"type":"Point","coordinates":[8.53909014351818,47.36916328900893]},"properties":{"layer":"LKZ1321-MSU-","infraType":"water","geomType":"fitting","source":"order_55302/NIS_ZH_WVZ.dxf","_dedupKey":"2683118.9,1247062.8"}},{"type":"Feature","geometry":{"type":"Point","coordinates":[8.539222195731158,47.369189160148025]},"properties":{"layer":"LKZ1321-MSU-","infraType":"water","geomType":"fitting","source":"order_55302/NIS_ZH_WVZ.dxf","_dedupKey":"2683128.8,1247065.8"}},{"type":"Feature","geometry":{"type":"Point","coordinates":[8.540098826323836,47.36933791281729]},"properties":{"layer":"LKZ1321-MSU-","infraType":"water","geomType":"fitting","source":"order_55302/NIS_ZH_WVZ.dxf","_dedupKey":"2683194.8,1247083.2"}},{"type":"Feature","geometry":{"type":"Point","coordinates":[8.541224251188394,47.370321966983816]},"properties":{"layer":"LKZ1321-MSU-","infraType":"water","geomType":"fitting","source":"order_55302/NIS_ZH_WVZ.dxf","_dedupKey":"2683278.2,1247193.8"}},{"type":"Feature","geometry":{"type":"Point","coordinates":[8.541381579494319,47.370316893924134]},"properties":{"layer":"LKZ1321-MSU-","infraType":"water","geomType":"fitting","source":"order_55302/NIS_ZH_WVZ.dxf","_dedupKey":"2683290.1,1247193.4"}},{"type":"Feature","geometry":{"type":"Point","coordinates":[8.54143792102029,47.37032594482577]},"properties":{"layer":"LKZ1321-MSU-","infraType":"water","geomType":"fitting","source":"order_55302/NIS_ZH_WVZ.dxf","_dedupKey":"2683294.4,1247194.5"}},{"type":"Feature","geometry":{"type":"Point","coordinates":[8.541660995740779,47.370326270375365]},"properties":{"layer":"LKZ1321-MSU-","infraType":"water","geomType":"fitting","source":"order_55302/NIS_ZH_WVZ.dxf","_dedupKey":"2683311.2,1247194.8"}},{"type":"Feature","geometry":{"type":"Point","coordinates":[8.541743790283807,47.37032881686803]},"properties":{"layer":"LKZ1321-MSU-","infraType":"water","geomType":"fitting","source":"order_55302/NIS_ZH_WVZ.dxf","_dedupKey":"2683317.5,1247195.1"}},{"type":"Feature","geometry":{"type":"Point","coordinates":[8.541859890208908,47.370322634714604]},"properties":{"layer":"LKZ1321-MSU-","infraType":"water","geomType":"fitting","source":"order_55302/NIS_ZH_WVZ.dxf","_dedupKey":"2683326.2,1247194.6"}},{"type":"Feature","geometry":{"type":"Point","coordinates":[8.539473888460167,47.36960416366117]},"properties":{"layer":"LKZ1321-MSU-","infraType":"water","geomType":"fitting","source":"order_55302/NIS_ZH_WVZ.dxf","_dedupKey":"2683147.2,1247112.2"}},{"type":"Feature","geometry":{"type":"Point","coordinates":[8.539443043583878,47.369594185176275]},"properties":{"layer":"LKZ1321-MSU-","infraType":"water","geomType":"fitting","source":"order_55302/NIS_ZH_WVZ.dxf","_dedupKey":"2683144.9,1247111"}},{"type":"Feature","geometry":{"type":"Point","coordinates":[8.53885101554918,47.369869401903635]},"properties":{"layer":"LKZ1321-MSU-","infraType":"water","geomType":"fitting","source":"order_55302/NIS_ZH_WVZ.dxf","_dedupKey":"2683099.7,1247141"}},{"type":"Feature","geometry":{"type":"Point","coordinates":[8.539079598711288,47.37010009977779]},"properties":{"layer":"LKZ1321-MSU-","infraType":"water","geomType":"fitting","source":"order_55302/NIS_ZH_WVZ.dxf","_dedupKey":"2683116.6,1247166.9"}},{"type":"Feature","geometry":{"type":"Point","coordinates":[8.539078578323762,47.37009300332939]},"properties":{"layer":"LKZ1321-MSU-","infraType":"water","geomType":"fitting","source":"order_55302/NIS_ZH_WVZ.dxf","_dedupKey":"2683116.6,1247166.1"}},{"type":"Feature","geometry":{"type":"Point","coordinates":[8.53906290477059,47.37018104428947]},"properties":{"layer":"LKZ1321-MSU-","infraType":"water","geomType":"fitting","source":"order_55302/NIS_ZH_WVZ.dxf","_dedupKey":"2683115.2,1247175.9"}},{"type":"Feature","geometry":{"type":"Point","coordinates":[8.539209996004011,47.37021116180848]},"properties":{"layer":"LKZ1321-MSU-","infraType":"water","geomType":"fitting","source":"order_55302/NIS_ZH_WVZ.dxf","_dedupKey":"2683126.3,1247179.4"}},{"type":"Feature","geometry":{"type":"Point","coordinates":[8.539214010129628,47.37021575606235]},"properties":{"layer":"LKZ1321-MSU-","infraType":"water","geomType":"fitting","source":"order_55302/NIS_ZH_WVZ.dxf","_dedupKey":"2683126.6,1247179.9"}},{"type":"Feature","geometry":{"type":"Point","coordinates":[8.53941578978904,47.37020437927807]},"properties":{"layer":"LKZ1321-MSU-","infraType":"water","geomType":"fitting","source":"order_55302/NIS_ZH_WVZ.dxf","_dedupKey":"2683141.8,1247178.8"}},{"type":"Feature","geometry":{"type":"Point","coordinates":[8.539447218837706,47.370225317294896]},"properties":{"layer":"LKZ1321-MSU-","infraType":"water","geomType":"fitting","source":"order_55302/NIS_ZH_WVZ.dxf","_dedupKey":"2683144.2,1247181.2"}},{"type":"Feature","geometry":{"type":"Point","coordinates":[8.539535928385643,47.37012448167593]},"properties":{"layer":"LKZ1321-MSU-","infraType":"water","geomType":"fitting","source":"order_55302/NIS_ZH_WVZ.dxf","_dedupKey":"2683151,1247170.1"}},{"type":"Feature","geometry":{"type":"Point","coordinates":[8.539944862787516,47.37019210364492]},"properties":{"layer":"LKZ1321-MSU-","infraType":"water","geomType":"fitting","source":"order_55302/NIS_ZH_WVZ.dxf","_dedupKey":"2683181.8,1247178"}},{"type":"Feature","geometry":{"type":"Point","coordinates":[8.540002630069475,47.37022019338397]},"properties":{"layer":"LKZ1321-MSU-","infraType":"water","geomType":"fitting","source":"order_55302/NIS_ZH_WVZ.dxf","_dedupKey":"2683186.1,1247181.2"}},{"type":"Feature","geometry":{"type":"Point","coordinates":[8.540046831132951,47.370239579221334]},"properties":{"layer":"LKZ1321-MSU-","infraType":"water","geomType":"fitting","source":"order_55302/NIS_ZH_WVZ.dxf","_dedupKey":"2683189.4,1247183.4"}},{"type":"Feature","geometry":{"type":"Point","coordinates":[8.540043315082489,47.370243714540024]},"properties":{"layer":"LKZ1321-MSU-","infraType":"water","geomType":"fitting","source":"order_55302/NIS_ZH_WVZ.dxf","_dedupKey":"2683189.2,1247183.9"}},{"type":"Feature","geometry":{"type":"Point","coordinates":[8.540165293669899,47.37032850898473]},"properties":{"layer":"LKZ1321-MSU-","infraType":"water","geomType":"fitting","source":"order_55302/NIS_ZH_WVZ.dxf","_dedupKey":"2683198.3,1247193.4"}},{"type":"Feature","geometry":{"type":"Point","coordinates":[8.540183316961103,47.370158193767594]},"properties":{"layer":"LKZ1321-MSU-","infraType":"water","geomType":"fitting","source":"order_55302/NIS_ZH_WVZ.dxf","_dedupKey":"2683199.9,1247174.5"}},{"type":"Feature","geometry":{"type":"Point","coordinates":[8.538457916437467,47.36929650250603]},"properties":{"layer":"LKZ1321-MSU-","infraType":"water","geomType":"fitting","source":"order_55302/NIS_ZH_WVZ.dxf","_dedupKey":"2683070.9,1247076.9"}},{"type":"Feature","geometry":{"type":"Point","coordinates":[8.538446322956904,47.36928007081553]},"properties":{"layer":"LKZ1321-MSU-","infraType":"water","geomType":"fitting","source":"order_55302/NIS_ZH_WVZ.dxf","_dedupKey":"2683070.1,1247075.1"}},{"type":"Feature","geometry":{"type":"Point","coordinates":[8.537515098545763,47.369347978575846]},"properties":{"layer":"LKZ1321-MSU-","infraType":"water","geomType":"fitting","source":"order_55302/NIS_ZH_WVZ.dxf","_dedupKey":"2682999.6,1247081.6"}},{"type":"Feature","geometry":{"type":"Point","coordinates":[8.537448276362888,47.3694059314186]},"properties":{"layer":"LKZ1321-MSU-","infraType":"water","geomType":"fitting","source":"order_55302/NIS_ZH_WVZ.dxf","_dedupKey":"2682994.5,1247088"}},{"type":"Feature","geometry":{"type":"Point","coordinates":[8.537687976443763,47.36924888018093]},"properties":{"layer":"LKZ1321-MSU-","infraType":"water","geomType":"fitting","source":"order_55302/NIS_ZH_WVZ.dxf","_dedupKey":"2683012.8,1247070.8"}},{"type":"Feature","geometry":{"type":"Point","coordinates":[8.540310082149839,47.369352134228855]},"properties":{"layer":"LKZ1321-MSU-","infraType":"water","geomType":"fitting","source":"order_55302/NIS_ZH_WVZ.dxf","_dedupKey":"2683210.7,1247085"}},{"type":"Feature","geometry":{"type":"Point","coordinates":[8.54032538758319,47.369284191746125]},"properties":{"layer":"LKZ1321-MSU-","infraType":"water","geomType":"fitting","source":"order_55302/NIS_ZH_WVZ.dxf","_dedupKey":"2683212,1247077.5"}},{"type":"Feature","geometry":{"type":"Point","coordinates":[8.540322317145854,47.36928105473848]},"properties":{"layer":"LKZ1321-MSU-","infraType":"water","geomType":"fitting","source":"order_55302/NIS_ZH_WVZ.dxf","_dedupKey":"2683211.8,1247077.2"}},{"type":"Feature","geometry":{"type":"Point","coordinates":[8.540088414496704,47.36939022898893]},"properties":{"layer":"LKZ1321-MSU-","infraType":"water","geomType":"fitting","source":"order_55302/NIS_ZH_WVZ.dxf","_dedupKey":"2683193.9,1247089"}},{"type":"Feature","geometry":{"type":"Point","coordinates":[8.540132184041296,47.36939837496274]},"properties":{"layer":"LKZ1321-MSU-","infraType":"water","geomType":"fitting","source":"order_55302/NIS_ZH_WVZ.dxf","_dedupKey":"2683197.2,1247090"}},{"type":"Feature","geometry":{"type":"Point","coordinates":[8.540163396084749,47.36940241295969]},"properties":{"layer":"LKZ1321-MSU-","infraType":"water","geomType":"fitting","source":"order_55302/NIS_ZH_WVZ.dxf","_dedupKey":"2683199.6,1247090.5"}},{"type":"Feature","geometry":{"type":"Point","coordinates":[8.54017041978585,47.3694033534312]},"properties":{"layer":"LKZ1321-MSU-","infraType":"water","geomType":"fitting","source":"order_55302/NIS_ZH_WVZ.dxf","_dedupKey":"2683200.1,1247090.6"}},{"type":"Feature","geometry":{"type":"Point","coordinates":[8.540166209051389,47.36940526458195]},"properties":{"layer":"LKZ1321-MSU-","infraType":"water","geomType":"fitting","source":"order_55302/NIS_ZH_WVZ.dxf","_dedupKey":"2683199.8,1247090.8"}},{"type":"Feature","geometry":{"type":"Point","coordinates":[8.539084191062308,47.370087165970645]},"properties":{"layer":"LKZ1321-MSU-","infraType":"water","geomType":"fitting","source":"order_55302/NIS_ZH_WVZ.dxf","_dedupKey":"2683117,1247165.5"}},{"type":"Feature","geometry":{"type":"Point","coordinates":[8.539995743848134,47.37021950345488]},"properties":{"layer":"LKZ1321-MSU-","infraType":"water","geomType":"fitting","source":"order_55302/NIS_ZH_WVZ.dxf","_dedupKey":"2683185.6,1247181.1"}},{"type":"Feature","geometry":{"type":"Point","coordinates":[8.538247772778773,47.36912241425397]},"properties":{"layer":"LKZ1321-MSU-","infraType":"water","geomType":"fitting","source":"order_55302/NIS_ZH_WVZ.dxf","_dedupKey":"2683055.3,1247057.3"}},{"type":"Feature","geometry":{"type":"Point","coordinates":[8.539395532787205,47.369211219521226]},"properties":{"layer":"LKZ1323-MSU-","infraType":"water","geomType":"fitting","source":"order_55302/NIS_ZH_WVZ.dxf","_dedupKey":"2683141.9,1247068.4"}},{"type":"Feature","geometry":{"type":"Point","coordinates":[8.540201207422637,47.36927792818539]},"properties":{"layer":"LKZ1321-MSU-","infraType":"water","geomType":"fitting","source":"order_55302/NIS_ZH_WVZ.dxf","_dedupKey":"2683202.6,1247076.7"}},{"type":"Feature","geometry":{"type":"Point","coordinates":[8.540080725935297,47.36939171454967]},"properties":{"layer":"LKZ1321-MSU-","infraType":"water","geomType":"fitting","source":"order_55302/NIS_ZH_WVZ.dxf","_dedupKey":"2683193.3,1247089.2"}},{"type":"Feature","geometry":{"type":"Point","coordinates":[8.54019309661044,47.36927884209111]},"properties":{"layer":"LKZ1323-MSU-","infraType":"water","geomType":"fitting","source":"order_55302/NIS_ZH_WVZ.dxf","_dedupKey":"2683202,1247076.8"}},{"type":"Feature","geometry":{"type":"Point","coordinates":[8.540608777450895,47.36971856291752]},"properties":{"layer":"LKZ1323-MSU-","infraType":"water","geomType":"fitting","source":"order_55302/NIS_ZH_WVZ.dxf","_dedupKey":"2683232.7,1247126.1"}},{"type":"Feature","geometry":{"type":"Point","coordinates":[8.540575309055026,47.36966623358538]},"properties":{"layer":"LKZ1321-MSU-","infraType":"water","geomType":"fitting","source":"order_55302/NIS_ZH_WVZ.dxf","_dedupKey":"2683230.3,1247120.2"}},{"type":"Feature","geometry":{"type":"Point","coordinates":[8.540624365734013,47.36972131962546]},"properties":{"layer":"LKZ1323-MSU-","infraType":"water","geomType":"fitting","source":"order_55302/NIS_ZH_WVZ.dxf","_dedupKey":"2683233.9,1247126.4"}},{"type":"Feature","geometry":{"type":"Point","coordinates":[8.541763103118711,47.36911607619639]},"properties":{"layer":"LKZ1321-MSU-","infraType":"water","geomType":"fitting","source":"order_55302/NIS_ZH_WVZ.dxf","_dedupKey":"2683320.8,1247060.3"}},{"type":"Feature","geometry":{"type":"Point","coordinates":[8.541764501117003,47.369120929225154]},"properties":{"layer":"LKZ1321-MSU-","infraType":"water","geomType":"fitting","source":"order_55302/NIS_ZH_WVZ.dxf","_dedupKey":"2683320.9,1247060.9"}},{"type":"Feature","geometry":{"type":"Point","coordinates":[8.541729414429826,47.369152954278796]},"properties":{"layer":"LKZ1323-MSU-","infraType":"water","geomType":"fitting","source":"order_55302/NIS_ZH_WVZ.dxf","_dedupKey":"2683318.2,1247064.4"}},{"type":"Feature","geometry":{"type":"Point","coordinates":[8.54172046572955,47.36958750589324]},"properties":{"layer":"LKZ1321-MSU-","infraType":"water","geomType":"fitting","source":"order_55302/NIS_ZH_WVZ.dxf","_dedupKey":"2683316.9,1247112.7"}},{"type":"Feature","geometry":{"type":"Point","coordinates":[8.541727578396259,47.369844843387725]},"properties":{"layer":"LKZ1321-MSU-","infraType":"water","geomType":"fitting","source":"order_55302/NIS_ZH_WVZ.dxf","_dedupKey":"2683317,1247141.3"}},{"type":"Feature","geometry":{"type":"Point","coordinates":[8.541735793002884,47.369847022717686]},"properties":{"layer":"LKZ1321-MSU-","infraType":"water","geomType":"fitting","source":"order_55302/NIS_ZH_WVZ.dxf","_dedupKey":"2683317.6,1247141.6"}},{"type":"Feature","geometry":{"type":"Point","coordinates":[8.541148715904056,47.37017937721848]},"properties":{"layer":"LKZ1321-MSU-","infraType":"water","geomType":"fitting","source":"order_55302/NIS_ZH_WVZ.dxf","_dedupKey":"2683272.8,1247177.9"}},{"type":"Feature","geometry":{"type":"Point","coordinates":[8.541033217151622,47.369922021853846]},"properties":{"layer":"LKZ1323-MSU-","infraType":"water","geomType":"fitting","source":"order_55302/NIS_ZH_WVZ.dxf","_dedupKey":"2683264.4,1247149.2"}},{"type":"Feature","geometry":{"type":"Point","coordinates":[8.541026220892842,47.36992241245537]},"properties":{"layer":"LKZ1323-MSU-","infraType":"water","geomType":"fitting","source":"order_55302/NIS_ZH_WVZ.dxf","_dedupKey":"2683263.9,1247149.2"}},{"type":"Feature","geometry":{"type":"Point","coordinates":[8.541037869612087,47.369912658466845]},"properties":{"layer":"LKZ1321-MSU-","infraType":"water","geomType":"fitting","source":"order_55302/NIS_ZH_WVZ.dxf","_dedupKey":"2683264.8,1247148.1"}},{"type":"Feature","geometry":{"type":"Point","coordinates":[8.541033883562339,47.36992863592791]},"properties":{"layer":"LKZ1321-MSU-","infraType":"water","geomType":"fitting","source":"order_55302/NIS_ZH_WVZ.dxf","_dedupKey":"2683264.5,1247149.9"}},{"type":"Feature","geometry":{"type":"Point","coordinates":[8.541218863092219,47.370336734492604]},"properties":{"layer":"LKZ1321-MSU-","infraType":"water","geomType":"fitting","source":"order_55302/NIS_ZH_WVZ.dxf","_dedupKey":"2683277.8,1247195.5"}},{"type":"Feature","geometry":{"type":"Point","coordinates":[8.541219004364029,47.37031475798049]},"properties":{"layer":"LKZ1321-MSU-","infraType":"water","geomType":"fitting","source":"order_55302/NIS_ZH_WVZ.dxf","_dedupKey":"2683277.9,1247193"}},{"type":"Feature","geometry":{"type":"Point","coordinates":[8.5415343540797,47.36983830514298]},"properties":{"layer":"LKZ1321-MSU-","infraType":"water","geomType":"fitting","source":"order_55302/NIS_ZH_WVZ.dxf","_dedupKey":"2683302.4,1247140.4"}},{"type":"Feature","geometry":{"type":"Point","coordinates":[8.541098263753762,47.37025789176825]},"properties":{"layer":"LKZ1321-MSU-","infraType":"water","geomType":"fitting","source":"order_55302/NIS_ZH_WVZ.dxf","_dedupKey":"2683268.8,1247186.6"}},{"type":"Feature","geometry":{"type":"Point","coordinates":[8.540843145323676,47.36994308547853]},"properties":{"layer":"LKZ1323-MSU-","infraType":"water","geomType":"fitting","source":"order_55302/NIS_ZH_WVZ.dxf","_dedupKey":"2683250.1,1247151.3"}},{"type":"Feature","geometry":{"type":"Point","coordinates":[8.540290923087225,47.37010558025527]},"properties":{"layer":"LKZ1321-MSU-","infraType":"water","geomType":"fitting","source":"order_55302/NIS_ZH_WVZ.dxf","_dedupKey":"2683208.1,1247168.8"}},{"type":"Feature","geometry":{"type":"Point","coordinates":[8.540300571757891,47.37010090969168]},"properties":{"layer":"LKZ1321-MSU-","infraType":"water","geomType":"fitting","source":"order_55302/NIS_ZH_WVZ.dxf","_dedupKey":"2683208.8,1247168.3"}},{"type":"Feature","geometry":{"type":"Point","coordinates":[8.540384431650656,47.370080068588365]},"properties":{"layer":"LKZ1321-MSU-","infraType":"water","geomType":"fitting","source":"order_55302/NIS_ZH_WVZ.dxf","_dedupKey":"2683215.2,1247166.1"}},{"type":"Feature","geometry":{"type":"Point","coordinates":[8.540466051590819,47.37005976151549]},"properties":{"layer":"LKZ1321-MSU-","infraType":"water","geomType":"fitting","source":"order_55302/NIS_ZH_WVZ.dxf","_dedupKey":"2683221.4,1247163.9"}},{"type":"Feature","geometry":{"type":"Point","coordinates":[8.540600958976773,47.37002440982284]},"properties":{"layer":"LKZ1321-MSU-","infraType":"water","geomType":"fitting","source":"order_55302/NIS_ZH_WVZ.dxf","_dedupKey":"2683231.6,1247160.1"}},{"type":"Feature","geometry":{"type":"Point","coordinates":[8.540574593861914,47.37003067912203]},"properties":{"layer":"LKZ1321-MSU-","infraType":"water","geomType":"fitting","source":"order_55302/NIS_ZH_WVZ.dxf","_dedupKey":"2683229.6,1247160.8"}},{"type":"Feature","geometry":{"type":"Point","coordinates":[8.540589856153467,47.3700330341634]},"properties":{"layer":"LKZ1321-MSU-","infraType":"water","geomType":"fitting","source":"order_55302/NIS_ZH_WVZ.dxf","_dedupKey":"2683230.8,1247161"}},{"type":"Feature","geometry":{"type":"Point","coordinates":[8.539169297573398,47.36972520868675]},"properties":{"layer":"LKZ1321-MSU-","infraType":"water","geomType":"fitting","source":"order_55302/NIS_ZH_WVZ.dxf","_dedupKey":"2683124,1247125.3"}},{"type":"Feature","geometry":{"type":"Point","coordinates":[8.539866232761835,47.36936371602066]},"properties":{"layer":"LKZ1321-MSU-","infraType":"water","geomType":"fitting","source":"order_55302/NIS_ZH_WVZ.dxf","_dedupKey":"2683177.2,1247085.9"}},{"type":"Feature","geometry":{"type":"Point","coordinates":[8.541700314157305,47.37032018295745]},"properties":{"layer":"LKZ1321-MSU-","infraType":"water","geomType":"fitting","source":"order_55302/NIS_ZH_WVZ.dxf","_dedupKey":"2683314.2,1247194.1"}},{"type":"Feature","geometry":{"type":"Point","coordinates":[8.538083912665645,47.36913610863732]},"properties":{"layer":"LKZ1321-MSU-","infraType":"water","geomType":"fitting","source":"order_55302/NIS_ZH_WVZ.dxf","_dedupKey":"2683042.9,1247058.7"}},{"type":"Feature","geometry":{"type":"Point","coordinates":[8.539684804602592,47.370067931268295]},"properties":{"layer":"LKZ1321-MSU-","infraType":"water","geomType":"fitting","source":"order_55302/NIS_ZH_WVZ.dxf","_dedupKey":"2683162.4,1247164"}},{"type":"Feature","geometry":{"type":"Point","coordinates":[8.53770233366563,47.37007303222519]},"properties":{"layer":"LKZ1323-MSU-","infraType":"water","geomType":"fitting","source":"order_55302/NIS_ZH_WVZ.dxf","_dedupKey":"2683012.6,1247162.4"}},{"type":"Feature","geometry":{"type":"Point","coordinates":[8.53748393862499,47.369984924817516]},"properties":{"layer":"LKZ1323-MSU-","infraType":"water","geomType":"fitting","source":"order_55302/NIS_ZH_WVZ.dxf","_dedupKey":"2682996.3,1247152.4"}},{"type":"Feature","geometry":{"type":"Point","coordinates":[8.540413315827863,47.369734433088745]},"properties":{"layer":"LKZ1321-MSU-","infraType":"water","geomType":"fitting","source":"order_55302/NIS_ZH_WVZ.dxf","_dedupKey":"2683217.9,1247127.7"}},{"type":"Feature","geometry":{"type":"Point","coordinates":[8.539514004967879,47.36960980805356]},"properties":{"layer":"LKZ1321-MSU-","infraType":"water","geomType":"fitting","source":"order_55302/NIS_ZH_WVZ.dxf","_dedupKey":"2683150.2,1247112.9"}},{"type":"Feature","geometry":{"type":"Point","coordinates":[8.539723006574489,47.369646261069505]},"properties":{"layer":"LKZ1321-MSU-","infraType":"water","geomType":"fitting","source":"order_55302/NIS_ZH_WVZ.dxf","_dedupKey":"2683165.9,1247117.1"}},{"type":"Feature","geometry":{"type":"Point","coordinates":[8.540178766529783,47.369707319073505]},"properties":{"layer":"LKZ1321-MSU-","infraType":"water","geomType":"fitting","source":"order_55302/NIS_ZH_WVZ.dxf","_dedupKey":"2683200.2,1247124.4"}},{"type":"Feature","geometry":{"type":"Point","coordinates":[8.540149235538419,47.369703265047306]},"properties":{"layer":"LKZ1321-MSU-","infraType":"water","geomType":"fitting","source":"order_55302/NIS_ZH_WVZ.dxf","_dedupKey":"2683198,1247123.9"}},{"type":"Feature","geometry":{"type":"Point","coordinates":[8.540033401044278,47.369681863816375]},"properties":{"layer":"LKZ1321-MSU-","infraType":"water","geomType":"fitting","source":"order_55302/NIS_ZH_WVZ.dxf","_dedupKey":"2683189.3,1247121.4"}},{"type":"Feature","geometry":{"type":"Point","coordinates":[8.53952947130805,47.36954383409714]},"properties":{"layer":"LKZ1321-MSU-","infraType":"water","geomType":"fitting","source":"order_55302/NIS_ZH_WVZ.dxf","_dedupKey":"2683151.5,1247105.5"}},{"type":"Feature","geometry":{"type":"Point","coordinates":[8.539419912594845,47.369215259866074]},"properties":{"layer":"LKZ1321-MSU-","infraType":"water","geomType":"fitting","source":"order_55302/NIS_ZH_WVZ.dxf","_dedupKey":"2683143.7,1247068.9"}},{"type":"Feature","geometry":{"type":"Point","coordinates":[8.538329376434811,47.369720714488935]},"properties":{"layer":"LKZ1321-MSU-","infraType":"water","geomType":"fitting","source":"order_55302/NIS_ZH_WVZ.dxf","_dedupKey":"2683060.5,1247123.9"}},{"type":"Feature","geometry":{"type":"Point","coordinates":[8.538225344556617,47.36966422592434]},"properties":{"layer":"LKZ1321-MSU-","infraType":"water","geomType":"fitting","source":"order_55302/NIS_ZH_WVZ.dxf","_dedupKey":"2683052.8,1247117.5"}},{"type":"Feature","geometry":{"type":"Point","coordinates":[8.540617098462464,47.369714363745985]},"properties":{"layer":"LKZ1321-MSU-","infraType":"water","geomType":"fitting","source":"order_55302/NIS_ZH_WVZ.dxf","_dedupKey":"2683233.3,1247125.6"}},{"type":"Feature","geometry":{"type":"Point","coordinates":[8.541765397538772,47.36911178158176]},"properties":{"layer":"LKZ1321-MSU-","infraType":"water","geomType":"fitting","source":"order_55302/NIS_ZH_WVZ.dxf","_dedupKey":"2683321,1247059.9"}},{"type":"Feature","geometry":{"type":"Point","coordinates":[8.540850363201505,47.3699508513792]},"properties":{"layer":"LKZ1321-MSU-","infraType":"water","geomType":"fitting","source":"order_55302/NIS_ZH_WVZ.dxf","_dedupKey":"2683250.6,1247152.2"}},{"type":"Feature","geometry":{"type":"Point","coordinates":[8.54102429010705,47.36990587979712]},"properties":{"layer":"LKZ1321-MSU-","infraType":"water","geomType":"fitting","source":"order_55302/NIS_ZH_WVZ.dxf","_dedupKey":"2683263.8,1247147.4"}},{"type":"Feature","geometry":{"type":"Point","coordinates":[8.537735073715844,47.37004585216439]},"properties":{"layer":"LKZ1321-MSU-","infraType":"water","geomType":"fitting","source":"order_55302/NIS_ZH_WVZ.dxf","_dedupKey":"2683015.2,1247159.4"}},{"type":"Feature","geometry":{"type":"Point","coordinates":[8.537695055181285,47.370079002302845]},"properties":{"layer":"LKZ1321-MSU-","infraType":"water","geomType":"fitting","source":"order_55302/NIS_ZH_WVZ.dxf","_dedupKey":"2683012.1,1247163.1"}},{"type":"Feature","geometry":{"type":"LineString","coordinates":[[8.537216479188542,47.3686050312309],[8.537222292960864,47.368608304138554]]},"properties":{"layer":"LKZ1314-MLU1","infraType":"water","geomType":"pipe","source":"order_55333/NIS_ZH_WVZ.dxf","_dedupKey":"2682978.2,1246998.7|2682978.7,1246999.1"}},{"type":"Feature","geometry":{"type":"LineString","coordinates":[[8.537222292960864,47.368608304138554],[8.537223376156184,47.36860882454948]]},"properties":{"layer":"LKZ1314-MLU1","infraType":"water","geomType":"pipe","source":"order_55333/NIS_ZH_WVZ.dxf","_dedupKey":"2682978.7,1246999.1|2682978.7,1246999.1"}},{"type":"Feature","geometry":{"type":"LineString","coordinates":[[8.537223376156184,47.36860882454948],[8.537226545944915,47.36861036855098]]},"properties":{"layer":"LKZ1314-MLU1","infraType":"water","geomType":"pipe","source":"order_55333/NIS_ZH_WVZ.dxf","_dedupKey":"2682978.7,1246999.1|2682979,1246999.3"}},{"type":"Feature","geometry":{"type":"LineString","coordinates":[[8.53790311597778,47.36748673281773],[8.537904583697422,47.36748471292811],[8.537932227854265,47.36744741674799],[8.537935510200468,47.36744222228575]]},"properties":{"layer":"LKZ1314-MLU1","infraType":"water","geomType":"pipe","source":"order_55333/NIS_ZH_WVZ.dxf","_dedupKey":"2683031.8,1246875.1|2683034.3,1246870.2"}},{"type":"Feature","geometry":{"type":"LineString","coordinates":[[8.537932227854265,47.36744741674799],[8.537925388988686,47.36744515209509],[8.53792351044801,47.36744458528992]]},"properties":{"layer":"LKZ1315-MLU1","infraType":"water","geomType":"pipe","source":"order_55333/NIS_ZH_WVZ.dxf","_dedupKey":"2683033.4,1246870.5|2683034.1,1246870.8"}},{"type":"Feature","geometry":{"type":"LineString","coordinates":[[8.537944240089702,47.36743153390226],[8.5379673234821,47.367441451729746],[8.537989620237623,47.367451745841784],[8.538006706546312,47.36744757136227],[8.538037450868028,47.3674527477662]]},"properties":{"layer":"LKZ1317-MLU1","infraType":"water","geomType":"pipe","source":"order_55333/NIS_ZH_WVZ.dxf","_dedupKey":"2683035,1246869|2683042,1246871.5"}},{"type":"Feature","geometry":{"type":"LineString","coordinates":[[8.538037450868028,47.3674527477662],[8.538048501556549,47.36745444160539]]},"properties":{"layer":"LKZ1317-MLU1","infraType":"water","geomType":"pipe","source":"order_55333/NIS_ZH_WVZ.dxf","_dedupKey":"2683042,1246871.5|2683042.9,1246871.7"}},{"type":"Feature","geometry":{"type":"LineString","coordinates":[[8.53790311597778,47.36748673281773],[8.53790015611126,47.367485735541365],[8.537714507064086,47.36742361876205],[8.537592812635202,47.36738292230436]]},"properties":{"layer":"LKZ1314-MLU1","infraType":"water","geomType":"pipe","source":"order_55333/NIS_ZH_WVZ.dxf","_dedupKey":"2683008.6,1246863.3|2683031.8,1246875.1"}},{"type":"Feature","geometry":{"type":"LineString","coordinates":[[8.537216479188542,47.3686050312309],[8.537214385575968,47.3686004546214],[8.537200368298349,47.36859423737028],[8.537197588893621,47.3685930044853]]},"properties":{"layer":"LKZ1314-MLU1","infraType":"water","geomType":"pipe","source":"order_55333/NIS_ZH_WVZ.dxf","_dedupKey":"2682976.8,1246997.4|2682978.2,1246998.7"}},{"type":"Feature","geometry":{"type":"LineString","coordinates":[[8.537197588893621,47.3685930044853],[8.537194835593901,47.368591753361635],[8.537180895523521,47.36858542743203]]},"properties":{"layer":"LKZ1314-MLU1","infraType":"water","geomType":"pipe","source":"order_55333/NIS_ZH_WVZ.dxf","_dedupKey":"2682975.6,1246996.5|2682976.8,1246997.4"}},{"type":"Feature","geometry":{"type":"LineString","coordinates":[[8.537180895523521,47.36858542743203],[8.537174195566639,47.36858219893171],[8.537159356709736,47.36856181312852],[8.537144934426252,47.36855457427539],[8.537134158223589,47.36854950455525],[8.537129164360481,47.3685410426368],[8.537122611590188,47.36853724603902],[8.537114905366094,47.36852823422709],[8.537111703179715,47.36852640268578]]},"properties":{"layer":"LKZ1314-MLU1","infraType":"water","geomType":"pipe","source":"order_55333/NIS_ZH_WVZ.dxf","_dedupKey":"2682970.4,1246989.9|2682975.6,1246996.5"}},{"type":"Feature","geometry":{"type":"LineString","coordinates":[[8.537269785198342,47.36849261548323],[8.537253643201359,47.36848480831687],[8.53725221966161,47.36848190742784]]},"properties":{"layer":"LKZ1314-MLU1","infraType":"water","geomType":"pipe","source":"order_55333/NIS_ZH_WVZ.dxf","_dedupKey":"2682981.1,1246985.1|2682982.4,1246986.3"}},{"type":"Feature","geometry":{"type":"LineString","coordinates":[[8.53725221966161,47.36848190742784],[8.53724984130736,47.36847764835768],[8.537208632387634,47.36845684774837]]},"properties":{"layer":"LKZ1314-MLU1","infraType":"water","geomType":"pipe","source":"order_55333/NIS_ZH_WVZ.dxf","_dedupKey":"2682977.9,1246982.2|2682981.1,1246985.1"}},{"type":"Feature","geometry":{"type":"LineString","coordinates":[[8.537208632387634,47.36845684774837],[8.53719915794549,47.36845198153602],[8.537192769515034,47.36844909188953]]},"properties":{"layer":"LKZ1314-MLU1","infraType":"water","geomType":"pipe","source":"order_55333/NIS_ZH_WVZ.dxf","_dedupKey":"2682976.7,1246981.4|2682977.9,1246982.2"}},{"type":"Feature","geometry":{"type":"LineString","coordinates":[[8.537192769515034,47.36844909188953],[8.537180578346618,47.36844282128644]]},"properties":{"layer":"LKZ1314-MLU1","infraType":"water","geomType":"pipe","source":"order_55333/NIS_ZH_WVZ.dxf","_dedupKey":"2682975.8,1246980.6|2682976.7,1246981.4"}},{"type":"Feature","geometry":{"type":"LineString","coordinates":[[8.537180578346618,47.36844282128644],[8.537152729955128,47.36843042098463],[8.536989078898186,47.36835006751635],[8.536912005799106,47.36831273294916],[8.536893326305556,47.36830257514174],[8.536725249970981,47.36821110939303]]},"properties":{"layer":"LKZ1314-MLU1","infraType":"water","geomType":"pipe","source":"order_55333/NIS_ZH_WVZ.dxf","_dedupKey":"2682941.7,1246954.4|2682975.8,1246980.6"}},{"type":"Feature","geometry":{"type":"LineString","coordinates":[[8.537269785198342,47.36849261548323],[8.537263521476659,47.36849898966257],[8.537254845495601,47.36850845413451]]},"properties":{"layer":"LKZ1314-MLU1","infraType":"water","geomType":"pipe","source":"order_55333/NIS_ZH_WVZ.dxf","_dedupKey":"2682981.3,1246988|2682982.4,1246986.3"}},{"type":"Feature","geometry":{"type":"LineString","coordinates":[[8.537254845495601,47.36850845413451],[8.537210050692092,47.36855650955375]]},"properties":{"layer":"LKZ1314-MLU1","infraType":"water","geomType":"pipe","source":"order_55333/NIS_ZH_WVZ.dxf","_dedupKey":"2682977.8,1246993.3|2682981.3,1246988"}},{"type":"Feature","geometry":{"type":"LineString","coordinates":[[8.537210050692092,47.36855650955375],[8.537203520268067,47.36856343497073],[8.53719487333322,47.368568527516956],[8.537180895523521,47.36858542743203]]},"properties":{"layer":"LKZ1314-MLU1","infraType":"water","geomType":"pipe","source":"order_55333/NIS_ZH_WVZ.dxf","_dedupKey":"2682975.6,1246996.5|2682977.8,1246993.3"}},{"type":"Feature","geometry":{"type":"LineString","coordinates":[[8.537224505131196,47.36839055540564],[8.537231059609178,47.36839250797493],[8.537235296266353,47.3683937809688],[8.537319142564227,47.36843274198063]]},"properties":{"layer":"LKZ1310-MLU1","infraType":"water","geomType":"pipe","source":"order_55333/NIS_ZH_WVZ.dxf","_dedupKey":"2682979.2,1246974.9|2682986.3,1246979.7"}},{"type":"Feature","geometry":{"type":"LineString","coordinates":[[8.537233860928314,47.36837617311518],[8.537246655327339,47.368380234162025],[8.537327616673043,47.36839806600732],[8.537340174303342,47.3684066988344],[8.537336720566868,47.36841900107911]]},"properties":{"layer":"LKZ1317-MLU1","infraType":"water","geomType":"pipe","source":"order_55333/NIS_ZH_WVZ.dxf","_dedupKey":"2682979.9,1246973.3|2682987.6,1246978.2"}},{"type":"Feature","geometry":{"type":"LineString","coordinates":[[8.537197588893621,47.3685930044853],[8.537195747122821,47.368594866009765],[8.537189845698064,47.36860083195683],[8.537162249561222,47.36862380719511]]},"properties":{"layer":"LKZ1314-MLU1","infraType":"water","geomType":"pipe","source":"order_55333/NIS_ZH_WVZ.dxf","_dedupKey":"2682974.1,1247000.7|2682976.8,1246997.4"}},{"type":"Feature","geometry":{"type":"LineString","coordinates":[[8.53727981341564,47.368497368480334],[8.537269785198342,47.36849261548323]]},"properties":{"layer":"LKZ1314-MLU1","infraType":"water","geomType":"pipe","source":"order_55333/NIS_ZH_WVZ.dxf","_dedupKey":"2682982.4,1246986.3|2682983.2,1246986.8"}},{"type":"Feature","geometry":{"type":"LineString","coordinates":[[8.53720967163914,47.36762771846885],[8.537206352140261,47.36762661665366],[8.53705490059396,47.3675759661832]]},"properties":{"layer":"LKZ1315-MLU1","infraType":"water","geomType":"pipe","source":"order_55333/NIS_ZH_WVZ.dxf","_dedupKey":"2682967.6,1246884.1|2682979.2,1246890.1"}},{"type":"Feature","geometry":{"type":"LineString","coordinates":[[8.537268160321462,47.3675477528822],[8.537271720130816,47.367548951356426],[8.537278239984076,47.36755115611632],[8.537287908358145,47.367554518286184],[8.537310298929665,47.36756230198729]]},"properties":{"layer":"LKZ1315-MLU1","infraType":"water","geomType":"pipe","source":"order_55333/NIS_ZH_WVZ.dxf","_dedupKey":"2682983.8,1246881.2|2682986.9,1246882.9"}},{"type":"Feature","geometry":{"type":"LineString","coordinates":[[8.537426447211574,47.367353184045875],[8.537415584613262,47.367367679640516],[8.537410226826973,47.36737367641121],[8.537406719920376,47.36737761367256],[8.537404416479044,47.36738019920623],[8.537399417456113,47.36738111929481],[8.537386662601385,47.36738346244131],[8.537379104780484,47.36739256547904],[8.537358510793455,47.36742376769987],[8.537354088068609,47.36743080800568],[8.537351731409965,47.36743402370543],[8.537328818789991,47.36746514903082],[8.537268160321462,47.3675477528822],[8.53720967163914,47.36762771846885],[8.536956515019067,47.367962272270795],[8.536864678751165,47.36807785176452],[8.536839667637155,47.36810932975615],[8.536820154642388,47.36811333823479],[8.536797266328039,47.36811803544946],[8.536793469073535,47.368118809156904],[8.536789827944427,47.36812330537348]]},"properties":{"layer":"LKZ1314-MLU1","infraType":"water","geomType":"pipe","source":"order_55333/NIS_ZH_WVZ.dxf","_dedupKey":"2682946.8,1246944.7|2682996,1246859.8"}},{"type":"Feature","geometry":{"type":"LineString","coordinates":[[8.537162249561222,47.36862380719511],[8.537153336982843,47.368631429902635],[8.537127650181437,47.36865325358288],[8.53708223843437,47.368672665254195],[8.537043533145866,47.36868791133808],[8.537027514699894,47.368695097884824],[8.536755987710192,47.368761644327535],[8.536573669868368,47.36878298703486]]},"properties":{"layer":"LKZ1314-MLU1","infraType":"water","geomType":"pipe","source":"order_55333/NIS_ZH_WVZ.dxf","_dedupKey":"2682929.4,1247017.8|2682974.1,1247000.7"}},{"type":"Feature","geometry":{"type":"LineString","coordinates":[[8.53720768721912,47.36740806663516],[8.537217844330806,47.367424224269584],[8.537325472823788,47.36746404747085],[8.537328818789991,47.36746514903082]]},"properties":{"layer":"LKZ1315-MLU1","infraType":"water","geomType":"pipe","source":"order_55333/NIS_ZH_WVZ.dxf","_dedupKey":"2682979.4,1246865.6|2682988.5,1246872.1"}},{"type":"Feature","geometry":{"type":"LineString","coordinates":[[8.537357158298612,47.36945878121931],[8.537354900023411,47.36945713859876]]},"properties":{"layer":"LKZ1315-MLU1","infraType":"water","geomType":"pipe","source":"order_55333/NIS_ZH_WVZ.dxf","_dedupKey":"2682987.4,1247093.6|2682987.5,1247093.8"}},{"type":"Feature","geometry":{"type":"LineString","coordinates":[[8.537354900023411,47.36945713859876],[8.53735172784798,47.3694548390307]]},"properties":{"layer":"LKZ1315-MLU1","infraType":"water","geomType":"pipe","source":"order_55333/NIS_ZH_WVZ.dxf","_dedupKey":"2682987.1,1247093.3|2682987.4,1247093.6"}},{"type":"Feature","geometry":{"type":"LineString","coordinates":[[8.537312299656957,47.36942796778072],[8.537257429774916,47.36938680618091]]},"properties":{"layer":"LKZ1315-MLU1","infraType":"water","geomType":"pipe","source":"order_55333/NIS_ZH_WVZ.dxf","_dedupKey":"2682980.1,1247085.7|2682984.2,1247090.3"}},{"type":"Feature","geometry":{"type":"LineString","coordinates":[[8.537257429774916,47.36938680618091],[8.537250198019192,47.369381549839076]]},"properties":{"layer":"LKZ1315-MLU1","infraType":"water","geomType":"pipe","source":"order_55333/NIS_ZH_WVZ.dxf","_dedupKey":"2682979.6,1247085.1|2682980.1,1247085.7"}},{"type":"Feature","geometry":{"type":"LineString","coordinates":[[8.53735172784798,47.3694548390307],[8.537350827185618,47.36945418195729]]},"properties":{"layer":"LKZ1315-MLU1","infraType":"water","geomType":"pipe","source":"order_55333/NIS_ZH_WVZ.dxf","_dedupKey":"2682987.1,1247093.3|2682987.1,1247093.3"}},{"type":"Feature","geometry":{"type":"LineString","coordinates":[[8.537350827185618,47.36945418195729],[8.537321229115944,47.369432722231224],[8.537317369710577,47.36943176947698],[8.537312299656957,47.36942796778072]]},"properties":{"layer":"LKZ1315-MLU1","infraType":"water","geomType":"pipe","source":"order_55333/NIS_ZH_WVZ.dxf","_dedupKey":"2682984.2,1247090.3|2682987.1,1247093.3"}},{"type":"Feature","geometry":{"type":"LineString","coordinates":[[8.53732839136198,47.36735061776697],[8.537361275183827,47.367361962665086],[8.537398270454164,47.36737493254375],[8.537406719920376,47.36737761367256],[8.537426524274377,47.36738390177365],[8.537498682306577,47.367407007448264],[8.537571946083341,47.367431083029096],[8.537644184038296,47.36745420584342],[8.537681919145847,47.367466448979464],[8.537716375224777,47.367477625898175],[8.537787582078174,47.36750082140194]]},"properties":{"layer":"LKZ1313-MLU1","infraType":"water","geomType":"pipe","source":"order_55333/NIS_ZH_WVZ.dxf","_dedupKey":"2682988.6,1246859.4|2683023.1,1246876.6"}},{"type":"Feature","geometry":{"type":"LineString","coordinates":[[8.537706378637836,47.36743394159783],[8.537686423036305,47.367460136496085]]},"properties":{"layer":"LKZ1315-MLU1","infraType":"water","geomType":"pipe","source":"order_55333/NIS_ZH_WVZ.dxf","_dedupKey":"2683015.5,1246871.9|2683017.1,1246869"}},{"type":"Feature","geometry":{"type":"LineString","coordinates":[[8.537686423036305,47.367460136496085],[8.537681919145847,47.367466448979464],[8.537678135602631,47.367471738155125],[8.537677389150149,47.367472779701345],[8.537674212896713,47.36747605717789],[8.537673143850132,47.36747750657595]]},"properties":{"layer":"LKZ1315-MLU1","infraType":"water","geomType":"pipe","source":"order_55333/NIS_ZH_WVZ.dxf","_dedupKey":"2683014.5,1246873.9|2683015.5,1246871.9"}},{"type":"Feature","geometry":{"type":"LineString","coordinates":[[8.536214511160704,47.36698566087678],[8.536285197021439,47.36700933899294],[8.536356926202473,47.36703352886906],[8.536427340316258,47.367057506322006],[8.536498569002623,47.367080531497926],[8.536570469623102,47.367104035981036],[8.536713057101936,47.367151245252465],[8.53674562842828,47.367162215498794],[8.53678415913673,47.36717517996873],[8.536926834840012,47.36722215426569],[8.53707202185774,47.36727019291763],[8.537140141311516,47.36729265359195],[8.537205876411932,47.36731505594964],[8.537212780676198,47.36731728404211],[8.537283546211459,47.36734157246562],[8.537399417456113,47.36738111929481],[8.537426085192225,47.36739022055111],[8.537497599786775,47.3674135842123],[8.537569374744386,47.36743672946844],[8.537640948420856,47.36745974166837],[8.537678135602631,47.367471738155125],[8.537713043427969,47.36748299173245],[8.537784340909898,47.36750608742908]]},"properties":{"layer":"LKZ1319-MLU1","infraType":"water","geomType":"pipe","source":"order_55333/NIS_ZH_WVZ.dxf","_dedupKey":"2682905.1,1246817.6|2683022.8,1246877.1"}},{"type":"Feature","geometry":{"type":"LineString","coordinates":[[8.537310298929665,47.36756230198729],[8.537333863306777,47.36757050628533]]},"properties":{"layer":"LKZ1315-MLU1","infraType":"water","geomType":"pipe","source":"order_55333/NIS_ZH_WVZ.dxf","_dedupKey":"2682986.9,1246882.9|2682988.7,1246883.8"}},{"type":"Feature","geometry":{"type":"LineString","coordinates":[[8.53717816891477,47.36810295331158],[8.5371913695314,47.36810231502986],[8.537045955283322,47.368054287673885],[8.53705915588949,47.36805364940732]]},"properties":{"layer":"LKZ1315-MLU1","infraType":"water","geomType":"pipe","source":"order_55333/NIS_ZH_WVZ.dxf","_dedupKey":"2682967.2,1246937.3|2682976.1,1246942.9"}},{"type":"Feature","geometry":{"type":"Point","coordinates":[8.538048501556549,47.36745444160539]},"properties":{"layer":"LKZ1322-MSU-","infraType":"water","geomType":"fitting","source":"order_55333/NIS_ZH_WVZ.dxf","_dedupKey":"2683042.9,1246871.7"}},{"type":"Feature","geometry":{"type":"Point","coordinates":[8.537336720566868,47.36841900107911]},"properties":{"layer":"LKZ1322-MSU-","infraType":"water","geomType":"fitting","source":"order_55333/NIS_ZH_WVZ.dxf","_dedupKey":"2682987.6,1246978.2"}},{"type":"Feature","geometry":{"type":"Point","coordinates":[8.537319142564227,47.36843274198063]},"properties":{"layer":"LKZ1325-MSU-","infraType":"water","geomType":"fitting","source":"order_55333/NIS_ZH_WVZ.dxf","_dedupKey":"2682986.3,1246979.7"}},{"type":"Feature","geometry":{"type":"Point","coordinates":[8.53727981341564,47.368497368480334]},"properties":{"layer":"LKZ1321-MSU-","infraType":"water","geomType":"fitting","source":"order_55333/NIS_ZH_WVZ.dxf","_dedupKey":"2682983.2,1246986.8"}},{"type":"Feature","geometry":{"type":"Point","coordinates":[8.53719915794549,47.36845198153602]},"properties":{"layer":"LKZ1321-MSU-","infraType":"water","geomType":"fitting","source":"order_55333/NIS_ZH_WVZ.dxf","_dedupKey":"2682977.2,1246981.7"}},{"type":"Feature","geometry":{"type":"Point","coordinates":[8.537152729955128,47.36843042098463]},"properties":{"layer":"LKZ1321-MSU-","infraType":"water","geomType":"fitting","source":"order_55333/NIS_ZH_WVZ.dxf","_dedupKey":"2682973.7,1246979.2"}},{"type":"Feature","geometry":{"type":"Point","coordinates":[8.537263521476659,47.36849898966257]},"properties":{"layer":"LKZ1321-MSU-","infraType":"water","geomType":"fitting","source":"order_55333/NIS_ZH_WVZ.dxf","_dedupKey":"2682982,1246987"}},{"type":"Feature","geometry":{"type":"Point","coordinates":[8.537235296266353,47.3683937809688]},"properties":{"layer":"LKZ1321-MSU-","infraType":"water","geomType":"fitting","source":"order_55333/NIS_ZH_WVZ.dxf","_dedupKey":"2682980,1246975.3"}},{"type":"Feature","geometry":{"type":"Point","coordinates":[8.537197426717606,47.36841937258037]},"properties":{"layer":"LKZ1321-MSU-","infraType":"water","geomType":"fitting","source":"order_55333/NIS_ZH_WVZ.dxf","_dedupKey":"2682977.1,1246978.1"}},{"type":"Feature","geometry":{"type":"Point","coordinates":[8.537354900023411,47.36945713859876]},"properties":{"layer":"LKZ1321-MSU-","infraType":"water","geomType":"fitting","source":"order_55333/NIS_ZH_WVZ.dxf","_dedupKey":"2682987.4,1247093.6"}},{"type":"Feature","geometry":{"type":"Point","coordinates":[8.53790311597778,47.36748673281773]},"properties":{"layer":"LKZ1323-MSU-","infraType":"water","geomType":"fitting","source":"order_55333/NIS_ZH_WVZ.dxf","_dedupKey":"2683031.8,1246875.1"}},{"type":"Feature","geometry":{"type":"Point","coordinates":[8.537206352140261,47.36762661665366]},"properties":{"layer":"LKZ1321-MSU-","infraType":"water","geomType":"fitting","source":"order_55333/NIS_ZH_WVZ.dxf","_dedupKey":"2682979,1246889.9"}},{"type":"Feature","geometry":{"type":"Point","coordinates":[8.537271720130816,47.367548951356426]},"properties":{"layer":"LKZ1321-MSU-","infraType":"water","geomType":"fitting","source":"order_55333/NIS_ZH_WVZ.dxf","_dedupKey":"2682984,1246881.4"}},{"type":"Feature","geometry":{"type":"Point","coordinates":[8.537325472823788,47.36746404747085]},"properties":{"layer":"LKZ1321-MSU-","infraType":"water","geomType":"fitting","source":"order_55333/NIS_ZH_WVZ.dxf","_dedupKey":"2682988.2,1246872"}},{"type":"Feature","geometry":{"type":"Point","coordinates":[8.537197588893621,47.3685930044853]},"properties":{"layer":"LKZ1321-MSU-","infraType":"water","geomType":"fitting","source":"order_55333/NIS_ZH_WVZ.dxf","_dedupKey":"2682976.8,1246997.4"}},{"type":"Feature","geometry":{"type":"LineString","coordinates":[[8.539690568293539,47.37046235874354],[8.539671938249874,47.3704809404198]]},"properties":{"layer":"LKZ1315-MLU1","infraType":"water","geomType":"pipe","source":"order_55334/NIS_ZH_WVZ.dxf","_dedupKey":"2683160.8,1247209.9|2683162.2,1247207.8"}},{"type":"Feature","geometry":{"type":"LineString","coordinates":[[8.539727761221894,47.37042515104578],[8.539690568293539,47.37046235874354],[8.539657734939924,47.37044716409079],[8.53963910507588,47.37046575475521]]},"properties":{"layer":"LKZ1315-MLU1","infraType":"water","geomType":"pipe","source":"order_55334/NIS_ZH_WVZ.dxf","_dedupKey":"2683158.3,1247208.1|2683165.1,1247203.7"}},{"type":"Feature","geometry":{"type":"LineString","coordinates":[[8.539833160778604,47.3708040744411],[8.539794979062524,47.37079663066722],[8.539776605885466,47.37083982963785]]},"properties":{"layer":"LKZ1315-MLU1","infraType":"water","geomType":"pipe","source":"order_55334/NIS_ZH_WVZ.dxf","_dedupKey":"2683168.1,1247249.9|2683172.4,1247246"}},{"type":"Feature","geometry":{"type":"LineString","coordinates":[[8.539776605885466,47.37083982963785],[8.53976741275948,47.370861433681654]]},"properties":{"layer":"LKZ1315-MLU1","infraType":"water","geomType":"pipe","source":"order_55334/NIS_ZH_WVZ.dxf","_dedupKey":"2683167.4,1247252.3|2683168.1,1247249.9"}},{"type":"Feature","geometry":{"type":"LineString","coordinates":[[8.53976741275948,47.370861433681654],[8.539758219626037,47.370883037724575],[8.539713683001462,47.370874350209874],[8.539788870853602,47.370696437937205],[8.539853378113625,47.37054377787818]]},"properties":{"layer":"LKZ1315-MLU1","infraType":"water","geomType":"pipe","source":"order_55334/NIS_ZH_WVZ.dxf","_dedupKey":"2683167.4,1247252.3|2683174.4,1247217"}},{"type":"Feature","geometry":{"type":"LineString","coordinates":[[8.539788870853602,47.370696437937205],[8.539820684414341,47.37070263812911]]},"properties":{"layer":"LKZ1315-MLU1","infraType":"water","geomType":"pipe","source":"order_55334/NIS_ZH_WVZ.dxf","_dedupKey":"2683169.3,1247233.9|2683171.6,1247234.7"}},{"type":"Feature","geometry":{"type":"LineString","coordinates":[[8.540014097250841,47.370626521018906],[8.540019292325228,47.370628027642]]},"properties":{"layer":"LKZ1315-MLU1","infraType":"water","geomType":"pipe","source":"order_55334/NIS_ZH_WVZ.dxf","_dedupKey":"2683186.4,1247226.4|2683186.8,1247226.6"}},{"type":"Feature","geometry":{"type":"LineString","coordinates":[[8.53883879248229,47.37075718683751],[8.538835577302494,47.37075665976396],[8.538816804932146,47.37075360931695],[8.538704375389266,47.37069132733411]]},"properties":{"layer":"LKZ1315-MLU1","infraType":"water","geomType":"pipe","source":"order_55334/NIS_ZH_WVZ.dxf","_dedupKey":"2683087.4,1247232.2|2683097.4,1247239.7"}},{"type":"Feature","geometry":{"type":"LineString","coordinates":[[8.538926182313077,47.370574355506726],[8.53889360305345,47.3706587075479],[8.538892578087474,47.370661011074944]]},"properties":{"layer":"LKZ1314-MLU1","infraType":"water","geomType":"pipe","source":"order_55334/NIS_ZH_WVZ.dxf","_dedupKey":"2683101.6,1247229.1|2683104.3,1247219.5"}},{"type":"Feature","geometry":{"type":"LineString","coordinates":[[8.53889360305345,47.3706587075479],[8.538888511627958,47.37065773060093],[8.538846612730142,47.37065108651213]]},"properties":{"layer":"LKZ1317-MLU1","infraType":"water","geomType":"pipe","source":"order_55334/NIS_ZH_WVZ.dxf","_dedupKey":"2683098.2,1247227.9|2683101.7,1247228.8"}},{"type":"Feature","geometry":{"type":"LineString","coordinates":[[8.538892578087474,47.370661011074944],[8.53886088682714,47.370737070111524],[8.538842478321653,47.37074715811688],[8.538839594814224,47.37075500236873],[8.53883879248229,47.37075718683751]]},"properties":{"layer":"LKZ1314-MLU1","infraType":"water","geomType":"pipe","source":"order_55334/NIS_ZH_WVZ.dxf","_dedupKey":"2683097.4,1247239.7|2683101.6,1247229.1"}},{"type":"Feature","geometry":{"type":"LineString","coordinates":[[8.53883879248229,47.37075718683751],[8.538837989964684,47.37075936231293],[8.53873706826293,47.37103463066603],[8.538736265922587,47.37103681513395]]},"properties":{"layer":"LKZ1314-MLU1","infraType":"water","geomType":"pipe","source":"order_55334/NIS_ZH_WVZ.dxf","_dedupKey":"2683089.2,1247270.7|2683097.4,1247239.7"}},{"type":"Feature","geometry":{"type":"LineString","coordinates":[[8.540031462881405,47.37047561466189],[8.540032874445782,47.37047408102075]]},"properties":{"layer":"LKZ1317-MLU1","infraType":"water","geomType":"pipe","source":"order_55334/NIS_ZH_WVZ.dxf","_dedupKey":"2683187.9,1247209.7|2683188,1247209.5"}},{"type":"Feature","geometry":{"type":"LineString","coordinates":[[8.540032874445782,47.37047408102075],[8.54003760587354,47.37046916952522]]},"properties":{"layer":"LKZ1317-MLU1","infraType":"water","geomType":"pipe","source":"order_55334/NIS_ZH_WVZ.dxf","_dedupKey":"2683188,1247209.5|2683188.4,1247208.9"}},{"type":"Feature","geometry":{"type":"LineString","coordinates":[[8.540056784322264,47.37048802937967],[8.540054415241345,47.370490642575106]]},"properties":{"layer":"LKZ1314-MLU1","infraType":"water","geomType":"pipe","source":"order_55334/NIS_ZH_WVZ.dxf","_dedupKey":"2683189.6,1247211.3|2683189.8,1247211.1"}},{"type":"Feature","geometry":{"type":"LineString","coordinates":[[8.540056784322264,47.37048802937967],[8.540061434899345,47.37049009889268],[8.540066565584224,47.37049233473499],[8.540087067665073,47.370503482111545],[8.540164961449435,47.37053093008025],[8.540246431003515,47.37056033182141],[8.540288113474334,47.37057635941179],[8.540375904226297,47.370610495187364],[8.5404056891239,47.37061463668886],[8.540453659616004,47.370619702113274],[8.540472744957885,47.37062187677914],[8.5404926898202,47.37062463692244],[8.54050309552202,47.370632885156304],[8.540514913878457,47.370633887809674],[8.540525538559548,47.370634793907705],[8.540534475473077,47.37063540127587],[8.540624579869244,47.37063733013393],[8.540731311213554,47.370638443625836],[8.540766192514806,47.37063931614084],[8.54081344952585,47.3706406102599],[8.540905617810512,47.370642456237945],[8.540932101433677,47.37064254530948],[8.540948375554885,47.37064259688421],[8.540966347810697,47.37064088719013],[8.54098256221578,47.37064189281621],[8.54099563641605,47.37065240030735],[8.541007467280425,47.37065336681038]]},"properties":{"layer":"LKZ1314-MLU1","infraType":"water","geomType":"pipe","source":"order_55334/NIS_ZH_WVZ.dxf","_dedupKey":"2683189.8,1247211.1|2683261.4,1247230.4"}},{"type":"Feature","geometry":{"type":"LineString","coordinates":[[8.536671885249273,47.3699643489133],[8.53667652446356,47.36996780392224]]},"properties":{"layer":"LKZ1315-MLU1","infraType":"water","geomType":"pipe","source":"order_55334/NIS_ZH_WVZ.dxf","_dedupKey":"2682935,1247149.3|2682935.3,1247149.6"}},{"type":"Feature","geometry":{"type":"LineString","coordinates":[[8.537014906198413,47.36967038214773],[8.537012595528537,47.36966876700435],[8.536935869237817,47.36961494104183],[8.536932188096461,47.369612358457424],[8.536927580004937,47.36960912804134]]},"properties":{"layer":"LKZ1317-MLU1","infraType":"water","geomType":"pipe","source":"order_55334/NIS_ZH_WVZ.dxf","_dedupKey":"2682954.9,1247110|2682961.4,1247116.9"}},{"type":"Feature","geometry":{"type":"LineString","coordinates":[[8.536903199115448,47.36968279628078],[8.53689918963975,47.369664277411964],[8.536805200676506,47.369615095093764],[8.536716731161873,47.36956902651831],[8.536558275144323,47.36948582555804],[8.536469114280427,47.369442812722674],[8.536466413164991,47.36944152510507]]},"properties":{"layer":"LKZ1314-MLU1","infraType":"water","geomType":"pipe","source":"order_55334/NIS_ZH_WVZ.dxf","_dedupKey":"2682920.3,1247090.9|2682952.9,1247118.2"}},{"type":"Feature","geometry":{"type":"LineString","coordinates":[[8.536716731161873,47.36956902651831],[8.536719699966904,47.36956659658826],[8.536736600951057,47.369552745287514]]},"properties":{"layer":"LKZ1315-MLU1","infraType":"water","geomType":"pipe","source":"order_55334/NIS_ZH_WVZ.dxf","_dedupKey":"2682939,1247105.4|2682940.5,1247103.6"}},{"type":"Feature","geometry":{"type":"LineString","coordinates":[[8.536777188871682,47.370857762282625],[8.536779339984804,47.37085934296704],[8.536817481159419,47.37088733303458]]},"properties":{"layer":"LKZ1317-MLU1","infraType":"water","geomType":"pipe","source":"order_55334/NIS_ZH_WVZ.dxf","_dedupKey":"2682941.5,1247248.7|2682944.5,1247252"}},{"type":"Feature","geometry":{"type":"LineString","coordinates":[[8.5369842149502,47.370710801025325],[8.536979491692477,47.37070776959986],[8.536974622072732,47.37070470358538],[8.536879031582643,47.3706427904307]]},"properties":{"layer":"LKZ1314-MLU1","infraType":"water","geomType":"pipe","source":"order_55334/NIS_ZH_WVZ.dxf","_dedupKey":"2682949.6,1247224.9|2682957.4,1247232.6"}},{"type":"Feature","geometry":{"type":"LineString","coordinates":[[8.536879031582643,47.3706427904307],[8.536844502780115,47.37066737865118],[8.536834180708684,47.370661234162085]]},"properties":{"layer":"LKZ1317-MLU1","infraType":"water","geomType":"pipe","source":"order_55334/NIS_ZH_WVZ.dxf","_dedupKey":"2682946.2,1247226.9|2682949.6,1247224.9"}},{"type":"Feature","geometry":{"type":"LineString","coordinates":[[8.536879031582643,47.3706427904307],[8.536876146440276,47.370640928882864]]},"properties":{"layer":"LKZ1315-MLU1","infraType":"water","geomType":"pipe","source":"order_55334/NIS_ZH_WVZ.dxf","_dedupKey":"2682949.4,1247224.7|2682949.6,1247224.9"}},{"type":"Feature","geometry":{"type":"LineString","coordinates":[[8.536876146440276,47.370640928882864],[8.536869624621328,47.370636718199805]]},"properties":{"layer":"LKZ1315-MLU1","infraType":"water","geomType":"pipe","source":"order_55334/NIS_ZH_WVZ.dxf","_dedupKey":"2682948.9,1247224.2|2682949.4,1247224.7"}},{"type":"Feature","geometry":{"type":"LineString","coordinates":[[8.536869624621328,47.370636718199805],[8.536848340954178,47.37062295110652]]},"properties":{"layer":"LKZ1315-MLU1","infraType":"water","geomType":"pipe","source":"order_55334/NIS_ZH_WVZ.dxf","_dedupKey":"2682947.3,1247222.7|2682948.9,1247224.2"}},{"type":"Feature","geometry":{"type":"LineString","coordinates":[[8.536848340954178,47.37062295110652],[8.5368392289477,47.37061705597164]]},"properties":{"layer":"LKZ1315-MLU1","infraType":"water","geomType":"pipe","source":"order_55334/NIS_ZH_WVZ.dxf","_dedupKey":"2682946.6,1247222|2682947.3,1247222.7"}},{"type":"Feature","geometry":{"type":"LineString","coordinates":[[8.537272363233171,47.370480798162404],[8.537269922176762,47.37047928321099],[8.537268525380957,47.37047832502104]]},"properties":{"layer":"LKZ1315-MLU1","infraType":"water","geomType":"pipe","source":"order_55334/NIS_ZH_WVZ.dxf","_dedupKey":"2682979.2,1247207|2682979.5,1247207.3"}},{"type":"Feature","geometry":{"type":"LineString","coordinates":[[8.537262071224951,47.370474185677416],[8.537230187441253,47.370454276846]]},"properties":{"layer":"LKZ1315-MLU1","infraType":"water","geomType":"pipe","source":"order_55334/NIS_ZH_WVZ.dxf","_dedupKey":"2682976.4,1247204.3|2682978.8,1247206.6"}},{"type":"Feature","geometry":{"type":"LineString","coordinates":[[8.5371743904441,47.37040865343973],[8.537172409871447,47.37040314026079]]},"properties":{"layer":"LKZ1315-MLU1","infraType":"water","geomType":"pipe","source":"order_55334/NIS_ZH_WVZ.dxf","_dedupKey":"2682972.1,1247198.6|2682972.2,1247199.2"}},{"type":"Feature","geometry":{"type":"LineString","coordinates":[[8.536871147515926,47.36970355601883],[8.53687764159789,47.36969935650077],[8.536895774313159,47.36969966082606],[8.536899231998811,47.36969718126709],[8.536902755503826,47.36969468309183],[8.536906409165544,47.36969207573706],[8.536909932669884,47.36968957756159],[8.536912135806988,47.36968790150472]]},"properties":{"layer":"LKZ1314-MLU1","infraType":"water","geomType":"pipe","source":"order_55334/NIS_ZH_WVZ.dxf","_dedupKey":"2682950.4,1247120.5|2682953.6,1247118.8"}},{"type":"Feature","geometry":{"type":"LineString","coordinates":[[8.536802731397762,47.369617349368696],[8.536720607924915,47.36968652028646],[8.536718014494863,47.36968853287075],[8.53672367921633,47.369691636312496]]},"properties":{"layer":"LKZ1310-MLU1","infraType":"water","geomType":"pipe","source":"order_55334/NIS_ZH_WVZ.dxf","_dedupKey":"2682939.3,1247119|2682945.4,1247110.8"}},{"type":"Feature","geometry":{"type":"LineString","coordinates":[[8.537246269251044,47.370764303564776],[8.537232442512796,47.370780851221845]]},"properties":{"layer":"LKZ1315-MLU1","infraType":"water","geomType":"pipe","source":"order_55334/NIS_ZH_WVZ.dxf","_dedupKey":"2682976.1,1247240.6|2682977.1,1247238.8"}},{"type":"Feature","geometry":{"type":"LineString","coordinates":[[8.537024405596274,47.37067889084195],[8.5369842149502,47.370710801025325],[8.536777188871682,47.370857762282625],[8.536610263326365,47.370980684728565]]},"properties":{"layer":"LKZ1314-MLU1","infraType":"water","geomType":"pipe","source":"order_55334/NIS_ZH_WVZ.dxf","_dedupKey":"2682928.8,1247262.2|2682960.5,1247229.1"}},{"type":"Feature","geometry":{"type":"LineString","coordinates":[[8.537024405596274,47.37067889084195],[8.537032065924535,47.37067280923613],[8.537032085947677,47.37065900149464],[8.537054060749394,47.37064269120414],[8.537056290768584,47.37064103287999]]},"properties":{"layer":"LKZ1314-MLU1","infraType":"water","geomType":"pipe","source":"order_55334/NIS_ZH_WVZ.dxf","_dedupKey":"2682960.5,1247229.1|2682963,1247224.9"}},{"type":"Feature","geometry":{"type":"LineString","coordinates":[[8.537056290768584,47.37064103287999],[8.537058966223809,47.37064235670864],[8.537061628626194,47.370643689656475],[8.537067621831994,47.37064666402567],[8.537137012209703,47.37068239846586],[8.53714157036689,47.37068320065861],[8.537263791978084,47.37074398776445],[8.537488771224604,47.370848188239684],[8.537543788305564,47.3708854894084],[8.537546716796989,47.37088688277961]]},"properties":{"layer":"LKZ1314-MLU1","infraType":"water","geomType":"pipe","source":"order_55334/NIS_ZH_WVZ.dxf","_dedupKey":"2682963,1247224.9|2682999.6,1247252.7"}},{"type":"Feature","geometry":{"type":"LineString","coordinates":[[8.537262071224951,47.370474185677416],[8.537266593309415,47.370477093072935],[8.537268525380957,47.37047832502104]]},"properties":{"layer":"LKZ1315-MLU1","infraType":"water","geomType":"pipe","source":"order_55334/NIS_ZH_WVZ.dxf","_dedupKey":"2682978.8,1247206.6|2682979.2,1247207"}},{"type":"Feature","geometry":{"type":"LineString","coordinates":[[8.538704375389266,47.37069132733411],[8.538696378029892,47.37068684296143],[8.538690116997891,47.37068757722852],[8.538621718442922,47.370653759228674],[8.538606770395484,47.37059990370058],[8.538585701258313,47.37059013772215],[8.538543242134086,47.370570455891695],[8.538547093116211,47.37056522002259]]},"properties":{"layer":"LKZ1315-MLU1","infraType":"water","geomType":"pipe","source":"order_55334/NIS_ZH_WVZ.dxf","_dedupKey":"2683075.7,1247218|2683087.4,1247232.2"}},{"type":"Feature","geometry":{"type":"LineString","coordinates":[[8.538554438016252,47.37055476967459],[8.538553604685303,47.37055545224664],[8.538547093116211,47.37056522002259]]},"properties":{"layer":"LKZ1315-MLU1","infraType":"water","geomType":"pipe","source":"order_55334/NIS_ZH_WVZ.dxf","_dedupKey":"2683075.7,1247218|2683076.2,1247216.9"}},{"type":"Feature","geometry":{"type":"LineString","coordinates":[[8.539743823560698,47.370409184442316],[8.539727761221894,47.37042515104578]]},"properties":{"layer":"LKZ1315-MLU1","infraType":"water","geomType":"pipe","source":"order_55334/NIS_ZH_WVZ.dxf","_dedupKey":"2683165.1,1247203.7|2683166.3,1247202"}},{"type":"Feature","geometry":{"type":"LineString","coordinates":[[8.536573669868368,47.36878298703486],[8.536570392444322,47.36878328804486],[8.536567115205475,47.36878359804819],[8.536552023539292,47.3687850008305]]},"properties":{"layer":"LKZ1314-MLU1","infraType":"water","geomType":"pipe","source":"order_55334/NIS_ZH_WVZ.dxf","_dedupKey":"2682927.8,1247018|2682929.4,1247017.8"}},{"type":"Feature","geometry":{"type":"LineString","coordinates":[[8.536567134212836,47.36876716372531],[8.536563404213698,47.36874870515073]]},"properties":{"layer":"LKZ1315-MLU1","infraType":"water","geomType":"pipe","source":"order_55334/NIS_ZH_WVZ.dxf","_dedupKey":"2682928.7,1247014|2682928.9,1247016.1"}},{"type":"Feature","geometry":{"type":"LineString","coordinates":[[8.536570392444322,47.36878328804486],[8.536569936134716,47.36878106158497],[8.536569493062977,47.3687788349992]]},"properties":{"layer":"LKZ1315-MLU1","infraType":"water","geomType":"pipe","source":"order_55334/NIS_ZH_WVZ.dxf","_dedupKey":"2682929.1,1247017.4|2682929.2,1247017.9"}},{"type":"Feature","geometry":{"type":"LineString","coordinates":[[8.536569493062977,47.3687788349992],[8.536567134212836,47.36876716372531]]},"properties":{"layer":"LKZ1315-MLU1","infraType":"water","geomType":"pipe","source":"order_55334/NIS_ZH_WVZ.dxf","_dedupKey":"2682928.9,1247016.1|2682929.1,1247017.4"}},{"type":"Feature","geometry":{"type":"LineString","coordinates":[[8.537230187441253,47.370454276846],[8.537187343821659,47.3704261877152]]},"properties":{"layer":"LKZ1315-MLU1","infraType":"water","geomType":"pipe","source":"order_55334/NIS_ZH_WVZ.dxf","_dedupKey":"2682973.2,1247201.1|2682976.4,1247204.3"}},{"type":"Feature","geometry":{"type":"LineString","coordinates":[[8.537187343821659,47.3704261877152],[8.537178675715825,47.370420630200414],[8.5371743904441,47.37040865343973]]},"properties":{"layer":"LKZ1315-MLU1","infraType":"water","geomType":"pipe","source":"order_55334/NIS_ZH_WVZ.dxf","_dedupKey":"2682972.2,1247199.2|2682973.2,1247201.1"}},{"type":"Feature","geometry":{"type":"LineString","coordinates":[[8.537263791978084,47.37074398776445],[8.537260974870362,47.37074671310426],[8.537246269251044,47.370764303564776]]},"properties":{"layer":"LKZ1315-MLU1","infraType":"water","geomType":"pipe","source":"order_55334/NIS_ZH_WVZ.dxf","_dedupKey":"2682977.1,1247238.8|2682978.5,1247236.6"}},{"type":"Feature","geometry":{"type":"LineString","coordinates":[[8.540054415241345,47.370490642575106],[8.540052538064005,47.370492711370595],[8.540047605601359,47.37049814650256]]},"properties":{"layer":"LKZ1314-MLU1","infraType":"water","geomType":"pipe","source":"order_55334/NIS_ZH_WVZ.dxf","_dedupKey":"2683189.1,1247212.2|2683189.6,1247211.3"}},{"type":"Feature","geometry":{"type":"LineString","coordinates":[[8.540017425127989,47.37083949448254],[8.540013647232277,47.37083864898199],[8.540000358406571,47.3708356903604],[8.539988253694037,47.370833646946984],[8.539981785074048,47.37083266518961],[8.539966258231113,47.37082969192353]]},"properties":{"layer":"LKZ1315-MLU1","infraType":"water","geomType":"pipe","source":"order_55334/NIS_ZH_WVZ.dxf","_dedupKey":"2683182.4,1247248.9|2683186.3,1247250.1"}},{"type":"Feature","geometry":{"type":"LineString","coordinates":[[8.540047605601359,47.37049814650256],[8.540040535096786,47.37050584181531],[8.540041723770461,47.370513386408454],[8.540038551851085,47.37051815710073]]},"properties":{"layer":"LKZ1314-MLU1","infraType":"water","geomType":"pipe","source":"order_55334/NIS_ZH_WVZ.dxf","_dedupKey":"2683188.4,1247214.4|2683189.1,1247212.2"}},{"type":"Feature","geometry":{"type":"LineString","coordinates":[[8.539833160778604,47.3708040744411],[8.539859352117555,47.37080923981152]]},"properties":{"layer":"LKZ1315-MLU1","infraType":"water","geomType":"pipe","source":"order_55334/NIS_ZH_WVZ.dxf","_dedupKey":"2683172.4,1247246|2683174.4,1247246.6"}},{"type":"Feature","geometry":{"type":"LineString","coordinates":[[8.539859352117555,47.37080923981152],[8.539966258231113,47.37082969192353]]},"properties":{"layer":"LKZ1315-MLU1","infraType":"water","geomType":"pipe","source":"order_55334/NIS_ZH_WVZ.dxf","_dedupKey":"2683174.4,1247246.6|2683182.4,1247248.9"}},{"type":"Feature","geometry":{"type":"LineString","coordinates":[[8.540002854650472,47.370623264036155],[8.540006265017896,47.37062426595909],[8.54000894226321,47.37062503200354],[8.540011859469931,47.3706258767161],[8.540014097250841,47.370626521018906]]},"properties":{"layer":"LKZ1315-MLU1","infraType":"water","geomType":"pipe","source":"order_55334/NIS_ZH_WVZ.dxf","_dedupKey":"2683185.5,1247226|2683186.4,1247226.4"}},{"type":"Feature","geometry":{"type":"LineString","coordinates":[[8.540038551851085,47.37051815710073],[8.540034737901449,47.37052389639645],[8.540037391348495,47.37053953165419],[8.540040769056423,47.37055945968828],[8.540022135878505,47.37059198393735],[8.540002854650472,47.370623264036155],[8.539991005446149,47.37064191603201],[8.539958261044463,47.370691278821475],[8.539965946796563,47.37070823335949],[8.53999090755016,47.37071792599993],[8.54002656096927,47.370732455012146],[8.540054623696712,47.37076218624345],[8.540028976608786,47.370815403257616],[8.540017425127989,47.37083949448254],[8.540003697908787,47.370865945192065],[8.539868023572891,47.3711745041868],[8.539832582603015,47.37118821787191],[8.539831537321657,47.37119081844081]]},"properties":{"layer":"LKZ1314-MLU1","infraType":"water","geomType":"pipe","source":"order_55334/NIS_ZH_WVZ.dxf","_dedupKey":"2683171.7,1247288.9|2683188.4,1247214.4"}},{"type":"Feature","geometry":{"type":"LineString","coordinates":[[8.536736600951057,47.369552745287514],[8.5367446219958,47.36954618352507]]},"properties":{"layer":"LKZ1315-MLU1","infraType":"water","geomType":"pipe","source":"order_55334/NIS_ZH_WVZ.dxf","_dedupKey":"2682940.5,1247103.6|2682941.1,1247102.8"}},{"type":"Feature","geometry":{"type":"LineString","coordinates":[[8.536805200676506,47.369615095093764],[8.536802731397762,47.369617349368696]]},"properties":{"layer":"LKZ1310-MLU1","infraType":"water","geomType":"pipe","source":"order_55334/NIS_ZH_WVZ.dxf","_dedupKey":"2682945.4,1247110.8|2682945.6,1247110.6"}},{"type":"Feature","geometry":{"type":"LineString","coordinates":[[8.536914576816944,47.36968941646408],[8.536912135806988,47.36968790150472],[8.53690960342784,47.3696864503802],[8.536903199115448,47.36968279628078]]},"properties":{"layer":"LKZ1314-MLU1","infraType":"water","geomType":"pipe","source":"order_55334/NIS_ZH_WVZ.dxf","_dedupKey":"2682952.9,1247118.2|2682953.7,1247118.9"}},{"type":"Feature","geometry":{"type":"LineString","coordinates":[[8.536763399538259,47.369773186496154],[8.536871147515926,47.36970355601883]]},"properties":{"layer":"LKZ1314-MLU1","infraType":"water","geomType":"pipe","source":"order_55334/NIS_ZH_WVZ.dxf","_dedupKey":"2682942.2,1247128.1|2682950.4,1247120.5"}},{"type":"Feature","geometry":{"type":"LineString","coordinates":[[8.53659975638998,47.369910667922795],[8.536646443965653,47.3699454221124],[8.536649576796007,47.36994774006386],[8.53665323443457,47.369950466802905],[8.536660186726172,47.369955653876985],[8.536663857418691,47.36995837149649],[8.536671885249273,47.3699643489133]]},"properties":{"layer":"LKZ1315-MLU1","infraType":"water","geomType":"pipe","source":"order_55334/NIS_ZH_WVZ.dxf","_dedupKey":"2682929.6,1247143.2|2682935,1247149.3"}},{"type":"Feature","geometry":{"type":"LineString","coordinates":[[8.536526497314371,47.36989596461501],[8.536593534821582,47.36989852964405],[8.536613906238484,47.36989952334969],[8.536622508358583,47.3698941704183],[8.536680097847773,47.36985716560108],[8.536740223040626,47.36981984880137],[8.536763399538259,47.369773186496154]]},"properties":{"layer":"LKZ1314-MLU1","infraType":"water","geomType":"pipe","source":"order_55334/NIS_ZH_WVZ.dxf","_dedupKey":"2682924.1,1247141.5|2682942.2,1247128.1"}},{"type":"Feature","geometry":{"type":"LineString","coordinates":[[8.536593534821582,47.36989852964405],[8.53659319223734,47.369901825125055],[8.536592851134955,47.36990519255325],[8.53659975638998,47.369910667922795]]},"properties":{"layer":"LKZ1315-MLU1","infraType":"water","geomType":"pipe","source":"order_55334/NIS_ZH_WVZ.dxf","_dedupKey":"2682929.2,1247141.9|2682929.6,1247143.2"}},{"type":"Feature","geometry":{"type":"LineString","coordinates":[[8.5367446219958,47.36954618352507],[8.5367509498862,47.369540987132176]]},"properties":{"layer":"LKZ1315-MLU1","infraType":"water","geomType":"pipe","source":"order_55334/NIS_ZH_WVZ.dxf","_dedupKey":"2682941.1,1247102.8|2682941.6,1247102.3"}},{"type":"Feature","geometry":{"type":"LineString","coordinates":[[8.536866240117973,47.37043131020912],[8.536879026069146,47.37043365330572],[8.536671193750019,47.37029203074598],[8.536683979659184,47.37029437386432]]},"properties":{"layer":"LKZ1315-MLU1","infraType":"water","geomType":"pipe","source":"order_55334/NIS_ZH_WVZ.dxf","_dedupKey":"2682935.4,1247186|2682948.9,1247201.4"}},{"type":"Feature","geometry":{"type":"Point","coordinates":[8.54003760587354,47.37046916952522]},"properties":{"layer":"LKZ1322-MSU-","infraType":"water","geomType":"fitting","source":"order_55334/NIS_ZH_WVZ.dxf","_dedupKey":"2683188.4,1247208.9"}},{"type":"Feature","geometry":{"type":"Point","coordinates":[8.536927580004937,47.36960912804134]},"properties":{"layer":"LKZ1322-MSU-","infraType":"water","geomType":"fitting","source":"order_55334/NIS_ZH_WVZ.dxf","_dedupKey":"2682954.9,1247110"}},{"type":"Feature","geometry":{"type":"Point","coordinates":[8.536834180708684,47.370661234162085]},"properties":{"layer":"LKZ1322-MSU-","infraType":"water","geomType":"fitting","source":"order_55334/NIS_ZH_WVZ.dxf","_dedupKey":"2682946.2,1247226.9"}},{"type":"Feature","geometry":{"type":"Point","coordinates":[8.538846612730142,47.37065108651213]},"properties":{"layer":"LKZ1322-MSU-","infraType":"water","geomType":"fitting","source":"order_55334/NIS_ZH_WVZ.dxf","_dedupKey":"2683098.2,1247227.9"}},{"type":"Feature","geometry":{"type":"Point","coordinates":[8.53672367921633,47.369691636312496]},"properties":{"layer":"LKZ1325-MSU-","infraType":"water","geomType":"fitting","source":"order_55334/NIS_ZH_WVZ.dxf","_dedupKey":"2682939.3,1247119"}},{"type":"Feature","geometry":{"type":"Point","coordinates":[8.540052133745549,47.37048595986652]},"properties":{"layer":"LKZ1321-MSU-","infraType":"water","geomType":"fitting","source":"order_55334/NIS_ZH_WVZ.dxf","_dedupKey":"2683189.5,1247210.8"}},{"type":"Feature","geometry":{"type":"Point","coordinates":[8.540061434899345,47.37049009889268]},"properties":{"layer":"LKZ1321-MSU-","infraType":"water","geomType":"fitting","source":"order_55334/NIS_ZH_WVZ.dxf","_dedupKey":"2683190.2,1247211.3"}},{"type":"Feature","geometry":{"type":"Point","coordinates":[8.540038551851085,47.37051815710073]},"properties":{"layer":"LKZ1321-MSU-","infraType":"water","geomType":"fitting","source":"order_55334/NIS_ZH_WVZ.dxf","_dedupKey":"2683188.4,1247214.4"}},{"type":"Feature","geometry":{"type":"Point","coordinates":[8.537012595528537,47.36966876700435]},"properties":{"layer":"LKZ1321-MSU-","infraType":"water","geomType":"fitting","source":"order_55334/NIS_ZH_WVZ.dxf","_dedupKey":"2682961.2,1247116.8"}},{"type":"Feature","geometry":{"type":"Point","coordinates":[8.536979491692477,47.37070776959986]},"properties":{"layer":"LKZ1321-MSU-","infraType":"water","geomType":"fitting","source":"order_55334/NIS_ZH_WVZ.dxf","_dedupKey":"2682957.1,1247232.2"}},{"type":"Feature","geometry":{"type":"Point","coordinates":[8.536802731397762,47.369617349368696]},"properties":{"layer":"LKZ1321-MSU-","infraType":"water","geomType":"fitting","source":"order_55334/NIS_ZH_WVZ.dxf","_dedupKey":"2682945.4,1247110.8"}},{"type":"Feature","geometry":{"type":"Point","coordinates":[8.537260974870362,47.37074671310426]},"properties":{"layer":"LKZ1321-MSU-","infraType":"water","geomType":"fitting","source":"order_55334/NIS_ZH_WVZ.dxf","_dedupKey":"2682978.3,1247236.9"}},{"type":"Feature","geometry":{"type":"Point","coordinates":[8.536719699966904,47.36956659658826]},"properties":{"layer":"LKZ1321-MSU-","infraType":"water","geomType":"fitting","source":"order_55334/NIS_ZH_WVZ.dxf","_dedupKey":"2682939.2,1247105.1"}},{"type":"Feature","geometry":{"type":"Point","coordinates":[8.536779339984804,47.37085934296704]},"properties":{"layer":"LKZ1321-MSU-","infraType":"water","geomType":"fitting","source":"order_55334/NIS_ZH_WVZ.dxf","_dedupKey":"2682941.7,1247248.9"}},{"type":"Feature","geometry":{"type":"Point","coordinates":[8.539772213891382,47.37038748733283]},"properties":{"layer":"LKZ1321-MSU-","infraType":"water","geomType":"fitting","source":"order_55334/NIS_ZH_WVZ.dxf","_dedupKey":"2683168.5,1247199.6"}},{"type":"Feature","geometry":{"type":"Point","coordinates":[8.536899231998811,47.36969718126709]},"properties":{"layer":"LKZ1323-MSU-","infraType":"water","geomType":"fitting","source":"order_55334/NIS_ZH_WVZ.dxf","_dedupKey":"2682952.6,1247119.8"}},{"type":"Feature","geometry":{"type":"Point","coordinates":[8.537062914899826,47.37063542887385]},"properties":{"layer":"LKZ1323-MSU-","infraType":"water","geomType":"fitting","source":"order_55334/NIS_ZH_WVZ.dxf","_dedupKey":"2682963.5,1247224.3"}},{"type":"Feature","geometry":{"type":"Point","coordinates":[8.540013647232277,47.37083864898199]},"properties":{"layer":"LKZ1321-MSU-","infraType":"water","geomType":"fitting","source":"order_55334/NIS_ZH_WVZ.dxf","_dedupKey":"2683186,1247250"}},{"type":"Feature","geometry":{"type":"Point","coordinates":[8.540006265017896,47.37062426595909]},"properties":{"layer":"LKZ1321-MSU-","infraType":"water","geomType":"fitting","source":"order_55334/NIS_ZH_WVZ.dxf","_dedupKey":"2683185.8,1247226.2"}},{"type":"Feature","geometry":{"type":"Point","coordinates":[8.536925113462058,47.36969441652172]},"properties":{"layer":"LKZ1323-MSU-","infraType":"water","geomType":"fitting","source":"order_55334/NIS_ZH_WVZ.dxf","_dedupKey":"2682954.5,1247119.5"}},{"type":"Feature","geometry":{"type":"Point","coordinates":[8.53659319223734,47.369901825125055]},"properties":{"layer":"LKZ1321-MSU-","infraType":"water","geomType":"fitting","source":"order_55334/NIS_ZH_WVZ.dxf","_dedupKey":"2682929.1,1247142.2"}},{"type":"Feature","geometry":{"type":"Point","coordinates":[8.53883879248229,47.37075718683751]},"properties":{"layer":"LKZ1321-MSU-","infraType":"water","geomType":"fitting","source":"order_55334/NIS_ZH_WVZ.dxf","_dedupKey":"2683097.4,1247239.7"}},{"type":"Feature","geometry":{"type":"Point","coordinates":[8.537272363233171,47.370480798162404]},"properties":{"layer":"LKZ1321-MSU-","infraType":"water","geomType":"fitting","source":"order_55334/NIS_ZH_WVZ.dxf","_dedupKey":"2682979.5,1247207.3"}},{"type":"Feature","geometry":{"type":"Point","coordinates":[8.537056290768584,47.37064103287999]},"properties":{"layer":"LKZ1321-MSU-","infraType":"water","geomType":"fitting","source":"order_55334/NIS_ZH_WVZ.dxf","_dedupKey":"2682963,1247224.9"}},{"type":"Feature","geometry":{"type":"Point","coordinates":[8.536570392444322,47.36878328804486]},"properties":{"layer":"LKZ1321-MSU-","infraType":"water","geomType":"fitting","source":"order_55334/NIS_ZH_WVZ.dxf","_dedupKey":"2682929.2,1247017.9"}},{"type":"Feature","geometry":{"type":"Point","coordinates":[8.536912135806988,47.36968790150472]},"properties":{"layer":"LKZ1321-MSU-","infraType":"water","geomType":"fitting","source":"order_55334/NIS_ZH_WVZ.dxf","_dedupKey":"2682953.6,1247118.8"}},{"type":"Feature","geometry":{"type":"LineString","coordinates":[[8.539741651788873,47.370921973765796],[8.539750844935751,47.37090036972447],[8.539846036693158,47.37091908062276]]},"properties":{"layer":"LKZ1315-MLU1","infraType":"water","geomType":"pipe","source":"order_55335/NIS_ZH_WVZ.dxf","_dedupKey":"2683165.3,1247259|2683173.2,1247258.8"}},{"type":"Feature","geometry":{"type":"LineString","coordinates":[[8.539750844935751,47.37090036972447],[8.539758219626037,47.370883037724575]]},"properties":{"layer":"LKZ1315-MLU1","infraType":"water","geomType":"pipe","source":"order_55335/NIS_ZH_WVZ.dxf","_dedupKey":"2683166.1,1247256.6|2683166.6,1247254.7"}},{"type":"Feature","geometry":{"type":"LineString","coordinates":[[8.539713683001462,47.370874350209874],[8.539697372470798,47.37091292398564],[8.539397238608448,47.37086349589765]]},"properties":{"layer":"LKZ1315-MLU1","infraType":"water","geomType":"pipe","source":"order_55335/NIS_ZH_WVZ.dxf","_dedupKey":"2683139.4,1247252.1|2683163.3,1247253.6"}},{"type":"Feature","geometry":{"type":"LineString","coordinates":[[8.540932101433677,47.37064254530948],[8.54093229730161,47.37064433347578]]},"properties":{"layer":"LKZ1315-MLU1","infraType":"water","geomType":"pipe","source":"order_55335/NIS_ZH_WVZ.dxf","_dedupKey":"2683255.7,1247229.2|2683255.7,1247229.4"}},{"type":"Feature","geometry":{"type":"LineString","coordinates":[[8.54093229730161,47.37064433347578],[8.540932395328568,47.370645232055566],[8.540932655493979,47.3706475683126],[8.540933077611921,47.37065133325347],[8.540933384745191,47.370654019873236]]},"properties":{"layer":"LKZ1315-MLU1","infraType":"water","geomType":"pipe","source":"order_55335/NIS_ZH_WVZ.dxf","_dedupKey":"2683255.7,1247229.4|2683255.8,1247230.4"}},{"type":"Feature","geometry":{"type":"LineString","coordinates":[[8.540933384745191,47.370654019873236],[8.540933678826175,47.37065671561277]]},"properties":{"layer":"LKZ1315-MLU1","infraType":"water","geomType":"pipe","source":"order_55335/NIS_ZH_WVZ.dxf","_dedupKey":"2683255.8,1247230.4|2683255.8,1247230.7"}},{"type":"Feature","geometry":{"type":"LineString","coordinates":[[8.540905617810512,47.370642456237945],[8.540905845568371,47.37064066402888]]},"properties":{"layer":"LKZ1315-MLU1","infraType":"water","geomType":"pipe","source":"order_55335/NIS_ZH_WVZ.dxf","_dedupKey":"2683253.7,1247228.9|2683253.7,1247229.1"}},{"type":"Feature","geometry":{"type":"LineString","coordinates":[[8.540905845568371,47.37064066402888],[8.540905946116034,47.370639763553946],[8.540906205964001,47.370637602237274],[8.540906670998535,47.37063383782511],[8.540907179687666,47.370629623238656]]},"properties":{"layer":"LKZ1315-MLU1","infraType":"water","geomType":"pipe","source":"order_55335/NIS_ZH_WVZ.dxf","_dedupKey":"2683253.7,1247228.9|2683253.8,1247227.7"}},{"type":"Feature","geometry":{"type":"LineString","coordinates":[[8.540907179687666,47.370629623238656],[8.540907542314764,47.3706266693676]]},"properties":{"layer":"LKZ1315-MLU1","infraType":"water","geomType":"pipe","source":"order_55335/NIS_ZH_WVZ.dxf","_dedupKey":"2683253.8,1247227.4|2683253.8,1247227.7"}},{"type":"Feature","geometry":{"type":"LineString","coordinates":[[8.540731311213554,47.370638443625836],[8.540731306083353,47.37064011677331]]},"properties":{"layer":"LKZ1315-MLU1","infraType":"water","geomType":"pipe","source":"order_55335/NIS_ZH_WVZ.dxf","_dedupKey":"2683240.5,1247228.5|2683240.5,1247228.7"}},{"type":"Feature","geometry":{"type":"LineString","coordinates":[[8.540731306083353,47.37064011677331],[8.540731135363394,47.37064210633121],[8.540730918792597,47.37064379948645]]},"properties":{"layer":"LKZ1315-MLU1","infraType":"water","geomType":"pipe","source":"order_55335/NIS_ZH_WVZ.dxf","_dedupKey":"2683240.5,1247228.7|2683240.5,1247229.1"}},{"type":"Feature","geometry":{"type":"LineString","coordinates":[[8.540730918792597,47.37064379948645],[8.540730363046878,47.37064573874721],[8.540729973189512,47.37064865689683]]},"properties":{"layer":"LKZ1315-MLU1","infraType":"water","geomType":"pipe","source":"order_55335/NIS_ZH_WVZ.dxf","_dedupKey":"2683240.4,1247229.6|2683240.5,1247229.1"}},{"type":"Feature","geometry":{"type":"LineString","coordinates":[[8.540729973189512,47.37064865689683],[8.540729945338116,47.37064987150827]]},"properties":{"layer":"LKZ1315-MLU1","infraType":"water","geomType":"pipe","source":"order_55335/NIS_ZH_WVZ.dxf","_dedupKey":"2683240.4,1247229.6|2683240.4,1247229.8"}},{"type":"Feature","geometry":{"type":"LineString","coordinates":[[8.540514913878457,47.370633887809674],[8.540514103838184,47.37063825818659]]},"properties":{"layer":"LKZ1314-MLU1","infraType":"water","geomType":"pipe","source":"order_55335/NIS_ZH_WVZ.dxf","_dedupKey":"2683224.1,1247228.2|2683224.2,1247227.8"}},{"type":"Feature","geometry":{"type":"LineString","coordinates":[[8.540514103838184,47.37063825818659],[8.540513104293565,47.37064370978967],[8.54051275028282,47.37065476820982],[8.540512687134031,47.37065683769744]]},"properties":{"layer":"LKZ1314-MLU1","infraType":"water","geomType":"pipe","source":"order_55335/NIS_ZH_WVZ.dxf","_dedupKey":"2683224,1247230.3|2683224.1,1247228.2"}},{"type":"Feature","geometry":{"type":"LineString","coordinates":[[8.540512687134031,47.37065683769744],[8.540512311254856,47.37066875986086]]},"properties":{"layer":"LKZ1314-MLU1","infraType":"water","geomType":"pipe","source":"order_55335/NIS_ZH_WVZ.dxf","_dedupKey":"2683223.9,1247231.6|2683224,1247230.3"}},{"type":"Feature","geometry":{"type":"LineString","coordinates":[[8.540512311254856,47.37066875986086],[8.5405168145028,47.3706688248421],[8.540549038093541,47.370666673420395]]},"properties":{"layer":"LKZ1317-MLU1","infraType":"water","geomType":"pipe","source":"order_55335/NIS_ZH_WVZ.dxf","_dedupKey":"2683223.9,1247231.6|2683226.7,1247231.4"}},{"type":"Feature","geometry":{"type":"LineString","coordinates":[[8.540512311254856,47.37066875986086],[8.540511403623505,47.37067737688088]]},"properties":{"layer":"LKZ1315-MLU1","infraType":"water","geomType":"pipe","source":"order_55335/NIS_ZH_WVZ.dxf","_dedupKey":"2683223.9,1247231.6|2683223.9,1247232.6"}},{"type":"Feature","geometry":{"type":"LineString","coordinates":[[8.540453659616004,47.370619702113274],[8.540453215489325,47.37062255781343],[8.540449378653598,47.37064896820262]]},"properties":{"layer":"LKZ1315-MLU1","infraType":"water","geomType":"pipe","source":"order_55335/NIS_ZH_WVZ.dxf","_dedupKey":"2683219.2,1247229.4|2683219.6,1247226.1"}},{"type":"Feature","geometry":{"type":"LineString","coordinates":[[8.540449378653598,47.37064896820262],[8.540449347475658,47.37065258455149],[8.54043190901069,47.370669230021655],[8.540430627152613,47.37067191380987],[8.540429684551366,47.37067307418106],[8.540428845811602,47.37067413461483]]},"properties":{"layer":"LKZ1315-MLU1","infraType":"water","geomType":"pipe","source":"order_55335/NIS_ZH_WVZ.dxf","_dedupKey":"2683217.6,1247232.1|2683219.2,1247229.4"}},{"type":"Feature","geometry":{"type":"LineString","coordinates":[[8.540288113474334,47.37057635941179],[8.540286566186413,47.37057773243779]]},"properties":{"layer":"LKZ1315-MLU1","infraType":"water","geomType":"pipe","source":"order_55335/NIS_ZH_WVZ.dxf","_dedupKey":"2683207,1247221.3|2683207.1,1247221.1"}},{"type":"Feature","geometry":{"type":"LineString","coordinates":[[8.540286566186413,47.37057773243779],[8.5402848377956,47.37057995273556],[8.540273805390568,47.370592633184884],[8.540265052421198,47.37060477017357]]},"properties":{"layer":"LKZ1315-MLU1","infraType":"water","geomType":"pipe","source":"order_55335/NIS_ZH_WVZ.dxf","_dedupKey":"2683205.4,1247224.3|2683207,1247221.3"}},{"type":"Feature","geometry":{"type":"LineString","coordinates":[[8.540265052421198,47.37060477017357],[8.540263985240935,47.370606309528]]},"properties":{"layer":"LKZ1315-MLU1","infraType":"water","geomType":"pipe","source":"order_55335/NIS_ZH_WVZ.dxf","_dedupKey":"2683205.3,1247224.4|2683205.4,1247224.3"}},{"type":"Feature","geometry":{"type":"LineString","coordinates":[[8.541068138894486,47.37069635126278],[8.541068799507078,47.370696281991336]]},"properties":{"layer":"LKZ1315-MLU1","infraType":"water","geomType":"pipe","source":"order_55335/NIS_ZH_WVZ.dxf","_dedupKey":"2683265.9,1247235.3|2683265.9,1247235.3"}},{"type":"Feature","geometry":{"type":"LineString","coordinates":[[8.541068799507078,47.370696281991336],[8.541069460305657,47.370696221713295],[8.54107465328222,47.37069570439969]]},"properties":{"layer":"LKZ1315-MLU1","infraType":"water","geomType":"pipe","source":"order_55335/NIS_ZH_WVZ.dxf","_dedupKey":"2683265.9,1247235.3|2683266.4,1247235.2"}},{"type":"Feature","geometry":{"type":"LineString","coordinates":[[8.54107465328222,47.37069570439969],[8.541078855432845,47.37069529548978]]},"properties":{"layer":"LKZ1315-MLU1","infraType":"water","geomType":"pipe","source":"order_55335/NIS_ZH_WVZ.dxf","_dedupKey":"2683266.4,1247235.2|2683266.7,1247235.2"}},{"type":"Feature","geometry":{"type":"LineString","coordinates":[[8.541094386523774,47.37078810316492],[8.541093463747815,47.37078830087096],[8.54109138623022,47.37078900433234],[8.541090913742917,47.37078920673554]]},"properties":{"layer":"LKZ1315-MLU1","infraType":"water","geomType":"pipe","source":"order_55335/NIS_ZH_WVZ.dxf","_dedupKey":"2683267.4,1247245.6|2683267.7,1247245.5"}},{"type":"Feature","geometry":{"type":"LineString","coordinates":[[8.541090913742917,47.37078920673554],[8.541067327599999,47.37079925456769],[8.541067208827142,47.37079927369166]]},"properties":{"layer":"LKZ1315-MLU1","infraType":"water","geomType":"pipe","source":"order_55335/NIS_ZH_WVZ.dxf","_dedupKey":"2683265.6,1247246.7|2683267.4,1247245.6"}},{"type":"Feature","geometry":{"type":"LineString","coordinates":[[8.541102420425108,47.37081547069488],[8.54110560323428,47.37081507151371],[8.541109472762043,47.37081458482133],[8.54111165676435,47.37082095053384],[8.541114693766236,47.37082054374898]]},"properties":{"layer":"LKZ1315-MLU1","infraType":"water","geomType":"pipe","source":"order_55335/NIS_ZH_WVZ.dxf","_dedupKey":"2683268.3,1247248.6|2683269.2,1247249.1"}},{"type":"Feature","geometry":{"type":"LineString","coordinates":[[8.541114693766236,47.37082054374898],[8.541119973842578,47.37081975574749]]},"properties":{"layer":"LKZ1315-MLU1","infraType":"water","geomType":"pipe","source":"order_55335/NIS_ZH_WVZ.dxf","_dedupKey":"2683269.2,1247249.1|2683269.6,1247249.1"}},{"type":"Feature","geometry":{"type":"LineString","coordinates":[[8.54112490303541,47.370900593116275],[8.541121825942001,47.37090098229371],[8.541104185588434,47.370900817851236],[8.541101881372933,47.37090080386431],[8.541089775576397,47.370900631568105]]},"properties":{"layer":"LKZ1317-MLU1","infraType":"water","geomType":"pipe","source":"order_55335/NIS_ZH_WVZ.dxf","_dedupKey":"2683267.2,1247258|2683269.8,1247258.1"}},{"type":"Feature","geometry":{"type":"LineString","coordinates":[[8.540246431003515,47.37056033182141],[8.540249275396828,47.370557012466755],[8.540249533471135,47.37055668617984],[8.54025916432567,47.370549227293694]]},"properties":{"layer":"LKZ1315-MLU1","infraType":"water","geomType":"pipe","source":"order_55335/NIS_ZH_WVZ.dxf","_dedupKey":"2683204,1247219.3|2683205,1247218.1"}},{"type":"Feature","geometry":{"type":"LineString","coordinates":[[8.54025916432567,47.370549227293694],[8.54026331878955,47.370545229802296]]},"properties":{"layer":"LKZ1315-MLU1","infraType":"water","geomType":"pipe","source":"order_55335/NIS_ZH_WVZ.dxf","_dedupKey":"2683205,1247218.1|2683205.3,1247217.6"}},{"type":"Feature","geometry":{"type":"LineString","coordinates":[[8.540164961449435,47.37053093008025],[8.540167173897828,47.370528426318145],[8.540168221479025,47.37052721997214]]},"properties":{"layer":"LKZ1315-MLU1","infraType":"water","geomType":"pipe","source":"order_55335/NIS_ZH_WVZ.dxf","_dedupKey":"2683197.9,1247215.9|2683198.2,1247215.5"}},{"type":"Feature","geometry":{"type":"LineString","coordinates":[[8.540168221479025,47.37052721997214],[8.540179117009643,47.37051496361029]]},"properties":{"layer":"LKZ1315-MLU1","infraType":"water","geomType":"pipe","source":"order_55335/NIS_ZH_WVZ.dxf","_dedupKey":"2683198.2,1247215.5|2683199,1247214.2"}},{"type":"Feature","geometry":{"type":"LineString","coordinates":[[8.540361961024171,47.37041250994079],[8.540365493481016,47.3704110909923],[8.540368639426976,47.37040954979837],[8.54037303085858,47.3704054870762]]},"properties":{"layer":"LKZ1315-MLU1","infraType":"water","geomType":"pipe","source":"order_55335/NIS_ZH_WVZ.dxf","_dedupKey":"2683213,1247203|2683213.8,1247202.2"}},{"type":"Feature","geometry":{"type":"LineString","coordinates":[[8.54037303085858,47.3704054870762],[8.54037581346482,47.370403022847064]]},"properties":{"layer":"LKZ1315-MLU1","infraType":"water","geomType":"pipe","source":"order_55335/NIS_ZH_WVZ.dxf","_dedupKey":"2683213.8,1247202.2|2683214,1247201.9"}},{"type":"Feature","geometry":{"type":"LineString","coordinates":[[8.540291616463543,47.370381949738466],[8.540292496774722,47.370380978860624]]},"properties":{"layer":"LKZ1315-MLU1","infraType":"water","geomType":"pipe","source":"order_55335/NIS_ZH_WVZ.dxf","_dedupKey":"2683207.7,1247199.5|2683207.8,1247199.4"}},{"type":"Feature","geometry":{"type":"LineString","coordinates":[[8.540371815034675,47.37041649075098],[8.540370698729916,47.37041949678519],[8.540368561059088,47.370424977233824],[8.540366346003104,47.37043055736728]]},"properties":{"layer":"LKZ1315-MLU1","infraType":"water","geomType":"pipe","source":"order_55335/NIS_ZH_WVZ.dxf","_dedupKey":"2683213.3,1247205|2683213.7,1247203.4"}},{"type":"Feature","geometry":{"type":"LineString","coordinates":[[8.540366346003104,47.37043055736728],[8.540362231644696,47.370440338363686]]},"properties":{"layer":"LKZ1315-MLU1","infraType":"water","geomType":"pipe","source":"order_55335/NIS_ZH_WVZ.dxf","_dedupKey":"2683213,1247206.1|2683213.3,1247205"}},{"type":"Feature","geometry":{"type":"LineString","coordinates":[[8.540641795487469,47.37047156510683],[8.540647761033629,47.37045654025343]]},"properties":{"layer":"LKZ1317-MLU1","infraType":"water","geomType":"pipe","source":"order_55335/NIS_ZH_WVZ.dxf","_dedupKey":"2683234,1247209.8|2683234.5,1247208.2"}},{"type":"Feature","geometry":{"type":"LineString","coordinates":[[8.540613797145664,47.370466093329036],[8.540614786223047,47.3704639790265],[8.540615858486127,47.37046140517744],[8.540606127768935,47.370449939243784],[8.540606889379477,47.37044771017449],[8.540607955507337,47.37044483954395]]},"properties":{"layer":"LKZ1315-MLU1","infraType":"water","geomType":"pipe","source":"order_55335/NIS_ZH_WVZ.dxf","_dedupKey":"2683231.5,1247206.8|2683231.9,1247209.2"}},{"type":"Feature","geometry":{"type":"LineString","coordinates":[[8.540917690081258,47.37049885932996],[8.540918237635958,47.370496524359524],[8.540919535561759,47.37049269802754],[8.540919928128444,47.370491192090405],[8.540921202435753,47.37048622359922]]},"properties":{"layer":"LKZ1315-MLU1","infraType":"water","geomType":"pipe","source":"order_55335/NIS_ZH_WVZ.dxf","_dedupKey":"2683254.8,1247213.2|2683255.1,1247211.8"}},{"type":"Feature","geometry":{"type":"LineString","coordinates":[[8.540921202435753,47.37048622359922],[8.540922778467069,47.37048047864531]]},"properties":{"layer":"LKZ1315-MLU1","infraType":"water","geomType":"pipe","source":"order_55335/NIS_ZH_WVZ.dxf","_dedupKey":"2683255.1,1247211.8|2683255.2,1247211.1"}},{"type":"Feature","geometry":{"type":"LineString","coordinates":[[8.54092166118205,47.37049880344163],[8.540929195601699,47.37049882148844],[8.540933708912496,47.37049873343961],[8.540949220970937,47.370498432480446],[8.540958904094628,47.37049478698125],[8.540967454071161,47.37049589274205]]},"properties":{"layer":"LKZ1315-MLU1","infraType":"water","geomType":"pipe","source":"order_55335/NIS_ZH_WVZ.dxf","_dedupKey":"2683255.1,1247213.2|2683258.6,1247212.9"}},{"type":"Feature","geometry":{"type":"LineString","coordinates":[[8.540967454071161,47.37049589274205],[8.540973068725682,47.370496558768686],[8.54097366770934,47.37049479000186]]},"properties":{"layer":"LKZ1315-MLU1","infraType":"water","geomType":"pipe","source":"order_55335/NIS_ZH_WVZ.dxf","_dedupKey":"2683258.6,1247212.9|2683259,1247212.8"}},{"type":"Feature","geometry":{"type":"LineString","coordinates":[[8.540940430493078,47.37148137173087],[8.540945469054668,47.3714618581379],[8.54094920102688,47.37144383221892],[8.54095064593261,47.37143942879549],[8.540956976395448,47.371420919324464],[8.540986590297399,47.37133545261065],[8.540995137403002,47.371312082589654],[8.541008464562447,47.371273348202735],[8.54102064561288,47.371240660499495],[8.541034872945636,47.37121280165117],[8.541058628944658,47.37118470793199],[8.541060493984867,47.37118269320722],[8.541075293546818,47.371165218292425],[8.541078703050212,47.3711476092219],[8.541076960216147,47.37114080753118],[8.541087287430996,47.371101076318425],[8.541095234642935,47.37107367318981],[8.541108769257592,47.37102256847202],[8.541120964284353,47.37097647784321],[8.541133236613556,47.37095397176585],[8.541129953404248,47.370933512146],[8.54112490303541,47.370900593116275],[8.541123210000295,47.370889797102386],[8.54112214604431,47.37088316883488],[8.54110409616229,47.37082158939463],[8.541102420425108,47.37081547069488],[8.541096294936583,47.37079458844522],[8.541094386523774,47.37078810316492],[8.541080774226977,47.37074325732477],[8.54107989474168,47.37073914593897],[8.541071682627722,47.37071148326793],[8.54106809622678,47.3706994100223],[8.541068138894486,47.37069635126278],[8.54105951860328,47.370658554948264]]},"properties":{"layer":"LKZ1314-MLU1","infraType":"water","geomType":"pipe","source":"order_55335/NIS_ZH_WVZ.dxf","_dedupKey":"2683255,1247322.4|2683265.3,1247231.1"}},{"type":"Feature","geometry":{"type":"LineString","coordinates":[[8.541123210000295,47.370889797102386],[8.541119376648114,47.37089011254197],[8.54107368220219,47.37089395785469]]},"properties":{"layer":"LKZ1315-MLU1","infraType":"water","geomType":"pipe","source":"order_55335/NIS_ZH_WVZ.dxf","_dedupKey":"2683266,1247257.3|2683269.7,1247256.9"}},{"type":"Feature","geometry":{"type":"LineString","coordinates":[[8.54050789061662,47.37070792195276],[8.540511302883205,47.370678268362035],[8.540511403623505,47.37067737688088]]},"properties":{"layer":"LKZ1315-MLU1","infraType":"water","geomType":"pipe","source":"order_55335/NIS_ZH_WVZ.dxf","_dedupKey":"2683223.5,1247236|2683223.9,1247232.6"}},{"type":"Feature","geometry":{"type":"LineString","coordinates":[[8.540615856010568,47.37076936326531],[8.54061901483301,47.370771006226065],[8.540590549707664,47.37079548375847]]},"properties":{"layer":"LKZ1315-MLU1","infraType":"water","geomType":"pipe","source":"order_55335/NIS_ZH_WVZ.dxf","_dedupKey":"2683229.6,1247245.8|2683231.6,1247242.9"}},{"type":"Feature","geometry":{"type":"LineString","coordinates":[[8.540509657091189,47.370713949843505],[8.540615856010568,47.37076936326531]]},"properties":{"layer":"LKZ1315-MLU1","infraType":"water","geomType":"pipe","source":"order_55335/NIS_ZH_WVZ.dxf","_dedupKey":"2683223.7,1247236.7|2683231.6,1247242.9"}},{"type":"Feature","geometry":{"type":"LineString","coordinates":[[8.54050789061662,47.37070792195276],[8.540507474788422,47.370711505990485]]},"properties":{"layer":"LKZ1315-MLU1","infraType":"water","geomType":"pipe","source":"order_55335/NIS_ZH_WVZ.dxf","_dedupKey":"2683223.5,1247236|2683223.5,1247236.4"}},{"type":"Feature","geometry":{"type":"LineString","coordinates":[[8.540507474788422,47.370711505990485],[8.540507307856506,47.37071239810313],[8.540508184705104,47.37071318131154],[8.540509657091189,47.370713949843505]]},"properties":{"layer":"LKZ1315-MLU1","infraType":"water","geomType":"pipe","source":"order_55335/NIS_ZH_WVZ.dxf","_dedupKey":"2683223.5,1247236.4|2683223.7,1247236.7"}},{"type":"Feature","geometry":{"type":"LineString","coordinates":[[8.541233217523212,47.37039249335549],[8.541229510636912,47.37039251974689],[8.541206461973937,47.370392694795],[8.54119951792541,47.370391771615395],[8.541187988091457,47.37038999269493],[8.541168366641232,47.370386222127635],[8.541118650393539,47.37038380924519],[8.541105758098416,47.37039041781043],[8.541105107559058,47.37039417499934]]},"properties":{"layer":"LKZ1315-MLU1","infraType":"water","geomType":"pipe","source":"order_55335/NIS_ZH_WVZ.dxf","_dedupKey":"2683269.1,1247201.7|2683278.8,1247201.7"}},{"type":"Feature","geometry":{"type":"LineString","coordinates":[[8.54107989474168,47.37073914593897],[8.541085322631403,47.370739103125864],[8.541089440147564,47.370738443159134],[8.54109433649141,47.37073766781656]]},"properties":{"layer":"LKZ1315-MLU1","infraType":"water","geomType":"pipe","source":"order_55335/NIS_ZH_WVZ.dxf","_dedupKey":"2683266.7,1247240.1|2683267.8,1247239.9"}},{"type":"Feature","geometry":{"type":"LineString","coordinates":[[8.54152899835389,47.37149101803138],[8.541530746314526,47.37148846470788],[8.541563550039477,47.37144201533802],[8.541578871124976,47.371422232620155],[8.541593809478943,47.371400591558206],[8.54158848064154,47.37137534807472],[8.541579958869177,47.37134681586889],[8.541569262943717,47.37130663770994],[8.541575735581564,47.37128477165244],[8.541565094431764,47.37126835816355],[8.541564256130984,47.37126367969373],[8.541561144331055,47.371246393738545],[8.541553348717423,47.37120303957891],[8.541542548213629,47.37115460486416],[8.541535230693803,47.371120277271054],[8.541531786019261,47.37109138175006],[8.541530387756628,47.371078837867486],[8.541528442424234,47.371053292216814],[8.541489964063983,47.37101873144518],[8.541478927137746,47.371006864279316],[8.541460163997694,47.37098763189093],[8.541436710996585,47.37096315512741],[8.541414704418603,47.37094139008074],[8.541411848511379,47.37093647001349],[8.541384840285113,47.37088990810071],[8.541379651289056,47.370880377803445],[8.54137030208023,47.37087136396791],[8.541365911249441,47.37086713319035]]},"properties":{"layer":"LKZ1314-MLU1","infraType":"water","geomType":"pipe","source":"order_55335/NIS_ZH_WVZ.dxf","_dedupKey":"2683288.1,1247254.6|2683299.4,1247324.1"}},{"type":"Feature","geometry":{"type":"LineString","coordinates":[[8.541365911249441,47.37086713319035],[8.541364006318922,47.37086529837552],[8.541362101388536,47.3708634635607]]},"properties":{"layer":"LKZ1314-MLU1","infraType":"water","geomType":"pipe","source":"order_55335/NIS_ZH_WVZ.dxf","_dedupKey":"2683287.8,1247254.2|2683288.1,1247254.6"}},{"type":"Feature","geometry":{"type":"LineString","coordinates":[[8.541443304648766,47.37085241580081],[8.541444491082023,47.370860482121],[8.541453153071838,47.370859958654016],[8.54145710723941,47.37085972300613]]},"properties":{"layer":"LKZ1314-MLU1","infraType":"water","geomType":"pipe","source":"order_55335/NIS_ZH_WVZ.dxf","_dedupKey":"2683294,1247253|2683295,1247253.9"}},{"type":"Feature","geometry":{"type":"LineString","coordinates":[[8.54136948877884,47.370862772365804],[8.541377699322432,47.37085898797374],[8.541443304648766,47.37085241580081]]},"properties":{"layer":"LKZ1314-MLU1","infraType":"water","geomType":"pipe","source":"order_55335/NIS_ZH_WVZ.dxf","_dedupKey":"2683288.4,1247254.1|2683294,1247253"}},{"type":"Feature","geometry":{"type":"LineString","coordinates":[[8.541443304648766,47.37085241580081],[8.5414466211433,47.370852078299926]]},"properties":{"layer":"LKZ1315-MLU1","infraType":"water","geomType":"pipe","source":"order_55335/NIS_ZH_WVZ.dxf","_dedupKey":"2683294,1247253|2683294.2,1247253"}},{"type":"Feature","geometry":{"type":"LineString","coordinates":[[8.5414466211433,47.370852078299926],[8.541449567708835,47.37085178031157]]},"properties":{"layer":"LKZ1315-MLU1","infraType":"water","geomType":"pipe","source":"order_55335/NIS_ZH_WVZ.dxf","_dedupKey":"2683294.2,1247253|2683294.4,1247253"}},{"type":"Feature","geometry":{"type":"LineString","coordinates":[[8.541449567708835,47.37085178031157],[8.541455276061379,47.370851213084414]]},"properties":{"layer":"LKZ1315-MLU1","infraType":"water","geomType":"pipe","source":"order_55335/NIS_ZH_WVZ.dxf","_dedupKey":"2683294.4,1247253|2683294.9,1247252.9"}},{"type":"Feature","geometry":{"type":"LineString","coordinates":[[8.541616162358157,47.370836921696146],[8.541616554193398,47.37083922071378]]},"properties":{"layer":"LKZ1315-MLU1","infraType":"water","geomType":"pipe","source":"order_55335/NIS_ZH_WVZ.dxf","_dedupKey":"2683307,1247251.5|2683307.1,1247251.8"}},{"type":"Feature","geometry":{"type":"LineString","coordinates":[[8.541623192106746,47.37082278614468],[8.541624454378352,47.37082811721225],[8.541620837685073,47.37082866447357],[8.541621120130058,47.370829516316]]},"properties":{"layer":"LKZ1315-MLU1","infraType":"water","geomType":"pipe","source":"order_55335/NIS_ZH_WVZ.dxf","_dedupKey":"2683307.4,1247250.7|2683307.6,1247249.9"}},{"type":"Feature","geometry":{"type":"LineString","coordinates":[[8.541455276061379,47.370851213084414],[8.541609224277702,47.370834370360804]]},"properties":{"layer":"LKZ1315-MLU1","infraType":"water","geomType":"pipe","source":"order_55335/NIS_ZH_WVZ.dxf","_dedupKey":"2683294.9,1247252.9|2683306.5,1247251.2"}},{"type":"Feature","geometry":{"type":"LineString","coordinates":[[8.5416293367451,47.3708317855866],[8.541694798321533,47.370823388626505]]},"properties":{"layer":"LKZ1315-MLU1","infraType":"water","geomType":"pipe","source":"order_55335/NIS_ZH_WVZ.dxf","_dedupKey":"2683308,1247250.9|2683313,1247250.1"}},{"type":"Feature","geometry":{"type":"LineString","coordinates":[[8.541609224277702,47.370834370360804],[8.54161117871139,47.370834117823144]]},"properties":{"layer":"LKZ1315-MLU1","infraType":"water","geomType":"pipe","source":"order_55335/NIS_ZH_WVZ.dxf","_dedupKey":"2683306.5,1247251.2|2683306.7,1247251.2"}},{"type":"Feature","geometry":{"type":"LineString","coordinates":[[8.54161117871139,47.370834117823144],[8.541615602756808,47.37083355385717],[8.54162217925231,47.370832708476854],[8.541627382311585,47.370832038124576]]},"properties":{"layer":"LKZ1315-MLU1","infraType":"water","geomType":"pipe","source":"order_55335/NIS_ZH_WVZ.dxf","_dedupKey":"2683306.7,1247251.2|2683307.9,1247251"}},{"type":"Feature","geometry":{"type":"LineString","coordinates":[[8.541627382311585,47.370832038124576],[8.5416293367451,47.3708317855866]]},"properties":{"layer":"LKZ1315-MLU1","infraType":"water","geomType":"pipe","source":"order_55335/NIS_ZH_WVZ.dxf","_dedupKey":"2683307.9,1247251|2683308,1247250.9"}},{"type":"Feature","geometry":{"type":"LineString","coordinates":[[8.541694798321533,47.370823388626505],[8.54170652342969,47.37082180144451],[8.541706898308316,47.37082392072076],[8.54170818605973,47.370831122536224],[8.54171317693103,47.37085922970513]]},"properties":{"layer":"LKZ1315-MLU1","infraType":"water","geomType":"pipe","source":"order_55335/NIS_ZH_WVZ.dxf","_dedupKey":"2683313,1247250.1|2683314.3,1247254.1"}},{"type":"Feature","geometry":{"type":"LineString","coordinates":[[8.54171317693103,47.37085922970513],[8.541714122050863,47.370864590786105],[8.541721881412776,47.370863958982255]]},"properties":{"layer":"LKZ1315-MLU1","infraType":"water","geomType":"pipe","source":"order_55335/NIS_ZH_WVZ.dxf","_dedupKey":"2683314.3,1247254.1|2683315,1247254.6"}},{"type":"Feature","geometry":{"type":"LineString","coordinates":[[8.541615602756808,47.37083355385717],[8.541615921328999,47.37083551175863],[8.541616162358157,47.370836921696146]]},"properties":{"layer":"LKZ1315-MLU1","infraType":"water","geomType":"pipe","source":"order_55335/NIS_ZH_WVZ.dxf","_dedupKey":"2683307,1247251.1|2683307,1247251.5"}},{"type":"Feature","geometry":{"type":"LineString","coordinates":[[8.54162217925231,47.370832708476854],[8.541621444709188,47.37083048469311],[8.541621120130058,47.370829516316]]},"properties":{"layer":"LKZ1315-MLU1","infraType":"water","geomType":"pipe","source":"order_55335/NIS_ZH_WVZ.dxf","_dedupKey":"2683307.4,1247250.7|2683307.5,1247251"}},{"type":"Feature","geometry":{"type":"LineString","coordinates":[[8.541212030190053,47.37044360818728],[8.541211664790799,47.37044642715876]]},"properties":{"layer":"LKZ1314-MLU1","infraType":"water","geomType":"pipe","source":"order_55335/NIS_ZH_WVZ.dxf","_dedupKey":"2683277.1,1247207.3|2683277.1,1247207.7"}},{"type":"Feature","geometry":{"type":"LineString","coordinates":[[8.541202805260243,47.370557745811126],[8.5412094053527,47.370558042613325]]},"properties":{"layer":"LKZ1314-MLU1","infraType":"water","geomType":"pipe","source":"order_55335/NIS_ZH_WVZ.dxf","_dedupKey":"2683276.3,1247220|2683276.8,1247220.1"}},{"type":"Feature","geometry":{"type":"LineString","coordinates":[[8.541058651210644,47.370655028131814],[8.54105951860328,47.370658554948264]]},"properties":{"layer":"LKZ1314-MLU1","infraType":"water","geomType":"pipe","source":"order_55335/NIS_ZH_WVZ.dxf","_dedupKey":"2683265.2,1247230.7|2683265.3,1247231.1"}},{"type":"Feature","geometry":{"type":"LineString","coordinates":[[8.541275732154686,47.37056204194613],[8.541276073679255,47.370559349134616],[8.541276607140693,47.37055505335322],[8.541278207697456,47.370554336451406],[8.54128200414838,47.370545197112044],[8.541284679781464,47.37053692301223]]},"properties":{"layer":"LKZ1315-MLU1","infraType":"water","geomType":"pipe","source":"order_55335/NIS_ZH_WVZ.dxf","_dedupKey":"2683281.8,1247220.6|2683282.5,1247217.8"}},{"type":"Feature","geometry":{"type":"LineString","coordinates":[[8.541531214460688,47.37058634528924],[8.541531967288995,47.370583693525184],[8.541532772325978,47.37058100528203],[8.54153382296245,47.37057738819271],[8.541536443585148,47.37056837700934]]},"properties":{"layer":"LKZ1315-MLU1","infraType":"water","geomType":"pipe","source":"order_55335/NIS_ZH_WVZ.dxf","_dedupKey":"2683301,1247223.6|2683301.4,1247221.6"}},{"type":"Feature","geometry":{"type":"LineString","coordinates":[[8.541414904751178,47.37057089576204],[8.54141451009446,47.370573580086194],[8.54141452997381,47.37057518103388],[8.541412500742023,47.37057629781728],[8.541411973431106,47.37058089038071],[8.54141063585418,47.370592398959]]},"properties":{"layer":"LKZ1315-MLU1","infraType":"water","geomType":"pipe","source":"order_55335/NIS_ZH_WVZ.dxf","_dedupKey":"2683291.9,1247224.1|2683292.3,1247221.7"}},{"type":"Feature","geometry":{"type":"LineString","coordinates":[[8.540646221111087,47.37047235943092],[8.540650699130008,47.37047312626949],[8.540732572202675,47.37048232969962],[8.540803598521414,47.37050165717839],[8.540917690081258,47.37049885932996]]},"properties":{"layer":"LKZ1314-MLU1","infraType":"water","geomType":"pipe","source":"order_55335/NIS_ZH_WVZ.dxf","_dedupKey":"2683234.4,1247209.9|2683254.8,1247213.2"}},{"type":"Feature","geometry":{"type":"LineString","coordinates":[[8.540917690081258,47.37049885932996],[8.54092166118205,47.37049880344163]]},"properties":{"layer":"LKZ1315-MLU1","infraType":"water","geomType":"pipe","source":"order_55335/NIS_ZH_WVZ.dxf","_dedupKey":"2683254.8,1247213.2|2683255.1,1247213.2"}},{"type":"Feature","geometry":{"type":"LineString","coordinates":[[8.541058134030614,47.37065050850574],[8.541058651210644,47.370655028131814]]},"properties":{"layer":"LKZ1314-MLU1","infraType":"water","geomType":"pipe","source":"order_55335/NIS_ZH_WVZ.dxf","_dedupKey":"2683265.2,1247230.2|2683265.2,1247230.7"}},{"type":"Feature","geometry":{"type":"LineString","coordinates":[[8.541585534669734,47.370593040701145],[8.541586282630904,47.37059079376521],[8.541587079823394,47.37058836645599],[8.54159095842209,47.37058895907917],[8.541591893021241,47.37058677332696],[8.541596706932093,47.37057689565329]]},"properties":{"layer":"LKZ1315-MLU1","infraType":"water","geomType":"pipe","source":"order_55335/NIS_ZH_WVZ.dxf","_dedupKey":"2683305.1,1247224.4|2683306,1247222.6"}},{"type":"Feature","geometry":{"type":"LineString","coordinates":[[8.541577639360764,47.37066709224695],[8.541577246784902,47.37066923684249]]},"properties":{"layer":"LKZ1315-MLU1","infraType":"water","geomType":"pipe","source":"order_55335/NIS_ZH_WVZ.dxf","_dedupKey":"2683304.4,1247232.6|2683304.4,1247232.8"}},{"type":"Feature","geometry":{"type":"LineString","coordinates":[[8.541582799731293,47.370638762203676],[8.54158227697966,47.37064165464013]]},"properties":{"layer":"LKZ1315-MLU1","infraType":"water","geomType":"pipe","source":"order_55335/NIS_ZH_WVZ.dxf","_dedupKey":"2683304.8,1247229.4|2683304.8,1247229.8"}},{"type":"Feature","geometry":{"type":"LineString","coordinates":[[8.54158227697966,47.37064165464013],[8.541577639360764,47.37066709224695]]},"properties":{"layer":"LKZ1315-MLU1","infraType":"water","geomType":"pipe","source":"order_55335/NIS_ZH_WVZ.dxf","_dedupKey":"2683304.4,1247232.6|2683304.8,1247229.8"}},{"type":"Feature","geometry":{"type":"LineString","coordinates":[[8.541576716736115,47.37059178462708],[8.541575961304783,47.37059431048414],[8.541574660605937,47.37059864057895],[8.541582406325114,47.37061590927228],[8.541583372267448,47.370617798025954],[8.541583592825667,47.3706182186921],[8.541583326093821,47.370620685911575]]},"properties":{"layer":"LKZ1315-MLU1","infraType":"water","geomType":"pipe","source":"order_55335/NIS_ZH_WVZ.dxf","_dedupKey":"2683304.4,1247224.2|2683304.9,1247227.4"}},{"type":"Feature","geometry":{"type":"LineString","coordinates":[[8.541583326093821,47.370620685911575],[8.541582849945968,47.370637349484845]]},"properties":{"layer":"LKZ1315-MLU1","infraType":"water","geomType":"pipe","source":"order_55335/NIS_ZH_WVZ.dxf","_dedupKey":"2683304.8,1247229.3|2683304.9,1247227.4"}},{"type":"Feature","geometry":{"type":"LineString","coordinates":[[8.541582849945968,47.370637349484845],[8.541582817648038,47.37063834825546],[8.541582799731293,47.370638762203676]]},"properties":{"layer":"LKZ1315-MLU1","infraType":"water","geomType":"pipe","source":"order_55335/NIS_ZH_WVZ.dxf","_dedupKey":"2683304.8,1247229.3|2683304.8,1247229.4"}},{"type":"Feature","geometry":{"type":"LineString","coordinates":[[8.541206688084026,47.37044011509197],[8.541206424125894,47.370442717211375],[8.541204930006002,47.37045946246168],[8.541201895414655,47.370506715990665],[8.541198321428705,47.370557338855505],[8.541197873404483,47.370579849008216],[8.541197953856624,47.370597181902326],[8.541212506314702,47.37062666402846],[8.54123359376213,47.370665456719365],[8.541249781265266,47.370695247057704],[8.541272379486962,47.37073666089907],[8.541308793386502,47.37080457749189],[8.541334059027625,47.370848196653526],[8.541343529524417,47.370850912726446],[8.541352263250335,47.37085961760987],[8.541374689273812,47.370881819426316],[8.541380301408521,47.370893882317276],[8.541411963007343,47.37094456455853],[8.541454062675271,47.37099032572645],[8.541482711931565,47.37102148124624],[8.54152083064314,47.371059778442984],[8.541522538301315,47.37107511686415],[8.541524519977747,47.371092179738135],[8.541529142466409,47.37112168467839],[8.54153548929923,47.37115581465208],[8.541544504498304,47.371203717710515],[8.541552979200322,47.3712421360424],[8.541560494528449,47.37126874390332],[8.54157277711038,47.37128833499794],[8.541564936445603,47.37130551864861],[8.541570124852258,47.37133101533886],[8.541573515624474,47.37134770494946],[8.541579757162264,47.37137738332378],[8.541583679981214,47.37140570758087],[8.541572901823969,47.37141915031263],[8.541558070614112,47.37143765104033],[8.54152902119706,47.37147996277109]]},"properties":{"layer":"LKZ1319-MLU1","infraType":"water","geomType":"pipe","source":"order_55335/NIS_ZH_WVZ.dxf","_dedupKey":"2683276.7,1247207|2683299.5,1247322.9"}},{"type":"Feature","geometry":{"type":"LineString","coordinates":[[8.541214804438038,47.3706135811268],[8.541211654070898,47.370614267846406]]},"properties":{"layer":"LKZ1314-MLU1","infraType":"water","geomType":"pipe","source":"order_55335/NIS_ZH_WVZ.dxf","_dedupKey":"2683276.8,1247226.3|2683277.1,1247226.2"}},{"type":"Feature","geometry":{"type":"LineString","coordinates":[[8.541211654070898,47.370614267846406],[8.541124820474872,47.37063476013064],[8.541090963087681,47.37064306200295],[8.541077196943819,47.37064711528586],[8.541065024850543,47.370650136899975],[8.541058134030614,47.37065050850574],[8.541051295977717,47.37065087061227],[8.541043476420834,47.37065499306549],[8.541030850634579,47.370655284479525],[8.541022866124335,47.370654632079074],[8.541017653622607,47.37065420508555]]},"properties":{"layer":"LKZ1314-MLU1","infraType":"water","geomType":"pipe","source":"order_55335/NIS_ZH_WVZ.dxf","_dedupKey":"2683262.1,1247230.6|2683276.8,1247226.3"}},{"type":"Feature","geometry":{"type":"LineString","coordinates":[[8.541211664790799,47.37044642715876],[8.541211108695094,47.3704598712282],[8.54120716966111,47.37050628784664],[8.541202805260243,47.370557745811126],[8.541200361298674,47.37058298255821],[8.541206275579379,47.370595573287915],[8.541211799845268,47.37060723224433],[8.541213793585472,47.37061144093458]]},"properties":{"layer":"LKZ1314-MLU1","infraType":"water","geomType":"pipe","source":"order_55335/NIS_ZH_WVZ.dxf","_dedupKey":"2683277,1247226|2683277.1,1247207.7"}},{"type":"Feature","geometry":{"type":"LineString","coordinates":[[8.541213793585472,47.37061144093458],[8.541214804438038,47.3706135811268],[8.541215817894976,47.370615847226375]]},"properties":{"layer":"LKZ1314-MLU1","infraType":"water","geomType":"pipe","source":"order_55335/NIS_ZH_WVZ.dxf","_dedupKey":"2683277,1247226|2683277.1,1247226.5"}},{"type":"Feature","geometry":{"type":"LineString","coordinates":[[8.541362101388536,47.3708634635607],[8.541355636321473,47.370857534511586],[8.541339588976538,47.37084284571354],[8.541334940678786,47.37084217047862],[8.541321452935618,47.370816797984354],[8.541313682350985,47.370802165092506],[8.541277465256874,47.37073608163372],[8.541259315447402,47.370702963835015],[8.541253444642246,47.370693116215165],[8.54123935867619,47.370663143902895],[8.541220432226329,47.37062448350161],[8.541217634732526,47.37061918507531],[8.541215815290688,47.37061572131907]]},"properties":{"layer":"LKZ1314-MLU1","infraType":"water","geomType":"pipe","source":"order_55335/NIS_ZH_WVZ.dxf","_dedupKey":"2683277.1,1247226.5|2683287.8,1247254.2"}},{"type":"Feature","geometry":{"type":"LineString","coordinates":[[8.541321452935618,47.370816797984354],[8.54132551359474,47.3708159496538],[8.541333384500776,47.37081430935393],[8.541349272950741,47.37080915636057],[8.541393110863499,47.37079493926031],[8.5414206896471,47.370785878687855],[8.541446237125646,47.370782315552404],[8.54147084553597,47.37077624273449]]},"properties":{"layer":"LKZ1315-MLU1","infraType":"water","geomType":"pipe","source":"order_55335/NIS_ZH_WVZ.dxf","_dedupKey":"2683284.8,1247248.9|2683296.2,1247244.6"}},{"type":"Feature","geometry":{"type":"LineString","coordinates":[[8.541259315447402,47.370702963835015],[8.541263238879164,47.37070188294258],[8.541270019393568,47.370700019182095],[8.541270282671158,47.37069994470751],[8.541284779500582,47.37070048994496]]},"properties":{"layer":"LKZ1315-MLU1","infraType":"water","geomType":"pipe","source":"order_55335/NIS_ZH_WVZ.dxf","_dedupKey":"2683280.3,1247236.2|2683282.2,1247236"}},{"type":"Feature","geometry":{"type":"LineString","coordinates":[[8.541124820474872,47.37063476013064],[8.541121116681165,47.370628534856934],[8.541103764957246,47.37059686663101],[8.541096946996953,47.37058347495804],[8.54109564921817,47.37058090573609]]},"properties":{"layer":"LKZ1317-MLU1","infraType":"water","geomType":"pipe","source":"order_55335/NIS_ZH_WVZ.dxf","_dedupKey":"2683268.1,1247222.5|2683270.2,1247228.5"}},{"type":"Feature","geometry":{"type":"LineString","coordinates":[[8.541090963087681,47.37064306200295],[8.541089629870893,47.370640700007755],[8.54108872229273,47.3706390715525],[8.541074256671738,47.37061186435661],[8.541056343800731,47.37059019509579],[8.541047550463896,47.37057860331472],[8.541050691892078,47.37057044171191]]},"properties":{"layer":"LKZ1315-MLU1","infraType":"water","geomType":"pipe","source":"order_55335/NIS_ZH_WVZ.dxf","_dedupKey":"2683264.7,1247221.3|2683267.7,1247229.4"}},{"type":"Feature","geometry":{"type":"LineString","coordinates":[[8.5412094053527,47.370558042613325],[8.541236421007863,47.37055952977986],[8.541240477867216,47.37055977889721],[8.541275732154686,47.37056204194613],[8.541290846277963,47.3705629860714],[8.541312135010948,47.37056414110151],[8.54132407849443,47.3705647916664],[8.541350515951844,47.370566491214916],[8.54139318103991,47.3705691961994],[8.541414904751178,47.37057089576204],[8.541427456453132,47.37057150452859],[8.541438229932057,47.37056808245255],[8.541446086545305,47.37056831327311],[8.541456692874089,47.37057537214646],[8.541473807014912,47.37057826709036],[8.541502576168975,47.370582588915944],[8.541531214460688,47.37058634528924],[8.541576716736115,47.37059178462708],[8.541585534669734,47.370593040701145]]},"properties":{"layer":"LKZ1314-MLU1","infraType":"water","geomType":"pipe","source":"order_55335/NIS_ZH_WVZ.dxf","_dedupKey":"2683276.8,1247220.1|2683305.1,1247224.4"}},{"type":"Feature","geometry":{"type":"LineString","coordinates":[[8.541585534669734,47.370593040701145],[8.541601368299526,47.370594841450085],[8.541681140535788,47.37060488283099],[8.541725666560422,47.37061049334637],[8.5418004206322,47.37061989893892]]},"properties":{"layer":"LKZ1317-MLU1","infraType":"water","geomType":"pipe","source":"order_55335/NIS_ZH_WVZ.dxf","_dedupKey":"2683305.1,1247224.4|2683321.3,1247227.6"}},{"type":"Feature","geometry":{"type":"LineString","coordinates":[[8.5418004206322,47.37061989893892],[8.541806287954069,47.370620616482945],[8.541802922118634,47.37063456413521],[8.54180173869675,47.37063944181706]]},"properties":{"layer":"LKZ1317-MLU1","infraType":"water","geomType":"pipe","source":"order_55335/NIS_ZH_WVZ.dxf","_dedupKey":"2683321.3,1247227.6|2683321.4,1247229.7"}},{"type":"Feature","geometry":{"type":"LineString","coordinates":[[8.541364006318922,47.37086529837552],[8.541366707182783,47.370864004273045],[8.54136948877884,47.370862772365804]]},"properties":{"layer":"LKZ1314-MLU1","infraType":"water","geomType":"pipe","source":"order_55335/NIS_ZH_WVZ.dxf","_dedupKey":"2683287.9,1247254.4|2683288.4,1247254.1"}},{"type":"Feature","geometry":{"type":"LineString","coordinates":[[8.541007467280425,47.37065336681038],[8.541017653622607,47.37065420508555]]},"properties":{"layer":"LKZ1314-MLU1","infraType":"water","geomType":"pipe","source":"order_55335/NIS_ZH_WVZ.dxf","_dedupKey":"2683261.4,1247230.4|2683262.1,1247230.6"}},{"type":"Feature","geometry":{"type":"LineString","coordinates":[[8.541312135010948,47.37056414110151],[8.541312476719739,47.37056145728323],[8.541313115995372,47.37055907645937],[8.541319147857545,47.370541505308154]]},"properties":{"layer":"LKZ1315-MLU1","infraType":"water","geomType":"pipe","source":"order_55335/NIS_ZH_WVZ.dxf","_dedupKey":"2683284.5,1247220.9|2683285.1,1247218.3"}},{"type":"Feature","geometry":{"type":"Point","coordinates":[8.540549038093541,47.370666673420395]},"properties":{"layer":"LKZ1322-MSU-","infraType":"water","geomType":"fitting","source":"order_55335/NIS_ZH_WVZ.dxf","_dedupKey":"2683226.7,1247231.4"}},{"type":"Feature","geometry":{"type":"Point","coordinates":[8.541089775576397,47.370900631568105]},"properties":{"layer":"LKZ1322-MSU-","infraType":"water","geomType":"fitting","source":"order_55335/NIS_ZH_WVZ.dxf","_dedupKey":"2683267.2,1247258"}},{"type":"Feature","geometry":{"type":"Point","coordinates":[8.540647761033629,47.37045654025343]},"properties":{"layer":"LKZ1322-MSU-","infraType":"water","geomType":"fitting","source":"order_55335/NIS_ZH_WVZ.dxf","_dedupKey":"2683234.5,1247208.2"}},{"type":"Feature","geometry":{"type":"Point","coordinates":[8.54145710723941,47.37085972300613]},"properties":{"layer":"LKZ1322-MSU-","infraType":"water","geomType":"fitting","source":"order_55335/NIS_ZH_WVZ.dxf","_dedupKey":"2683295,1247253.9"}},{"type":"Feature","geometry":{"type":"Point","coordinates":[8.54180173869675,47.37063944181706]},"properties":{"layer":"LKZ1322-MSU-","infraType":"water","geomType":"fitting","source":"order_55335/NIS_ZH_WVZ.dxf","_dedupKey":"2683321.4,1247229.7"}},{"type":"Feature","geometry":{"type":"Point","coordinates":[8.54109564921817,47.37058090573609]},"properties":{"layer":"LKZ1322-MSU-","infraType":"water","geomType":"fitting","source":"order_55335/NIS_ZH_WVZ.dxf","_dedupKey":"2683268.1,1247222.5"}},{"type":"Feature","geometry":{"type":"Point","coordinates":[8.5402848377956,47.37057995273556]},"properties":{"layer":"LKZ1321-MSU-","infraType":"water","geomType":"fitting","source":"order_55335/NIS_ZH_WVZ.dxf","_dedupKey":"2683206.9,1247221.5"}},{"type":"Feature","geometry":{"type":"Point","coordinates":[8.540453215489325,47.37062255781343]},"properties":{"layer":"LKZ1321-MSU-","infraType":"water","geomType":"fitting","source":"order_55335/NIS_ZH_WVZ.dxf","_dedupKey":"2683219.5,1247226.4"}},{"type":"Feature","geometry":{"type":"Point","coordinates":[8.540511302883205,47.370678268362035]},"properties":{"layer":"LKZ1321-MSU-","infraType":"water","geomType":"fitting","source":"order_55335/NIS_ZH_WVZ.dxf","_dedupKey":"2683223.8,1247232.7"}},{"type":"Feature","geometry":{"type":"Point","coordinates":[8.540731135363394,47.37064210633121]},"properties":{"layer":"LKZ1321-MSU-","infraType":"water","geomType":"fitting","source":"order_55335/NIS_ZH_WVZ.dxf","_dedupKey":"2683240.5,1247228.9"}},{"type":"Feature","geometry":{"type":"Point","coordinates":[8.540905946116034,47.370639763553946]},"properties":{"layer":"LKZ1321-MSU-","infraType":"water","geomType":"fitting","source":"order_55335/NIS_ZH_WVZ.dxf","_dedupKey":"2683253.7,1247228.8"}},{"type":"Feature","geometry":{"type":"Point","coordinates":[8.540932395328568,47.370645232055566]},"properties":{"layer":"LKZ1321-MSU-","infraType":"water","geomType":"fitting","source":"order_55335/NIS_ZH_WVZ.dxf","_dedupKey":"2683255.7,1247229.5"}},{"type":"Feature","geometry":{"type":"Point","coordinates":[8.540472744957885,47.37062187677914]},"properties":{"layer":"LKZ1321-MSU-","infraType":"water","geomType":"fitting","source":"order_55335/NIS_ZH_WVZ.dxf","_dedupKey":"2683221,1247226.4"}},{"type":"Feature","geometry":{"type":"Point","coordinates":[8.541080774226977,47.37074325732477]},"properties":{"layer":"LKZ1321-MSU-","infraType":"water","geomType":"fitting","source":"order_55335/NIS_ZH_WVZ.dxf","_dedupKey":"2683266.7,1247240.5"}},{"type":"Feature","geometry":{"type":"Point","coordinates":[8.54109138623022,47.37078900433234]},"properties":{"layer":"LKZ1321-MSU-","infraType":"water","geomType":"fitting","source":"order_55335/NIS_ZH_WVZ.dxf","_dedupKey":"2683267.5,1247245.6"}},{"type":"Feature","geometry":{"type":"Point","coordinates":[8.54110560323428,47.37081507151371]},"properties":{"layer":"LKZ1321-MSU-","infraType":"water","geomType":"fitting","source":"order_55335/NIS_ZH_WVZ.dxf","_dedupKey":"2683268.5,1247248.5"}},{"type":"Feature","geometry":{"type":"Point","coordinates":[8.541119376648114,47.37089011254197]},"properties":{"layer":"LKZ1321-MSU-","infraType":"water","geomType":"fitting","source":"order_55335/NIS_ZH_WVZ.dxf","_dedupKey":"2683269.4,1247256.9"}},{"type":"Feature","geometry":{"type":"Point","coordinates":[8.540167173897828,47.370528426318145]},"properties":{"layer":"LKZ1321-MSU-","infraType":"water","geomType":"fitting","source":"order_55335/NIS_ZH_WVZ.dxf","_dedupKey":"2683198.1,1247215.7"}},{"type":"Feature","geometry":{"type":"Point","coordinates":[8.540249275396828,47.370557012466755]},"properties":{"layer":"LKZ1321-MSU-","infraType":"water","geomType":"fitting","source":"order_55335/NIS_ZH_WVZ.dxf","_dedupKey":"2683204.2,1247218.9"}},{"type":"Feature","geometry":{"type":"Point","coordinates":[8.540294063470364,47.37037926383343]},"properties":{"layer":"LKZ1321-MSU-","infraType":"water","geomType":"fitting","source":"order_55335/NIS_ZH_WVZ.dxf","_dedupKey":"2683207.9,1247199.2"}},{"type":"Feature","geometry":{"type":"Point","coordinates":[8.540365493481016,47.3704110909923]},"properties":{"layer":"LKZ1321-MSU-","infraType":"water","geomType":"fitting","source":"order_55335/NIS_ZH_WVZ.dxf","_dedupKey":"2683213.2,1247202.8"}},{"type":"Feature","geometry":{"type":"Point","coordinates":[8.540370698729916,47.37041949678519]},"properties":{"layer":"LKZ1321-MSU-","infraType":"water","geomType":"fitting","source":"order_55335/NIS_ZH_WVZ.dxf","_dedupKey":"2683213.6,1247203.8"}},{"type":"Feature","geometry":{"type":"Point","coordinates":[8.540929195601699,47.37049882148844]},"properties":{"layer":"LKZ1321-MSU-","infraType":"water","geomType":"fitting","source":"order_55335/NIS_ZH_WVZ.dxf","_dedupKey":"2683255.7,1247213.2"}},{"type":"Feature","geometry":{"type":"Point","coordinates":[8.540918237635958,47.370496524359524]},"properties":{"layer":"LKZ1321-MSU-","infraType":"water","geomType":"fitting","source":"order_55335/NIS_ZH_WVZ.dxf","_dedupKey":"2683254.9,1247212.9"}},{"type":"Feature","geometry":{"type":"Point","coordinates":[8.540525538559548,47.370634793907705]},"properties":{"layer":"LKZ1321-MSU-","infraType":"water","geomType":"fitting","source":"order_55335/NIS_ZH_WVZ.dxf","_dedupKey":"2683225,1247227.9"}},{"type":"Feature","geometry":{"type":"Point","coordinates":[8.540614786223047,47.3704639790265]},"properties":{"layer":"LKZ1321-MSU-","infraType":"water","geomType":"fitting","source":"order_55335/NIS_ZH_WVZ.dxf","_dedupKey":"2683232,1247209"}},{"type":"Feature","geometry":{"type":"Point","coordinates":[8.541206688084026,47.37044011509197]},"properties":{"layer":"LKZ1321-MSU-","infraType":"water","geomType":"fitting","source":"order_55335/NIS_ZH_WVZ.dxf","_dedupKey":"2683276.7,1247207"}},{"type":"Feature","geometry":{"type":"Point","coordinates":[8.541229510636912,47.37039251974689]},"properties":{"layer":"LKZ1321-MSU-","infraType":"water","geomType":"fitting","source":"order_55335/NIS_ZH_WVZ.dxf","_dedupKey":"2683278.5,1247201.7"}},{"type":"Feature","geometry":{"type":"Point","coordinates":[8.541089440147564,47.370738443159134]},"properties":{"layer":"LKZ1321-MSU-","infraType":"water","geomType":"fitting","source":"order_55335/NIS_ZH_WVZ.dxf","_dedupKey":"2683267.4,1247240"}},{"type":"Feature","geometry":{"type":"Point","coordinates":[8.54137030208023,47.37087136396791]},"properties":{"layer":"LKZ1323-MSU-","infraType":"water","geomType":"fitting","source":"order_55335/NIS_ZH_WVZ.dxf","_dedupKey":"2683288.4,1247255.1"}},{"type":"Feature","geometry":{"type":"Point","coordinates":[8.541615921328999,47.37083551175863]},"properties":{"layer":"LKZ1321-MSU-","infraType":"water","geomType":"fitting","source":"order_55335/NIS_ZH_WVZ.dxf","_dedupKey":"2683307,1247251.3"}},{"type":"Feature","geometry":{"type":"Point","coordinates":[8.541621444709188,47.37083048469311]},"properties":{"layer":"LKZ1321-MSU-","infraType":"water","geomType":"fitting","source":"order_55335/NIS_ZH_WVZ.dxf","_dedupKey":"2683307.4,1247250.8"}},{"type":"Feature","geometry":{"type":"Point","coordinates":[8.541706898308316,47.37082392072076]},"properties":{"layer":"LKZ1321-MSU-","infraType":"water","geomType":"fitting","source":"order_55335/NIS_ZH_WVZ.dxf","_dedupKey":"2683313.9,1247250.2"}},{"type":"Feature","geometry":{"type":"Point","coordinates":[8.541276073679255,47.370559349134616]},"properties":{"layer":"LKZ1321-MSU-","infraType":"water","geomType":"fitting","source":"order_55335/NIS_ZH_WVZ.dxf","_dedupKey":"2683281.8,1247220.3"}},{"type":"Feature","geometry":{"type":"Point","coordinates":[8.541312476719739,47.37056145728323]},"properties":{"layer":"LKZ1321-MSU-","infraType":"water","geomType":"fitting","source":"order_55335/NIS_ZH_WVZ.dxf","_dedupKey":"2683284.5,1247220.6"}},{"type":"Feature","geometry":{"type":"Point","coordinates":[8.54141451009446,47.370573580086194]},"properties":{"layer":"LKZ1321-MSU-","infraType":"water","geomType":"fitting","source":"order_55335/NIS_ZH_WVZ.dxf","_dedupKey":"2683292.2,1247222"}},{"type":"Feature","geometry":{"type":"Point","coordinates":[8.541531967288995,47.370583693525184]},"properties":{"layer":"LKZ1321-MSU-","infraType":"water","geomType":"fitting","source":"order_55335/NIS_ZH_WVZ.dxf","_dedupKey":"2683301.1,1247223.3"}},{"type":"Feature","geometry":{"type":"Point","coordinates":[8.541575961304783,47.37059431048414]},"properties":{"layer":"LKZ1321-MSU-","infraType":"water","geomType":"fitting","source":"order_55335/NIS_ZH_WVZ.dxf","_dedupKey":"2683304.4,1247224.5"}},{"type":"Feature","geometry":{"type":"Point","coordinates":[8.541586282630904,47.37059079376521]},"properties":{"layer":"LKZ1321-MSU-","infraType":"water","geomType":"fitting","source":"order_55335/NIS_ZH_WVZ.dxf","_dedupKey":"2683305.2,1247224.1"}},{"type":"Feature","geometry":{"type":"Point","coordinates":[8.541058651210644,47.370655028131814]},"properties":{"layer":"LKZ1321-MSU-","infraType":"water","geomType":"fitting","source":"order_55335/NIS_ZH_WVZ.dxf","_dedupKey":"2683265.2,1247230.7"}},{"type":"Feature","geometry":{"type":"Point","coordinates":[8.541022866124335,47.370654632079074]},"properties":{"layer":"LKZ1321-MSU-","infraType":"water","geomType":"fitting","source":"order_55335/NIS_ZH_WVZ.dxf","_dedupKey":"2683262.5,1247230.6"}},{"type":"Feature","geometry":{"type":"Point","coordinates":[8.541211799845268,47.37060723224433]},"properties":{"layer":"LKZ1323-MSU-","infraType":"water","geomType":"fitting","source":"order_55335/NIS_ZH_WVZ.dxf","_dedupKey":"2683276.9,1247225.5"}},{"type":"Feature","geometry":{"type":"Point","coordinates":[8.541240477867216,47.37055977889721]},"properties":{"layer":"LKZ1321-MSU-","infraType":"water","geomType":"fitting","source":"order_55335/NIS_ZH_WVZ.dxf","_dedupKey":"2683279.1,1247220.3"}},{"type":"Feature","geometry":{"type":"Point","coordinates":[8.541217634732526,47.37061918507531]},"properties":{"layer":"LKZ1323-MSU-","infraType":"water","geomType":"fitting","source":"order_55335/NIS_ZH_WVZ.dxf","_dedupKey":"2683277.3,1247226.9"}},{"type":"Feature","geometry":{"type":"Point","coordinates":[8.541263238879164,47.37070188294258]},"properties":{"layer":"LKZ1321-MSU-","infraType":"water","geomType":"fitting","source":"order_55335/NIS_ZH_WVZ.dxf","_dedupKey":"2683280.6,1247236.1"}},{"type":"Feature","geometry":{"type":"Point","coordinates":[8.54132551359474,47.3708159496538]},"properties":{"layer":"LKZ1321-MSU-","infraType":"water","geomType":"fitting","source":"order_55335/NIS_ZH_WVZ.dxf","_dedupKey":"2683285.1,1247248.9"}},{"type":"Feature","geometry":{"type":"Point","coordinates":[8.541089629870893,47.370640700007755]},"properties":{"layer":"LKZ1321-MSU-","infraType":"water","geomType":"fitting","source":"order_55335/NIS_ZH_WVZ.dxf","_dedupKey":"2683267.6,1247229.1"}},{"type":"Feature","geometry":{"type":"Point","coordinates":[8.541364006318922,47.37086529837552]},"properties":{"layer":"LKZ1321-MSU-","infraType":"water","geomType":"fitting","source":"order_55335/NIS_ZH_WVZ.dxf","_dedupKey":"2683287.9,1247254.4"}},{"type":"Feature","geometry":{"type":"Point","coordinates":[8.541214804438038,47.3706135811268]},"properties":{"layer":"LKZ1321-MSU-","infraType":"water","geomType":"fitting","source":"order_55335/NIS_ZH_WVZ.dxf","_dedupKey":"2683277.1,1247226.2"}}]}